index,timestamp,zone_id,zone_type,zone_tf,level,pierce,atr_rel,volume_rel,closed_back,reentry_bars,sweep_class,trend_before,momentum_before,displacement
30,2026-01-02 07:30:00+00:00,H4:BUY_SIDE:3,BUY_SIDE,H4,1.1652,0.010559999999999903,0.7958723041747158,0.7560975609756098,False,-1,WEAK,NEUTRAL,-0.000560000000000116,NO_DISPLACEMENT
30,2026-01-02 07:30:00+00:00,H4:BUY_SIDE:17,BUY_SIDE,H4,1.16781,0.007949999999999902,0.7958723041747158,0.7560975609756098,False,-1,WEAK,NEUTRAL,-0.000560000000000116,NO_DISPLACEMENT
30,2026-01-02 07:30:00+00:00,H4:BUY_SIDE:20,BUY_SIDE,H4,1.16822,0.00753999999999988,0.7958723041747158,0.7560975609756098,False,-1,WEAK,NEUTRAL,-0.000560000000000116,NO_DISPLACEMENT
30,2026-01-02 07:30:00+00:00,H4:BUY_SIDE:26,BUY_SIDE,H4,1.16718,0.00857999999999981,0.7958723041747158,0.7560975609756098,False,-1,WEAK,NEUTRAL,-0.000560000000000116,NO_DISPLACEMENT
30,2026-01-02 07:30:00+00:00,H4:BUY_SIDE:32,BUY_SIDE,H4,1.16722,0.008539999999999992,0.7958723041747158,0.7560975609756098,False,-1,WEAK,NEUTRAL,-0.000560000000000116,NO_DISPLACEMENT
30,2026-01-02 07:30:00+00:00,H4:BUY_SIDE:38,BUY_SIDE,H4,1.16571,0.010049999999999892,0.7958723041747158,0.7560975609756098,False,-1,WEAK,NEUTRAL,-0.000560000000000116,NO_DISPLACEMENT
30,2026-01-02 07:30:00+00:00,H4:BUY_SIDE:48,BUY_SIDE,H4,1.17075,0.005009999999999959,0.7958723041747158,0.7560975609756098,False,-1,WEAK,NEUTRAL,-0.000560000000000116,NO_DISPLACEMENT
30,2026-01-02 07:30:00+00:00,H4:BUY_SIDE:59,BUY_SIDE,H4,1.17497,0.0007899999999998464,0.7958723041747158,0.7560975609756098,False,2,CONFIRMED,NEUTRAL,-0.000560000000000116,NO_DISPLACEMENT
30,2026-01-02 07:30:00+00:00,H4:BUY_SIDE:88,BUY_SIDE,H4,1.17377,0.0019899999999999363,0.7958723041747158,0.7560975609756098,False,-1,WEAK,NEUTRAL,-0.000560000000000116,NO_DISPLACEMENT
30,2026-01-02 07:30:00+00:00,H4:SELL_SIDE:100,SELL_SIDE,H4,1.17639,0.0008500000000000174,0.7958723041747158,0.7560975609756098,False,-1,WEAK,NEUTRAL,-0.000560000000000116,NO_DISPLACEMENT
30,2026-01-02 07:30:00+00:00,H4:SELL_SIDE:106,SELL_SIDE,H4,1.17726,0.0017199999999999438,0.7958723041747158,0.7560975609756098,False,-1,WEAK,NEUTRAL,-0.000560000000000116,NO_DISPLACEMENT
30,2026-01-02 07:30:00+00:00,H4:SELL_SIDE:112,SELL_SIDE,H4,1.17615,0.0006099999999999994,0.7958723041747158,0.7560975609756098,False,-1,WEAK,NEUTRAL,-0.000560000000000116,NO_DISPLACEMENT
30,2026-01-02 07:30:00+00:00,M15:BUY_SIDE:8,BUY_SIDE,M15,1.17532,0.00043999999999999595,0.7958723041747158,0.7560975609756098,False,1,CONFIRMED,NEUTRAL,-0.000560000000000116,NO_DISPLACEMENT
30,2026-01-02 07:30:00+00:00,M15:SELL_SIDE:19,SELL_SIDE,M15,1.1758,0.00025999999999992696,0.7958723041747158,0.7560975609756098,False,-1,WEAK,NEUTRAL,-0.000560000000000116,NO_DISPLACEMENT
31,2026-01-02 07:45:00+00:00,H4:SELL_SIDE:115,SELL_SIDE,H4,1.17537,0.00031000000000003247,1.9744038349887498,1.1612903225806452,False,-1,WEAK,NEUTRAL,-0.0011600000000000499,NO_DISPLACEMENT
31,2026-01-02 07:45:00+00:00,M15:SELL_SIDE:28,SELL_SIDE,M15,1.17547,0.00041000000000002146,1.9744038349887498,1.1612903225806452,False,-1,WEAK,NEUTRAL,-0.0011600000000000499,NO_DISPLACEMENT
32,2026-01-02 08:00:00+00:00,H4:SELL_SIDE:118,SELL_SIDE,H4,1.17494,0.0002500000000000835,1.3952247854957744,1.256,False,-1,WEAK,BEARISH,-0.0016599999999999948,NO_DISPLACEMENT
33,2026-01-02 08:15:00+00:00,H4:SELL_SIDE:68,SELL_SIDE,H4,1.17442,9.999999999998899e-05,1.212805716051776,1.9761904761904763,False,3,CONFIRMED,BEARISH,-0.0020700000000000163,NO_DISPLACEMENT
33,2026-01-02 08:15:00+00:00,M15:SELL_SIDE:4,SELL_SIDE,M15,1.17457,0.00024999999999986144,1.212805716051776,1.9761904761904763,False,-1,WEAK,BEARISH,-0.0020700000000000163,NO_DISPLACEMENT
38,2026-01-02 09:30:00+00:00,H4:SELL_SIDE:65,SELL_SIDE,H4,1.17383,0.0006199999999998429,2.4745294758805056,3.302491103202847,False,-1,WEAK,BEARISH,-0.0019899999999999363,NO_DISPLACEMENT
38,2026-01-02 09:30:00+00:00,M15:SELL_SIDE:34,SELL_SIDE,M15,1.17414,0.0009299999999998754,2.4745294758805056,3.302491103202847,False,-1,WEAK,BEARISH,-0.0019899999999999363,NO_DISPLACEMENT
47,2026-01-02 11:45:00+00:00,M15:SELL_SIDE:41,SELL_SIDE,M15,1.17238,0.00032999999999994145,1.5476678140237239,3.480865224625624,False,-1,WEAK,BEARISH,-0.0020100000000000673,NO_DISPLACEMENT
48,2026-01-02 12:00:00+00:00,H4:SELL_SIDE:57,SELL_SIDE,H4,1.17193,0.00041000000000002146,1.1709429010168817,3.237623762376238,False,3,CONFIRMED,BEARISH,-0.0020199999999999108,NO_DISPLACEMENT
48,2026-01-02 12:00:00+00:00,H4:SELL_SIDE:128,SELL_SIDE,H4,1.17199,0.0004700000000001925,1.1709429010168817,3.237623762376238,False,3,CONFIRMED,BEARISH,-0.0020199999999999108,NO_DISPLACEMENT
56,2026-01-02 14:00:00+00:00,M15:BUY_SIDE:51,BUY_SIDE,M15,1.17236,0.00011999999999989797,0.749305555704352,2.2890510948905107,False,3,CONFIRMED,NEUTRAL,-0.00048000000000003595,NO_DISPLACEMENT
61,2026-01-02 15:15:00+00:00,M15:BUY_SIDE:58,BUY_SIDE,M15,1.17271,0.0001900000000001345,1.3534042264668797,1.987202925045704,True,1,CONFIRMED,BULLISH,7.00000000000145e-05,NO_DISPLACEMENT
66,2026-01-02 16:30:00+00:00,M15:BUY_SIDE:61,BUY_SIDE,M15,1.1729,9.999999999843467e-06,0.7136709631522477,1.8423988842398884,True,1,CONFIRMED,BULLISH,0.00022999999999995246,NO_DISPLACEMENT
69,2026-01-02 17:15:00+00:00,M15:BUY_SIDE:45,BUY_SIDE,M15,1.17372,3.999999999981796e-05,0.9959249829370448,1.3477751756440282,True,-1,CONFIRMED,BULLISH,0.0011699999999998933,NO_DISPLACEMENT
71,2026-01-02 17:45:00+00:00,M15:BUY_SIDE:37,BUY_SIDE,M15,1.17469,0.0005100000000000104,2.1048305142659167,2.4738292011019283,False,1,CONFIRMED,BULLISH,0.002889999999999837,NO_DISPLACEMENT
83,2026-01-02 20:45:00+00:00,M15:SELL_SIDE:65,SELL_SIDE,M15,1.17157,5.999999999994898e-05,0.7728070059190043,0.858877086494689,True,1,CONFIRMED,BULLISH,-0.0025399999999999867,NO_DISPLACEMENT
84,2026-01-02 21:00:00+00:00,M15:SELL_SIDE:54,SELL_SIDE,M15,1.17151,5.999999999994898e-05,0.7545877858150669,0.8153768335862418,True,1,CONFIRMED,BULLISH,-0.002060000000000173,NO_DISPLACEMENT
99,2026-01-05 00:45:00+00:00,H4:SELL_SIDE:81,SELL_SIDE,H4,1.17122,0.00027999999999983594,2.277670168097635,0.5253399258343634,False,-1,WEAK,NEUTRAL,-0.0009899999999998244,NO_DISPLACEMENT
99,2026-01-05 00:45:00+00:00,H4:SELL_SIDE:135,SELL_SIDE,H4,1.17131,0.00036999999999998145,2.277670168097635,0.5253399258343634,False,-1,WEAK,NEUTRAL,-0.0009899999999998244,NO_DISPLACEMENT
99,2026-01-05 00:45:00+00:00,M15:SELL_SIDE:86,SELL_SIDE,M15,1.17142,0.0004799999999998139,2.277670168097635,0.5253399258343634,False,-1,WEAK,NEUTRAL,-0.0009899999999998244,NO_DISPLACEMENT
99,2026-01-05 00:45:00+00:00,M15:SELL_SIDE:91,SELL_SIDE,M15,1.17153,0.0005899999999998684,2.277670168097635,0.5253399258343634,False,-1,WEAK,NEUTRAL,-0.0009899999999998244,NO_DISPLACEMENT
99,2026-01-05 00:45:00+00:00,M15:SELL_SIDE:95,SELL_SIDE,M15,1.17172,0.0007800000000000029,2.277670168097635,0.5253399258343634,False,-1,WEAK,NEUTRAL,-0.0009899999999998244,NO_DISPLACEMENT
100,2026-01-05 01:00:00+00:00,H4:SELL_SIDE:74,SELL_SIDE,H4,1.1703,0.00029999999999996696,2.318368688595425,1.1487055990367248,True,1,CONFIRMED,NEUTRAL,-0.000660000000000105,NO_DISPLACEMENT
100,2026-01-05 01:00:00+00:00,H4:SELL_SIDE:87,SELL_SIDE,H4,1.17026,0.000260000000000149,2.318368688595425,1.1487055990367248,True,1,CONFIRMED,NEUTRAL,-0.000660000000000105,NO_DISPLACEMENT
108,2026-01-05 03:00:00+00:00,M15:SELL_SIDE:103,SELL_SIDE,M15,1.17021,0.000180000000000069,1.1256725168218151,1.2285012285012284,True,2,CONFIRMED,NEUTRAL,-0.0016099999999998893,NO_DISPLACEMENT
111,2026-01-05 03:45:00+00:00,M15:SELL_SIDE:100,SELL_SIDE,M15,1.17,3.999999999981796e-05,1.1322710592286571,0.8436502871729419,True,-1,CONFIRMED,BEARISH,-0.0008599999999998609,NO_DISPLACEMENT
111,2026-01-05 03:45:00+00:00,M15:SELL_SIDE:108,SELL_SIDE,M15,1.17003,6.999999999979245e-05,1.1322710592286571,0.8436502871729419,False,-1,WEAK,BEARISH,-0.0008599999999998609,NO_DISPLACEMENT
137,2026-01-05 10:15:00+00:00,M15:BUY_SIDE:133,BUY_SIDE,M15,1.1692,0.0002500000000000835,1.5276154158423934,2.773654916512059,False,1,CONFIRMED,NEUTRAL,0.0008999999999999009,NO_DISPLACEMENT
140,2026-01-05 11:00:00+00:00,M15:SELL_SIDE:128,SELL_SIDE,M15,1.1678,0.00015999999999993797,1.5308675521222463,1.994589720468891,True,1,CONFIRMED,BULLISH,-0.001060000000000061,NO_DISPLACEMENT
145,2026-01-05 12:15:00+00:00,M15:BUY_SIDE:141,BUY_SIDE,M15,1.16875,9.999999999998899e-05,0.9685365185322504,1.580015612802498,True,1,CONFIRMED,BEARISH,-0.00039999999999995595,NO_DISPLACEMENT
155,2026-01-05 14:45:00+00:00,M15:SELL_SIDE:117,SELL_SIDE,M15,1.16721,0.0002300000000001745,1.5324116630970561,1.761456371625863,False,-1,WEAK,NEUTRAL,-0.0011499999999999844,NO_DISPLACEMENT
155,2026-01-05 14:45:00+00:00,M15:SELL_SIDE:122,SELL_SIDE,M15,1.16731,0.0003300000000001635,1.5324116630970561,1.761456371625863,False,-1,WEAK,NEUTRAL,-0.0011499999999999844,NO_DISPLACEMENT
155,2026-01-05 14:45:00+00:00,M15:SELL_SIDE:143,SELL_SIDE,M15,1.16737,0.0003900000000001125,1.5324116630970561,1.761456371625863,False,-1,WEAK,NEUTRAL,-0.0011499999999999844,NO_DISPLACEMENT
163,2026-01-05 16:45:00+00:00,M15:BUY_SIDE:154,BUY_SIDE,M15,1.1685,0.00022999999999995246,1.5240246938706719,1.9407176287051482,False,-1,WEAK,BEARISH,0.0004300000000001525,NO_DISPLACEMENT
163,2026-01-05 16:45:00+00:00,M15:BUY_SIDE:160,BUY_SIDE,M15,1.1683,0.0004300000000001525,1.5240246938706719,1.9407176287051482,False,-1,WEAK,BEARISH,0.0004300000000001525,NO_DISPLACEMENT
164,2026-01-05 17:00:00+00:00,M15:BUY_SIDE:138,BUY_SIDE,M15,1.16949,5.0000000000105516e-05,1.3083089868222855,2.3772819472616633,True,-1,CONFIRMED,BEARISH,0.0015300000000000313,NO_DISPLACEMENT
164,2026-01-05 17:00:00+00:00,M15:BUY_SIDE:148,BUY_SIDE,M15,1.16909,0.00045000000000006146,1.3083089868222855,2.3772819472616633,False,-1,WEAK,BEARISH,0.0015300000000000313,NO_DISPLACEMENT
168,2026-01-05 18:00:00+00:00,M15:BUY_SIDE:105,BUY_SIDE,M15,1.17109,0.0001100000000000545,1.0071348550626442,1.4797462176671548,True,1,CONFIRMED,BEARISH,0.00499000000000005,NO_DISPLACEMENT
173,2026-01-05 19:15:00+00:00,M15:BUY_SIDE:170,BUY_SIDE,M15,1.17185,0.00011999999999989797,1.1434259665795647,0.8185117967332124,True,1,CONFIRMED,NEUTRAL,0.0031799999999999606,NO_DISPLACEMENT
177,2026-01-05 20:15:00+00:00,M15:BUY_SIDE:173,BUY_SIDE,M15,1.17197,8.000000000008001e-05,0.3660500301059368,0.47731397459165154,True,-1,CONFIRMED,NEUTRAL,0.0014700000000000824,NO_DISPLACEMENT
178,2026-01-05 20:30:00+00:00,M15:BUY_SIDE:87,BUY_SIDE,M15,1.17242,1.0000000000065512e-05,0.7745861047245056,0.426497277676951,True,2,CONFIRMED,NEUTRAL,0.0012499999999999734,NO_DISPLACEMENT
178,2026-01-05 20:30:00+00:00,M15:BUY_SIDE:94,BUY_SIDE,M15,1.1723,0.00013000000000018552,0.7745861047245056,0.426497277676951,True,-1,CONFIRMED,NEUTRAL,0.0012499999999999734,NO_DISPLACEMENT
195,2026-01-06 00:45:00+00:00,M15:SELL_SIDE:191,SELL_SIDE,M15,1.17192,9.000000000014552e-05,0.4924226255743105,0.128125,False,-1,WEAK,NEUTRAL,-0.000660000000000105,NO_DISPLACEMENT
207,2026-01-06 03:45:00+00:00,M15:BUY_SIDE:193,BUY_SIDE,M15,1.17224,0.000280000000000058,1.1743989729453985,1.0089126559714796,False,-1,WEAK,BEARISH,0.0007600000000000939,NO_DISPLACEMENT
211,2026-01-06 04:45:00+00:00,M15:BUY_SIDE:182,BUY_SIDE,M15,1.17288,0.0009000000000001229,2.172713032802616,1.2687559354226021,False,-1,WEAK,BEARISH,0.0024800000000000377,NO_DISPLACEMENT
223,2026-01-06 07:45:00+00:00,M15:SELL_SIDE:219,SELL_SIDE,M15,1.17313,0.00042000000000008697,1.5094254589233456,1.7517433751743374,False,1,CONFIRMED,BULLISH,-0.0005999999999999339,NO_DISPLACEMENT
227,2026-01-06 08:45:00+00:00,M15:BUY_SIDE:222,BUY_SIDE,M15,1.17369,1.0000000000065512e-05,0.7442386525224642,1.0292887029288702,True,2,CONFIRMED,BEARISH,0.00034000000000000696,NO_DISPLACEMENT
228,2026-01-06 09:00:00+00:00,M15:BUY_SIDE:212,BUY_SIDE,M15,1.1738,0.00046999999999997044,1.6354058268671812,2.6582984658298465,True,1,CONFIRMED,BEARISH,0.00046999999999997044,NO_DISPLACEMENT
231,2026-01-06 09:45:00+00:00,M15:SELL_SIDE:223,SELL_SIDE,M15,1.17271,0.00012999999999996348,2.315565122323321,3.394700139470014,True,1,CONFIRMED,NEUTRAL,-0.0007200000000000539,NO_DISPLACEMENT
236,2026-01-06 11:00:00+00:00,M15:SELL_SIDE:231,SELL_SIDE,M15,1.17258,0.0008599999999998609,1.988575756820886,4.067750677506775,False,-1,WEAK,BEARISH,-0.0016299999999997983,NO_DISPLACEMENT
237,2026-01-06 11:15:00+00:00,M15:SELL_SIDE:202,SELL_SIDE,M15,1.17105,0.00010999999999983245,1.5322475975880072,3.6205962059620598,True,1,CONFIRMED,BEARISH,-0.0024500000000000632,NO_DISPLACEMENT
244,2026-01-06 13:00:00+00:00,M15:SELL_SIDE:238,SELL_SIDE,M15,1.1708,0.00031000000000003247,1.3405721231770864,1.8030150753768843,False,1,CONFIRMED,NEUTRAL,-0.001980000000000093,NO_DISPLACEMENT
250,2026-01-06 14:30:00+00:00,M15:SELL_SIDE:245,SELL_SIDE,M15,1.17048,0.0005599999999998939,1.3816443522851625,1.7793427230046948,False,2,CONFIRMED,BEARISH,-0.0008399999999999519,NO_DISPLACEMENT
254,2026-01-06 15:30:00+00:00,M15:BUY_SIDE:249,BUY_SIDE,M15,1.17122,0.000140000000000029,1.1968089514561813,1.9104915627292736,True,1,CONFIRMED,BEARISH,0.00031000000000003247,NO_DISPLACEMENT
256,2026-01-06 16:00:00+00:00,M15:BUY_SIDE:242,BUY_SIDE,M15,1.17171,4.999999999988347e-05,1.0168581265971632,1.7505255781359494,True,1,CONFIRMED,BEARISH,0.0004999999999999449,NO_DISPLACEMENT
260,2026-01-06 17:00:00+00:00,M15:SELL_SIDE:251,SELL_SIDE,M15,1.16971,0.00021000000000004349,1.806326753648707,3.00329163923634,False,-1,WEAK,NEUTRAL,-0.0006300000000001305,NO_DISPLACEMENT
271,2026-01-06 19:45:00+00:00,M15:BUY_SIDE:264,BUY_SIDE,M15,1.16982,0.00024999999999986144,0.7821358829883126,0.7899332306111967,False,2,CONFIRMED,NEUTRAL,0.0011200000000000099,NO_DISPLACEMENT
276,2026-01-06 21:00:00+00:00,M15:SELL_SIDE:267,SELL_SIDE,M15,1.16857,0.00017000000000000348,0.8978313295174328,0.7673343605546995,True,2,CONFIRMED,BULLISH,-0.00021999999999988695,NO_DISPLACEMENT
298,2026-01-07 02:30:00+00:00,M15:BUY_SIDE:282,BUY_SIDE,M15,1.16931,9.999999999998899e-05,2.073681571572686,0.8639652677279306,True,1,CONFIRMED,NEUTRAL,0.0004900000000001015,NO_DISPLACEMENT
298,2026-01-07 02:30:00+00:00,M15:BUY_SIDE:293,BUY_SIDE,M15,1.16903,0.00038000000000004697,2.073681571572686,0.8639652677279306,False,-1,WEAK,NEUTRAL,0.0004900000000001015,NO_DISPLACEMENT
304,2026-01-07 04:00:00+00:00,M15:BUY_SIDE:272,BUY_SIDE,M15,1.17021,4.0000000000040004e-05,1.6983007585616834,1.0522928399034595,True,1,CONFIRMED,NEUTRAL,0.0011600000000000499,NO_DISPLACEMENT
312,2026-01-07 06:00:00+00:00,M15:BUY_SIDE:309,BUY_SIDE,M15,1.17,0.00019999999999997797,0.9583635488032329,0.9818956336528222,True,1,CONFIRMED,NEUTRAL,0.000180000000000069,NO_DISPLACEMENT
313,2026-01-07 06:15:00+00:00,M15:SELL_SIDE:307,SELL_SIDE,M15,1.16951,5.0000000000105516e-05,1.3939789676382555,1.4313099041533546,False,1,CONFIRMED,NEUTRAL,-7.999999999985796e-05,NO_DISPLACEMENT
325,2026-01-07 09:15:00+00:00,M15:SELL_SIDE:316,SELL_SIDE,M15,1.16907,1.0000000000065512e-05,1.0975929582892268,1.5376044568245126,True,-1,CONFIRMED,NEUTRAL,-2.0000000000131024e-05,NO_DISPLACEMENT
325,2026-01-07 09:15:00+00:00,M15:SELL_SIDE:319,SELL_SIDE,M15,1.1691,4.0000000000040004e-05,1.0975929582892268,1.5376044568245126,False,-1,WEAK,NEUTRAL,-2.0000000000131024e-05,NO_DISPLACEMENT
326,2026-01-07 09:30:00+00:00,H4:SELL_SIDE:148,SELL_SIDE,H4,1.16838,0.00021999999999988695,2.2972525837890974,3.3370473537604455,True,-1,CONFIRMED,NEUTRAL,-0.0004899999999998794,NO_DISPLACEMENT
326,2026-01-07 09:30:00+00:00,M15:SELL_SIDE:285,SELL_SIDE,M15,1.16844,0.00027999999999983594,2.2972525837890974,3.3370473537604455,True,-1,CONFIRMED,NEUTRAL,-0.0004899999999998794,NO_DISPLACEMENT
326,2026-01-07 09:30:00+00:00,M15:SELL_SIDE:288,SELL_SIDE,M15,1.16846,0.00029999999999996696,2.2972525837890974,3.3370473537604455,True,-1,CONFIRMED,NEUTRAL,-0.0004899999999998794,NO_DISPLACEMENT
326,2026-01-07 09:30:00+00:00,M15:SELL_SIDE:296,SELL_SIDE,M15,1.16852,0.00035999999999991594,2.2972525837890974,3.3370473537604455,True,-1,CONFIRMED,NEUTRAL,-0.0004899999999998794,NO_DISPLACEMENT
336,2026-01-07 12:00:00+00:00,M15:BUY_SIDE:331,BUY_SIDE,M15,1.16875,0.00019999999999997797,1.2198105191696407,1.8653113087674713,False,-1,WEAK,NEUTRAL,0.00017000000000000348,NO_DISPLACEMENT
344,2026-01-07 14:00:00+00:00,M15:SELL_SIDE:334,SELL_SIDE,M15,1.16811,1.0000000000065512e-05,1.8146464468181192,2.338949454905847,True,1,CONFIRMED,BULLISH,-0.0002500000000000835,NO_DISPLACEMENT
344,2026-01-07 14:00:00+00:00,M15:SELL_SIDE:340,SELL_SIDE,M15,1.16848,0.00038000000000004697,1.8146464468181192,2.338949454905847,False,1,CONFIRMED,BULLISH,-0.0002500000000000835,NO_DISPLACEMENT
351,2026-01-07 15:45:00+00:00,M15:BUY_SIDE:338,BUY_SIDE,M15,1.16941,5.999999999994898e-05,0.7815961632455544,2.0838427947598253,True,1,CONFIRMED,BULLISH,0.00018999999999991246,NO_DISPLACEMENT
355,2026-01-07 16:45:00+00:00,M15:BUY_SIDE:351,BUY_SIDE,M15,1.16947,0.00035999999999991594,1.3444145641815408,2.8918032786885246,False,1,CONFIRMED,BULLISH,0.0011300000000000754,NO_DISPLACEMENT
356,2026-01-07 17:00:00+00:00,M15:SELL_SIDE:353,SELL_SIDE,M15,1.1687,0.00021000000000004349,2.1756836101352217,5.975903614457831,True,2,CONFIRMED,BULLISH,0.000520000000000076,NO_DISPLACEMENT
357,2026-01-07 17:15:00+00:00,M15:SELL_SIDE:344,SELL_SIDE,M15,1.1681,0.00011999999999989797,1.4557900298910926,3.2568735271013356,True,1,CONFIRMED,BULLISH,-8.000000000008001e-05,NO_DISPLACEMENT
357,2026-01-07 17:15:00+00:00,M15:SELL_SIDE:348,SELL_SIDE,M15,1.16823,0.0002500000000000835,1.4557900298910926,3.2568735271013356,True,1,CONFIRMED,BULLISH,-8.000000000008001e-05,NO_DISPLACEMENT
371,2026-01-07 20:45:00+00:00,M15:SELL_SIDE:368,SELL_SIDE,M15,1.16855,0.00031999999999987594,1.0661213494534458,1.1150334753499695,False,-1,WEAK,NEUTRAL,-0.00024999999999986144,NO_DISPLACEMENT
372,2026-01-07 21:00:00+00:00,M15:SELL_SIDE:357,SELL_SIDE,M15,1.16798,1.0000000000065512e-05,0.9353682032590293,1.0265486725663717,True,2,CONFIRMED,NEUTRAL,-0.0007699999999999374,NO_DISPLACEMENT
372,2026-01-07 21:00:00+00:00,M15:SELL_SIDE:361,SELL_SIDE,M15,1.16821,0.00024000000000001798,0.9353682032590293,1.0265486725663717,False,3,CONFIRMED,NEUTRAL,-0.0007699999999999374,NO_DISPLACEMENT
380,2026-01-07 23:00:00+00:00,M15:SELL_SIDE:373,SELL_SIDE,M15,1.16785,0.00021000000000004349,0.5202227652219219,0.18503937007874016,False,-1,WEAK,BEARISH,-0.0010999999999998789,NO_DISPLACEMENT
384,2026-01-08 00:00:00+00:00,H4:SELL_SIDE:152,SELL_SIDE,H4,1.16729,4.999999999988347e-05,1.0502331308459922,0.08136482939632546,True,1,CONFIRMED,BEARISH,-0.0005799999999998029,NO_DISPLACEMENT
392,2026-01-08 02:00:00+00:00,M15:BUY_SIDE:386,BUY_SIDE,M15,1.16776,2.0000000000131024e-05,0.5087029470569193,0.27913100724160633,True,1,CONFIRMED,NEUTRAL,7.999999999985796e-05,NO_DISPLACEMENT
396,2026-01-08 03:00:00+00:00,M15:SELL_SIDE:390,SELL_SIDE,M15,1.16748,1.0000000000065512e-05,1.1330705853548437,0.5039483129935391,True,1,CONFIRMED,BULLISH,-7.00000000000145e-05,NO_DISPLACEMENT
401,2026-01-08 04:15:00+00:00,M15:SELL_SIDE:398,SELL_SIDE,M15,1.16727,2.999999999997449e-05,1.1413300999786082,0.9112299465240642,True,1,CONFIRMED,NEUTRAL,-0.00022999999999995246,NO_DISPLACEMENT
402,2026-01-08 04:30:00+00:00,M15:BUY_SIDE:394,BUY_SIDE,M15,1.16779,0.00021999999999988695,2.033421732561892,0.9766407119021134,False,-1,WEAK,NEUTRAL,0.000260000000000149,NO_DISPLACEMENT
413,2026-01-08 07:15:00+00:00,M15:SELL_SIDE:410,SELL_SIDE,M15,1.16777,4.999999999988347e-05,0.9161522453894264,1.0013605442176872,True,1,CONFIRMED,NEUTRAL,-0.00022999999999995246,NO_DISPLACEMENT
414,2026-01-08 07:30:00+00:00,M15:BUY_SIDE:409,BUY_SIDE,M15,1.16809,0.00017000000000000348,1.7950397446661128,1.0068027210884354,False,3,CONFIRMED,NEUTRAL,9.999999999998899e-05,NO_DISPLACEMENT
415,2026-01-08 07:45:00+00:00,M15:BUY_SIDE:406,BUY_SIDE,M15,1.16826,9.999999999843467e-06,1.0090100461868,1.1319727891156464,True,1,CONFIRMED,BEARISH,8.000000000008001e-05,NO_DISPLACEMENT
417,2026-01-08 08:15:00+00:00,M15:SELL_SIDE:413,SELL_SIDE,M15,1.16772,0.0002500000000000835,2.2151546441169367,1.5319727891156463,False,1,CONFIRMED,BEARISH,-0.0004300000000001525,NO_DISPLACEMENT
424,2026-01-08 10:00:00+00:00,M15:SELL_SIDE:417,SELL_SIDE,M15,1.16747,2.999999999997449e-05,1.2249456583454426,2.786394557823129,True,-1,CONFIRMED,BEARISH,-0.0004999999999999449,NO_DISPLACEMENT
425,2026-01-08 10:15:00+00:00,M15:SELL_SIDE:384,SELL_SIDE,M15,1.16724,5.0000000000105516e-05,1.2786064267231305,2.503401360544218,True,-1,CONFIRMED,BEARISH,-0.0007600000000000939,NO_DISPLACEMENT
443,2026-01-08 14:45:00+00:00,M15:SELL_SIDE:431,SELL_SIDE,M15,1.16697,1.0000000000065512e-05,1.1517947380037787,1.3401677539608574,True,1,CONFIRMED,NEUTRAL,-0.00045999999999990493,NO_DISPLACEMENT
446,2026-01-08 15:30:00+00:00,M15:SELL_SIDE:427,SELL_SIDE,M15,1.16688,0.00019999999999997797,1.7396093044776724,2.8312829525483303,False,-1,WEAK,BEARISH,-0.0009299999999998754,NO_DISPLACEMENT
446,2026-01-08 15:30:00+00:00,M15:SELL_SIDE:443,SELL_SIDE,M15,1.16696,0.000280000000000058,1.7396093044776724,2.8312829525483303,False,-1,WEAK,BEARISH,-0.0009299999999998754,NO_DISPLACEMENT
447,2026-01-08 15:45:00+00:00,H4:SELL_SIDE:141,SELL_SIDE,H4,1.16589,7.00000000000145e-05,1.8363679824373669,2.9028960817717206,True,1,CONFIRMED,BEARISH,-0.0013300000000000534,NO_DISPLACEMENT
457,2026-01-08 18:15:00+00:00,M15:SELL_SIDE:449,SELL_SIDE,M15,1.16561,0.00036999999999998145,1.133581421030389,1.7330827067669172,True,1,CONFIRMED,BEARISH,-0.0005699999999999594,NO_DISPLACEMENT
460,2026-01-08 19:00:00+00:00,M15:SELL_SIDE:457,SELL_SIDE,M15,1.16524,0.00024000000000001798,0.9438324864784879,1.317632850241546,False,-1,WEAK,BEARISH,-0.0010300000000000864,NO_DISPLACEMENT
468,2026-01-08 21:00:00+00:00,M15:SELL_SIDE:462,SELL_SIDE,M15,1.16435,9.999999999998899e-05,0.8543685212151612,0.6334440753045404,True,1,CONFIRMED,BEARISH,-0.0010200000000000209,NO_DISPLACEMENT
473,2026-01-08 22:15:00+00:00,M15:BUY_SIDE:464,BUY_SIDE,M15,1.16532,3.0000000000196536e-05,0.741456011522133,0.6144236229415105,True,1,CONFIRMED,BEARISH,0.000260000000000149,NO_DISPLACEMENT
478,2026-01-08 23:30:00+00:00,M15:BUY_SIDE:474,BUY_SIDE,M15,1.16546,0.0005800000000000249,1.529642896469452,0.4470899470899471,False,-1,WEAK,NEUTRAL,0.0013100000000001444,NO_DISPLACEMENT
500,2026-01-09 05:00:00+00:00,M15:BUY_SIDE:493,BUY_SIDE,M15,1.1657,0.00017000000000000348,1.3599521255969642,0.6602129719264279,False,1,CONFIRMED,NEUTRAL,0.00027999999999983594,NO_DISPLACEMENT
510,2026-01-09 07:30:00+00:00,M15:SELL_SIDE:505,SELL_SIDE,M15,1.16517,0.000180000000000069,1.1028670667759504,1.0,False,-1,WEAK,NEUTRAL,-0.0006699999999999484,NO_DISPLACEMENT
516,2026-01-09 09:00:00+00:00,M15:SELL_SIDE:496,SELL_SIDE,M15,1.16458,7.999999999985796e-05,1.3532448164719888,1.8880706921944035,False,3,CONFIRMED,BEARISH,-0.0009399999999999409,NO_DISPLACEMENT
516,2026-01-09 09:00:00+00:00,M15:SELL_SIDE:512,SELL_SIDE,M15,1.16482,0.00031999999999987594,1.3532448164719888,1.8880706921944035,False,3,CONFIRMED,BEARISH,-0.0009399999999999409,NO_DISPLACEMENT
518,2026-01-09 09:30:00+00:00,H4:SELL_SIDE:161,SELL_SIDE,H4,1.16425,0.00025999999999992696,1.6072910586188744,2.8836524300441826,False,1,CONFIRMED,BEARISH,-0.0011799999999999589,NO_DISPLACEMENT
520,2026-01-09 10:00:00+00:00,M15:BUY_SIDE:515,BUY_SIDE,M15,1.16526,4.0000000000040004e-05,2.200892443254491,3.96759941089838,True,1,CONFIRMED,BEARISH,-0.0007399999999999629,NO_DISPLACEMENT
528,2026-01-09 12:00:00+00:00,M15:SELL_SIDE:522,SELL_SIDE,M15,1.16411,9.999999999998899e-05,1.0037829731985148,1.6732394366197183,True,1,CONFIRMED,NEUTRAL,0.000140000000000029,NO_DISPLACEMENT
529,2026-01-09 12:15:00+00:00,H4:SELL_SIDE:24,SELL_SIDE,H4,1.16388,0.00021000000000004349,1.5773559866043596,2.230985915492958,True,1,CONFIRMED,NEUTRAL,-0.0007900000000000684,NO_DISPLACEMENT
529,2026-01-09 12:15:00+00:00,M15:SELL_SIDE:518,SELL_SIDE,M15,1.16399,0.000320000000000098,1.5773559866043596,2.230985915492958,True,1,CONFIRMED,NEUTRAL,-0.0007900000000000684,NO_DISPLACEMENT
542,2026-01-09 15:30:00+00:00,H4:SELL_SIDE:28,SELL_SIDE,H4,1.16279,0.000280000000000058,5.410222303241155,10.395061728395062,True,1,CONFIRMED,NEUTRAL,0.0012499999999999734,NO_DISPLACEMENT
542,2026-01-09 15:30:00+00:00,M15:BUY_SIDE:501,BUY_SIDE,M15,1.1659,0.00016000000000016001,5.410222303241155,10.395061728395062,True,1,CONFIRMED,NEUTRAL,0.0012499999999999734,NO_DISPLACEMENT
542,2026-01-09 15:30:00+00:00,M15:BUY_SIDE:508,BUY_SIDE,M15,1.16561,0.00045000000000006146,5.410222303241155,10.395061728395062,False,1,CONFIRMED,NEUTRAL,0.0012499999999999734,NO_DISPLACEMENT
542,2026-01-09 15:30:00+00:00,M15:BUY_SIDE:520,BUY_SIDE,M15,1.1653,0.0007600000000000939,5.410222303241155,10.395061728395062,False,1,CONFIRMED,NEUTRAL,0.0012499999999999734,NO_DISPLACEMENT
542,2026-01-09 15:30:00+00:00,M15:BUY_SIDE:524,BUY_SIDE,M15,1.16501,0.0010499999999999954,5.410222303241155,10.395061728395062,False,1,CONFIRMED,NEUTRAL,0.0012499999999999734,NO_DISPLACEMENT
542,2026-01-09 15:30:00+00:00,M15:SELL_SIDE:529,SELL_SIDE,M15,1.16367,0.0011600000000000499,5.410222303241155,10.395061728395062,True,1,CONFIRMED,NEUTRAL,0.0012499999999999734,NO_DISPLACEMENT
542,2026-01-09 15:30:00+00:00,M15:BUY_SIDE:532,BUY_SIDE,M15,1.16469,0.0013700000000000934,5.410222303241155,10.395061728395062,False,1,CONFIRMED,NEUTRAL,0.0012499999999999734,NO_DISPLACEMENT
542,2026-01-09 15:30:00+00:00,M15:BUY_SIDE:535,BUY_SIDE,M15,1.16466,0.0014000000000000679,5.410222303241155,10.395061728395062,False,1,CONFIRMED,NEUTRAL,0.0012499999999999734,NO_DISPLACEMENT
542,2026-01-09 15:30:00+00:00,M15:SELL_SIDE:537,SELL_SIDE,M15,1.16397,0.0014600000000000168,5.410222303241155,10.395061728395062,True,1,CONFIRMED,NEUTRAL,0.0012499999999999734,NO_DISPLACEMENT
548,2026-01-09 17:00:00+00:00,M15:SELL_SIDE:542,SELL_SIDE,M15,1.16251,0.00034000000000000696,1.920355322134188,4.7000771010023135,True,1,CONFIRMED,NEUTRAL,-0.0015199999999999658,NO_DISPLACEMENT
557,2026-01-09 19:15:00+00:00,M15:SELL_SIDE:554,SELL_SIDE,M15,1.16281,4.999999999988347e-05,0.434953450320075,1.080446271285966,True,1,CONFIRMED,NEUTRAL,-0.0005699999999999594,NO_DISPLACEMENT
571,2026-01-09 22:45:00+00:00,M15:SELL_SIDE:567,SELL_SIDE,M15,1.1634,1.0000000000065512e-05,0.491432001182489,0.6742281033396346,True,1,CONFIRMED,NEUTRAL,0.00013000000000018552,NO_DISPLACEMENT
574,2026-01-09 23:30:00+00:00,M15:SELL_SIDE:564,SELL_SIDE,M15,1.1633,0.00026999999999999247,0.8224113740937795,0.1517684887459807,False,1,CONFIRMED,NEUTRAL,-0.0005499999999998284,NO_DISPLACEMENT
576,2026-01-12 00:00:00+00:00,M15:SELL_SIDE:557,SELL_SIDE,M15,1.16276,0.00022999999999995246,1.3416451607922084,0.2881028938906752,True,1,CONFIRMED,NEUTRAL,-0.00034999999999985043,NO_DISPLACEMENT
581,2026-01-12 01:15:00+00:00,M15:SELL_SIDE:576,SELL_SIDE,M15,1.16253,2.0000000000131024e-05,1.5446184565100203,0.3550773369199731,True,3,CONFIRMED,BEARISH,-0.0009100000000001884,NO_DISPLACEMENT
584,2026-01-12 02:00:00+00:00,M15:BUY_SIDE:552,BUY_SIDE,M15,1.16433,0.00013999999999980695,3.986188082586651,1.424164524421594,False,1,CONFIRMED,BEARISH,0.0013199999999999878,NO_DISPLACEMENT
584,2026-01-12 02:00:00+00:00,M15:BUY_SIDE:562,BUY_SIDE,M15,1.16399,0.0004799999999998139,3.986188082586651,1.424164524421594,False,-1,WEAK,BEARISH,0.0013199999999999878,NO_DISPLACEMENT
584,2026-01-12 02:00:00+00:00,M15:BUY_SIDE:565,BUY_SIDE,M15,1.16387,0.0005999999999999339,3.986188082586651,1.424164524421594,False,-1,WEAK,BEARISH,0.0013199999999999878,NO_DISPLACEMENT
584,2026-01-12 02:00:00+00:00,M15:BUY_SIDE:569,BUY_SIDE,M15,1.16377,0.0006999999999999229,3.986188082586651,1.424164524421594,False,-1,WEAK,BEARISH,0.0013199999999999878,NO_DISPLACEMENT
584,2026-01-12 02:00:00+00:00,M15:BUY_SIDE:575,BUY_SIDE,M15,1.16371,0.0007599999999998719,3.986188082586651,1.424164524421594,False,-1,WEAK,BEARISH,0.0013199999999999878,NO_DISPLACEMENT
584,2026-01-12 02:00:00+00:00,M15:BUY_SIDE:580,BUY_SIDE,M15,1.16349,0.0009799999999999809,3.986188082586651,1.424164524421594,False,-1,WEAK,BEARISH,0.0013199999999999878,NO_DISPLACEMENT
587,2026-01-12 02:45:00+00:00,H4:BUY_SIDE:165,BUY_SIDE,H4,1.16606,0.0004199999999998649,1.269884830223507,1.398034398034398,False,3,CONFIRMED,BEARISH,0.0031799999999999606,NO_DISPLACEMENT
587,2026-01-12 02:45:00+00:00,M15:BUY_SIDE:479,BUY_SIDE,M15,1.16623,0.00024999999999986144,1.269884830223507,1.398034398034398,False,3,CONFIRMED,BEARISH,0.0031799999999999606,NO_DISPLACEMENT
587,2026-01-12 02:45:00+00:00,M15:BUY_SIDE:484,BUY_SIDE,M15,1.16621,0.00026999999999999247,1.269884830223507,1.398034398034398,False,3,CONFIRMED,BEARISH,0.0031799999999999606,NO_DISPLACEMENT
594,2026-01-12 04:30:00+00:00,M15:SELL_SIDE:591,SELL_SIDE,M15,1.16554,8.000000000008001e-05,1.4255999881921797,1.0052356020942408,True,2,CONFIRMED,BULLISH,0.0017399999999998528,NO_DISPLACEMENT
602,2026-01-12 06:30:00+00:00,M15:SELL_SIDE:595,SELL_SIDE,M15,1.16537,8.999999999992347e-05,0.5653422135030899,0.6123222748815166,True,1,CONFIRMED,BEARISH,-0.0005500000000000504,NO_DISPLACEMENT
604,2026-01-12 07:00:00+00:00,M15:BUY_SIDE:601,BUY_SIDE,M15,1.16582,0.00025999999999992696,1.0277281385475328,0.6613545816733067,False,-1,WEAK,BEARISH,-7.00000000000145e-05,NO_DISPLACEMENT
605,2026-01-12 07:15:00+00:00,M15:BUY_SIDE:594,BUY_SIDE,M15,1.16643,0.00014999999999987246,1.1881549057869953,0.6377396569122099,False,-1,WEAK,BEARISH,0.001100000000000101,NO_DISPLACEMENT
611,2026-01-12 08:45:00+00:00,M15:BUY_SIDE:589,BUY_SIDE,M15,1.16712,0.00016000000000016001,1.3915851859855624,1.256890848952591,True,-1,CONFIRMED,BULLISH,0.0013799999999999368,NO_DISPLACEMENT
611,2026-01-12 08:45:00+00:00,M15:BUY_SIDE:607,BUY_SIDE,M15,1.16709,0.0001900000000001345,1.3915851859855624,1.256890848952591,True,-1,CONFIRMED,BULLISH,0.0013799999999999368,NO_DISPLACEMENT
612,2026-01-12 09:00:00+00:00,M15:BUY_SIDE:453,BUY_SIDE,M15,1.16737,0.00039999999999995595,1.7216019744324316,2.1742006615214993,False,-1,WEAK,BULLISH,0.002160000000000162,NO_DISPLACEMENT
613,2026-01-12 09:15:00+00:00,H4:BUY_SIDE:158,BUY_SIDE,H4,1.16829,0.00014999999999987246,1.557024285383752,2.9018743109151046,True,1,CONFIRMED,BULLISH,0.0025500000000000522,NO_DISPLACEMENT
613,2026-01-12 09:15:00+00:00,M15:BUY_SIDE:375,BUY_SIDE,M15,1.16838,5.999999999994898e-05,1.557024285383752,2.9018743109151046,True,1,CONFIRMED,BULLISH,0.0025500000000000522,NO_DISPLACEMENT
613,2026-01-12 09:15:00+00:00,M15:BUY_SIDE:432,BUY_SIDE,M15,1.16819,0.00024999999999986144,1.557024285383752,2.9018743109151046,True,1,CONFIRMED,BULLISH,0.0025500000000000522,NO_DISPLACEMENT
613,2026-01-12 09:15:00+00:00,M15:BUY_SIDE:439,BUY_SIDE,M15,1.16791,0.0005299999999999194,1.557024285383752,2.9018743109151046,False,1,CONFIRMED,BULLISH,0.0025500000000000522,NO_DISPLACEMENT
613,2026-01-12 09:15:00+00:00,M15:BUY_SIDE:445,BUY_SIDE,M15,1.16778,0.0006599999999998829,1.557024285383752,2.9018743109151046,False,1,CONFIRMED,BULLISH,0.0025500000000000522,NO_DISPLACEMENT
619,2026-01-12 10:45:00+00:00,M15:BUY_SIDE:367,BUY_SIDE,M15,1.16914,2.999999999997449e-05,1.5020524055066073,2.2946341463414632,True,1,CONFIRMED,BULLISH,0.0020100000000000673,NO_DISPLACEMENT
619,2026-01-12 10:45:00+00:00,M15:BUY_SIDE:616,BUY_SIDE,M15,1.16893,0.00024000000000001798,1.5020524055066073,2.2946341463414632,True,3,CONFIRMED,BULLISH,0.0020100000000000673,NO_DISPLACEMENT
621,2026-01-12 11:15:00+00:00,M15:BUY_SIDE:364,BUY_SIDE,M15,1.16947,8.999999999992347e-05,0.9340432754464344,1.9414634146341463,False,1,CONFIRMED,BULLISH,0.0025599999999998957,NO_DISPLACEMENT
631,2026-01-12 13:45:00+00:00,M15:SELL_SIDE:625,SELL_SIDE,M15,1.16757,1.0000000000065512e-05,0.9771032495801016,1.179305457122608,True,1,CONFIRMED,NEUTRAL,-0.0016799999999999038,NO_DISPLACEMENT
636,2026-01-12 15:00:00+00:00,M15:BUY_SIDE:629,BUY_SIDE,M15,1.16894,0.00043999999999999595,2.2519188391337446,1.8520511096166778,False,1,CONFIRMED,BEARISH,0.0011300000000000754,NO_DISPLACEMENT
639,2026-01-12 15:45:00+00:00,M15:BUY_SIDE:621,BUY_SIDE,M15,1.16956,0.0002900000000001235,1.0842866471950672,2.199058507061197,True,1,CONFIRMED,NEUTRAL,0.0006099999999999994,NO_DISPLACEMENT
641,2026-01-12 16:15:00+00:00,M15:SELL_SIDE:631,SELL_SIDE,M15,1.16756,2.999999999997449e-05,1.1629715942078003,2.0822826808228267,False,1,CONFIRMED,BULLISH,-0.00028999999999990145,NO_DISPLACEMENT
641,2026-01-12 16:15:00+00:00,M15:SELL_SIDE:636,SELL_SIDE,M15,1.16777,0.00024000000000001798,1.1629715942078003,2.0822826808228267,False,-1,WEAK,BULLISH,-0.00028999999999990145,NO_DISPLACEMENT
651,2026-01-12 18:45:00+00:00,M15:SELL_SIDE:644,SELL_SIDE,M15,1.16728,0.00016000000000016001,1.1388385656050068,1.0,False,-1,WEAK,BEARISH,-0.00038000000000004697,NO_DISPLACEMENT
660,2026-01-12 21:00:00+00:00,M15:BUY_SIDE:657,BUY_SIDE,M15,1.16714,7.999999999985796e-05,0.8189324545486024,0.3282208588957055,False,2,CONFIRMED,BEARISH,-0.0006399999999999739,NO_DISPLACEMENT
666,2026-01-12 22:30:00+00:00,M15:SELL_SIDE:660,SELL_SIDE,M15,1.16677,0.0001500000000000945,1.2063984734344493,0.6374458874458875,False,-1,WEAK,BULLISH,-0.0001500000000000945,NO_DISPLACEMENT
667,2026-01-12 22:45:00+00:00,M15:SELL_SIDE:609,SELL_SIDE,M15,1.16639,9.999999999998899e-05,1.0178029600159366,0.7845303867403315,True,1,CONFIRMED,BULLISH,-0.0004899999999998794,NO_DISPLACEMENT
667,2026-01-12 22:45:00+00:00,M15:SELL_SIDE:656,SELL_SIDE,M15,1.1665,0.00021000000000004349,1.0178029600159366,0.7845303867403315,False,1,CONFIRMED,BULLISH,-0.0004899999999998794,NO_DISPLACEMENT
677,2026-01-13 01:15:00+00:00,M15:BUY_SIDE:673,BUY_SIDE,M15,1.16693,0.00012999999999996348,1.3975190649303546,0.4980026631158455,True,1,CONFIRMED,NEUTRAL,0.00022999999999995246,NO_DISPLACEMENT
679,2026-01-13 01:45:00+00:00,M15:SELL_SIDE:671,SELL_SIDE,M15,1.16653,1.0000000000065512e-05,0.841526200061285,0.3468286099865047,True,-1,CONFIRMED,BULLISH,5.0000000000105516e-05,NO_DISPLACEMENT
681,2026-01-13 02:15:00+00:00,M15:SELL_SIDE:667,SELL_SIDE,M15,1.16629,4.0000000000040004e-05,0.6534665409661814,0.37333333333333335,True,2,CONFIRMED,BULLISH,-0.00029999999999996696,NO_DISPLACEMENT
697,2026-01-13 06:15:00+00:00,M15:BUY_SIDE:684,BUY_SIDE,M15,1.16643,0.00010999999999983245,1.686331562828729,1.2272727272727273,False,1,CONFIRMED,NEUTRAL,0.0006099999999999994,NO_DISPLACEMENT
697,2026-01-13 06:15:00+00:00,M15:BUY_SIDE:693,BUY_SIDE,M15,1.16634,0.00019999999999997797,1.686331562828729,1.2272727272727273,False,1,CONFIRMED,NEUTRAL,0.0006099999999999994,NO_DISPLACEMENT
704,2026-01-13 08:00:00+00:00,M15:SELL_SIDE:686,SELL_SIDE,M15,1.16561,8.000000000008001e-05,1.931835561354112,1.6345609065155808,True,3,CONFIRMED,BULLISH,-8.999999999992347e-05,NO_DISPLACEMENT
704,2026-01-13 08:00:00+00:00,M15:SELL_SIDE:692,SELL_SIDE,M15,1.16564,0.0001100000000000545,1.931835561354112,1.6345609065155808,True,3,CONFIRMED,BULLISH,-8.999999999992347e-05,NO_DISPLACEMENT
704,2026-01-13 08:00:00+00:00,M15:SELL_SIDE:695,SELL_SIDE,M15,1.16574,0.00021000000000004349,1.931835561354112,1.6345609065155808,False,3,CONFIRMED,BULLISH,-8.999999999992347e-05,NO_DISPLACEMENT
712,2026-01-13 10:00:00+00:00,M15:BUY_SIDE:701,BUY_SIDE,M15,1.16674,0.00011999999999989797,1.6767258680589587,4.201086956521739,True,1,CONFIRMED,NEUTRAL,0.000360000000000138,NO_DISPLACEMENT
715,2026-01-13 10:45:00+00:00,M15:BUY_SIDE:712,BUY_SIDE,M15,1.16686,4.999999999988347e-05,1.3658936465048523,3.4565217391304346,False,1,CONFIRMED,NEUTRAL,0.0013900000000000023,NO_DISPLACEMENT
718,2026-01-13 11:30:00+00:00,M15:BUY_SIDE:677,BUY_SIDE,M15,1.16706,0.00019999999999997797,1.2470900475002722,2.280323450134771,True,3,CONFIRMED,BULLISH,0.0011999999999998678,NO_DISPLACEMENT
720,2026-01-13 12:00:00+00:00,M15:BUY_SIDE:661,BUY_SIDE,M15,1.16737,5.999999999994898e-05,0.7594900765491357,1.8341836734693877,True,1,CONFIRMED,BULLISH,0.0011900000000000244,NO_DISPLACEMENT
728,2026-01-13 14:00:00+00:00,M15:SELL_SIDE:725,SELL_SIDE,M15,1.16645,8.999999999992347e-05,1.278245977911214,1.3806881243063263,True,1,CONFIRMED,NEUTRAL,-0.00032999999999994145,NO_DISPLACEMENT
731,2026-01-13 14:45:00+00:00,M15:SELL_SIDE:706,SELL_SIDE,M15,1.16537,8.000000000008001e-05,2.0589220913307327,2.940563086548488,True,1,CONFIRMED,NEUTRAL,-0.0012400000000001299,NO_DISPLACEMENT
731,2026-01-13 14:45:00+00:00,M15:SELL_SIDE:714,SELL_SIDE,M15,1.16584,0.0005500000000000504,2.0589220913307327,2.940563086548488,False,3,CONFIRMED,NEUTRAL,-0.0012400000000001299,NO_DISPLACEMENT
733,2026-01-13 15:15:00+00:00,M15:SELL_SIDE:602,SELL_SIDE,M15,1.16528,0.000280000000000058,1.0854644766841546,2.4206349206349205,False,1,CONFIRMED,NEUTRAL,-0.0013700000000000934,NO_DISPLACEMENT
734,2026-01-13 15:30:00+00:00,M15:BUY_SIDE:720,BUY_SIDE,M15,1.16743,0.000320000000000098,4.034757172994919,8.386194029850746,True,1,CONFIRMED,NEUTRAL,2.999999999997449e-05,NO_DISPLACEMENT
734,2026-01-13 15:30:00+00:00,M15:BUY_SIDE:726,BUY_SIDE,M15,1.16703,0.0007200000000000539,4.034757172994919,8.386194029850746,True,1,CONFIRMED,NEUTRAL,2.999999999997449e-05,NO_DISPLACEMENT
741,2026-01-13 17:15:00+00:00,M15:SELL_SIDE:733,SELL_SIDE,M15,1.165,0.00031000000000003247,1.2512002060096923,2.3333333333333335,False,2,CONFIRMED,NEUTRAL,-0.0006999999999999229,NO_DISPLACEMENT
751,2026-01-13 19:45:00+00:00,M15:BUY_SIDE:747,BUY_SIDE,M15,1.16484,1.999999999990898e-05,0.6017146051538071,0.8133198789101918,True,1,CONFIRMED,NEUTRAL,-0.00021000000000004349,NO_DISPLACEMENT
762,2026-01-13 22:30:00+00:00,M15:SELL_SIDE:758,SELL_SIDE,M15,1.1646,9.000000000014552e-05,0.7281473396554369,0.6223199560197911,True,-1,CONFIRMED,BULLISH,0.000280000000000058,NO_DISPLACEMENT
767,2026-01-13 23:45:00+00:00,M15:SELL_SIDE:764,SELL_SIDE,M15,1.16425,5.999999999994898e-05,0.6225882593658021,0.2979242979242979,False,1,CONFIRMED,NEUTRAL,-0.0005700000000001815,NO_DISPLACEMENT
768,2026-01-14 00:00:00+00:00,M15:SELL_SIDE:752,SELL_SIDE,M15,1.16414,9.999999999843467e-06,0.5077011823779084,0.10360655737704919,True,1,CONFIRMED,BEARISH,-0.0005500000000000504,NO_DISPLACEMENT
776,2026-01-14 02:00:00+00:00,M15:SELL_SIDE:749,SELL_SIDE,M15,1.16411,0.00031999999999987594,1.4998610720795789,0.6576433121019108,False,1,CONFIRMED,BEARISH,-0.0006499999999998174,NO_DISPLACEMENT
776,2026-01-14 02:00:00+00:00,M15:SELL_SIDE:768,SELL_SIDE,M15,1.16413,0.00034000000000000696,1.4998610720795789,0.6576433121019108,False,2,CONFIRMED,BEARISH,-0.0006499999999998174,NO_DISPLACEMENT
780,2026-01-14 03:00:00+00:00,M15:SELL_SIDE:776,SELL_SIDE,M15,1.16379,0.00010000000000021103,1.7908908422907706,0.8247422680412371,False,2,CONFIRMED,BEARISH,-0.000500000000000167,NO_DISPLACEMENT
784,2026-01-14 04:00:00+00:00,M15:SELL_SIDE:781,SELL_SIDE,M15,1.16367,7.00000000000145e-05,1.0398337181141162,0.6938369781312127,True,1,CONFIRMED,BEARISH,-0.0005699999999999594,NO_DISPLACEMENT
787,2026-01-14 04:45:00+00:00,M15:BUY_SIDE:778,BUY_SIDE,M15,1.16435,8.999999999992347e-05,1.204938577098499,0.5607476635514018,True,-1,CONFIRMED,BEARISH,0.00021999999999988695,NO_DISPLACEMENT
789,2026-01-14 05:15:00+00:00,M15:BUY_SIDE:774,BUY_SIDE,M15,1.16454,6.000000000017103e-05,0.6210819254309075,0.5778834720570749,True,-1,CONFIRMED,BEARISH,0.00015999999999993797,NO_DISPLACEMENT
790,2026-01-14 05:30:00+00:00,M15:BUY_SIDE:766,BUY_SIDE,M15,1.16463,0.000140000000000029,1.1026351669575045,0.656934306569343,False,3,CONFIRMED,BEARISH,0.0010300000000000864,NO_DISPLACEMENT
803,2026-01-14 08:45:00+00:00,M15:BUY_SIDE:791,BUY_SIDE,M15,1.16488,0.00012000000000012001,2.0100200595162194,1.3945578231292517,False,2,CONFIRMED,BULLISH,0.00041000000000002146,NO_DISPLACEMENT
809,2026-01-14 10:15:00+00:00,M15:SELL_SIDE:800,SELL_SIDE,M15,1.16413,4.0000000000040004e-05,1.4505797802504896,2.8095238095238093,True,1,CONFIRMED,BULLISH,8.999999999992347e-05,NO_DISPLACEMENT
809,2026-01-14 10:15:00+00:00,M15:SELL_SIDE:803,SELL_SIDE,M15,1.16444,0.00034999999999985043,1.4505797802504896,2.8095238095238093,False,2,CONFIRMED,BULLISH,8.999999999992347e-05,NO_DISPLACEMENT
813,2026-01-14 11:15:00+00:00,M15:BUY_SIDE:808,BUY_SIDE,M15,1.16504,7.999999999985796e-05,1.3556741247306507,2.812925170068027,True,1,CONFIRMED,BEARISH,-8.000000000008001e-05,NO_DISPLACEMENT
814,2026-01-14 11:30:00+00:00,M15:BUY_SIDE:805,BUY_SIDE,M15,1.16519,0.0001100000000000545,1.5482170384602545,2.5391014975041597,True,1,CONFIRMED,BEARISH,2.999999999997449e-05,NO_DISPLACEMENT
817,2026-01-14 12:15:00+00:00,M15:BUY_SIDE:755,BUY_SIDE,M15,1.16545,4.999999999988347e-05,1.2972634209380873,2.1090342679127727,False,1,CONFIRMED,BEARISH,0.0008799999999999919,NO_DISPLACEMENT
822,2026-01-14 13:30:00+00:00,M15:SELL_SIDE:816,SELL_SIDE,M15,1.16467,4.0000000000040004e-05,0.7268049297889072,1.8542857142857143,True,1,CONFIRMED,BULLISH,-0.000280000000000058,NO_DISPLACEMENT
827,2026-01-14 14:45:00+00:00,M15:BUY_SIDE:819,BUY_SIDE,M15,1.16578,0.00021000000000004349,2.855301749946981,4.3638583638583635,False,1,CONFIRMED,BEARISH,0.00048000000000003595,NO_DISPLACEMENT
827,2026-01-14 14:45:00+00:00,M15:BUY_SIDE:824,BUY_SIDE,M15,1.16536,0.0006300000000001305,2.855301749946981,4.3638583638583635,False,1,CONFIRMED,BEARISH,0.00048000000000003595,NO_DISPLACEMENT
839,2026-01-14 17:45:00+00:00,M15:BUY_SIDE:827,BUY_SIDE,M15,1.16599,5.999999999994898e-05,1.3048397250839152,2.178820545339252,True,1,CONFIRMED,NEUTRAL,0.0011600000000000499,NO_DISPLACEMENT
846,2026-01-14 19:30:00+00:00,M15:SELL_SIDE:838,SELL_SIDE,M15,1.16492,0.00034999999999985043,1.11256411944245,0.8862837045720985,False,-1,WEAK,BULLISH,-0.0006900000000000794,NO_DISPLACEMENT
848,2026-01-14 20:00:00+00:00,M15:SELL_SIDE:823,SELL_SIDE,M15,1.16437,9.999999999843467e-06,0.6761296694437992,0.738569753810082,True,1,CONFIRMED,BULLISH,-0.0008699999999999264,NO_DISPLACEMENT
848,2026-01-14 20:00:00+00:00,M15:SELL_SIDE:830,SELL_SIDE,M15,1.16448,0.00011999999999989797,0.6761296694437992,0.738569753810082,False,-1,WEAK,BULLISH,-0.0008699999999999264,NO_DISPLACEMENT
850,2026-01-14 20:30:00+00:00,M15:SELL_SIDE:809,SELL_SIDE,M15,1.16409,8.000000000008001e-05,1.4489818638929024,0.7303634232121923,False,-1,WEAK,BULLISH,-0.0018700000000000383,NO_DISPLACEMENT
854,2026-01-14 21:30:00+00:00,H4:SELL_SIDE:181,SELL_SIDE,H4,1.1636,4.0000000000040004e-05,0.721575405330394,0.4208675263774912,True,1,CONFIRMED,NEUTRAL,-0.0015400000000000968,NO_DISPLACEMENT
869,2026-01-15 01:15:00+00:00,M15:BUY_SIDE:864,BUY_SIDE,M15,1.16465,2.999999999997449e-05,0.5814890015548873,0.19422249539028888,True,1,CONFIRMED,NEUTRAL,0.00014999999999987246,NO_DISPLACEMENT
872,2026-01-15 02:00:00+00:00,M15:SELL_SIDE:867,SELL_SIDE,M15,1.16433,0.00012000000000012001,0.8425683050388341,0.24284806102987921,False,-1,WEAK,BULLISH,-0.000140000000000029,NO_DISPLACEMENT
874,2026-01-15 02:30:00+00:00,M15:SELL_SIDE:864,SELL_SIDE,M15,1.16389,0.000180000000000069,1.6794813078692066,0.502283105022831,False,3,CONFIRMED,BULLISH,-0.0006800000000000139,NO_DISPLACEMENT
878,2026-01-15 03:30:00+00:00,H4:SELL_SIDE:178,SELL_SIDE,H4,1.16341,9.999999999998899e-05,1.795516237523502,1.1907422186751795,True,1,CONFIRMED,NEUTRAL,-0.0006900000000000794,NO_DISPLACEMENT
878,2026-01-15 03:30:00+00:00,M15:SELL_SIDE:855,SELL_SIDE,M15,1.16352,0.00021000000000004349,1.795516237523502,1.1907422186751795,True,1,CONFIRMED,NEUTRAL,-0.0006900000000000794,NO_DISPLACEMENT
878,2026-01-15 03:30:00+00:00,M15:SELL_SIDE:875,SELL_SIDE,M15,1.16355,0.00024000000000001798,1.795516237523502,1.1907422186751795,True,1,CONFIRMED,NEUTRAL,-0.0006900000000000794,NO_DISPLACEMENT
888,2026-01-15 06:00:00+00:00,M15:SELL_SIDE:882,SELL_SIDE,M15,1.16361,1.0000000000065512e-05,0.9099415495783599,0.6226175349428208,False,-1,WEAK,NEUTRAL,-0.00031999999999987594,NO_DISPLACEMENT
888,2026-01-15 06:00:00+00:00,M15:SELL_SIDE:885,SELL_SIDE,M15,1.16368,8.000000000008001e-05,0.9099415495783599,0.6226175349428208,False,-1,WEAK,NEUTRAL,-0.00031999999999987594,NO_DISPLACEMENT
896,2026-01-15 08:00:00+00:00,M15:BUY_SIDE:892,BUY_SIDE,M15,1.16378,4.0000000000040004e-05,1.404223126081082,1.6735905044510386,True,1,CONFIRMED,BEARISH,-0.0007500000000000284,NO_DISPLACEMENT
897,2026-01-15 08:15:00+00:00,M15:SELL_SIDE:892,SELL_SIDE,M15,1.16334,2.0000000000131024e-05,0.8095430380075757,1.2967359050445104,True,-1,CONFIRMED,BEARISH,-0.00036999999999998145,NO_DISPLACEMENT
898,2026-01-15 08:30:00+00:00,M15:SELL_SIDE:878,SELL_SIDE,M15,1.16331,0.0003300000000001635,1.5780363773095192,1.3204747774480712,False,-1,WEAK,NEUTRAL,-0.0006200000000000649,NO_DISPLACEMENT
901,2026-01-15 09:15:00+00:00,M15:SELL_SIDE:898,SELL_SIDE,M15,1.16298,0.00038999999999989043,1.8356669858871546,1.9914407988587732,False,-1,WEAK,NEUTRAL,-0.0007500000000000284,NO_DISPLACEMENT
910,2026-01-15 11:30:00+00:00,M15:BUY_SIDE:900,BUY_SIDE,M15,1.16365,4.999999999988347e-05,1.5848963761956685,2.176066024759285,False,1,CONFIRMED,BEARISH,0.0005399999999999849,NO_DISPLACEMENT
910,2026-01-15 11:30:00+00:00,M15:BUY_SIDE:906,BUY_SIDE,M15,1.16353,0.00017000000000000348,1.5848963761956685,2.176066024759285,False,-1,WEAK,BEARISH,0.0005399999999999849,NO_DISPLACEMENT
911,2026-01-15 11:45:00+00:00,M15:BUY_SIDE:896,BUY_SIDE,M15,1.16382,0.00014999999999987246,1.2314070335761853,2.256953642384106,True,1,CONFIRMED,BEARISH,0.0008699999999999264,NO_DISPLACEMENT
914,2026-01-15 12:30:00+00:00,M15:BUY_SIDE:911,BUY_SIDE,M15,1.16397,0.00012000000000012001,0.9181563634522475,1.888631090487239,True,1,CONFIRMED,NEUTRAL,0.0009600000000000719,NO_DISPLACEMENT
923,2026-01-15 14:45:00+00:00,M15:SELL_SIDE:901,SELL_SIDE,M15,1.16259,8.000000000008001e-05,1.6255551116795637,1.067911714770798,False,-1,WEAK,BULLISH,-0.0013399999999998968,NO_DISPLACEMENT
923,2026-01-15 14:45:00+00:00,M15:SELL_SIDE:919,SELL_SIDE,M15,1.163,0.0004900000000001015,1.6255551116795637,1.067911714770798,False,-1,WEAK,BULLISH,-0.0013399999999998968,NO_DISPLACEMENT
925,2026-01-15 15:15:00+00:00,H4:SELL_SIDE:166,SELL_SIDE,H4,1.1618,4.999999999988347e-05,1.4247666716820786,1.9898132427843802,True,-1,CONFIRMED,NEUTRAL,-0.0016300000000000203,NO_DISPLACEMENT
925,2026-01-15 15:15:00+00:00,M15:SELL_SIDE:584,SELL_SIDE,M15,1.16214,0.00038999999999989043,1.4247666716820786,1.9898132427843802,False,-1,WEAK,NEUTRAL,-0.0016300000000000203,NO_DISPLACEMENT
926,2026-01-15 15:30:00+00:00,H4:SELL_SIDE:34,SELL_SIDE,H4,1.16162,0.0013100000000001444,3.1712839547299194,4.983911939034717,False,-1,WEAK,NEUTRAL,-0.0031200000000000117,NO_DISPLACEMENT
926,2026-01-15 15:30:00+00:00,H4:SELL_SIDE:40,SELL_SIDE,H4,1.16149,0.0011799999999999589,3.1712839547299194,4.983911939034717,False,-1,WEAK,NEUTRAL,-0.0031200000000000117,NO_DISPLACEMENT
938,2026-01-15 18:30:00+00:00,M15:BUY_SIDE:929,BUY_SIDE,M15,1.16108,1.0000000000065512e-05,0.6426760841052321,1.112155809267965,True,1,CONFIRMED,BEARISH,7.00000000000145e-05,NO_DISPLACEMENT
941,2026-01-15 19:15:00+00:00,M15:BUY_SIDE:938,BUY_SIDE,M15,1.16109,0.000180000000000069,0.9579715955177812,0.7862928348909657,False,1,CONFIRMED,NEUTRAL,0.0011600000000000499,NO_DISPLACEMENT
947,2026-01-15 20:45:00+00:00,M15:BUY_SIDE:944,BUY_SIDE,M15,1.16149,3.0000000000196536e-05,0.3849116485937413,0.6816199376947041,True,1,CONFIRMED,BULLISH,0.0005800000000000249,NO_DISPLACEMENT
954,2026-01-15 22:30:00+00:00,M15:SELL_SIDE:940,SELL_SIDE,M15,1.16034,5.999999999994898e-05,0.8630235916131122,0.6460055096418733,True,1,CONFIRMED,BULLISH,-0.0008799999999999919,NO_DISPLACEMENT
967,2026-01-16 01:45:00+00:00,M15:BUY_SIDE:964,BUY_SIDE,M15,1.16094,5.999999999994898e-05,0.7934969888435407,0.25210084033613445,True,1,CONFIRMED,NEUTRAL,0.000140000000000029,NO_DISPLACEMENT
968,2026-01-16 02:00:00+00:00,M15:SELL_SIDE:963,SELL_SIDE,M15,1.16069,4.0000000000040004e-05,0.8923811440814734,0.4037914691943128,True,-1,CONFIRMED,NEUTRAL,5.0000000000105516e-05,NO_DISPLACEMENT
970,2026-01-16 02:30:00+00:00,M15:SELL_SIDE:960,SELL_SIDE,M15,1.16057,3.0000000000196536e-05,0.5247615222682938,0.2966804979253112,False,2,CONFIRMED,BULLISH,-0.000220000000000109,NO_DISPLACEMENT
971,2026-01-16 02:45:00+00:00,M15:SELL_SIDE:954,SELL_SIDE,M15,1.16028,2.999999999997449e-05,1.0155122423497434,1.2816901408450705,True,1,CONFIRMED,BULLISH,-0.00041000000000002146,NO_DISPLACEMENT
978,2026-01-16 04:30:00+00:00,M15:BUY_SIDE:959,BUY_SIDE,M15,1.16107,0.00032999999999994145,1.670465488363475,1.5835240274599542,False,1,CONFIRMED,NEUTRAL,0.0005599999999998939,NO_DISPLACEMENT
978,2026-01-16 04:30:00+00:00,M15:BUY_SIDE:967,BUY_SIDE,M15,1.161,0.00039999999999995595,1.670465488363475,1.5835240274599542,False,1,CONFIRMED,NEUTRAL,0.0005599999999998939,NO_DISPLACEMENT
991,2026-01-16 07:45:00+00:00,M15:SELL_SIDE:981,SELL_SIDE,M15,1.16068,9.999999999998899e-05,1.1511970602531012,1.2610169491525425,False,1,CONFIRMED,NEUTRAL,-0.000220000000000109,NO_DISPLACEMENT
994,2026-01-16 08:30:00+00:00,M15:SELL_SIDE:991,SELL_SIDE,M15,1.16058,0.0001100000000000545,1.2100626437906132,0.9962962962962963,False,1,CONFIRMED,BEARISH,-0.0006300000000001305,NO_DISPLACEMENT
996,2026-01-16 09:00:00+00:00,M15:BUY_SIDE:978,BUY_SIDE,M15,1.1614,1.0000000000065512e-05,1.8515832208843344,2.3222222222222224,True,1,CONFIRMED,BEARISH,0.00013000000000018552,NO_DISPLACEMENT
996,2026-01-16 09:00:00+00:00,M15:BUY_SIDE:986,BUY_SIDE,M15,1.16135,5.999999999994898e-05,1.8515832208843344,2.3222222222222224,False,1,CONFIRMED,BEARISH,0.00013000000000018552,NO_DISPLACEMENT
999,2026-01-16 09:45:00+00:00,M15:BUY_SIDE:996,BUY_SIDE,M15,1.16141,4.999999999988347e-05,1.1312119326342125,2.696296296296296,True,1,CONFIRMED,NEUTRAL,0.000260000000000149,NO_DISPLACEMENT
1004,2026-01-16 11:00:00+00:00,M15:SELL_SIDE:1001,SELL_SIDE,M15,1.16084,5.0000000000105516e-05,1.2696235149067363,1.9222222222222223,True,1,CONFIRMED,BULLISH,0.0007099999999999884,NO_DISPLACEMENT
1005,2026-01-16 11:15:00+00:00,M15:BUY_SIDE:999,BUY_SIDE,M15,1.16146,4.0000000000040004e-05,1.084757407585119,1.7074074074074075,True,1,CONFIRMED,BULLISH,0.00032999999999994145,NO_DISPLACEMENT
1010,2026-01-16 12:30:00+00:00,M15:BUY_SIDE:949,BUY_SIDE,M15,1.16173,2.999999999997449e-05,1.2959947231059377,2.2266666666666666,True,1,CONFIRMED,NEUTRAL,0.0005500000000000504,NO_DISPLACEMENT
1010,2026-01-16 12:30:00+00:00,M15:BUY_SIDE:1005,BUY_SIDE,M15,1.1615,0.00025999999999992696,1.2959947231059377,2.2266666666666666,False,1,CONFIRMED,NEUTRAL,0.0005500000000000504,NO_DISPLACEMENT
1028,2026-01-16 17:00:00+00:00,M15:BUY_SIDE:1015,BUY_SIDE,M15,1.16235,0.0001500000000000945,1.4841922904603932,1.7469782433521355,False,1,CONFIRMED,NEUTRAL,0.0007399999999999629,NO_DISPLACEMENT
1028,2026-01-16 17:00:00+00:00,M15:BUY_SIDE:1020,BUY_SIDE,M15,1.16211,0.0003900000000001125,1.4841922904603932,1.7469782433521355,False,1,CONFIRMED,NEUTRAL,0.0007399999999999629,NO_DISPLACEMENT
1029,2026-01-16 17:15:00+00:00,M15:SELL_SIDE:972,SELL_SIDE,M15,1.16022,2.999999999997449e-05,4.100893509817354,6.399680255795364,True,3,CONFIRMED,NEUTRAL,-0.0016399999999998638,NO_DISPLACEMENT
1029,2026-01-16 17:15:00+00:00,M15:SELL_SIDE:995,SELL_SIDE,M15,1.16041,0.00021999999999988695,4.100893509817354,6.399680255795364,False,3,CONFIRMED,NEUTRAL,-0.0016399999999998638,NO_DISPLACEMENT
1029,2026-01-16 17:15:00+00:00,M15:SELL_SIDE:1004,SELL_SIDE,M15,1.16079,0.0005999999999999339,4.100893509817354,6.399680255795364,False,-1,WEAK,NEUTRAL,-0.0016399999999998638,NO_DISPLACEMENT
1029,2026-01-16 17:15:00+00:00,M15:SELL_SIDE:1021,SELL_SIDE,M15,1.16115,0.0009599999999998499,4.100893509817354,6.399680255795364,False,-1,WEAK,NEUTRAL,-0.0016399999999998638,NO_DISPLACEMENT
1029,2026-01-16 17:15:00+00:00,M15:SELL_SIDE:1025,SELL_SIDE,M15,1.16124,0.0010499999999999954,4.100893509817354,6.399680255795364,False,-1,WEAK,NEUTRAL,-0.0016399999999998638,NO_DISPLACEMENT
1030,2026-01-16 17:30:00+00:00,H4:SELL_SIDE:10,SELL_SIDE,H4,1.15914,0.0007099999999999884,2.8520840975965855,4.789189189189189,False,1,CONFIRMED,NEUTRAL,-0.00258999999999987,NO_DISPLACEMENT
1030,2026-01-16 17:30:00+00:00,H4:SELL_SIDE:190,SELL_SIDE,H4,1.15929,0.0008599999999998609,2.8520840975965855,4.789189189189189,False,1,CONFIRMED,NEUTRAL,-0.00258999999999987,NO_DISPLACEMENT
1035,2026-01-16 18:45:00+00:00,M15:BUY_SIDE:1032,BUY_SIDE,M15,1.16054,3.0000000000196536e-05,1.154294149460798,1.7525773195876289,True,1,CONFIRMED,BEARISH,-0.0016699999999998383,NO_DISPLACEMENT
1048,2026-01-16 22:00:00+00:00,M15:BUY_SIDE:1043,BUY_SIDE,M15,1.15992,4.999999999988347e-05,0.6273746848483651,0.6452045606975184,False,2,CONFIRMED,NEUTRAL,0.0003300000000001635,NO_DISPLACEMENT
1056,2026-01-19 00:00:00+00:00,M15:SELL_SIDE:1030,SELL_SIDE,M15,1.15843,0.0006800000000000139,0.8974139942176307,0.2723521320495186,False,-1,WEAK,BULLISH,-0.0014899999999999913,NO_DISPLACEMENT
1056,2026-01-19 00:00:00+00:00,M15:SELL_SIDE:1040,SELL_SIDE,M15,1.15893,0.0011799999999999589,0.8974139942176307,0.2723521320495186,False,-1,WEAK,BULLISH,-0.0014899999999999913,NO_DISPLACEMENT
1056,2026-01-19 00:00:00+00:00,M15:SELL_SIDE:1045,SELL_SIDE,M15,1.15915,0.0013999999999998458,0.8974139942176307,0.2723521320495186,False,-1,WEAK,BULLISH,-0.0014899999999999913,NO_DISPLACEMENT
1056,2026-01-19 00:00:00+00:00,M15:SELL_SIDE:1050,SELL_SIDE,M15,1.15954,0.0017899999999999583,0.8974139942176307,0.2723521320495186,False,-1,WEAK,BULLISH,-0.0014899999999999913,NO_DISPLACEMENT
1060,2026-01-19 01:00:00+00:00,M15:BUY_SIDE:1035,BUY_SIDE,M15,1.16057,0.00031999999999987594,4.094808857234041,2.5587044534412957,True,-1,CONFIRMED,NEUTRAL,1.0000000000065512e-05,NO_DISPLACEMENT
1060,2026-01-19 01:00:00+00:00,M15:BUY_SIDE:1051,BUY_SIDE,M15,1.16022,0.0006699999999999484,4.094808857234041,2.5587044534412957,True,-1,CONFIRMED,NEUTRAL,1.0000000000065512e-05,NO_DISPLACEMENT
1066,2026-01-19 02:30:00+00:00,M15:BUY_SIDE:922,BUY_SIDE,M15,1.1635,0.000280000000000058,1.5974230999397023,1.5339087546239212,False,1,CONFIRMED,NEUTRAL,0.005600000000000049,NO_DISPLACEMENT
1066,2026-01-19 02:30:00+00:00,M15:BUY_SIDE:1029,BUY_SIDE,M15,1.16273,0.0010499999999999954,1.5974230999397023,1.5339087546239212,False,2,CONFIRMED,NEUTRAL,0.005600000000000049,NO_DISPLACEMENT
1066,2026-01-19 02:30:00+00:00,M15:BUY_SIDE:1062,BUY_SIDE,M15,1.16269,0.0010900000000000354,1.5974230999397023,1.5339087546239212,False,2,CONFIRMED,NEUTRAL,0.005600000000000049,NO_DISPLACEMENT
1090,2026-01-19 08:30:00+00:00,M15:SELL_SIDE:1087,SELL_SIDE,M15,1.16266,9.999999999998899e-05,1.0475681355574429,1.281899109792285,False,1,CONFIRMED,NEUTRAL,0.0,NO_DISPLACEMENT
1092,2026-01-19 09:00:00+00:00,M15:BUY_SIDE:914,BUY_SIDE,M15,1.16409,4.0000000000040004e-05,2.246513681074118,2.4093113482056254,True,1,CONFIRMED,NEUTRAL,0.0009900000000000464,NO_DISPLACEMENT
1092,2026-01-19 09:00:00+00:00,M15:BUY_SIDE:1066,BUY_SIDE,M15,1.16378,0.0003500000000000725,2.246513681074118,2.4093113482056254,False,1,CONFIRMED,NEUTRAL,0.0009900000000000464,NO_DISPLACEMENT
1092,2026-01-19 09:00:00+00:00,M15:BUY_SIDE:1085,BUY_SIDE,M15,1.16374,0.0003900000000001125,2.246513681074118,2.4093113482056254,False,1,CONFIRMED,NEUTRAL,0.0009900000000000464,NO_DISPLACEMENT
1092,2026-01-19 09:00:00+00:00,M15:BUY_SIDE:1089,BUY_SIDE,M15,1.16324,0.0008900000000000574,2.246513681074118,2.4093113482056254,False,2,CONFIRMED,NEUTRAL,0.0009900000000000464,NO_DISPLACEMENT
1094,2026-01-19 09:30:00+00:00,M15:SELL_SIDE:1091,SELL_SIDE,M15,1.16248,0.0001100000000000545,1.77122267347587,2.324687800192123,True,1,CONFIRMED,NEUTRAL,-0.0009300000000000974,NO_DISPLACEMENT
1101,2026-01-19 11:15:00+00:00,M15:SELL_SIDE:1073,SELL_SIDE,M15,1.16155,0.00045000000000006146,1.1048735180029223,1.5382374362709395,False,1,CONFIRMED,NEUTRAL,-0.0012599999999998168,NO_DISPLACEMENT
1101,2026-01-19 11:15:00+00:00,M15:SELL_SIDE:1077,SELL_SIDE,M15,1.16159,0.0004899999999998794,1.1048735180029223,1.5382374362709395,False,1,CONFIRMED,NEUTRAL,-0.0012599999999998168,NO_DISPLACEMENT
1111,2026-01-19 13:45:00+00:00,M15:BUY_SIDE:1104,BUY_SIDE,M15,1.16286,2.999999999997449e-05,0.7758034682749098,0.9446640316205533,True,-1,CONFIRMED,NEUTRAL,0.0012499999999999734,NO_DISPLACEMENT
1113,2026-01-19 14:15:00+00:00,M15:BUY_SIDE:1100,BUY_SIDE,M15,1.16297,0.00028999999999990145,0.7092395731517925,0.9972337482710927,False,2,CONFIRMED,NEUTRAL,0.0005500000000000504,NO_DISPLACEMENT
1117,2026-01-19 15:15:00+00:00,M15:BUY_SIDE:1114,BUY_SIDE,M15,1.16332,9.000000000014552e-05,0.7704546244078926,1.4052558782849238,True,2,CONFIRMED,BULLISH,0.0008300000000001084,NO_DISPLACEMENT
1122,2026-01-19 16:30:00+00:00,M15:BUY_SIDE:1119,BUY_SIDE,M15,1.16354,0.00019999999999997797,0.8761082647036451,1.301521438450899,False,-1,WEAK,BULLISH,0.0006999999999999229,NO_DISPLACEMENT
1123,2026-01-19 16:45:00+00:00,M15:BUY_SIDE:877,BUY_SIDE,M15,1.16417,9.000000000014552e-05,1.345560343497462,1.586445366528354,True,1,CONFIRMED,BULLISH,0.0010099999999999554,NO_DISPLACEMENT
1123,2026-01-19 16:45:00+00:00,M15:BUY_SIDE:887,BUY_SIDE,M15,1.16414,0.00012000000000012001,1.345560343497462,1.586445366528354,True,1,CONFIRMED,BULLISH,0.0010099999999999554,NO_DISPLACEMENT
1128,2026-01-19 18:00:00+00:00,M15:BUY_SIDE:1124,BUY_SIDE,M15,1.16434,4.0000000000040004e-05,1.1206672874755914,1.3824561403508773,False,3,CONFIRMED,BULLISH,0.0010300000000000864,NO_DISPLACEMENT
1130,2026-01-19 18:30:00+00:00,M15:BUY_SIDE:858,BUY_SIDE,M15,1.16472,1.0000000000065512e-05,1.0772454468710846,0.7286549707602339,True,1,CONFIRMED,BULLISH,0.0012399999999999078,NO_DISPLACEMENT
1130,2026-01-19 18:30:00+00:00,M15:BUY_SIDE:869,BUY_SIDE,M15,1.16468,5.0000000000105516e-05,1.0772454468710846,0.7286549707602339,True,1,CONFIRMED,BULLISH,0.0012399999999999078,NO_DISPLACEMENT
1136,2026-01-19 20:00:00+00:00,M15:BUY_SIDE:850,BUY_SIDE,M15,1.16477,8.999999999992347e-05,0.6264125238506021,0.44912280701754387,False,1,CONFIRMED,BULLISH,0.0014099999999999113,NO_DISPLACEMENT
1136,2026-01-19 20:00:00+00:00,M15:BUY_SIDE:1130,BUY_SIDE,M15,1.16473,0.00012999999999996348,0.6264125238506021,0.44912280701754387,False,2,CONFIRMED,BULLISH,0.0014099999999999113,NO_DISPLACEMENT
1143,2026-01-19 21:45:00+00:00,M15:SELL_SIDE:1140,SELL_SIDE,M15,1.16426,1.0000000000065512e-05,0.4679822967626957,0.30816831683168316,True,2,CONFIRMED,NEUTRAL,0.00019999999999997797,NO_DISPLACEMENT
1152,2026-01-20 00:00:00+00:00,M15:SELL_SIDE:1144,SELL_SIDE,M15,1.16417,1.999999999990898e-05,1.3127088967277052,0.15993907083015993,True,1,CONFIRMED,NEUTRAL,0.0001500000000000945,NO_DISPLACEMENT
1152,2026-01-20 00:00:00+00:00,M15:SELL_SIDE:1149,SELL_SIDE,M15,1.16427,0.00011999999999989797,1.3127088967277052,0.15993907083015993,True,1,CONFIRMED,NEUTRAL,0.0001500000000000945,NO_DISPLACEMENT
1153,2026-01-20 00:15:00+00:00,M15:BUY_SIDE:1141,BUY_SIDE,M15,1.16468,1.0000000000065512e-05,0.5626070356170912,0.07047768206734534,True,1,CONFIRMED,NEUTRAL,0.00034000000000000696,NO_DISPLACEMENT
1153,2026-01-20 00:15:00+00:00,M15:BUY_SIDE:1150,BUY_SIDE,M15,1.16462,7.00000000000145e-05,0.5626070356170912,0.07047768206734534,False,2,CONFIRMED,NEUTRAL,0.00034000000000000696,NO_DISPLACEMENT
1157,2026-01-20 01:15:00+00:00,M15:SELL_SIDE:1152,SELL_SIDE,M15,1.16415,0.00017000000000000348,0.8012080797916954,0.45075757575757575,False,-1,WEAK,NEUTRAL,-0.0005199999999998539,NO_DISPLACEMENT
1158,2026-01-20 01:30:00+00:00,M15:SELL_SIDE:1133,SELL_SIDE,M15,1.16396,0.000140000000000029,1.0417016710538975,0.6275787187839305,False,-1,WEAK,NEUTRAL,-0.0005699999999999594,NO_DISPLACEMENT
1167,2026-01-20 03:45:00+00:00,M15:BUY_SIDE:1164,BUY_SIDE,M15,1.16433,4.999999999988347e-05,1.4964609953266212,1.246031746031746,False,1,CONFIRMED,BEARISH,0.00036999999999998145,NO_DISPLACEMENT
1173,2026-01-20 05:15:00+00:00,M15:BUY_SIDE:1137,BUY_SIDE,M15,1.16487,0.0006699999999999484,2.370849380693468,1.4630681818181819,False,-1,WEAK,NEUTRAL,0.0015000000000000568,NO_DISPLACEMENT
1173,2026-01-20 05:15:00+00:00,M15:BUY_SIDE:1153,BUY_SIDE,M15,1.16469,0.0008500000000000174,2.370849380693468,1.4630681818181819,False,-1,WEAK,NEUTRAL,0.0015000000000000568,NO_DISPLACEMENT
1177,2026-01-20 06:15:00+00:00,H4:BUY_SIDE:184,BUY_SIDE,H4,1.16616,7.999999999985796e-05,1.3026069513226382,1.004566210045662,False,1,CONFIRMED,NEUTRAL,0.0018499999999999073,NO_DISPLACEMENT
1189,2026-01-20 09:15:00+00:00,H4:BUY_SIDE:177,BUY_SIDE,H4,1.16775,0.00012999999999996348,2.4054178167955884,2.905982905982906,True,-1,CONFIRMED,BULLISH,0.0010200000000000209,NO_DISPLACEMENT
1189,2026-01-20 09:15:00+00:00,M15:BUY_SIDE:1180,BUY_SIDE,M15,1.16724,0.0006399999999999739,2.4054178167955884,2.905982905982906,False,-1,WEAK,BULLISH,0.0010200000000000209,NO_DISPLACEMENT
1190,2026-01-20 09:30:00+00:00,M15:BUY_SIDE:647,BUY_SIDE,M15,1.16859,0.0007800000000000029,3.1083517504449367,7.327800829875518,False,-1,WEAK,BULLISH,0.002080000000000082,NO_DISPLACEMENT
1192,2026-01-20 10:00:00+00:00,H4:BUY_SIDE:171,BUY_SIDE,H4,1.16985,0.000140000000000029,2.0144084659906167,5.1386666666666665,False,1,CONFIRMED,BULLISH,0.0035400000000000986,NO_DISPLACEMENT
1192,2026-01-20 10:00:00+00:00,M15:BUY_SIDE:323,BUY_SIDE,M15,1.16995,4.0000000000040004e-05,2.0144084659906167,5.1386666666666665,False,1,CONFIRMED,BULLISH,0.0035400000000000986,NO_DISPLACEMENT
1194,2026-01-20 10:30:00+00:00,H4:BUY_SIDE:151,BUY_SIDE,H4,1.17025,0.0012300000000000644,2.4985887590169606,7.61578947368421,False,-1,WEAK,BULLISH,0.0043199999999998795,NO_DISPLACEMENT
1194,2026-01-20 10:30:00+00:00,M15:BUY_SIDE:259,BUY_SIDE,M15,1.17141,7.00000000000145e-05,2.4985887590169606,7.61578947368421,True,-1,CONFIRMED,BULLISH,0.0043199999999998795,NO_DISPLACEMENT
1194,2026-01-20 10:30:00+00:00,M15:BUY_SIDE:312,BUY_SIDE,M15,1.1702,0.0012800000000001699,2.4985887590169606,7.61578947368421,False,-1,WEAK,BULLISH,0.0043199999999998795,NO_DISPLACEMENT
1195,2026-01-20 10:45:00+00:00,M15:BUY_SIDE:256,BUY_SIDE,M15,1.17176,0.00042000000000008697,1.67886098547944,6.451030927835052,True,-1,CONFIRMED,BULLISH,0.0053200000000002134,NO_DISPLACEMENT
1206,2026-01-20 13:30:00+00:00,M15:BUY_SIDE:1198,BUY_SIDE,M15,1.17328,0.00042999999999993044,1.3966367861504307,2.0684931506849313,False,-1,WEAK,BULLISH,0.0017199999999999438,NO_DISPLACEMENT
1207,2026-01-20 13:45:00+00:00,M15:BUY_SIDE:233,BUY_SIDE,M15,1.17388,1.0000000000065512e-05,0.6046675520221781,3.0095602294455066,True,1,CONFIRMED,BULLISH,0.0009900000000000464,NO_DISPLACEMENT
1209,2026-01-20 14:15:00+00:00,H4:BUY_SIDE:146,BUY_SIDE,H4,1.17427,9.999999999998899e-05,0.699622080714968,2.3313708999158957,True,1,CONFIRMED,BULLISH,0.0016400000000000858,NO_DISPLACEMENT
1213,2026-01-20 15:15:00+00:00,M15:SELL_SIDE:1205,SELL_SIDE,M15,1.17223,0.0003900000000001125,1.7016327823547197,1.914470412729985,False,1,CONFIRMED,BULLISH,-0.0009399999999999409,NO_DISPLACEMENT
1214,2026-01-20 15:30:00+00:00,H4:BUY_SIDE:52,BUY_SIDE,H4,1.1763,0.0005800000000000249,4.363122124685416,4.640346653827636,True,1,CONFIRMED,BULLISH,0.001100000000000101,NO_DISPLACEMENT
1214,2026-01-20 15:30:00+00:00,H4:BUY_SIDE:76,BUY_SIDE,H4,1.1758,0.0010799999999999699,4.363122124685416,4.640346653827636,True,1,CONFIRMED,BULLISH,0.001100000000000101,NO_DISPLACEMENT
1214,2026-01-20 15:30:00+00:00,H4:BUY_SIDE:129,BUY_SIDE,H4,1.17593,0.0009500000000000064,4.363122124685416,4.640346653827636,True,1,CONFIRMED,BULLISH,0.001100000000000101,NO_DISPLACEMENT
1214,2026-01-20 15:30:00+00:00,H4:BUY_SIDE:133,BUY_SIDE,H4,1.17648,0.00039999999999995595,4.363122124685416,4.640346653827636,True,1,CONFIRMED,BULLISH,0.001100000000000101,NO_DISPLACEMENT
1214,2026-01-20 15:30:00+00:00,H4:BUY_SIDE:136,BUY_SIDE,H4,1.17545,0.0014299999999998203,4.363122124685416,4.640346653827636,True,1,CONFIRMED,BULLISH,0.001100000000000101,NO_DISPLACEMENT
1214,2026-01-20 15:30:00+00:00,M15:BUY_SIDE:16,BUY_SIDE,M15,1.17636,0.0005199999999998539,4.363122124685416,4.640346653827636,True,1,CONFIRMED,BULLISH,0.001100000000000101,NO_DISPLACEMENT
1214,2026-01-20 15:30:00+00:00,M15:BUY_SIDE:30,BUY_SIDE,M15,1.17576,0.0011200000000000099,4.363122124685416,4.640346653827636,True,1,CONFIRMED,BULLISH,0.001100000000000101,NO_DISPLACEMENT
1214,2026-01-20 15:30:00+00:00,M15:BUY_SIDE:1209,BUY_SIDE,M15,1.17437,0.0025100000000000122,4.363122124685416,4.640346653827636,True,1,CONFIRMED,BULLISH,0.001100000000000101,NO_DISPLACEMENT
1218,2026-01-20 16:30:00+00:00,M15:SELL_SIDE:1214,SELL_SIDE,M15,1.17183,0.00029999999999996696,0.9761335114143844,2.3100833965125096,True,1,CONFIRMED,NEUTRAL,-0.0018299999999999983,NO_DISPLACEMENT
1227,2026-01-20 18:45:00+00:00,M15:BUY_SIDE:1224,BUY_SIDE,M15,1.17372,0.00020999999999982144,0.91904211137876,0.965209064794127,False,2,CONFIRMED,BEARISH,0.0012799999999999478,NO_DISPLACEMENT
1235,2026-01-20 20:45:00+00:00,M15:SELL_SIDE:1232,SELL_SIDE,M15,1.17288,0.00024000000000001798,0.8196343432518018,0.4909032875837855,False,-1,WEAK,BULLISH,-0.0006699999999999484,NO_DISPLACEMENT
1239,2026-01-20 21:45:00+00:00,M15:SELL_SIDE:1201,SELL_SIDE,M15,1.17152,0.00039999999999995595,0.9221425180942902,0.7679540376635813,False,2,CONFIRMED,BULLISH,-0.0021099999999998342,NO_DISPLACEMENT
1255,2026-01-21 01:45:00+00:00,M15:BUY_SIDE:1247,BUY_SIDE,M15,1.17266,0.00021000000000004349,0.7108211036951146,0.36113744075829385,False,1,CONFIRMED,NEUTRAL,0.00038000000000004697,NO_DISPLACEMENT
1255,2026-01-21 01:45:00+00:00,M15:BUY_SIDE:1251,BUY_SIDE,M15,1.17255,0.000320000000000098,0.7108211036951146,0.36113744075829385,False,1,CONFIRMED,NEUTRAL,0.00038000000000004697,NO_DISPLACEMENT
1257,2026-01-21 02:15:00+00:00,M15:SELL_SIDE:1251,SELL_SIDE,M15,1.17198,0.00012000000000012001,0.9876925840746185,0.6625386996904025,True,2,CONFIRMED,BULLISH,-0.0004199999999998649,NO_DISPLACEMENT
1261,2026-01-21 03:15:00+00:00,M15:BUY_SIDE:1255,BUY_SIDE,M15,1.17287,0.00031999999999987594,1.6540938906265001,0.7983682983682984,False,3,CONFIRMED,NEUTRAL,0.0010899999999998133,NO_DISPLACEMENT
1269,2026-01-21 05:15:00+00:00,M15:SELL_SIDE:1259,SELL_SIDE,M15,1.17164,0.0005299999999999194,1.8437801932836475,1.7920120572720422,False,2,CONFIRMED,BEARISH,-0.0011799999999999589,NO_DISPLACEMENT
1270,2026-01-21 05:30:00+00:00,M15:SELL_SIDE:1240,SELL_SIDE,M15,1.17107,4.0000000000040004e-05,0.9188127239689077,1.0369253956292388,True,1,CONFIRMED,BEARISH,-0.0010399999999999299,NO_DISPLACEMENT
1275,2026-01-21 06:45:00+00:00,M15:BUY_SIDE:1272,BUY_SIDE,M15,1.17195,7.999999999985796e-05,0.92265143799129,0.7567567567567568,True,2,CONFIRMED,BEARISH,-0.0006699999999999484,NO_DISPLACEMENT
1282,2026-01-21 08:30:00+00:00,M15:BUY_SIDE:1276,BUY_SIDE,M15,1.17215,0.00026999999999999247,1.1209818463885415,1.1215161649944259,False,2,CONFIRMED,BULLISH,0.0007999999999999119,NO_DISPLACEMENT
1284,2026-01-21 09:00:00+00:00,M15:SELL_SIDE:1280,SELL_SIDE,M15,1.17152,0.00014999999999987246,2.072312137298017,2.4258639910813824,False,1,CONFIRMED,BULLISH,-0.00028999999999990145,NO_DISPLACEMENT
1286,2026-01-21 09:30:00+00:00,M15:SELL_SIDE:1270,SELL_SIDE,M15,1.17103,4.0000000000040004e-05,2.329054470555598,2.7558528428093645,True,1,CONFIRMED,BULLISH,-0.0006899999999998574,NO_DISPLACEMENT
1295,2026-01-21 11:45:00+00:00,M15:SELL_SIDE:1290,SELL_SIDE,M15,1.17049,4.0000000000040004e-05,0.9017198786090597,1.971584699453552,True,1,CONFIRMED,BEARISH,-0.0017899999999999583,NO_DISPLACEMENT
1301,2026-01-21 13:15:00+00:00,M15:BUY_SIDE:1293,BUY_SIDE,M15,1.17124,0.00039999999999995595,2.2374397424213384,1.7408056042031523,False,-1,WEAK,BEARISH,0.00015999999999993797,NO_DISPLACEMENT
1306,2026-01-21 14:30:00+00:00,M15:BUY_SIDE:1266,BUY_SIDE,M15,1.17316,1.0000000000065512e-05,1.2279685911823257,1.955758962623951,True,3,CONFIRMED,NEUTRAL,0.0024199999999998667,NO_DISPLACEMENT
1306,2026-01-21 14:30:00+00:00,M15:BUY_SIDE:1285,BUY_SIDE,M15,1.17253,0.0006399999999999739,1.2279685911823257,1.955758962623951,False,-1,WEAK,NEUTRAL,0.0024199999999998667,NO_DISPLACEMENT
1307,2026-01-21 14:45:00+00:00,M15:BUY_SIDE:1262,BUY_SIDE,M15,1.17341,0.00015999999999993797,0.911012613800844,1.5096011816838995,False,2,CONFIRMED,NEUTRAL,0.003009999999999957,NO_DISPLACEMENT
1311,2026-01-21 15:45:00+00:00,M15:BUY_SIDE:1228,BUY_SIDE,M15,1.17427,2.999999999997449e-05,1.6430605012845618,2.336347197106691,True,1,CONFIRMED,BULLISH,0.0027000000000001467,NO_DISPLACEMENT
1311,2026-01-21 15:45:00+00:00,M15:BUY_SIDE:1308,BUY_SIDE,M15,1.17397,0.00032999999999994145,1.6430605012845618,2.336347197106691,True,1,CONFIRMED,BULLISH,0.0027000000000001467,NO_DISPLACEMENT
1312,2026-01-21 16:00:00+00:00,M15:SELL_SIDE:1309,SELL_SIDE,M15,1.17285,0.0013499999999999623,3.182024260333055,4.8535324526134405,False,-1,WEAK,BULLISH,0.0010300000000000864,NO_DISPLACEMENT
1317,2026-01-21 17:15:00+00:00,M15:SELL_SIDE:1312,SELL_SIDE,M15,1.1715,0.0010399999999999299,2.0418276598429954,2.6610790990047146,False,-1,WEAK,BEARISH,-0.0025999999999999357,NO_DISPLACEMENT
1319,2026-01-21 17:45:00+00:00,M15:SELL_SIDE:1298,SELL_SIDE,M15,1.17013,8.999999999992347e-05,1.5315414038248991,2.244047619047619,True,1,CONFIRMED,BEARISH,-0.00287000000000015,NO_DISPLACEMENT
1319,2026-01-21 17:45:00+00:00,M15:SELL_SIDE:1301,SELL_SIDE,M15,1.17038,0.00034000000000000696,1.5315414038248991,2.244047619047619,False,1,CONFIRMED,BEARISH,-0.00287000000000015,NO_DISPLACEMENT
1325,2026-01-21 19:15:00+00:00,M15:BUY_SIDE:1322,BUY_SIDE,M15,1.17107,7.00000000000145e-05,0.43522326166163633,0.9240953221535746,True,1,CONFIRMED,BEARISH,-0.0016799999999999038,NO_DISPLACEMENT
1330,2026-01-21 20:30:00+00:00,M15:SELL_SIDE:1321,SELL_SIDE,M15,1.16945,0.00010000000000021103,0.9823536190667229,0.673109243697479,True,1,CONFIRMED,BULLISH,-0.0011200000000000099,NO_DISPLACEMENT
1330,2026-01-21 20:30:00+00:00,M15:SELL_SIDE:1326,SELL_SIDE,M15,1.1697,0.0003500000000000725,0.9823536190667229,0.673109243697479,False,2,CONFIRMED,BULLISH,-0.0011200000000000099,NO_DISPLACEMENT
1333,2026-01-21 21:15:00+00:00,M15:SELL_SIDE:1330,SELL_SIDE,M15,1.16935,0.0013599999999998058,2.8107425381515903,1.7875816993464053,False,-1,WEAK,NEUTRAL,-0.0017000000000000348,NO_DISPLACEMENT
1337,2026-01-21 22:15:00+00:00,M15:SELL_SIDE:1334,SELL_SIDE,M15,1.16768,5.999999999994898e-05,1.1294962997890727,0.856687898089172,True,1,CONFIRMED,BEARISH,-0.0022899999999999032,NO_DISPLACEMENT
1348,2026-01-22 01:00:00+00:00,M15:SELL_SIDE:1344,SELL_SIDE,M15,1.16813,9.999999999998899e-05,0.7925325448341516,0.27647058823529413,False,-1,WEAK,NEUTRAL,-0.00041000000000002146,NO_DISPLACEMENT
1350,2026-01-22 01:30:00+00:00,M15:SELL_SIDE:1337,SELL_SIDE,M15,1.16762,0.0006500000000000394,1.1173527659287619,0.5689075630252101,False,2,CONFIRMED,NEUTRAL,-0.0011299999999998533,NO_DISPLACEMENT
1354,2026-01-22 02:30:00+00:00,M15:BUY_SIDE:1347,BUY_SIDE,M15,1.16862,0.00011999999999989797,1.5658792117364257,0.8346679227508244,True,2,CONFIRMED,BEARISH,0.00017000000000000348,NO_DISPLACEMENT
1355,2026-01-22 02:45:00+00:00,M15:BUY_SIDE:1339,BUY_SIDE,M15,1.16896,1.0000000000065512e-05,0.8645012190893684,0.5645239246012567,True,1,CONFIRMED,BEARISH,0.00019999999999997797,NO_DISPLACEMENT
1355,2026-01-22 02:45:00+00:00,M15:BUY_SIDE:1342,BUY_SIDE,M15,1.16892,5.0000000000105516e-05,0.8645012190893684,0.5645239246012567,True,1,CONFIRMED,BEARISH,0.00019999999999997797,NO_DISPLACEMENT
1359,2026-01-22 03:45:00+00:00,M15:BUY_SIDE:1355,BUY_SIDE,M15,1.16897,2.999999999997449e-05,0.8014902949582633,0.6581858407079646,True,2,CONFIRMED,BULLISH,0.0012100000000001554,NO_DISPLACEMENT
1360,2026-01-22 04:00:00+00:00,M15:BUY_SIDE:1336,BUY_SIDE,M15,1.1692,0.000140000000000029,0.9644206468355022,0.5441612329579134,True,1,CONFIRMED,BULLISH,0.0016999999999998128,NO_DISPLACEMENT
1368,2026-01-22 06:00:00+00:00,M15:BUY_SIDE:1360,BUY_SIDE,M15,1.16934,0.00034000000000000696,1.6111933407468193,0.7344537815126051,False,2,CONFIRMED,BULLISH,0.001060000000000061,NO_DISPLACEMENT
1379,2026-01-22 08:45:00+00:00,M15:SELL_SIDE:1375,SELL_SIDE,M15,1.16842,1.0000000000065512e-05,1.1966893100442848,1.0545454545454545,True,1,CONFIRMED,BULLISH,-0.0005799999999998029,NO_DISPLACEMENT
1382,2026-01-22 09:30:00+00:00,M15:BUY_SIDE:1378,BUY_SIDE,M15,1.16917,0.0001100000000000545,1.2909603445784759,2.2363636363636363,True,1,CONFIRMED,BEARISH,-0.00017000000000000348,NO_DISPLACEMENT
1386,2026-01-22 10:30:00+00:00,M15:SELL_SIDE:1379,SELL_SIDE,M15,1.16841,1.999999999990898e-05,1.319338059419841,2.6931818181818183,True,1,CONFIRMED,NEUTRAL,-4.0000000000040004e-05,NO_DISPLACEMENT
1389,2026-01-22 11:15:00+00:00,M15:BUY_SIDE:1369,BUY_SIDE,M15,1.16971,2.999999999997449e-05,1.649800799939151,2.1886363636363635,True,1,CONFIRMED,NEUTRAL,0.00043999999999999595,NO_DISPLACEMENT
1389,2026-01-22 11:15:00+00:00,M15:BUY_SIDE:1383,BUY_SIDE,M15,1.16959,0.0001500000000000945,1.649800799939151,2.1886363636363635,True,1,CONFIRMED,NEUTRAL,0.00043999999999999595,NO_DISPLACEMENT
1396,2026-01-22 13:00:00+00:00,M15:BUY_SIDE:1389,BUY_SIDE,M15,1.16974,0.00011999999999989797,1.092064638814655,1.8176691729323309,True,-1,CONFIRMED,BULLISH,0.0007700000000001594,NO_DISPLACEMENT
1401,2026-01-22 14:15:00+00:00,M15:BUY_SIDE:1333,BUY_SIDE,M15,1.17053,0.0003799999999998249,1.0130818053855095,1.3327731092436974,False,1,CONFIRMED,BULLISH,0.0013900000000000023,NO_DISPLACEMENT
1404,2026-01-22 15:00:00+00:00,M15:BUY_SIDE:1325,BUY_SIDE,M15,1.17114,1.999999999990898e-05,1.50605673954806,1.6450909090909092,True,-1,CONFIRMED,BULLISH,0.0017999999999998018,NO_DISPLACEMENT
1404,2026-01-22 15:00:00+00:00,M15:BUY_SIDE:1401,BUY_SIDE,M15,1.17091,0.0002500000000000835,1.50605673954806,1.6450909090909092,False,-1,WEAK,BULLISH,0.0017999999999998018,NO_DISPLACEMENT
1408,2026-01-22 16:00:00+00:00,M15:BUY_SIDE:1405,BUY_SIDE,M15,1.17186,3.0000000000196536e-05,0.875674808417482,1.4543130990415336,True,1,CONFIRMED,BULLISH,0.0012499999999999734,NO_DISPLACEMENT
1414,2026-01-22 17:30:00+00:00,M15:BUY_SIDE:1315,BUY_SIDE,M15,1.17297,0.00024999999999986144,1.2330396842903817,1.4327077747989276,False,-1,WEAK,BULLISH,0.0022400000000000198,NO_DISPLACEMENT
1416,2026-01-22 18:00:00+00:00,H4:BUY_SIDE:213,BUY_SIDE,H4,1.1743,0.00031000000000003247,1.813123913217674,1.8196891191709845,False,1,CONFIRMED,BULLISH,0.003130000000000077,NO_DISPLACEMENT
1425,2026-01-22 20:15:00+00:00,M15:BUY_SIDE:1422,BUY_SIDE,M15,1.17478,8.000000000008001e-05,0.5640771474824529,0.5687203791469194,True,1,CONFIRMED,NEUTRAL,0.0011999999999998678,NO_DISPLACEMENT
1434,2026-01-22 22:30:00+00:00,M15:BUY_SIDE:1417,BUY_SIDE,M15,1.17506,2.999999999997449e-05,1.0024186999729436,0.6604938271604939,False,1,CONFIRMED,BULLISH,0.000520000000000076,NO_DISPLACEMENT
1434,2026-01-22 22:30:00+00:00,M15:BUY_SIDE:1425,BUY_SIDE,M15,1.17486,0.00022999999999995246,1.0024186999729436,0.6604938271604939,False,-1,WEAK,BULLISH,0.000520000000000076,NO_DISPLACEMENT
1444,2026-01-23 01:00:00+00:00,M15:BUY_SIDE:1439,BUY_SIDE,M15,1.1756,0.00031000000000003247,0.8535335109800882,0.51847365233192,False,2,CONFIRMED,BULLISH,0.0006500000000000394,NO_DISPLACEMENT
1449,2026-01-23 02:15:00+00:00,M15:SELL_SIDE:1440,SELL_SIDE,M15,1.17487,1.0000000000065512e-05,0.7740186506512767,0.545224541429475,True,1,CONFIRMED,BULLISH,-0.00032999999999994145,NO_DISPLACEMENT
1456,2026-01-23 04:00:00+00:00,M15:SELL_SIDE:1452,SELL_SIDE,M15,1.17468,7.999999999985796e-05,1.0159277945856668,0.8817005545286506,True,1,CONFIRMED,BEARISH,-0.0005699999999999594,NO_DISPLACEMENT
1462,2026-01-23 05:30:00+00:00,M15:SELL_SIDE:1458,SELL_SIDE,M15,1.17437,1.999999999990898e-05,0.5149274333839176,0.9645833333333333,True,2,CONFIRMED,BEARISH,-0.0002900000000001235,NO_DISPLACEMENT
1469,2026-01-23 07:15:00+00:00,M15:BUY_SIDE:1453,BUY_SIDE,M15,1.17536,2.0000000000131024e-05,1.1325154829904713,1.0813186813186813,True,1,CONFIRMED,BEARISH,0.0005399999999999849,NO_DISPLACEMENT
1475,2026-01-23 08:45:00+00:00,M15:SELL_SIDE:1464,SELL_SIDE,M15,1.17429,0.00017000000000000348,1.369937736341111,2.391208791208791,False,3,CONFIRMED,BEARISH,-0.00028999999999990145,NO_DISPLACEMENT
1476,2026-01-23 09:00:00+00:00,M15:SELL_SIDE:1430,SELL_SIDE,M15,1.17412,7.00000000000145e-05,1.1344217964183907,1.734054054054054,True,2,CONFIRMED,BEARISH,-0.0005899999999998684,NO_DISPLACEMENT
1498,2026-01-23 14:30:00+00:00,M15:BUY_SIDE:1495,BUY_SIDE,M15,1.17404,0.000280000000000058,1.0836382050699322,1.1657671549730146,True,-1,CONFIRMED,NEUTRAL,0.0008600000000000829,NO_DISPLACEMENT
1501,2026-01-23 15:15:00+00:00,M15:BUY_SIDE:1482,BUY_SIDE,M15,1.17451,0.00021000000000004349,1.176513171368394,1.166444740346205,True,1,CONFIRMED,NEUTRAL,0.0009099999999999664,NO_DISPLACEMENT
1507,2026-01-23 16:45:00+00:00,M15:BUY_SIDE:1479,BUY_SIDE,M15,1.17472,8.000000000008001e-05,1.3267948113854,1.368421052631579,True,-1,CONFIRMED,BULLISH,0.0007299999999998974,NO_DISPLACEMENT
1509,2026-01-23 17:15:00+00:00,M15:BUY_SIDE:1472,BUY_SIDE,M15,1.17527,7.999999999985796e-05,1.0777834787053802,1.2655991165102154,True,1,CONFIRMED,BULLISH,0.0007499999999998064,NO_DISPLACEMENT
1511,2026-01-23 17:45:00+00:00,H4:BUY_SIDE:222,BUY_SIDE,H4,1.17591,0.00021999999999988695,2.0071672088036894,1.7935904399782727,True,1,CONFIRMED,BULLISH,0.0014499999999999513,NO_DISPLACEMENT
1511,2026-01-23 17:45:00+00:00,M15:BUY_SIDE:1469,BUY_SIDE,M15,1.17538,0.0007499999999998064,2.0071672088036894,1.7935904399782727,False,1,CONFIRMED,BULLISH,0.0014499999999999513,NO_DISPLACEMENT
1514,2026-01-23 18:30:00+00:00,H4:BUY_SIDE:64,BUY_SIDE,H4,1.17688,1.0000000000065512e-05,0.817530195497963,1.7979690005344735,True,-1,CONFIRMED,BULLISH,0.002850000000000019,NO_DISPLACEMENT
1516,2026-01-23 19:00:00+00:00,H4:BUY_SIDE:122,BUY_SIDE,H4,1.17796,0.000460000000000127,1.9259796722498232,2.0410888546481765,False,-1,WEAK,BULLISH,0.0042999999999999705,NO_DISPLACEMENT
1517,2026-01-23 19:15:00+00:00,H4:BUY_SIDE:116,BUY_SIDE,H4,1.1789,0.00045999999999990493,1.6492237487403563,2.531797696544817,False,1,CONFIRMED,BULLISH,0.004650000000000043,NO_DISPLACEMENT
1518,2026-01-23 19:30:00+00:00,H4:BUY_SIDE:111,BUY_SIDE,H4,1.17967,0.00021000000000004349,1.8458045952640125,3.2533333333333334,True,1,CONFIRMED,BULLISH,0.0038199999999999346,NO_DISPLACEMENT
1524,2026-01-23 21:00:00+00:00,M15:BUY_SIDE:1518,BUY_SIDE,M15,1.17988,0.00019999999999997797,0.9756216571060486,1.0138648180242635,False,1,CONFIRMED,BULLISH,0.003149999999999986,NO_DISPLACEMENT
1527,2026-01-23 21:45:00+00:00,H4:BUY_SIDE:70,BUY_SIDE,H4,1.1804,0.0010900000000000354,1.9067418030021481,1.6446140797285835,False,-1,WEAK,BULLISH,0.0018799999999998818,NO_DISPLACEMENT
1527,2026-01-23 21:45:00+00:00,H4:BUY_SIDE:99,BUY_SIDE,H4,1.18019,0.0012999999999998568,1.9067418030021481,1.6446140797285835,False,-1,WEAK,BULLISH,0.0018799999999998818,NO_DISPLACEMENT
1527,2026-01-23 21:45:00+00:00,H4:BUY_SIDE:103,BUY_SIDE,H4,1.18077,0.0007199999999998319,1.9067418030021481,1.6446140797285835,False,-1,WEAK,BULLISH,0.0018799999999998818,NO_DISPLACEMENT
1527,2026-01-23 21:45:00+00:00,M15:BUY_SIDE:1524,BUY_SIDE,M15,1.18008,0.0014099999999999113,1.9067418030021481,1.6446140797285835,False,-1,WEAK,BULLISH,0.0018799999999998818,NO_DISPLACEMENT
1532,2026-01-23 23:00:00+00:00,M15:BUY_SIDE:1529,BUY_SIDE,M15,1.18265,0.00048000000000003595,1.1044460212259368,0.46578947368421053,False,2,CONFIRMED,BULLISH,0.0040000000000000036,NO_DISPLACEMENT
1536,2026-01-26 00:00:00+00:00,M15:BUY_SIDE:1533,BUY_SIDE,M15,1.18334,0.0032600000000000406,1.4005015084041308,0.22098421541318478,False,-1,WEAK,BULLISH,0.005610000000000115,NO_DISPLACEMENT
1560,2026-01-26 06:00:00+00:00,M15:SELL_SIDE:1557,SELL_SIDE,M15,1.1858,0.00025999999999992696,1.1194065786524552,0.7361331220285261,True,1,CONFIRMED,NEUTRAL,0.000300000000000189,NO_DISPLACEMENT
1565,2026-01-26 07:15:00+00:00,M15:BUY_SIDE:1561,BUY_SIDE,M15,1.18691,6.000000000017103e-05,1.2685718478225836,0.5388513513513513,True,1,CONFIRMED,BEARISH,2.0000000000131024e-05,NO_DISPLACEMENT
1568,2026-01-26 08:00:00+00:00,M15:SELL_SIDE:1560,SELL_SIDE,M15,1.18554,0.00048000000000003595,1.6261079906344302,0.9928251121076234,False,1,CONFIRMED,BULLISH,-0.0009999999999998899,NO_DISPLACEMENT
1568,2026-01-26 08:00:00+00:00,M15:SELL_SIDE:1565,SELL_SIDE,M15,1.18577,0.0007099999999999884,1.6261079906344302,0.9928251121076234,False,2,CONFIRMED,BULLISH,-0.0009999999999998899,NO_DISPLACEMENT
1572,2026-01-26 09:00:00+00:00,M15:SELL_SIDE:1568,SELL_SIDE,M15,1.18506,1.999999999990898e-05,1.2989882092057112,1.520952380952381,True,1,CONFIRMED,NEUTRAL,-0.0007600000000000939,NO_DISPLACEMENT
1575,2026-01-26 09:45:00+00:00,M15:SELL_SIDE:1544,SELL_SIDE,M15,1.18442,0.0007800000000000029,1.2684918527462545,2.0779944289693595,False,2,CONFIRMED,BEARISH,-0.0028799999999999937,NO_DISPLACEMENT
1582,2026-01-26 11:30:00+00:00,M15:BUY_SIDE:1573,BUY_SIDE,M15,1.18626,0.0004799999999998139,0.9079763147520691,1.476008492569002,False,2,CONFIRMED,BEARISH,0.0012600000000000389,NO_DISPLACEMENT
1582,2026-01-26 11:30:00+00:00,M15:BUY_SIDE:1578,BUY_SIDE,M15,1.18596,0.0007800000000000029,0.9079763147520691,1.476008492569002,False,2,CONFIRMED,BEARISH,0.0012600000000000389,NO_DISPLACEMENT
1593,2026-01-26 14:15:00+00:00,M15:SELL_SIDE:1590,SELL_SIDE,M15,1.18484,7.999999999985796e-05,0.9204311075919362,0.9343434343434344,True,-1,CONFIRMED,NEUTRAL,-0.0015000000000000568,NO_DISPLACEMENT
1595,2026-01-26 14:45:00+00:00,M15:SELL_SIDE:1581,SELL_SIDE,M15,1.18419,0.000180000000000069,0.7346992389312381,1.0193602693602695,True,2,CONFIRMED,NEUTRAL,-0.0020400000000000418,NO_DISPLACEMENT
1596,2026-01-26 15:00:00+00:00,M15:SELL_SIDE:1575,SELL_SIDE,M15,1.18364,0.0001500000000000945,1.049092182157197,1.457070707070707,True,1,CONFIRMED,NEUTRAL,-0.0019700000000000273,NO_DISPLACEMENT
1600,2026-01-26 16:00:00+00:00,M15:BUY_SIDE:1591,BUY_SIDE,M15,1.18579,4.0000000000040004e-05,0.7196793898978421,1.29593147751606,True,-1,CONFIRMED,BEARISH,0.000140000000000029,NO_DISPLACEMENT
1601,2026-01-26 16:15:00+00:00,M15:BUY_SIDE:1582,BUY_SIDE,M15,1.18674,1.0000000000065512e-05,1.5011488791197978,1.4886509635974303,True,-1,CONFIRMED,BEARISH,0.0011200000000000099,NO_DISPLACEMENT
1602,2026-01-26 16:30:00+00:00,M15:BUY_SIDE:1565,BUY_SIDE,M15,1.18697,0.00031999999999987594,0.8872107378182034,1.6522483940042827,True,-1,CONFIRMED,BEARISH,0.0015099999999999003,NO_DISPLACEMENT
1603,2026-01-26 16:45:00+00:00,M15:BUY_SIDE:1554,BUY_SIDE,M15,1.18763,0.000320000000000098,1.178382698610029,2.0025695931477516,False,1,CONFIRMED,BEARISH,0.0030399999999999316,NO_DISPLACEMENT
1608,2026-01-26 18:00:00+00:00,H4:BUY_SIDE:228,BUY_SIDE,H4,1.18976,0.0009400000000001629,1.7893446212698172,1.7350896450786681,True,1,CONFIRMED,BEARISH,0.004350000000000076,NO_DISPLACEMENT
1613,2026-01-26 19:15:00+00:00,M15:SELL_SIDE:1609,SELL_SIDE,M15,1.18798,0.00025999999999992696,1.502329909190754,0.9178488947542065,False,3,CONFIRMED,BULLISH,-0.000140000000000029,NO_DISPLACEMENT
1620,2026-01-26 21:00:00+00:00,M15:SELL_SIDE:1615,SELL_SIDE,M15,1.18746,0.00017000000000000348,0.737109095096304,0.8782580006598483,True,2,CONFIRMED,BEARISH,-0.0010499999999999954,NO_DISPLACEMENT
1628,2026-01-26 23:00:00+00:00,M15:BUY_SIDE:1624,BUY_SIDE,M15,1.18835,0.00025999999999992696,1.0516133451695833,0.31393165602703715,True,1,CONFIRMED,BEARISH,-7.00000000000145e-05,NO_DISPLACEMENT
1636,2026-01-27 01:00:00+00:00,M15:BUY_SIDE:1631,BUY_SIDE,M15,1.18804,0.00017000000000000348,0.9301136681656594,0.3527907967618236,True,1,CONFIRMED,NEUTRAL,-0.00021000000000004349,NO_DISPLACEMENT
1638,2026-01-27 01:30:00+00:00,M15:SELL_SIDE:1630,SELL_SIDE,M15,1.18737,2.999999999997449e-05,0.8320984373349698,0.23080298376480912,True,2,CONFIRMED,BULLISH,-0.00015999999999993797,NO_DISPLACEMENT
1641,2026-01-27 02:15:00+00:00,M15:BUY_SIDE:1636,BUY_SIDE,M15,1.18821,4.0000000000040004e-05,0.8005458062989402,0.49670908293111016,True,1,CONFIRMED,NEUTRAL,-0.00019999999999997797,NO_DISPLACEMENT
1649,2026-01-27 04:15:00+00:00,M15:BUY_SIDE:1628,BUY_SIDE,M15,1.18861,0.000260000000000149,1.979843072957776,0.5389393215480172,False,-1,WEAK,BULLISH,0.0014499999999999513,NO_DISPLACEMENT
1649,2026-01-27 04:15:00+00:00,M15:BUY_SIDE:1642,BUY_SIDE,M15,1.18828,0.0005900000000000905,1.979843072957776,0.5389393215480172,False,-1,WEAK,BULLISH,0.0014499999999999513,NO_DISPLACEMENT
1650,2026-01-27 04:30:00+00:00,M15:BUY_SIDE:1613,BUY_SIDE,M15,1.18914,0.0007899999999998464,1.9703344680486188,0.9599227426364075,False,2,CONFIRMED,BULLISH,0.0016300000000000203,NO_DISPLACEMENT
1650,2026-01-27 04:30:00+00:00,M15:BUY_SIDE:1617,BUY_SIDE,M15,1.18902,0.0009099999999999664,1.9703344680486188,0.9599227426364075,False,2,CONFIRMED,BULLISH,0.0016300000000000203,NO_DISPLACEMENT
1657,2026-01-27 06:15:00+00:00,M15:SELL_SIDE:1644,SELL_SIDE,M15,1.18732,0.00018999999999991246,1.0528501109761363,0.7346637102734663,False,2,CONFIRMED,BULLISH,-0.0006399999999999739,NO_DISPLACEMENT
1658,2026-01-27 06:30:00+00:00,M15:SELL_SIDE:1622,SELL_SIDE,M15,1.18704,6.000000000017103e-05,0.8058122255704787,0.7396226415094339,True,1,CONFIRMED,BULLISH,-0.0006899999999998574,NO_DISPLACEMENT
1658,2026-01-27 06:30:00+00:00,M15:SELL_SIDE:1639,SELL_SIDE,M15,1.18713,0.0001500000000000945,0.8058122255704787,0.7396226415094339,True,1,CONFIRMED,BULLISH,-0.0006899999999998574,NO_DISPLACEMENT
1668,2026-01-27 09:00:00+00:00,M15:SELL_SIDE:1658,SELL_SIDE,M15,1.18698,4.999999999988347e-05,0.8624388411524679,1.9881456392887384,True,1,CONFIRMED,NEUTRAL,3.999999999981796e-05,NO_DISPLACEMENT
1671,2026-01-27 09:45:00+00:00,M15:SELL_SIDE:1668,SELL_SIDE,M15,1.18693,0.0008500000000000174,2.4209529247225228,2.972057578323455,False,-1,WEAK,BEARISH,-0.0012199999999999989,NO_DISPLACEMENT
1679,2026-01-27 11:45:00+00:00,M15:BUY_SIDE:1667,BUY_SIDE,M15,1.18813,0.0008500000000000174,2.833782864508819,4.974898785425101,False,1,CONFIRMED,BEARISH,0.0016800000000001258,NO_DISPLACEMENT
1684,2026-01-27 13:00:00+00:00,M15:BUY_SIDE:1679,BUY_SIDE,M15,1.18898,0.0002500000000000835,0.496673624208557,1.7912657290895633,False,1,CONFIRMED,NEUTRAL,0.003889999999999949,NO_DISPLACEMENT
1687,2026-01-27 13:45:00+00:00,M15:BUY_SIDE:1684,BUY_SIDE,M15,1.18923,0.00048000000000003595,1.4327942808894794,1.9455411844792376,False,-1,WEAK,NEUTRAL,0.0028399999999999537,NO_DISPLACEMENT
1688,2026-01-27 14:00:00+00:00,H4:BUY_SIDE:232,BUY_SIDE,H4,1.1907,0.00011999999999989797,1.6925764808278225,2.2443257676902535,True,-1,CONFIRMED,NEUTRAL,0.003489999999999993,NO_DISPLACEMENT
1688,2026-01-27 14:00:00+00:00,M15:BUY_SIDE:1650,BUY_SIDE,M15,1.18993,0.0008900000000000574,1.6925764808278225,2.2443257676902535,False,-1,WEAK,NEUTRAL,0.003489999999999993,NO_DISPLACEMENT
1698,2026-01-27 16:30:00+00:00,M15:BUY_SIDE:1692,BUY_SIDE,M15,1.19385,0.0016499999999999293,1.9396428463926019,3.752340425531915,False,-1,WEAK,BULLISH,0.0038400000000000656,NO_DISPLACEMENT
1705,2026-01-27 18:15:00+00:00,M15:BUY_SIDE:1701,BUY_SIDE,M15,1.19724,0.00021999999999988695,0.900934810413343,1.380057343102899,True,3,CONFIRMED,BULLISH,0.004850000000000021,NO_DISPLACEMENT
1719,2026-01-27 21:45:00+00:00,M15:SELL_SIDE:1713,SELL_SIDE,M15,1.19716,5.999999999994898e-05,0.6556320179080422,0.6051857792034215,True,1,CONFIRMED,NEUTRAL,0.0017899999999999583,NO_DISPLACEMENT
1721,2026-01-27 22:15:00+00:00,M15:BUY_SIDE:1707,BUY_SIDE,M15,1.19901,9.999999999998899e-05,1.1397400738489731,0.7602245388933441,True,1,CONFIRMED,BEARISH,0.0009999999999998899,NO_DISPLACEMENT
1721,2026-01-27 22:15:00+00:00,M15:BUY_SIDE:1712,BUY_SIDE,M15,1.19872,0.00038999999999989043,1.1397400738489731,0.7602245388933441,False,1,CONFIRMED,BEARISH,0.0009999999999998899,NO_DISPLACEMENT
1721,2026-01-27 22:15:00+00:00,M15:BUY_SIDE:1715,BUY_SIDE,M15,1.19857,0.0005399999999999849,1.1397400738489731,0.7602245388933441,False,1,CONFIRMED,BEARISH,0.0009999999999998899,NO_DISPLACEMENT
1740,2026-01-28 03:00:00+00:00,M15:SELL_SIDE:1736,SELL_SIDE,M15,1.2008,0.00012000000000012001,0.7249348335978165,0.8158379373848987,True,-1,CONFIRMED,NEUTRAL,-0.0029200000000000337,NO_DISPLACEMENT
1756,2026-01-28 07:00:00+00:00,M15:SELL_SIDE:1744,SELL_SIDE,M15,1.19871,0.0012299999999998423,2.6589821704250785,2.341929321872015,False,1,CONFIRMED,NEUTRAL,-0.0010799999999999699,NO_DISPLACEMENT
1756,2026-01-28 07:00:00+00:00,M15:SELL_SIDE:1752,SELL_SIDE,M15,1.19912,0.0016399999999998638,2.6589821704250785,2.341929321872015,False,2,CONFIRMED,NEUTRAL,-0.0010799999999999699,NO_DISPLACEMENT
1761,2026-01-28 08:15:00+00:00,M15:BUY_SIDE:1755,BUY_SIDE,M15,1.20016,9.000000000014552e-05,0.9208292704659082,0.8406102051551815,True,1,CONFIRMED,BEARISH,0.00045999999999990493,NO_DISPLACEMENT
1762,2026-01-28 08:30:00+00:00,M15:BUY_SIDE:1749,BUY_SIDE,M15,1.20048,0.00021000000000004349,1.4134251836362117,1.1877958968963704,True,1,CONFIRMED,BEARISH,0.000180000000000069,NO_DISPLACEMENT
1765,2026-01-28 09:15:00+00:00,M15:BUY_SIDE:1738,BUY_SIDE,M15,1.20234,0.00022999999999995246,2.0531477757934695,2.2324584895554365,True,1,CONFIRMED,NEUTRAL,0.000320000000000098,NO_DISPLACEMENT
1766,2026-01-28 09:30:00+00:00,M15:SELL_SIDE:1763,SELL_SIDE,M15,1.199,0.00019999999999997797,1.3388805917775992,2.0748663101604277,True,1,CONFIRMED,NEUTRAL,0.0008900000000000574,NO_DISPLACEMENT
1771,2026-01-28 10:45:00+00:00,M15:SELL_SIDE:1719,SELL_SIDE,M15,1.1971,5.999999999994898e-05,1.4286992885729974,3.5745568300312827,True,1,CONFIRMED,BEARISH,-0.0020999999999999908,NO_DISPLACEMENT
1771,2026-01-28 10:45:00+00:00,M15:SELL_SIDE:1722,SELL_SIDE,M15,1.19718,0.00013999999999980695,1.4286992885729974,3.5745568300312827,True,1,CONFIRMED,BEARISH,-0.0020999999999999908,NO_DISPLACEMENT
1771,2026-01-28 10:45:00+00:00,M15:SELL_SIDE:1756,SELL_SIDE,M15,1.19748,0.00043999999999999595,1.4286992885729974,3.5745568300312827,True,1,CONFIRMED,BEARISH,-0.0020999999999999908,NO_DISPLACEMENT
1771,2026-01-28 10:45:00+00:00,M15:SELL_SIDE:1767,SELL_SIDE,M15,1.19842,0.0013799999999999368,1.4286992885729974,3.5745568300312827,False,3,CONFIRMED,BEARISH,-0.0020999999999999908,NO_DISPLACEMENT
1779,2026-01-28 12:45:00+00:00,M15:BUY_SIDE:1774,BUY_SIDE,M15,1.19927,0.00021000000000004349,0.8068654474224295,1.5952267303102625,True,1,CONFIRMED,NEUTRAL,-0.0010300000000000864,NO_DISPLACEMENT
1780,2026-01-28 13:00:00+00:00,M15:SELL_SIDE:1777,SELL_SIDE,M15,1.19724,2.0000000000131024e-05,1.4216830849029276,1.4280493375970762,True,-1,CONFIRMED,NEUTRAL,-0.0013600000000000279,NO_DISPLACEMENT
1781,2026-01-28 13:15:00+00:00,M15:SELL_SIDE:1771,SELL_SIDE,M15,1.19704,0.000540000000000207,0.7773469382713767,1.523850823937554,False,3,CONFIRMED,BULLISH,-0.0011599999999998278,NO_DISPLACEMENT
1789,2026-01-28 15:15:00+00:00,M15:SELL_SIDE:1709,SELL_SIDE,M15,1.19586,0.00011999999999989797,1.3903843229298294,1.5213185238265854,True,1,CONFIRMED,BEARISH,-0.00266999999999995,NO_DISPLACEMENT
1789,2026-01-28 15:15:00+00:00,M15:SELL_SIDE:1782,SELL_SIDE,M15,1.19617,0.00042999999999993044,1.3903843229298294,1.5213185238265854,True,1,CONFIRMED,BEARISH,-0.00266999999999995,NO_DISPLACEMENT
1796,2026-01-28 17:00:00+00:00,M15:SELL_SIDE:1791,SELL_SIDE,M15,1.19518,0.0028599999999998627,3.1771955425643803,4.112774769034725,False,2,CONFIRMED,BEARISH,-0.003649999999999931,NO_DISPLACEMENT
1802,2026-01-28 18:30:00+00:00,M15:SELL_SIDE:1796,SELL_SIDE,M15,1.19232,0.00043999999999999595,1.1139422605430271,1.3543799772468714,True,1,CONFIRMED,BEARISH,-0.0030200000000000227,NO_DISPLACEMENT
1810,2026-01-28 20:30:00+00:00,M15:SELL_SIDE:1806,SELL_SIDE,M15,1.19279,0.0006999999999999229,1.0375381944614535,0.9146757679180887,False,-1,WEAK,NEUTRAL,-0.0015199999999999658,NO_DISPLACEMENT
1811,2026-01-28 20:45:00+00:00,M15:SELL_SIDE:1802,SELL_SIDE,M15,1.19188,0.00043999999999999595,0.7237989540953401,1.0064953402993504,True,3,CONFIRMED,NEUTRAL,-0.0006299999999999084,NO_DISPLACEMENT
1812,2026-01-28 21:00:00+00:00,M15:SELL_SIDE:1695,SELL_SIDE,M15,1.19141,0.0018500000000001293,2.501418428538258,3.0553691275167787,False,2,CONFIRMED,NEUTRAL,-0.0023699999999999832,NO_DISPLACEMENT
1816,2026-01-28 22:00:00+00:00,M15:BUY_SIDE:1804,BUY_SIDE,M15,1.19432,0.0005899999999998684,1.168784960531102,1.3335183129855717,True,-1,CONFIRMED,BEARISH,-1.999999999990898e-05,NO_DISPLACEMENT
1816,2026-01-28 22:00:00+00:00,M15:BUY_SIDE:1808,BUY_SIDE,M15,1.19422,0.0006899999999998574,1.168784960531102,1.3335183129855717,True,-1,CONFIRMED,BEARISH,-1.999999999990898e-05,NO_DISPLACEMENT
1823,2026-01-28 23:45:00+00:00,M15:BUY_SIDE:1820,BUY_SIDE,M15,1.19526,0.00017000000000000348,0.4624597751259257,0.29539375928677564,False,-1,WEAK,NEUTRAL,0.005029999999999868,NO_DISPLACEMENT
1831,2026-01-29 01:45:00+00:00,M15:BUY_SIDE:1794,BUY_SIDE,M15,1.19775,0.00032999999999994145,1.4228417999757497,0.666025641025641,False,3,CONFIRMED,BULLISH,0.00387000000000004,NO_DISPLACEMENT
1834,2026-01-29 02:30:00+00:00,M15:BUY_SIDE:1786,BUY_SIDE,M15,1.19833,0.000180000000000069,1.0983535827115087,0.6704725658103393,True,1,CONFIRMED,BULLISH,0.0019599999999999618,NO_DISPLACEMENT
1840,2026-01-29 04:00:00+00:00,M15:SELL_SIDE:1837,SELL_SIDE,M15,1.19566,0.00035999999999991594,0.8687571547400703,0.7212185618136734,True,1,CONFIRMED,BULLISH,-0.0011899999999998023,NO_DISPLACEMENT
1847,2026-01-29 05:45:00+00:00,M15:BUY_SIDE:1834,BUY_SIDE,M15,1.19851,0.00015999999999993797,0.7654112064715096,0.5,False,1,CONFIRMED,NEUTRAL,0.0025600000000001177,NO_DISPLACEMENT
1851,2026-01-29 06:45:00+00:00,M15:BUY_SIDE:1848,BUY_SIDE,M15,1.19904,9.999999999843467e-06,0.9886429341605021,0.635,True,1,CONFIRMED,BULLISH,0.0021999999999999797,NO_DISPLACEMENT
1856,2026-01-29 08:00:00+00:00,M15:SELL_SIDE:1849,SELL_SIDE,M15,1.19754,2.0000000000131024e-05,0.9700539999424966,0.7828054298642534,True,1,CONFIRMED,BULLISH,-0.00024000000000001798,NO_DISPLACEMENT
1860,2026-01-29 09:00:00+00:00,M15:BUY_SIDE:1779,BUY_SIDE,M15,1.19948,0.00014999999999987246,1.5935041960016967,2.202663578459757,True,1,CONFIRMED,BEARISH,0.00034000000000000696,NO_DISPLACEMENT
1860,2026-01-29 09:00:00+00:00,M15:BUY_SIDE:1852,BUY_SIDE,M15,1.19934,0.00028999999999990145,1.5935041960016967,2.202663578459757,True,1,CONFIRMED,BEARISH,0.00034000000000000696,NO_DISPLACEMENT
1860,2026-01-29 09:00:00+00:00,M15:BUY_SIDE:1857,BUY_SIDE,M15,1.19889,0.0007399999999999629,1.5935041960016967,2.202663578459757,True,1,CONFIRMED,BEARISH,0.00034000000000000696,NO_DISPLACEMENT
1862,2026-01-29 09:30:00+00:00,M15:SELL_SIDE:1856,SELL_SIDE,M15,1.19752,0.0005100000000000104,1.580557121364827,2.1297046902142442,False,2,CONFIRMED,NEUTRAL,-0.0015500000000001624,NO_DISPLACEMENT
1866,2026-01-29 10:30:00+00:00,M15:SELL_SIDE:1863,SELL_SIDE,M15,1.19671,0.00031000000000003247,1.6810457380122974,2.589461493920093,True,1,CONFIRMED,BEARISH,-0.0010099999999999554,NO_DISPLACEMENT
1871,2026-01-29 11:45:00+00:00,M15:SELL_SIDE:1828,SELL_SIDE,M15,1.19521,7.00000000000145e-05,1.5157036589865092,2.080357142857143,True,1,CONFIRMED,BEARISH,-0.0026399999999999757,NO_DISPLACEMENT
1871,2026-01-29 11:45:00+00:00,M15:SELL_SIDE:1840,SELL_SIDE,M15,1.1953,0.00015999999999993797,1.5157036589865092,2.080357142857143,True,1,CONFIRMED,BEARISH,-0.0026399999999999757,NO_DISPLACEMENT
1875,2026-01-29 12:45:00+00:00,M15:SELL_SIDE:1822,SELL_SIDE,M15,1.19414,0.0002500000000000835,1.2731308927025184,1.8932668329177058,True,1,CONFIRMED,BEARISH,-0.003390000000000004,NO_DISPLACEMENT
1883,2026-01-29 14:45:00+00:00,M15:BUY_SIDE:1879,BUY_SIDE,M15,1.19531,0.0009199999999998099,1.7363100611216775,1.9794871794871796,False,-1,WEAK,NEUTRAL,0.0007800000000000029,NO_DISPLACEMENT
1887,2026-01-29 15:45:00+00:00,M15:SELL_SIDE:1880,SELL_SIDE,M15,1.1942,0.00017999999999984695,2.3557726794672194,3.2872168284789645,True,1,CONFIRMED,NEUTRAL,0.0007700000000001594,NO_DISPLACEMENT
1891,2026-01-29 16:45:00+00:00,M15:BUY_SIDE:1886,BUY_SIDE,M15,1.19708,5.0000000000105516e-05,0.9636244812661966,2.128921061702861,True,1,CONFIRMED,NEUTRAL,0.0018899999999999473,NO_DISPLACEMENT
1893,2026-01-29 17:15:00+00:00,M15:SELL_SIDE:1876,SELL_SIDE,M15,1.19379,0.003189999999999804,3.0166912811940043,4.638013371537727,False,-1,WEAK,NEUTRAL,-0.0052000000000000934,NO_DISPLACEMENT
1893,2026-01-29 17:15:00+00:00,M15:SELL_SIDE:1887,SELL_SIDE,M15,1.19402,0.0034199999999999786,3.0166912811940043,4.638013371537727,False,-1,WEAK,NEUTRAL,-0.0052000000000000934,NO_DISPLACEMENT
1906,2026-01-29 20:30:00+00:00,M15:BUY_SIDE:1902,BUY_SIDE,M15,1.19614,0.00032999999999994145,1.0950977172345027,0.8510526315789474,False,1,CONFIRMED,BEARISH,0.0025300000000001432,NO_DISPLACEMENT
1912,2026-01-29 22:00:00+00:00,M15:SELL_SIDE:1905,SELL_SIDE,M15,1.19483,0.000260000000000149,1.0593691031800412,0.6044657097288676,True,1,CONFIRMED,BULLISH,-0.0004999999999999449,NO_DISPLACEMENT
1912,2026-01-29 22:00:00+00:00,M15:SELL_SIDE:1908,SELL_SIDE,M15,1.195,0.0004300000000001525,1.0593691031800412,0.6044657097288676,True,1,CONFIRMED,BULLISH,-0.0004999999999999449,NO_DISPLACEMENT
1914,2026-01-29 22:30:00+00:00,M15:BUY_SIDE:1906,BUY_SIDE,M15,1.19647,0.0001900000000001345,0.7297021409158313,0.4591587516960651,True,-1,CONFIRMED,NEUTRAL,0.0008300000000001084,NO_DISPLACEMENT
1918,2026-01-29 23:30:00+00:00,M15:BUY_SIDE:1915,BUY_SIDE,M15,1.19684,0.000280000000000058,0.5242750275805548,0.19694702184974558,False,2,CONFIRMED,NEUTRAL,0.0019199999999999218,NO_DISPLACEMENT
1924,2026-01-30 01:00:00+00:00,M15:BUY_SIDE:1918,BUY_SIDE,M15,1.19712,2.0000000000131024e-05,0.5173528354264869,0.3053531834019639,True,3,CONFIRMED,BULLISH,0.0006299999999999084,NO_DISPLACEMENT
1925,2026-01-30 01:15:00+00:00,M15:BUY_SIDE:1892,BUY_SIDE,M15,1.19724,0.00017000000000000348,0.5913057496488252,0.2097948378557247,False,1,CONFIRMED,BULLISH,0.0009100000000001884,NO_DISPLACEMENT
1929,2026-01-30 02:15:00+00:00,M15:SELL_SIDE:1912,SELL_SIDE,M15,1.19457,0.0007999999999999119,3.8027850973291493,1.4242223692918596,True,-1,CONFIRMED,BULLISH,-0.0023600000000001398,NO_DISPLACEMENT
1929,2026-01-30 02:15:00+00:00,M15:SELL_SIDE:1920,SELL_SIDE,M15,1.19586,0.0020899999999999253,3.8027850973291493,1.4242223692918596,False,-1,WEAK,BULLISH,-0.0023600000000001398,NO_DISPLACEMENT
1936,2026-01-30 04:00:00+00:00,M15:SELL_SIDE:1933,SELL_SIDE,M15,1.19143,0.0006500000000000394,0.9349570225008298,1.657293497363796,False,3,CONFIRMED,BEARISH,-0.005980000000000096,NO_DISPLACEMENT
1937,2026-01-30 04:15:00+00:00,H4:SELL_SIDE:245,SELL_SIDE,H4,1.18956,9.999999999998899e-05,2.478071441601722,2.160515524311658,True,1,CONFIRMED,BEARISH,-0.005910000000000082,NO_DISPLACEMENT
1937,2026-01-30 04:15:00+00:00,H4:SELL_SIDE:250,SELL_SIDE,H4,1.1906,0.001140000000000141,2.478071441601722,2.160515524311658,True,1,CONFIRMED,BEARISH,-0.005910000000000082,NO_DISPLACEMENT
1948,2026-01-30 07:00:00+00:00,M15:BUY_SIDE:1944,BUY_SIDE,M15,1.19344,1.999999999990898e-05,1.0230481625422483,0.8702359346642469,True,1,CONFIRMED,NEUTRAL,0.0021599999999999397,NO_DISPLACEMENT
1950,2026-01-30 07:30:00+00:00,M15:SELL_SIDE:1947,SELL_SIDE,M15,1.19199,0.0005500000000000504,1.0638437239941474,1.0093023255813953,False,1,CONFIRMED,NEUTRAL,-0.00029999999999996696,NO_DISPLACEMENT
1955,2026-01-30 08:45:00+00:00,M15:SELL_SIDE:1950,SELL_SIDE,M15,1.19144,5.999999999994898e-05,0.8762234453869361,1.8775894538606404,True,1,CONFIRMED,BEARISH,-0.0005100000000000104,NO_DISPLACEMENT
1959,2026-01-30 09:45:00+00:00,M15:BUY_SIDE:1933,BUY_SIDE,M15,1.19396,0.000280000000000058,1.2308126280119436,2.1888372093023256,True,2,CONFIRMED,BEARISH,0.0013099999999999223,NO_DISPLACEMENT
1959,2026-01-30 09:45:00+00:00,M15:BUY_SIDE:1949,BUY_SIDE,M15,1.19349,0.0007500000000000284,1.2308126280119436,2.1888372093023256,False,2,CONFIRMED,BEARISH,0.0013099999999999223,NO_DISPLACEMENT
1959,2026-01-30 09:45:00+00:00,M15:BUY_SIDE:1952,BUY_SIDE,M15,1.19329,0.0009500000000000064,1.2308126280119436,2.1888372093023256,False,3,CONFIRMED,BEARISH,0.0013099999999999223,NO_DISPLACEMENT
1965,2026-01-30 11:15:00+00:00,M15:SELL_SIDE:1962,SELL_SIDE,M15,1.19233,0.0005799999999998029,1.1065396678289876,1.8528375733855187,False,-1,WEAK,BULLISH,0.0,NO_DISPLACEMENT
1967,2026-01-30 11:45:00+00:00,M15:SELL_SIDE:1942,SELL_SIDE,M15,1.19129,0.0014699999999998603,1.4583678569817184,2.2902430433251144,False,1,CONFIRMED,NEUTRAL,-0.0019499999999998963,NO_DISPLACEMENT
1967,2026-01-30 11:45:00+00:00,M15:SELL_SIDE:1955,SELL_SIDE,M15,1.19138,0.0015600000000000058,1.4583678569817184,2.2902430433251144,False,1,CONFIRMED,NEUTRAL,-0.0019499999999998963,NO_DISPLACEMENT
1974,2026-01-30 13:30:00+00:00,M15:BUY_SIDE:1964,BUY_SIDE,M15,1.1938,0.00012999999999996348,0.6577250348614883,0.7120838471023427,True,-1,CONFIRMED,BEARISH,0.0009699999999999154,NO_DISPLACEMENT
1975,2026-01-30 13:45:00+00:00,M15:BUY_SIDE:1960,BUY_SIDE,M15,1.19431,0.0007300000000001194,1.730605356228696,1.4695759065765213,False,2,CONFIRMED,BEARISH,0.0030000000000001137,NO_DISPLACEMENT
1987,2026-01-30 16:45:00+00:00,M15:SELL_SIDE:1983,SELL_SIDE,M15,1.19017,7.00000000000145e-05,1.2617064076640847,1.601911723362384,True,3,CONFIRMED,BULLISH,-0.003550000000000164,NO_DISPLACEMENT
1988,2026-01-30 17:00:00+00:00,H4:SELL_SIDE:253,SELL_SIDE,H4,1.18946,0.0007299999999998974,1.5041569802995125,2.2788867022772,False,1,CONFIRMED,BULLISH,-0.003670000000000062,NO_DISPLACEMENT
1988,2026-01-30 17:00:00+00:00,M15:SELL_SIDE:1967,SELL_SIDE,M15,1.18982,0.0010900000000000354,1.5041569802995125,2.2788867022772,False,2,CONFIRMED,BULLISH,-0.003670000000000062,NO_DISPLACEMENT
1993,2026-01-30 18:15:00+00:00,M15:SELL_SIDE:1990,SELL_SIDE,M15,1.1883,0.0004999999999999449,0.7832975596011765,1.3427908176425072,False,2,CONFIRMED,NEUTRAL,-0.003290000000000015,NO_DISPLACEMENT
2011,2026-01-30 22:45:00+00:00,M15:SELL_SIDE:2001,SELL_SIDE,M15,1.18544,0.00017000000000000348,0.6615465151102271,0.5771018166455428,False,1,CONFIRMED,BEARISH,-0.0004999999999999449,NO_DISPLACEMENT
2012,2026-01-30 23:00:00+00:00,H4:SELL_SIDE:236,SELL_SIDE,H4,1.18502,2.999999999997449e-05,0.5620543386212423,0.27249683143219267,True,1,CONFIRMED,BEARISH,-0.0010200000000000209,NO_DISPLACEMENT
2019,2026-02-02 00:45:00+00:00,M15:SELL_SIDE:2016,SELL_SIDE,M15,1.18467,7.999999999985796e-05,0.5077748099342232,0.20081671871246698,True,3,CONFIRMED,BEARISH,-0.0007499999999998064,NO_DISPLACEMENT
2022,2026-02-02 01:30:00+00:00,M15:BUY_SIDE:2015,BUY_SIDE,M15,1.18563,5.0000000000105516e-05,1.4727855723698997,0.7393706461686284,True,1,CONFIRMED,BEARISH,-9.999999999843467e-06,NO_DISPLACEMENT
2041,2026-02-02 06:15:00+00:00,M15:SELL_SIDE:2035,SELL_SIDE,M15,1.18629,2.0000000000131024e-05,0.7315322270655731,0.4541641701617735,True,2,CONFIRMED,NEUTRAL,-0.0007300000000001194,NO_DISPLACEMENT
2045,2026-02-02 07:15:00+00:00,M15:SELL_SIDE:2028,SELL_SIDE,M15,1.18526,4.0000000000040004e-05,1.2939394293051896,0.48668688911358277,True,-1,CONFIRMED,BEARISH,-0.0008600000000000829,NO_DISPLACEMENT
2045,2026-02-02 07:15:00+00:00,M15:SELL_SIDE:2042,SELL_SIDE,M15,1.18578,0.000560000000000116,1.2939394293051896,0.48668688911358277,False,-1,WEAK,BEARISH,-0.0008600000000000829,NO_DISPLACEMENT
2057,2026-02-02 10:15:00+00:00,M15:BUY_SIDE:2053,BUY_SIDE,M15,1.18633,0.00031999999999987594,1.05678094925712,1.28478731074261,True,1,CONFIRMED,BEARISH,0.0011900000000000244,NO_DISPLACEMENT
2059,2026-02-02 10:45:00+00:00,M15:SELL_SIDE:2056,SELL_SIDE,M15,1.1848,0.00045000000000006146,1.7172688849555193,1.3389179755671903,True,1,CONFIRMED,BULLISH,0.0004799999999998139,NO_DISPLACEMENT
2064,2026-02-02 12:00:00+00:00,M15:BUY_SIDE:2057,BUY_SIDE,M15,1.18665,0.0002500000000000835,1.072916338920077,1.1705426356589148,False,2,CONFIRMED,NEUTRAL,0.0012000000000000899,NO_DISPLACEMENT
2070,2026-02-02 13:30:00+00:00,M15:BUY_SIDE:2065,BUY_SIDE,M15,1.18702,0.0001100000000000545,1.2027379548845332,0.9392868615483456,True,1,CONFIRMED,BULLISH,0.0010099999999999554,NO_DISPLACEMENT
2072,2026-02-02 14:00:00+00:00,M15:SELL_SIDE:2067,SELL_SIDE,M15,1.18587,0.00042000000000008697,1.6456667908898588,1.093478959203341,False,-1,WEAK,BULLISH,0.000140000000000029,NO_DISPLACEMENT
2075,2026-02-02 14:45:00+00:00,M15:SELL_SIDE:2059,SELL_SIDE,M15,1.18435,5.0000000000105516e-05,0.9027212478265083,1.3047808764940239,True,-1,CONFIRMED,BULLISH,-0.0016700000000000603,NO_DISPLACEMENT
2076,2026-02-02 15:00:00+00:00,H4:SELL_SIDE:231,SELL_SIDE,H4,1.18349,7.00000000000145e-05,1.6705522621961366,2.1261620185922974,True,-1,CONFIRMED,BULLISH,-0.0022299999999999542,NO_DISPLACEMENT
2076,2026-02-02 15:00:00+00:00,H4:SELL_SIDE:258,SELL_SIDE,H4,1.18394,0.000520000000000076,1.6705522621961366,2.1261620185922974,False,-1,WEAK,BULLISH,-0.0022299999999999542,NO_DISPLACEMENT
2076,2026-02-02 15:00:00+00:00,M15:SELL_SIDE:2047,SELL_SIDE,M15,1.18409,0.0006700000000001705,1.6705522621961366,2.1261620185922974,False,-1,WEAK,BULLISH,-0.0022299999999999542,NO_DISPLACEMENT
2084,2026-02-02 17:00:00+00:00,M15:SELL_SIDE:2081,SELL_SIDE,M15,1.18053,0.0002300000000001745,1.7360625682763355,2.7746820109024832,True,-1,CONFIRMED,NEUTRAL,-0.0041199999999999015,NO_DISPLACEMENT
2094,2026-02-02 19:30:00+00:00,M15:SELL_SIDE:2091,SELL_SIDE,M15,1.17985,0.0003500000000000725,0.9525248653422425,0.9788403407529541,True,1,CONFIRMED,NEUTRAL,-0.00031000000000003247,NO_DISPLACEMENT
2096,2026-02-02 20:00:00+00:00,M15:SELL_SIDE:2087,SELL_SIDE,M15,1.17902,0.0008099999999999774,1.7487285064720242,1.044599677592692,False,-1,WEAK,NEUTRAL,-0.0009900000000000464,NO_DISPLACEMENT
2100,2026-02-02 21:00:00+00:00,M15:SELL_SIDE:1521,SELL_SIDE,M15,1.17772,0.000140000000000029,0.48645752783280044,0.8848584776037373,True,1,CONFIRMED,NEUTRAL,-0.002890000000000059,NO_DISPLACEMENT
2107,2026-02-02 22:45:00+00:00,M15:BUY_SIDE:2103,BUY_SIDE,M15,1.17913,8.999999999992347e-05,0.8464717233595452,0.5439775910364145,True,-1,CONFIRMED,NEUTRAL,0.00041000000000002146,NO_DISPLACEMENT
2117,2026-02-03 01:15:00+00:00,M15:BUY_SIDE:2109,BUY_SIDE,M15,1.17942,0.00036999999999998145,0.719399082008013,0.24372759856630824,False,-1,WEAK,BULLISH,0.00045000000000006146,NO_DISPLACEMENT
2126,2026-02-03 03:30:00+00:00,M15:BUY_SIDE:2093,BUY_SIDE,M15,1.18124,4.999999999988347e-05,0.999467620682245,0.7223364870423694,False,2,CONFIRMED,BULLISH,0.0019099999999998563,NO_DISPLACEMENT
2131,2026-02-03 04:45:00+00:00,M15:SELL_SIDE:2124,SELL_SIDE,M15,1.18015,8.999999999992347e-05,0.5300896277421391,0.605552645364065,False,1,CONFIRMED,BULLISH,-0.00032999999999994145,NO_DISPLACEMENT
2136,2026-02-03 06:00:00+00:00,M15:BUY_SIDE:2127,BUY_SIDE,M15,1.18147,1.999999999990898e-05,1.1708689903852447,0.6333754740834386,True,1,CONFIRMED,NEUTRAL,6.000000000017103e-05,NO_DISPLACEMENT
2148,2026-02-03 09:00:00+00:00,M15:BUY_SIDE:2137,BUY_SIDE,M15,1.18164,0.00029999999999996696,1.8740624035505944,1.968613775065388,False,1,CONFIRMED,NEUTRAL,0.0007999999999999119,NO_DISPLACEMENT
2148,2026-02-03 09:00:00+00:00,M15:BUY_SIDE:2145,BUY_SIDE,M15,1.18162,0.000320000000000098,1.8740624035505944,1.968613775065388,False,3,CONFIRMED,NEUTRAL,0.0007999999999999119,NO_DISPLACEMENT
2153,2026-02-03 10:15:00+00:00,M15:SELL_SIDE:2141,SELL_SIDE,M15,1.18047,0.00010999999999983245,1.6125769006304478,2.6486486486486487,True,1,CONFIRMED,BULLISH,0.0,NO_DISPLACEMENT
2153,2026-02-03 10:15:00+00:00,M15:SELL_SIDE:2144,SELL_SIDE,M15,1.18076,0.00039999999999995595,1.6125769006304478,2.6486486486486487,True,1,CONFIRMED,BULLISH,0.0,NO_DISPLACEMENT
2153,2026-02-03 10:15:00+00:00,M15:SELL_SIDE:2148,SELL_SIDE,M15,1.18097,0.0006099999999999994,1.6125769006304478,2.6486486486486487,False,1,CONFIRMED,BULLISH,0.0,NO_DISPLACEMENT
2158,2026-02-03 11:30:00+00:00,M15:SELL_SIDE:2131,SELL_SIDE,M15,1.18006,0.0001500000000000945,1.2459176501692548,2.9194805194805196,False,-1,WEAK,BEARISH,-0.0018799999999998818,NO_DISPLACEMENT
2158,2026-02-03 11:30:00+00:00,M15:SELL_SIDE:2153,SELL_SIDE,M15,1.18036,0.00045000000000006146,1.2459176501692548,2.9194805194805196,False,-1,WEAK,BEARISH,-0.0018799999999998818,NO_DISPLACEMENT
2163,2026-02-03 12:45:00+00:00,M15:SELL_SIDE:2116,SELL_SIDE,M15,1.17871,4.999999999988347e-05,0.5530399851275878,1.540059347181009,False,1,CONFIRMED,BEARISH,-0.0021700000000000053,NO_DISPLACEMENT
2164,2026-02-03 13:00:00+00:00,M15:SELL_SIDE:2112,SELL_SIDE,M15,1.17845,0.00019999999999997797,1.3520557267315707,1.9078667611622961,True,1,CONFIRMED,BEARISH,-0.0023700000000002053,NO_DISPLACEMENT
2169,2026-02-03 14:15:00+00:00,M15:BUY_SIDE:2166,BUY_SIDE,M15,1.17947,7.00000000000145e-05,0.8219575814126433,1.1862980769230769,True,-1,CONFIRMED,BEARISH,-6.000000000017103e-05,NO_DISPLACEMENT
2176,2026-02-03 16:00:00+00:00,M15:SELL_SIDE:2105,SELL_SIDE,M15,1.17802,2.999999999997449e-05,2.1116357320447836,1.9612367328103368,True,1,CONFIRMED,BULLISH,-0.0006399999999999739,NO_DISPLACEMENT
2176,2026-02-03 16:00:00+00:00,M15:SELL_SIDE:2164,SELL_SIDE,M15,1.17825,0.00025999999999992696,2.1116357320447836,1.9612367328103368,True,1,CONFIRMED,BULLISH,-0.0006399999999999739,NO_DISPLACEMENT
2176,2026-02-03 16:00:00+00:00,M15:SELL_SIDE:2168,SELL_SIDE,M15,1.17866,0.0006699999999999484,2.1116357320447836,1.9612367328103368,False,1,CONFIRMED,BULLISH,-0.0006399999999999739,NO_DISPLACEMENT
2181,2026-02-03 17:15:00+00:00,M15:BUY_SIDE:2173,BUY_SIDE,M15,1.18066,0.00029999999999996696,1.632860428585694,1.8540983606557377,False,-1,WEAK,NEUTRAL,0.0011900000000000244,NO_DISPLACEMENT
2187,2026-02-03 18:45:00+00:00,M15:BUY_SIDE:2155,BUY_SIDE,M15,1.18194,0.000180000000000069,0.7735373313028658,1.2521739130434784,True,1,CONFIRMED,BULLISH,0.0027399999999999647,NO_DISPLACEMENT
2189,2026-02-03 19:15:00+00:00,M15:BUY_SIDE:2151,BUY_SIDE,M15,1.18244,0.00043999999999999595,1.4141312590741242,1.5531609195402298,True,1,CONFIRMED,BULLISH,0.0027800000000000047,NO_DISPLACEMENT
2194,2026-02-03 20:30:00+00:00,M15:SELL_SIDE:2191,SELL_SIDE,M15,1.18136,0.0003500000000000725,0.8088957068638186,0.9489942528735632,False,-1,WEAK,NEUTRAL,-8.999999999992347e-05,NO_DISPLACEMENT
2202,2026-02-03 22:30:00+00:00,M15:BUY_SIDE:2199,BUY_SIDE,M15,1.1817,0.0002500000000000835,1.0853863454319514,0.7586206896551724,True,-1,CONFIRMED,NEUTRAL,9.999999999998899e-05,NO_DISPLACEMENT
2204,2026-02-03 23:00:00+00:00,M15:BUY_SIDE:2192,BUY_SIDE,M15,1.18223,0.000280000000000058,0.7869774827551224,0.25633270321361057,False,3,CONFIRMED,NEUTRAL,0.0012099999999999334,NO_DISPLACEMENT
2213,2026-02-04 01:15:00+00:00,M15:SELL_SIDE:2209,SELL_SIDE,M15,1.18144,0.0001900000000001345,1.093731496221691,0.209140201394268,False,1,CONFIRMED,BULLISH,-0.0008400000000001739,NO_DISPLACEMENT
2216,2026-02-04 02:00:00+00:00,M15:SELL_SIDE:2200,SELL_SIDE,M15,1.18094,7.00000000000145e-05,1.3774135954722766,0.47743467933491684,True,1,CONFIRMED,NEUTRAL,-0.0011799999999999589,NO_DISPLACEMENT
2220,2026-02-04 03:00:00+00:00,M15:BUY_SIDE:2212,BUY_SIDE,M15,1.18205,0.00012999999999996348,1.7834153064214455,0.793273174733388,True,-1,CONFIRMED,BEARISH,0.0001100000000000545,NO_DISPLACEMENT
2221,2026-02-04 03:15:00+00:00,M15:BUY_SIDE:2204,BUY_SIDE,M15,1.18251,0.00012999999999996348,1.173111266703729,0.7451487710219923,True,-1,CONFIRMED,BEARISH,0.0007399999999999629,NO_DISPLACEMENT
2223,2026-02-04 03:45:00+00:00,M15:BUY_SIDE:2083,BUY_SIDE,M15,1.18299,0.00018999999999991246,1.2869648814372456,0.7979420018709074,True,1,CONFIRMED,NEUTRAL,0.0013300000000000534,NO_DISPLACEMENT
2223,2026-02-04 03:45:00+00:00,M15:BUY_SIDE:2189,BUY_SIDE,M15,1.18288,0.00029999999999996696,1.2869648814372456,0.7979420018709074,True,1,CONFIRMED,NEUTRAL,0.0013300000000000534,NO_DISPLACEMENT
2234,2026-02-04 06:30:00+00:00,M15:BUY_SIDE:2223,BUY_SIDE,M15,1.18318,4.0000000000040004e-05,0.7911848152666013,0.48723257418909593,True,-1,CONFIRMED,BULLISH,0.000220000000000109,NO_DISPLACEMENT
2238,2026-02-04 07:30:00+00:00,M15:BUY_SIDE:2235,BUY_SIDE,M15,1.18356,1.0000000000065512e-05,0.6522946339998907,0.5969341749323716,True,1,CONFIRMED,BULLISH,0.0011299999999998533,NO_DISPLACEMENT
2243,2026-02-04 08:45:00+00:00,M15:SELL_SIDE:2239,SELL_SIDE,M15,1.18304,0.00016000000000016001,0.9090556170116373,1.126522961574508,False,-1,WEAK,BULLISH,9.999999999843467e-06,NO_DISPLACEMENT
2248,2026-02-04 10:00:00+00:00,M15:BUY_SIDE:2241,BUY_SIDE,M15,1.1836,0.00018999999999991246,1.958304364309487,3.0965323336457358,True,1,CONFIRMED,NEUTRAL,-2.999999999997449e-05,NO_DISPLACEMENT
2251,2026-02-04 10:45:00+00:00,M15:SELL_SIDE:2245,SELL_SIDE,M15,1.18239,2.999999999997449e-05,1.2457928015972437,2.373008434864105,True,1,CONFIRMED,NEUTRAL,-0.0004300000000001525,NO_DISPLACEMENT
2254,2026-02-04 11:30:00+00:00,M15:SELL_SIDE:2227,SELL_SIDE,M15,1.18187,0.00025999999999992696,1.6675870001772075,2.6085376930063577,False,-1,WEAK,BEARISH,-0.0007300000000001194,NO_DISPLACEMENT
2254,2026-02-04 11:30:00+00:00,M15:SELL_SIDE:2230,SELL_SIDE,M15,1.18206,0.00045000000000006146,1.6675870001772075,2.6085376930063577,False,-1,WEAK,BEARISH,-0.0007300000000001194,NO_DISPLACEMENT
2254,2026-02-04 11:30:00+00:00,M15:SELL_SIDE:2251,SELL_SIDE,M15,1.18236,0.0007500000000000284,1.6675870001772075,2.6085376930063577,False,-1,WEAK,BEARISH,-0.0007300000000001194,NO_DISPLACEMENT
2255,2026-02-04 11:45:00+00:00,M15:SELL_SIDE:2220,SELL_SIDE,M15,1.18122,0.00010999999999983245,1.2143026798956262,2.2831379621280434,True,-1,CONFIRMED,BEARISH,-0.0014399999999998858,NO_DISPLACEMENT
2258,2026-02-04 12:30:00+00:00,M15:SELL_SIDE:2196,SELL_SIDE,M15,1.18057,0.00011999999999989797,1.3733061791850614,2.3273960983884647,True,1,CONFIRMED,BEARISH,-0.0024999999999999467,NO_DISPLACEMENT
2258,2026-02-04 12:30:00+00:00,M15:SELL_SIDE:2216,SELL_SIDE,M15,1.18087,0.00042000000000008697,1.3733061791850614,2.3273960983884647,True,1,CONFIRMED,BEARISH,-0.0024999999999999467,NO_DISPLACEMENT
2265,2026-02-04 14:15:00+00:00,M15:BUY_SIDE:2262,BUY_SIDE,M15,1.18153,0.00021000000000004349,0.8335254497070735,1.1337732453509297,False,-1,WEAK,NEUTRAL,0.00017999999999984695,NO_DISPLACEMENT
2272,2026-02-04 16:00:00+00:00,M15:SELL_SIDE:2261,SELL_SIDE,M15,1.18058,4.999999999988347e-05,2.5523548476899616,2.3466666666666667,True,1,CONFIRMED,BULLISH,-0.000520000000000076,NO_DISPLACEMENT
2274,2026-02-04 16:30:00+00:00,M15:SELL_SIDE:2258,SELL_SIDE,M15,1.18045,0.000180000000000069,1.4533365198256025,2.6794162053346753,True,1,CONFIRMED,NEUTRAL,0.00017999999999984695,NO_DISPLACEMENT
2278,2026-02-04 17:30:00+00:00,M15:SELL_SIDE:2274,SELL_SIDE,M15,1.18027,0.0006399999999999739,1.4914156795469886,2.6364460562103353,True,-1,CONFIRMED,BEARISH,-0.0018099999999998673,NO_DISPLACEMENT
2311,2026-02-05 01:45:00+00:00,M15:SELL_SIDE:2298,SELL_SIDE,M15,1.18015,0.00012999999999996348,0.9474217260673906,0.3069544364508393,False,2,CONFIRMED,NEUTRAL,-0.00036999999999998145,NO_DISPLACEMENT
2311,2026-02-05 01:45:00+00:00,M15:SELL_SIDE:2303,SELL_SIDE,M15,1.18027,0.00024999999999986144,0.9474217260673906,0.3069544364508393,False,-1,WEAK,NEUTRAL,-0.00036999999999998145,NO_DISPLACEMENT
2318,2026-02-05 03:30:00+00:00,M15:BUY_SIDE:2302,BUY_SIDE,M15,1.18077,3.999999999981796e-05,1.4378838511491467,0.5283720930232558,True,1,CONFIRMED,BEARISH,-0.00017000000000000348,NO_DISPLACEMENT
2318,2026-02-05 03:30:00+00:00,M15:BUY_SIDE:2308,BUY_SIDE,M15,1.18074,7.00000000000145e-05,1.4378838511491467,0.5283720930232558,True,1,CONFIRMED,BEARISH,-0.00017000000000000348,NO_DISPLACEMENT
2320,2026-02-05 04:00:00+00:00,M15:SELL_SIDE:2314,SELL_SIDE,M15,1.17994,0.0004899999999998794,2.3254256972289475,1.0112239444147515,False,-1,WEAK,NEUTRAL,-0.0007399999999999629,NO_DISPLACEMENT
2321,2026-02-05 04:15:00+00:00,M15:SELL_SIDE:2286,SELL_SIDE,M15,1.17941,0.000320000000000098,1.2955685761365854,1.3639764831640835,True,1,CONFIRMED,NEUTRAL,-0.0006800000000000139,NO_DISPLACEMENT
2321,2026-02-05 04:15:00+00:00,M15:SELL_SIDE:2292,SELL_SIDE,M15,1.17945,0.000360000000000138,1.2955685761365854,1.3639764831640835,True,1,CONFIRMED,NEUTRAL,-0.0006800000000000139,NO_DISPLACEMENT
2323,2026-02-05 04:45:00+00:00,H4:SELL_SIDE:274,SELL_SIDE,H4,1.17904,0.0005800000000000249,2.0369936766647387,1.5581140350877194,False,-1,WEAK,NEUTRAL,-0.0016499999999999293,NO_DISPLACEMENT
2323,2026-02-05 04:45:00+00:00,M15:SELL_SIDE:2180,SELL_SIDE,M15,1.17861,0.00014999999999987246,2.0369936766647387,1.5581140350877194,False,1,CONFIRMED,NEUTRAL,-0.0016499999999999293,NO_DISPLACEMENT
2338,2026-02-05 08:30:00+00:00,M15:BUY_SIDE:2331,BUY_SIDE,M15,1.17909,5.999999999994898e-05,1.3937766389984882,1.3241106719367588,True,1,CONFIRMED,NEUTRAL,0.00018999999999991246,NO_DISPLACEMENT
2343,2026-02-05 09:45:00+00:00,M15:BUY_SIDE:2340,BUY_SIDE,M15,1.1803,4.0000000000040004e-05,1.1421168044558967,2.4031620553359683,True,2,CONFIRMED,BULLISH,0.0013000000000000789,NO_DISPLACEMENT
2345,2026-02-05 10:15:00+00:00,M15:BUY_SIDE:2318,BUY_SIDE,M15,1.18081,6.000000000017103e-05,1.3507223844281973,2.3715415019762847,True,1,CONFIRMED,BULLISH,0.0012300000000000644,NO_DISPLACEMENT
2350,2026-02-05 11:30:00+00:00,M15:SELL_SIDE:2334,SELL_SIDE,M15,1.17841,4.0000000000040004e-05,1.200254367915503,2.5227906976744188,True,2,CONFIRMED,BULLISH,-0.0009600000000000719,NO_DISPLACEMENT
2351,2026-02-05 11:45:00+00:00,M15:SELL_SIDE:2324,SELL_SIDE,M15,1.17826,0.00024000000000001798,1.3636512942748,2.155955441302485,False,1,CONFIRMED,BULLISH,-0.0019500000000001183,NO_DISPLACEMENT
2361,2026-02-05 14:15:00+00:00,M15:SELL_SIDE:2356,SELL_SIDE,M15,1.1786,7.00000000000145e-05,1.4821874613538273,2.0379829731499672,True,1,CONFIRMED,BULLISH,0.0013400000000001189,NO_DISPLACEMENT
2366,2026-02-05 15:30:00+00:00,M15:BUY_SIDE:2296,BUY_SIDE,M15,1.18095,0.0003300000000001635,1.6103976905401034,3.55720823798627,True,3,CONFIRMED,BEARISH,0.0016000000000000458,NO_DISPLACEMENT
2366,2026-02-05 15:30:00+00:00,M15:BUY_SIDE:2345,BUY_SIDE,M15,1.18087,0.00041000000000002146,1.6103976905401034,3.55720823798627,True,3,CONFIRMED,BEARISH,0.0016000000000000458,NO_DISPLACEMENT
2366,2026-02-05 15:30:00+00:00,M15:BUY_SIDE:2363,BUY_SIDE,M15,1.18035,0.0009300000000000974,1.6103976905401034,3.55720823798627,False,-1,WEAK,BEARISH,0.0016000000000000458,NO_DISPLACEMENT
2367,2026-02-05 15:45:00+00:00,M15:BUY_SIDE:2285,BUY_SIDE,M15,1.18149,4.0000000000040004e-05,1.4879535313505148,3.1001124859392575,True,2,CONFIRMED,NEUTRAL,0.002120000000000122,NO_DISPLACEMENT
2373,2026-02-05 17:15:00+00:00,M15:SELL_SIDE:2365,SELL_SIDE,M15,1.17909,8.000000000008001e-05,1.721602743987369,2.3146718146718146,True,2,CONFIRMED,BULLISH,-0.0007500000000000284,NO_DISPLACEMENT
2374,2026-02-05 17:30:00+00:00,M15:SELL_SIDE:2361,SELL_SIDE,M15,1.17853,0.00013000000000018552,0.9711406321903326,2.832046332046332,True,1,CONFIRMED,BULLISH,-0.0007200000000000539,NO_DISPLACEMENT
2392,2026-02-05 22:00:00+00:00,M15:SELL_SIDE:2387,SELL_SIDE,M15,1.1792,0.00036999999999998145,0.9267015953452308,0.6583754372328022,False,-1,WEAK,NEUTRAL,-0.0015199999999999658,NO_DISPLACEMENT
2395,2026-02-05 22:45:00+00:00,H4:SELL_SIDE:268,SELL_SIDE,H4,1.17799,2.0000000000131024e-05,0.7563465030816964,0.718762395874653,True,-1,CONFIRMED,NEUTRAL,-0.0016700000000000603,NO_DISPLACEMENT
2395,2026-02-05 22:45:00+00:00,H4:SELL_SIDE:278,SELL_SIDE,H4,1.17802,5.0000000000105516e-05,0.7563465030816964,0.718762395874653,True,-1,CONFIRMED,NEUTRAL,-0.0016700000000000603,NO_DISPLACEMENT
2395,2026-02-05 22:45:00+00:00,M15:SELL_SIDE:2375,SELL_SIDE,M15,1.17817,0.00019999999999997797,0.7563465030816964,0.718762395874653,False,-1,WEAK,NEUTRAL,-0.0016700000000000603,NO_DISPLACEMENT
2398,2026-02-05 23:30:00+00:00,H4:SELL_SIDE:263,SELL_SIDE,H4,1.17758,0.0001100000000000545,1.4370418906283868,0.3317159241288046,False,1,CONFIRMED,NEUTRAL,-0.0019799999999998708,NO_DISPLACEMENT
2408,2026-02-06 02:00:00+00:00,M15:SELL_SIDE:2398,SELL_SIDE,M15,1.17747,5.0000000000105516e-05,0.9712045828893096,0.9722064662507091,False,2,CONFIRMED,NEUTRAL,-0.0001100000000000545,NO_DISPLACEMENT
2411,2026-02-06 02:45:00+00:00,M15:BUY_SIDE:2403,BUY_SIDE,M15,1.17821,0.0001100000000000545,1.282483732493444,1.0233618233618234,False,2,CONFIRMED,BEARISH,0.00031999999999987594,NO_DISPLACEMENT
2412,2026-02-06 03:00:00+00:00,M15:BUY_SIDE:2398,BUY_SIDE,M15,1.17842,4.999999999988347e-05,0.9468576220392142,1.1111111111111112,True,1,CONFIRMED,BEARISH,0.00024000000000001798,NO_DISPLACEMENT
2426,2026-02-06 06:30:00+00:00,M15:BUY_SIDE:2418,BUY_SIDE,M15,1.17915,0.00045000000000006146,1.5425517900194126,0.7073170731707317,False,-1,WEAK,NEUTRAL,0.0007599999999998719,NO_DISPLACEMENT
2426,2026-02-06 06:30:00+00:00,M15:BUY_SIDE:2421,BUY_SIDE,M15,1.17902,0.0005800000000000249,1.5425517900194126,0.7073170731707317,False,-1,WEAK,NEUTRAL,0.0007599999999998719,NO_DISPLACEMENT
2434,2026-02-06 08:30:00+00:00,M15:BUY_SIDE:2429,BUY_SIDE,M15,1.18012,4.0000000000040004e-05,1.3231821380508204,1.6136136136136137,True,1,CONFIRMED,BULLISH,0.0010299999999998644,NO_DISPLACEMENT
2436,2026-02-06 09:00:00+00:00,M15:SELL_SIDE:2432,SELL_SIDE,M15,1.17943,0.000280000000000058,1.335731710730254,1.3473473473473474,False,-1,WEAK,BULLISH,-0.00032999999999994145,NO_DISPLACEMENT
2446,2026-02-06 11:30:00+00:00,M15:BUY_SIDE:2443,BUY_SIDE,M15,1.17957,0.00021000000000004349,0.8898483174650783,1.8866799204771372,False,1,CONFIRMED,BEARISH,0.00042999999999993044,NO_DISPLACEMENT
2453,2026-02-06 13:15:00+00:00,M15:SELL_SIDE:2422,SELL_SIDE,M15,1.17856,1.0000000000065512e-05,1.3524563793758535,1.1774530271398747,True,1,CONFIRMED,NEUTRAL,-4.0000000000040004e-05,NO_DISPLACEMENT
2460,2026-02-06 15:00:00+00:00,M15:BUY_SIDE:2456,BUY_SIDE,M15,1.17931,0.0004499999999998394,1.049015271549947,1.7473821989528795,False,-1,WEAK,BEARISH,-7.00000000000145e-05,NO_DISPLACEMENT
2461,2026-02-06 15:15:00+00:00,M15:BUY_SIDE:2449,BUY_SIDE,M15,1.17998,0.000180000000000069,1.6596438531321356,1.5785340314136125,False,-1,WEAK,NEUTRAL,0.0008900000000000574,NO_DISPLACEMENT
2462,2026-02-06 15:30:00+00:00,M15:BUY_SIDE:2382,BUY_SIDE,M15,1.18042,0.00012999999999996348,0.9472075202299474,1.9908376963350785,True,-1,CONFIRMED,NEUTRAL,0.0013000000000000789,NO_DISPLACEMENT
2462,2026-02-06 15:30:00+00:00,M15:BUY_SIDE:2434,BUY_SIDE,M15,1.18016,0.00038999999999989043,0.9472075202299474,1.9908376963350785,False,-1,WEAK,NEUTRAL,0.0013000000000000789,NO_DISPLACEMENT
2466,2026-02-06 16:30:00+00:00,H4:BUY_SIDE:280,BUY_SIDE,H4,1.18217,0.00036999999999998145,2.133474525129658,3.0883301096067055,False,1,CONFIRMED,NEUTRAL,0.003309999999999924,NO_DISPLACEMENT
2466,2026-02-06 16:30:00+00:00,M15:BUY_SIDE:2276,BUY_SIDE,M15,1.18221,0.00032999999999994145,2.133474525129658,3.0883301096067055,False,1,CONFIRMED,NEUTRAL,0.003309999999999924,NO_DISPLACEMENT
2467,2026-02-06 16:45:00+00:00,M15:BUY_SIDE:2272,BUY_SIDE,M15,1.18256,4.999999999988347e-05,1.2439295488108477,2.6888604353393086,True,1,CONFIRMED,NEUTRAL,0.0029200000000000337,NO_DISPLACEMENT
2476,2026-02-06 19:00:00+00:00,M15:SELL_SIDE:2473,SELL_SIDE,M15,1.18097,2.999999999997449e-05,0.8201600283898194,1.1166666666666667,True,1,CONFIRMED,NEUTRAL,-0.0012199999999999989,NO_DISPLACEMENT
2478,2026-02-06 19:30:00+00:00,M15:BUY_SIDE:2475,BUY_SIDE,M15,1.18188,7.00000000000145e-05,1.0038373699691439,0.9970089730807578,True,1,CONFIRMED,BEARISH,0.00039999999999995595,NO_DISPLACEMENT
2481,2026-02-06 20:15:00+00:00,M15:BUY_SIDE:2472,BUY_SIDE,M15,1.18216,9.999999999998899e-05,1.0975126889768656,0.769690927218345,True,2,CONFIRMED,BEARISH,7.00000000000145e-05,NO_DISPLACEMENT
2486,2026-02-06 21:30:00+00:00,M15:SELL_SIDE:2481,SELL_SIDE,M15,1.18148,8.000000000008001e-05,0.8831105949428957,0.6301096709870389,True,1,CONFIRMED,BULLISH,0.0007099999999999884,NO_DISPLACEMENT
2492,2026-02-06 23:00:00+00:00,M15:BUY_SIDE:2483,BUY_SIDE,M15,1.18228,5.999999999994898e-05,0.45175256100903005,0.32659574468085106,True,1,CONFIRMED,NEUTRAL,-1.999999999990898e-05,NO_DISPLACEMENT
2494,2026-02-06 23:30:00+00:00,M15:SELL_SIDE:2491,SELL_SIDE,M15,1.18193,0.00035999999999991594,1.277927355942353,0.28383561643835614,False,-1,WEAK,BULLISH,-0.00017000000000000348,NO_DISPLACEMENT
2495,2026-02-06 23:45:00+00:00,M15:SELL_SIDE:2486,SELL_SIDE,M15,1.1814,0.0001500000000000945,0.6846685161268229,0.8231917336394948,True,-1,CONFIRMED,BULLISH,-0.00011999999999989797,NO_DISPLACEMENT
2496,2026-02-09 00:00:00+00:00,M15:SELL_SIDE:2476,SELL_SIDE,M15,1.18094,0.00016000000000016001,1.3518659764763277,0.1172291296625222,True,1,CONFIRMED,BULLISH,-0.0005800000000000249,NO_DISPLACEMENT
2503,2026-02-09 01:45:00+00:00,M15:BUY_SIDE:2269,BUY_SIDE,M15,1.18268,8.000000000008001e-05,1.5546312586605413,1.503380454824831,True,-1,CONFIRMED,NEUTRAL,0.000560000000000116,NO_DISPLACEMENT
2503,2026-02-09 01:45:00+00:00,M15:BUY_SIDE:2467,BUY_SIDE,M15,1.18261,0.0001500000000000945,1.5546312586605413,1.503380454824831,False,-1,WEAK,NEUTRAL,0.000560000000000116,NO_DISPLACEMENT
2503,2026-02-09 01:45:00+00:00,M15:BUY_SIDE:2493,BUY_SIDE,M15,1.18237,0.0003900000000001125,1.5546312586605413,1.503380454824831,False,-1,WEAK,NEUTRAL,0.000560000000000116,NO_DISPLACEMENT
2503,2026-02-09 01:45:00+00:00,M15:BUY_SIDE:2500,BUY_SIDE,M15,1.18222,0.0005399999999999849,1.5546312586605413,1.503380454824831,False,-1,WEAK,NEUTRAL,0.000560000000000116,NO_DISPLACEMENT
2504,2026-02-09 02:00:00+00:00,M15:BUY_SIDE:2252,BUY_SIDE,M15,1.18325,9.000000000014552e-05,1.495389146894168,1.5342150661299598,True,1,CONFIRMED,NEUTRAL,0.0014700000000000824,NO_DISPLACEMENT
2512,2026-02-09 04:00:00+00:00,M15:SELL_SIDE:2509,SELL_SIDE,M15,1.18221,0.0006200000000000649,1.5004199914785645,0.9539800995024875,False,-1,WEAK,NEUTRAL,-6.000000000017103e-05,NO_DISPLACEMENT
2523,2026-02-09 06:45:00+00:00,M15:BUY_SIDE:2514,BUY_SIDE,M15,1.18256,0.0001100000000000545,0.7223670257683228,0.5277088502894954,False,-1,WEAK,NEUTRAL,0.0004799999999998139,NO_DISPLACEMENT
2526,2026-02-09 07:30:00+00:00,M15:BUY_SIDE:2504,BUY_SIDE,M15,1.18334,0.00027999999999983594,0.7852314798765438,0.8593481989708405,False,1,CONFIRMED,NEUTRAL,0.0015499999999999403,NO_DISPLACEMENT
2528,2026-02-09 08:00:00+00:00,H4:BUY_SIDE:272,BUY_SIDE,H4,1.18379,0.0015700000000000713,3.423959551865043,4.444249341527656,False,-1,WEAK,NEUTRAL,0.0017599999999999838,NO_DISPLACEMENT
2534,2026-02-09 09:30:00+00:00,M15:BUY_SIDE:2531,BUY_SIDE,M15,1.18577,0.000220000000000109,1.4309936323438213,3.969543147208122,False,1,CONFIRMED,BULLISH,0.0028600000000000847,NO_DISPLACEMENT
2546,2026-02-09 12:30:00+00:00,M15:SELL_SIDE:2543,SELL_SIDE,M15,1.18593,0.00045999999999990493,0.9809321800527254,1.9183438757906843,False,1,CONFIRMED,NEUTRAL,-9.999999999998899e-05,NO_DISPLACEMENT
2551,2026-02-09 13:45:00+00:00,M15:BUY_SIDE:2070,BUY_SIDE,M15,1.18713,5.999999999994898e-05,0.8616833073420475,1.4161137440758294,True,-1,CONFIRMED,BEARISH,9.999999999998899e-05,NO_DISPLACEMENT
2551,2026-02-09 13:45:00+00:00,M15:BUY_SIDE:2540,BUY_SIDE,M15,1.18696,0.00022999999999995246,0.8616833073420475,1.4161137440758294,True,-1,CONFIRMED,BEARISH,9.999999999998899e-05,NO_DISPLACEMENT
2552,2026-02-09 14:00:00+00:00,M15:BUY_SIDE:2025,BUY_SIDE,M15,1.18746,5.0000000000105516e-05,0.7967813760918697,1.381042654028436,True,-1,CONFIRMED,BEARISH,0.0007099999999999884,NO_DISPLACEMENT
2552,2026-02-09 14:00:00+00:00,M15:BUY_SIDE:2040,BUY_SIDE,M15,1.18724,0.00026999999999999247,0.7967813760918697,1.381042654028436,False,-1,WEAK,BEARISH,0.0007099999999999884,NO_DISPLACEMENT
2555,2026-02-09 14:45:00+00:00,M15:BUY_SIDE:2007,BUY_SIDE,M15,1.18782,0.00046999999999997044,0.973877732599794,1.4388625592417061,False,-1,WEAK,BEARISH,0.0019199999999999218,NO_DISPLACEMENT
2556,2026-02-09 15:00:00+00:00,M15:BUY_SIDE:2004,BUY_SIDE,M15,1.18848,0.0006800000000000139,1.33833898921148,1.952112676056338,False,-1,WEAK,BEARISH,0.003450000000000175,NO_DISPLACEMENT
2569,2026-02-09 18:15:00+00:00,M15:SELL_SIDE:2565,SELL_SIDE,M15,1.1903,0.0006499999999998174,1.3124605237809492,1.1555404947475432,False,-1,WEAK,BULLISH,-0.0006399999999999739,NO_DISPLACEMENT
2579,2026-02-09 20:45:00+00:00,M15:BUY_SIDE:2576,BUY_SIDE,M15,1.19141,0.00030999999999981043,0.7303155723555373,0.5449000338868181,False,-1,WEAK,NEUTRAL,0.0018700000000000383,NO_DISPLACEMENT
2581,2026-02-09 21:15:00+00:00,M15:BUY_SIDE:2568,BUY_SIDE,M15,1.19175,2.999999999997449e-05,0.4926139331934617,0.5103354794984751,True,-1,CONFIRMED,NEUTRAL,0.0019700000000000273,NO_DISPLACEMENT
2592,2026-02-10 00:00:00+00:00,M15:SELL_SIDE:2589,SELL_SIDE,M15,1.19092,0.000280000000000058,1.1397130525531687,0.10792291220556745,True,1,CONFIRMED,BULLISH,-0.0008500000000000174,NO_DISPLACEMENT
2597,2026-02-10 01:15:00+00:00,M15:SELL_SIDE:2592,SELL_SIDE,M15,1.19064,0.00027999999999983594,1.3225209665774438,0.47914645974781767,False,-1,WEAK,BEARISH,-0.0008799999999999919,NO_DISPLACEMENT
2598,2026-02-10 01:30:00+00:00,M15:SELL_SIDE:2577,SELL_SIDE,M15,1.19035,0.00012000000000012001,0.7489241714923435,0.35854616895874264,True,-1,CONFIRMED,BEARISH,-0.0006300000000001305,NO_DISPLACEMENT
2605,2026-02-10 03:15:00+00:00,M15:SELL_SIDE:2602,SELL_SIDE,M15,1.18981,0.00017000000000000348,1.486756194354415,0.6634264884568651,False,1,CONFIRMED,BEARISH,-0.0014299999999998203,NO_DISPLACEMENT
2610,2026-02-10 04:30:00+00:00,M15:BUY_SIDE:2607,BUY_SIDE,M15,1.19101,3.0000000000196536e-05,0.5803076766337991,0.768361581920904,False,-1,WEAK,BEARISH,0.0007699999999999374,NO_DISPLACEMENT
2612,2026-02-10 05:00:00+00:00,M15:BUY_SIDE:2591,BUY_SIDE,M15,1.19157,9.999999999998899e-05,0.8250636487445825,0.8594795539033457,True,1,CONFIRMED,BEARISH,0.0016200000000001769,NO_DISPLACEMENT
2612,2026-02-10 05:00:00+00:00,M15:BUY_SIDE:2596,BUY_SIDE,M15,1.19144,0.00022999999999995246,0.8250636487445825,0.8594795539033457,False,1,CONFIRMED,BEARISH,0.0016200000000001769,NO_DISPLACEMENT
2615,2026-02-10 05:45:00+00:00,M15:BUY_SIDE:2612,BUY_SIDE,M15,1.19167,1.999999999990898e-05,1.4730506186029313,0.6862745098039216,True,1,CONFIRMED,NEUTRAL,0.0013799999999999368,NO_DISPLACEMENT
2622,2026-02-10 07:30:00+00:00,M15:SELL_SIDE:2619,SELL_SIDE,M15,1.19049,0.000140000000000029,1.020961574254587,0.6934579439252336,False,1,CONFIRMED,BULLISH,-0.0010499999999999954,NO_DISPLACEMENT
2624,2026-02-10 08:00:00+00:00,M15:BUY_SIDE:2621,BUY_SIDE,M15,1.19104,0.00026999999999999247,1.7913060071203262,1.5863414634146342,True,1,CONFIRMED,NEUTRAL,-0.0005800000000000249,NO_DISPLACEMENT
2630,2026-02-10 09:30:00+00:00,M15:SELL_SIDE:2626,SELL_SIDE,M15,1.19,0.00011999999999989797,0.9143567417660701,1.5297560975609756,True,1,CONFIRMED,NEUTRAL,-0.000460000000000127,NO_DISPLACEMENT
2632,2026-02-10 10:00:00+00:00,M15:BUY_SIDE:2629,BUY_SIDE,M15,1.19103,0.000140000000000029,1.1561458067989212,2.9482926829268292,True,1,CONFIRMED,BEARISH,4.999999999988347e-05,NO_DISPLACEMENT
2634,2026-02-10 10:30:00+00:00,M15:BUY_SIDE:2624,BUY_SIDE,M15,1.19131,0.00019999999999997797,1.6366264450093224,2.587317073170732,False,1,CONFIRMED,BEARISH,0.00045999999999990493,NO_DISPLACEMENT
2636,2026-02-10 11:00:00+00:00,M15:BUY_SIDE:2615,BUY_SIDE,M15,1.19169,0.00019999999999997797,1.621365041937518,2.306341463414634,True,2,CONFIRMED,NEUTRAL,0.0010499999999999954,NO_DISPLACEMENT
2644,2026-02-10 13:00:00+00:00,M15:SELL_SIDE:2641,SELL_SIDE,M15,1.19082,0.00028999999999990145,0.7686654366741424,1.6412405699916177,False,-1,WEAK,NEUTRAL,-0.0006599999999998829,NO_DISPLACEMENT
2650,2026-02-10 14:30:00+00:00,M15:SELL_SIDE:2630,SELL_SIDE,M15,1.18988,7.00000000000145e-05,1.1315409441495008,1.7026022304832713,True,-1,CONFIRMED,BEARISH,-0.0013100000000001444,NO_DISPLACEMENT
2650,2026-02-10 14:30:00+00:00,M15:SELL_SIDE:2633,SELL_SIDE,M15,1.18996,0.00014999999999987246,1.1315409441495008,1.7026022304832713,False,-1,WEAK,BEARISH,-0.0013100000000001444,NO_DISPLACEMENT
2650,2026-02-10 14:30:00+00:00,M15:SELL_SIDE:2647,SELL_SIDE,M15,1.19,0.00018999999999991246,1.1315409441495008,1.7026022304832713,False,-1,WEAK,BEARISH,-0.0013100000000001444,NO_DISPLACEMENT
2651,2026-02-10 14:45:00+00:00,M15:SELL_SIDE:2605,SELL_SIDE,M15,1.18964,0.0005500000000000504,1.2788210772811865,3.3879310344827585,False,3,CONFIRMED,BEARISH,-0.0017600000000002058,NO_DISPLACEMENT
2652,2026-02-10 15:00:00+00:00,M15:SELL_SIDE:2570,SELL_SIDE,M15,1.18906,0.0002500000000000835,1.1979197593725772,2.419667590027701,True,1,CONFIRMED,BEARISH,-0.0022400000000000198,NO_DISPLACEMENT
2654,2026-02-10 15:30:00+00:00,M15:BUY_SIDE:2649,BUY_SIDE,M15,1.19085,0.00046999999999997044,2.7356726240231453,4.336317135549872,True,1,CONFIRMED,BEARISH,-0.0005699999999999594,NO_DISPLACEMENT
2657,2026-02-10 16:15:00+00:00,M15:BUY_SIDE:2583,BUY_SIDE,M15,1.19222,2.999999999997449e-05,0.9938465345726764,2.517038777908343,True,1,CONFIRMED,BEARISH,0.0017599999999999838,NO_DISPLACEMENT
2657,2026-02-10 16:15:00+00:00,M15:BUY_SIDE:2638,BUY_SIDE,M15,1.19198,0.00026999999999999247,0.9938465345726764,2.517038777908343,False,1,CONFIRMED,BEARISH,0.0017599999999999838,NO_DISPLACEMENT
2657,2026-02-10 16:15:00+00:00,M15:BUY_SIDE:2642,BUY_SIDE,M15,1.19174,0.0005100000000000104,0.9938465345726764,2.517038777908343,False,1,CONFIRMED,BEARISH,0.0017599999999999838,NO_DISPLACEMENT
2658,2026-02-10 16:30:00+00:00,H4:BUY_SIDE:292,BUY_SIDE,H4,1.19266,0.00019999999999997797,1.73154484792239,3.088803088803089,True,1,CONFIRMED,BEARISH,0.0010300000000000864,NO_DISPLACEMENT
2667,2026-02-10 18:45:00+00:00,M15:SELL_SIDE:2662,SELL_SIDE,M15,1.18961,0.000140000000000029,1.3862572262651143,1.1691209281570727,True,1,CONFIRMED,NEUTRAL,-0.0023799999999998267,NO_DISPLACEMENT
2671,2026-02-10 19:45:00+00:00,M15:SELL_SIDE:2667,SELL_SIDE,M15,1.18947,0.00015999999999993797,0.5095902478361881,0.8709534368070954,True,1,CONFIRMED,BEARISH,-0.0006099999999999994,NO_DISPLACEMENT
2676,2026-02-10 21:00:00+00:00,M15:SELL_SIDE:2652,SELL_SIDE,M15,1.18881,0.00014999999999987246,0.7918852855629009,0.7671840354767184,True,1,CONFIRMED,BEARISH,-0.0016599999999999948,NO_DISPLACEMENT
2679,2026-02-10 21:45:00+00:00,M15:BUY_SIDE:2673,BUY_SIDE,M15,1.1898,0.00042999999999993044,1.0660934053482598,0.6310063463281959,False,-1,WEAK,BEARISH,-0.00021000000000004349,NO_DISPLACEMENT
2688,2026-02-11 00:00:00+00:00,M15:SELL_SIDE:2684,SELL_SIDE,M15,1.1892,0.00045000000000006146,1.485676133520717,0.06609049313675648,True,-1,CONFIRMED,NEUTRAL,-0.0002500000000000835,NO_DISPLACEMENT
2694,2026-02-11 01:30:00+00:00,M15:SELL_SIDE:2688,SELL_SIDE,M15,1.18875,1.0000000000065512e-05,0.5125147848431412,0.2240085744908896,True,1,CONFIRMED,BEARISH,-0.0006099999999999994,NO_DISPLACEMENT
2695,2026-02-11 01:45:00+00:00,M15:SELL_SIDE:2676,SELL_SIDE,M15,1.18866,4.0000000000040004e-05,0.5105389461889558,0.3086816720257235,True,1,CONFIRMED,BEARISH,-0.0007999999999999119,NO_DISPLACEMENT
2698,2026-02-11 02:30:00+00:00,M15:BUY_SIDE:2686,BUY_SIDE,M15,1.18964,9.999999999998899e-05,0.8055152572620891,0.6357022943480694,False,-1,WEAK,BEARISH,0.0002900000000001235,NO_DISPLACEMENT
2704,2026-02-11 04:00:00+00:00,M15:BUY_SIDE:2681,BUY_SIDE,M15,1.19033,0.00018999999999991246,1.5211537715908636,0.8866666666666667,True,-1,CONFIRMED,NEUTRAL,0.0013299999999998313,NO_DISPLACEMENT
2704,2026-02-11 04:00:00+00:00,M15:BUY_SIDE:2701,BUY_SIDE,M15,1.19018,0.00034000000000000696,1.5211537715908636,0.8866666666666667,True,-1,CONFIRMED,NEUTRAL,0.0013299999999998313,NO_DISPLACEMENT
2705,2026-02-11 04:15:00+00:00,M15:BUY_SIDE:2670,BUY_SIDE,M15,1.19052,0.000280000000000058,1.4835885564290363,0.9314516129032258,False,3,CONFIRMED,BULLISH,0.0019499999999998963,NO_DISPLACEMENT
2711,2026-02-11 05:45:00+00:00,M15:BUY_SIDE:2706,BUY_SIDE,M15,1.19127,8.999999999992347e-05,0.8267504728161008,0.8660488626790227,True,1,CONFIRMED,BULLISH,0.0010300000000000864,NO_DISPLACEMENT
2717,2026-02-11 07:15:00+00:00,M15:BUY_SIDE:2713,BUY_SIDE,M15,1.19148,4.999999999988347e-05,1.1826164563380164,0.9990262901655307,False,-1,WEAK,BULLISH,0.0007099999999999884,NO_DISPLACEMENT
2720,2026-02-11 08:00:00+00:00,M15:BUY_SIDE:2663,BUY_SIDE,M15,1.19191,0.0006399999999999739,1.6012535774420065,1.943524829600779,False,1,CONFIRMED,BULLISH,0.0011499999999999844,NO_DISPLACEMENT
2736,2026-02-11 12:00:00+00:00,M15:BUY_SIDE:2732,BUY_SIDE,M15,1.19197,1.0000000000065512e-05,0.46021028914911133,1.2440677966101694,True,1,CONFIRMED,NEUTRAL,0.00022999999999995246,NO_DISPLACEMENT
2738,2026-02-11 12:30:00+00:00,M15:BUY_SIDE:2728,BUY_SIDE,M15,1.19199,0.00042999999999993044,1.5793619262069432,1.8475750577367205,False,2,CONFIRMED,NEUTRAL,0.0008799999999999919,NO_DISPLACEMENT
2739,2026-02-11 12:45:00+00:00,M15:BUY_SIDE:2720,BUY_SIDE,M15,1.19255,0.00017000000000000348,1.516600457469386,2.032811334824758,True,1,CONFIRMED,NEUTRAL,0.0006500000000000394,NO_DISPLACEMENT
2742,2026-02-11 13:30:00+00:00,M15:SELL_SIDE:2716,SELL_SIDE,M15,1.19066,0.000180000000000069,1.682010950365252,1.8180525941719972,True,1,CONFIRMED,BULLISH,-0.0006099999999999994,NO_DISPLACEMENT
2742,2026-02-11 13:30:00+00:00,M15:SELL_SIDE:2724,SELL_SIDE,M15,1.19095,0.00046999999999997044,1.682010950365252,1.8180525941719972,False,-1,WEAK,BULLISH,-0.0006099999999999994,NO_DISPLACEMENT
2742,2026-02-11 13:30:00+00:00,M15:SELL_SIDE:2732,SELL_SIDE,M15,1.191,0.000520000000000076,1.682010950365252,1.8180525941719972,False,-1,WEAK,BULLISH,-0.0006099999999999994,NO_DISPLACEMENT
2744,2026-02-11 14:00:00+00:00,M15:SELL_SIDE:2709,SELL_SIDE,M15,1.19033,7.00000000000145e-05,1.0802998547316565,1.4257839721254355,True,-1,CONFIRMED,BULLISH,-0.0011799999999999589,NO_DISPLACEMENT
2749,2026-02-11 15:15:00+00:00,M15:SELL_SIDE:2746,SELL_SIDE,M15,1.18984,0.000320000000000098,1.1126055557550933,1.9207277452891487,True,-1,CONFIRMED,NEUTRAL,-0.0021400000000000308,NO_DISPLACEMENT
2750,2026-02-11 15:30:00+00:00,H4:SELL_SIDE:300,SELL_SIDE,H4,1.18856,0.005279999999999951,6.518086557948147,11.30967741935484,False,-1,WEAK,NEUTRAL,-0.0047200000000000575,NO_DISPLACEMENT
2750,2026-02-11 15:30:00+00:00,M15:SELL_SIDE:2535,SELL_SIDE,M15,1.18469,0.0014099999999999113,6.518086557948147,11.30967741935484,True,1,CONFIRMED,NEUTRAL,-0.0047200000000000575,NO_DISPLACEMENT
2750,2026-02-11 15:30:00+00:00,M15:SELL_SIDE:2538,SELL_SIDE,M15,1.18514,0.0018599999999999728,6.518086557948147,11.30967741935484,True,1,CONFIRMED,NEUTRAL,-0.0047200000000000575,NO_DISPLACEMENT
2750,2026-02-11 15:30:00+00:00,M15:SELL_SIDE:2546,SELL_SIDE,M15,1.18547,0.0021899999999999142,6.518086557948147,11.30967741935484,True,1,CONFIRMED,NEUTRAL,-0.0047200000000000575,NO_DISPLACEMENT
2750,2026-02-11 15:30:00+00:00,M15:SELL_SIDE:2703,SELL_SIDE,M15,1.18937,0.006089999999999929,6.518086557948147,11.30967741935484,False,-1,WEAK,NEUTRAL,-0.0047200000000000575,NO_DISPLACEMENT
2758,2026-02-11 17:30:00+00:00,M15:SELL_SIDE:2755,SELL_SIDE,M15,1.18523,0.00012999999999996348,0.7285095216209471,2.755511022044088,True,1,CONFIRMED,NEUTRAL,-0.004630000000000134,NO_DISPLACEMENT
2762,2026-02-11 18:30:00+00:00,M15:BUY_SIDE:2756,BUY_SIDE,M15,1.18715,0.0008000000000001339,0.9424032778644454,1.557218309859155,False,-1,WEAK,BEARISH,0.000460000000000127,NO_DISPLACEMENT
2763,2026-02-11 18:45:00+00:00,M15:BUY_SIDE:2753,BUY_SIDE,M15,1.18824,8.000000000008001e-05,0.6347826730693671,1.3183391003460208,False,-1,WEAK,BEARISH,0.0018499999999999073,NO_DISPLACEMENT
2772,2026-02-11 21:00:00+00:00,M15:SELL_SIDE:2768,SELL_SIDE,M15,1.18784,0.00022999999999995246,0.6862206108015422,0.9307253463732681,True,1,CONFIRMED,BULLISH,0.00043999999999999595,NO_DISPLACEMENT
2776,2026-02-11 22:00:00+00:00,M15:SELL_SIDE:2772,SELL_SIDE,M15,1.18761,0.00016000000000016001,0.7587676745054928,0.5561453654552879,True,1,CONFIRMED,BEARISH,-0.001060000000000061,NO_DISPLACEMENT
2784,2026-02-12 00:00:00+00:00,M15:SELL_SIDE:2780,SELL_SIDE,M15,1.18676,0.00026999999999999247,1.64231804286701,0.07293825113966017,True,1,CONFIRMED,BEARISH,-0.0009799999999999809,NO_DISPLACEMENT
2792,2026-02-12 02:00:00+00:00,M15:SELL_SIDE:2788,SELL_SIDE,M15,1.18695,0.00029999999999996696,1.5563085841541486,0.5590828924162258,False,1,CONFIRMED,NEUTRAL,-6.000000000017103e-05,NO_DISPLACEMENT
2793,2026-02-12 02:15:00+00:00,M15:BUY_SIDE:2784,BUY_SIDE,M15,1.18766,7.00000000000145e-05,1.4402894467343712,0.4942263279445728,True,1,CONFIRMED,NEUTRAL,0.00046999999999997044,NO_DISPLACEMENT
2793,2026-02-12 02:15:00+00:00,M15:BUY_SIDE:2790,BUY_SIDE,M15,1.18761,0.00011999999999989797,1.4402894467343712,0.4942263279445728,False,1,CONFIRMED,NEUTRAL,0.00046999999999997044,NO_DISPLACEMENT
2806,2026-02-12 05:30:00+00:00,M15:SELL_SIDE:2798,SELL_SIDE,M15,1.18716,9.999999999998899e-05,1.320996100946843,0.8308977035490606,True,-1,CONFIRMED,NEUTRAL,-0.0007299999999998974,NO_DISPLACEMENT
2806,2026-02-12 05:30:00+00:00,M15:SELL_SIDE:2803,SELL_SIDE,M15,1.18724,0.000180000000000069,1.320996100946843,0.8308977035490606,True,-1,CONFIRMED,NEUTRAL,-0.0007299999999998974,NO_DISPLACEMENT
2807,2026-02-12 05:45:00+00:00,M15:SELL_SIDE:2792,SELL_SIDE,M15,1.18665,0.000140000000000029,1.262730461334899,0.7790530846484935,True,1,CONFIRMED,NEUTRAL,-0.0005699999999999594,NO_DISPLACEMENT
2809,2026-02-12 06:15:00+00:00,M15:SELL_SIDE:2784,SELL_SIDE,M15,1.18649,0.00029999999999996696,1.1607082503275583,0.6833199033037872,True,-1,CONFIRMED,NEUTRAL,-0.0013900000000000023,NO_DISPLACEMENT
2817,2026-02-12 08:15:00+00:00,M15:SELL_SIDE:2813,SELL_SIDE,M15,1.18581,0.00026999999999999247,1.7806213216198443,2.7534626038781163,False,1,CONFIRMED,BEARISH,-0.0012699999999998823,NO_DISPLACEMENT
2821,2026-02-12 09:15:00+00:00,M15:BUY_SIDE:2816,BUY_SIDE,M15,1.18675,0.0005800000000000249,1.4849230256577215,1.8393351800554016,False,-1,WEAK,BEARISH,0.0011499999999999844,NO_DISPLACEMENT
2828,2026-02-12 11:00:00+00:00,M15:BUY_SIDE:2800,BUY_SIDE,M15,1.18845,0.0002500000000000835,1.0629326460968065,2.415329768270945,False,-1,WEAK,NEUTRAL,0.0023999999999999577,NO_DISPLACEMENT
2828,2026-02-12 11:00:00+00:00,M15:BUY_SIDE:2804,BUY_SIDE,M15,1.18809,0.0006099999999999994,1.0629326460968065,2.415329768270945,False,-1,WEAK,NEUTRAL,0.0023999999999999577,NO_DISPLACEMENT
2829,2026-02-12 11:15:00+00:00,M15:BUY_SIDE:2771,BUY_SIDE,M15,1.18874,5.0000000000105516e-05,0.791958190432887,2.106951871657754,True,1,CONFIRMED,BULLISH,0.0024999999999999467,NO_DISPLACEMENT
2835,2026-02-12 12:45:00+00:00,M15:SELL_SIDE:2827,SELL_SIDE,M15,1.18711,7.00000000000145e-05,1.2503012436888092,1.1912727272727273,True,1,CONFIRMED,BULLISH,-7.00000000000145e-05,NO_DISPLACEMENT
2840,2026-02-12 14:00:00+00:00,M15:BUY_SIDE:2837,BUY_SIDE,M15,1.18844,0.00017000000000000348,0.6598053518062197,1.1313672922252012,True,1,CONFIRMED,NEUTRAL,-0.0001100000000000545,NO_DISPLACEMENT
2842,2026-02-12 14:30:00+00:00,M15:SELL_SIDE:2838,SELL_SIDE,M15,1.18744,0.00024000000000001798,1.4582905423860195,1.534699272967614,False,3,CONFIRMED,BULLISH,-0.0005999999999999339,NO_DISPLACEMENT
2843,2026-02-12 14:45:00+00:00,M15:SELL_SIDE:2835,SELL_SIDE,M15,1.18704,0.0003500000000000725,1.136860301108086,1.9807321772639692,True,1,CONFIRMED,BULLISH,-0.0007500000000000284,NO_DISPLACEMENT
2848,2026-02-12 16:00:00+00:00,M15:BUY_SIDE:2840,BUY_SIDE,M15,1.18861,0.0001500000000000945,1.7218221821445412,2.1811805961426067,True,1,CONFIRMED,BULLISH,4.0000000000040004e-05,NO_DISPLACEMENT
2853,2026-02-12 17:15:00+00:00,M15:BUY_SIDE:2848,BUY_SIDE,M15,1.18876,1.0000000000065512e-05,0.7776547981188697,1.4373695198329854,True,1,CONFIRMED,BULLISH,0.0011900000000000244,NO_DISPLACEMENT
2855,2026-02-12 17:45:00+00:00,M15:BUY_SIDE:2829,BUY_SIDE,M15,1.18879,4.0000000000040004e-05,0.9968423546374419,1.9178624443344878,True,1,CONFIRMED,BULLISH,0.0009099999999999664,NO_DISPLACEMENT
2856,2026-02-12 18:00:00+00:00,M15:SELL_SIDE:2846,SELL_SIDE,M15,1.18713,0.00031000000000003247,2.53247570026534,2.7626794258373204,False,2,CONFIRMED,BULLISH,-0.001140000000000141,NO_DISPLACEMENT
2857,2026-02-12 18:15:00+00:00,M15:SELL_SIDE:2843,SELL_SIDE,M15,1.18669,0.0004999999999999449,1.1155411597912295,3.8728377746610567,False,1,CONFIRMED,BULLISH,-0.0019799999999998708,NO_DISPLACEMENT
2860,2026-02-12 19:00:00+00:00,M15:SELL_SIDE:2857,SELL_SIDE,M15,1.18619,0.000220000000000109,1.2322225118677814,2.101811906816221,True,1,CONFIRMED,NEUTRAL,-0.0016599999999999948,NO_DISPLACEMENT
2865,2026-02-12 20:15:00+00:00,M15:SELL_SIDE:2860,SELL_SIDE,M15,1.18597,0.00038000000000004697,0.7833671919715253,1.146102624363494,False,1,CONFIRMED,BEARISH,-0.0026399999999999757,NO_DISPLACEMENT
2877,2026-02-12 23:15:00+00:00,M15:BUY_SIDE:2871,BUY_SIDE,M15,1.18715,9.000000000014552e-05,0.5998971787915156,0.16047801963294922,True,1,CONFIRMED,NEUTRAL,0.0006699999999999484,NO_DISPLACEMENT
2891,2026-02-13 02:45:00+00:00,M15:BUY_SIDE:2888,BUY_SIDE,M15,1.18715,8.000000000008001e-05,1.2698807718116407,0.6509912402028585,False,1,CONFIRMED,NEUTRAL,0.0005500000000000504,NO_DISPLACEMENT
2892,2026-02-13 03:00:00+00:00,M15:BUY_SIDE:2877,BUY_SIDE,M15,1.18724,7.999999999985796e-05,1.5954280338090328,0.8228028503562945,True,1,CONFIRMED,NEUTRAL,-0.00018999999999991246,NO_DISPLACEMENT
2892,2026-02-13 03:00:00+00:00,M15:SELL_SIDE:2887,SELL_SIDE,M15,1.18662,8.999999999992347e-05,1.5954280338090328,0.8228028503562945,True,3,CONFIRMED,NEUTRAL,-0.00018999999999991246,NO_DISPLACEMENT
2893,2026-02-13 03:15:00+00:00,M15:SELL_SIDE:2874,SELL_SIDE,M15,1.18633,6.000000000017103e-05,1.3197987821954007,0.5935288169868554,True,1,CONFIRMED,NEUTRAL,-0.0005800000000000249,NO_DISPLACEMENT
2893,2026-02-13 03:15:00+00:00,M15:SELL_SIDE:2880,SELL_SIDE,M15,1.18641,0.000140000000000029,1.3197987821954007,0.5935288169868554,True,1,CONFIRMED,NEUTRAL,-0.0005800000000000249,NO_DISPLACEMENT
2903,2026-02-13 05:45:00+00:00,M15:SELL_SIDE:2900,SELL_SIDE,M15,1.18653,0.000180000000000069,1.144487859313674,0.507168458781362,True,1,CONFIRMED,NEUTRAL,0.00012999999999996348,NO_DISPLACEMENT
2906,2026-02-13 06:30:00+00:00,M15:SELL_SIDE:2893,SELL_SIDE,M15,1.18627,9.999999999843467e-06,0.9916735499286395,0.9595854922279793,True,1,CONFIRMED,BEARISH,-9.999999999998899e-05,NO_DISPLACEMENT
2906,2026-02-13 06:30:00+00:00,M15:SELL_SIDE:2903,SELL_SIDE,M15,1.18635,8.999999999992347e-05,0.9916735499286395,0.9595854922279793,True,-1,CONFIRMED,BEARISH,-9.999999999998899e-05,NO_DISPLACEMENT
2912,2026-02-13 08:00:00+00:00,M15:SELL_SIDE:2908,SELL_SIDE,M15,1.18575,6.000000000017103e-05,1.0331012696108177,1.6241758241758242,True,1,CONFIRMED,BEARISH,-0.0008799999999999919,NO_DISPLACEMENT
2914,2026-02-13 08:30:00+00:00,H4:SELL_SIDE:311,SELL_SIDE,H4,1.18559,0.00027999999999983594,1.1566156901616143,1.9186813186813187,False,-1,WEAK,BEARISH,-0.0012699999999998823,NO_DISPLACEMENT
2916,2026-02-13 09:00:00+00:00,H4:SELL_SIDE:308,SELL_SIDE,H4,1.18515,0.0004199999999998649,1.775992815718914,2.668131868131868,False,2,CONFIRMED,BEARISH,-0.0014199999999999768,NO_DISPLACEMENT
2916,2026-02-13 09:00:00+00:00,M15:SELL_SIDE:2759,SELL_SIDE,M15,1.18509,0.00035999999999991594,1.775992815718914,2.668131868131868,False,2,CONFIRMED,BEARISH,-0.0014199999999999768,NO_DISPLACEMENT
2923,2026-02-13 10:45:00+00:00,M15:BUY_SIDE:2920,BUY_SIDE,M15,1.18619,8.999999999992347e-05,1.3728702229202734,1.8196891191709845,False,-1,WEAK,BEARISH,0.00046999999999997044,NO_DISPLACEMENT
2924,2026-02-13 11:00:00+00:00,M15:BUY_SIDE:2910,BUY_SIDE,M15,1.18647,0.000180000000000069,1.045083395878007,2.227979274611399,True,1,CONFIRMED,BEARISH,0.0010399999999999299,NO_DISPLACEMENT
2929,2026-02-13 12:15:00+00:00,M15:SELL_SIDE:2923,SELL_SIDE,M15,1.18556,0.00031999999999987594,1.4307379873586783,1.2017699115044247,True,2,CONFIRMED,NEUTRAL,-0.00024000000000001798,NO_DISPLACEMENT
2937,2026-02-13 14:15:00+00:00,M15:BUY_SIDE:2933,BUY_SIDE,M15,1.18612,0.00010999999999983245,1.3118898741124405,1.1584852734922861,True,1,CONFIRMED,NEUTRAL,-1.0000000000065512e-05,NO_DISPLACEMENT
2940,2026-02-13 15:00:00+00:00,M15:BUY_SIDE:2927,BUY_SIDE,M15,1.18662,2.999999999997449e-05,1.0990617326896268,1.6599462365591398,True,1,CONFIRMED,NEUTRAL,0.0005899999999998684,NO_DISPLACEMENT
2942,2026-02-13 15:30:00+00:00,M15:BUY_SIDE:2861,BUY_SIDE,M15,1.18769,0.0007900000000000684,3.8380410936093474,6.615079365079365,True,1,CONFIRMED,NEUTRAL,0.0004999999999999449,NO_DISPLACEMENT
2942,2026-02-13 15:30:00+00:00,M15:BUY_SIDE:2892,BUY_SIDE,M15,1.18732,0.0011600000000000499,3.8380410936093474,6.615079365079365,True,2,CONFIRMED,NEUTRAL,0.0004999999999999449,NO_DISPLACEMENT
2942,2026-02-13 15:30:00+00:00,M15:BUY_SIDE:2899,BUY_SIDE,M15,1.1871,0.0013799999999999368,3.8380410936093474,6.615079365079365,True,2,CONFIRMED,NEUTRAL,0.0004999999999999449,NO_DISPLACEMENT
2942,2026-02-13 15:30:00+00:00,M15:BUY_SIDE:2924,BUY_SIDE,M15,1.18665,0.0018299999999999983,3.8380410936093474,6.615079365079365,True,-1,CONFIRMED,NEUTRAL,0.0004999999999999449,NO_DISPLACEMENT
2951,2026-02-13 17:45:00+00:00,M15:SELL_SIDE:2930,SELL_SIDE,M15,1.18523,0.0004999999999999449,1.5611499647683809,2.553969160479726,False,1,CONFIRMED,NEUTRAL,-0.0011200000000000099,NO_DISPLACEMENT
2951,2026-02-13 17:45:00+00:00,M15:SELL_SIDE:2935,SELL_SIDE,M15,1.18544,0.0007099999999999884,1.5611499647683809,2.553969160479726,False,1,CONFIRMED,NEUTRAL,-0.0011200000000000099,NO_DISPLACEMENT
2951,2026-02-13 17:45:00+00:00,M15:SELL_SIDE:2941,SELL_SIDE,M15,1.18558,0.0008500000000000174,1.5611499647683809,2.553969160479726,False,1,CONFIRMED,NEUTRAL,-0.0011200000000000099,NO_DISPLACEMENT
2951,2026-02-13 17:45:00+00:00,M15:SELL_SIDE:2947,SELL_SIDE,M15,1.1857,0.0009699999999999154,1.5611499647683809,2.553969160479726,False,1,CONFIRMED,NEUTRAL,-0.0011200000000000099,NO_DISPLACEMENT
2954,2026-02-13 18:30:00+00:00,M15:BUY_SIDE:2949,BUY_SIDE,M15,1.18708,0.00036999999999998145,0.7329033994170182,1.5144766146993318,False,1,CONFIRMED,BEARISH,0.000220000000000109,NO_DISPLACEMENT
2981,2026-02-16 01:15:00+00:00,M15:SELL_SIDE:2976,SELL_SIDE,M15,1.18641,7.00000000000145e-05,0.6811329084771912,0.43130227001194743,True,1,CONFIRMED,NEUTRAL,-0.0009600000000000719,NO_DISPLACEMENT
2983,2026-02-16 01:45:00+00:00,M15:SELL_SIDE:2968,SELL_SIDE,M15,1.1863,1.999999999990898e-05,0.7970249419821882,0.5811550151975684,True,1,CONFIRMED,NEUTRAL,-0.0006399999999999739,NO_DISPLACEMENT
2995,2026-02-16 04:45:00+00:00,M15:BUY_SIDE:2992,BUY_SIDE,M15,1.18668,2.0000000000131024e-05,0.8129474047244949,0.7350877192982456,True,1,CONFIRMED,NEUTRAL,0.0003300000000001635,NO_DISPLACEMENT
3002,2026-02-16 06:30:00+00:00,M15:SELL_SIDE:2999,SELL_SIDE,M15,1.18644,0.00028999999999990145,1.1746852674205908,0.5621734587251829,False,-1,WEAK,NEUTRAL,-4.0000000000040004e-05,NO_DISPLACEMENT
3003,2026-02-16 06:45:00+00:00,M15:SELL_SIDE:2993,SELL_SIDE,M15,1.18614,5.999999999994898e-05,0.5458351690305254,0.6079664570230608,True,1,CONFIRMED,NEUTRAL,-0.00021999999999988695,NO_DISPLACEMENT
3007,2026-02-16 07:45:00+00:00,M15:SELL_SIDE:3004,SELL_SIDE,M15,1.18603,9.999999999998899e-05,1.7227335745290588,0.7274826789838337,True,1,CONFIRMED,BEARISH,-0.00021000000000004349,NO_DISPLACEMENT
3010,2026-02-16 08:30:00+00:00,M15:BUY_SIDE:2997,BUY_SIDE,M15,1.18689,0.0001100000000000545,1.103998946842334,1.0439952437574316,False,1,CONFIRMED,BEARISH,0.00034000000000000696,NO_DISPLACEMENT
3010,2026-02-16 08:30:00+00:00,M15:BUY_SIDE:3000,BUY_SIDE,M15,1.1868,0.00019999999999997797,1.103998946842334,1.0439952437574316,False,1,CONFIRMED,BEARISH,0.00034000000000000696,NO_DISPLACEMENT
3016,2026-02-16 10:00:00+00:00,M15:BUY_SIDE:3011,BUY_SIDE,M15,1.18701,2.0000000000131024e-05,2.0090141710977356,3.2508917954815697,True,1,CONFIRMED,NEUTRAL,0.000180000000000069,NO_DISPLACEMENT
3017,2026-02-16 10:15:00+00:00,M15:SELL_SIDE:2986,SELL_SIDE,M15,1.18585,0.0001100000000000545,2.2500522671871908,3.174791914387634,True,1,CONFIRMED,NEUTRAL,-0.00024000000000001798,NO_DISPLACEMENT
3017,2026-02-16 10:15:00+00:00,M15:SELL_SIDE:3007,SELL_SIDE,M15,1.18593,0.00018999999999991246,2.2500522671871908,3.174791914387634,True,1,CONFIRMED,NEUTRAL,-0.00024000000000001798,NO_DISPLACEMENT
3027,2026-02-16 12:45:00+00:00,M15:SELL_SIDE:3022,SELL_SIDE,M15,1.18612,2.999999999997449e-05,1.3044321667849492,1.4817136886102404,True,1,CONFIRMED,NEUTRAL,0.00042000000000008697,NO_DISPLACEMENT
3027,2026-02-16 12:45:00+00:00,M15:BUY_SIDE:3024,BUY_SIDE,M15,1.18666,9.999999999998899e-05,1.3044321667849492,1.4817136886102404,False,1,CONFIRMED,NEUTRAL,0.00042000000000008697,NO_DISPLACEMENT
3030,2026-02-16 13:30:00+00:00,M15:SELL_SIDE:3027,SELL_SIDE,M15,1.18609,0.0001100000000000545,0.9759750472739055,1.2158859470468433,True,1,CONFIRMED,NEUTRAL,-0.0005299999999999194,NO_DISPLACEMENT
3033,2026-02-16 14:15:00+00:00,M15:SELL_SIDE:3018,SELL_SIDE,M15,1.18565,0.0003500000000000725,1.491655539606646,1.2538461538461538,True,-1,CONFIRMED,NEUTRAL,-0.000660000000000105,NO_DISPLACEMENT
3047,2026-02-16 17:45:00+00:00,M15:SELL_SIDE:3043,SELL_SIDE,M15,1.18516,0.000140000000000029,0.9614730411329955,1.4196567862714509,True,1,CONFIRMED,NEUTRAL,0.0003900000000001125,NO_DISPLACEMENT
3051,2026-02-16 18:45:00+00:00,H4:SELL_SIDE:314,SELL_SIDE,H4,1.18468,8.999999999992347e-05,1.6503247834487627,1.1912408759124087,True,1,CONFIRMED,BEARISH,-0.0009900000000000464,NO_DISPLACEMENT
3051,2026-02-16 18:45:00+00:00,M15:SELL_SIDE:2951,SELL_SIDE,M15,1.18473,0.000140000000000029,1.6503247834487627,1.1912408759124087,True,1,CONFIRMED,BEARISH,-0.0009900000000000464,NO_DISPLACEMENT
3051,2026-02-16 18:45:00+00:00,M15:SELL_SIDE:3037,SELL_SIDE,M15,1.18481,0.00021999999999988695,1.6503247834487627,1.1912408759124087,True,1,CONFIRMED,BEARISH,-0.0009900000000000464,NO_DISPLACEMENT
3051,2026-02-16 18:45:00+00:00,M15:SELL_SIDE:3047,SELL_SIDE,M15,1.18502,0.00042999999999993044,1.6503247834487627,1.1912408759124087,True,1,CONFIRMED,BEARISH,-0.0009900000000000464,NO_DISPLACEMENT
3054,2026-02-16 19:30:00+00:00,M15:SELL_SIDE:3051,SELL_SIDE,M15,1.18459,0.000360000000000138,1.4990707615264092,0.6131386861313869,True,1,CONFIRMED,BEARISH,-0.0006800000000000139,NO_DISPLACEMENT
3071,2026-02-16 23:45:00+00:00,M15:SELL_SIDE:3063,SELL_SIDE,M15,1.18503,8.000000000008001e-05,0.6814943620894548,0.3141831238779174,True,3,CONFIRMED,NEUTRAL,-0.00012999999999996348,NO_DISPLACEMENT
3077,2026-02-17 01:15:00+00:00,M15:SELL_SIDE:3072,SELL_SIDE,M15,1.18474,9.999999999998899e-05,1.1908113911191625,0.5141562853907135,True,1,CONFIRMED,BEARISH,-0.0004499999999998394,NO_DISPLACEMENT
3080,2026-02-17 02:00:00+00:00,M15:BUY_SIDE:3076,BUY_SIDE,M15,1.18518,1.0000000000065512e-05,1.5367137536427,1.2916666666666667,True,1,CONFIRMED,BEARISH,-0.0001500000000000945,NO_DISPLACEMENT
3081,2026-02-17 02:15:00+00:00,M15:SELL_SIDE:3058,SELL_SIDE,M15,1.18464,1.999999999990898e-05,1.3584884393106664,1.0441176470588236,True,-1,CONFIRMED,BEARISH,-0.00035999999999991594,NO_DISPLACEMENT
3082,2026-02-17 02:30:00+00:00,M15:SELL_SIDE:3054,SELL_SIDE,M15,1.18423,7.999999999985796e-05,1.951533718467611,1.3651960784313726,True,1,CONFIRMED,NEUTRAL,-0.0007300000000001194,NO_DISPLACEMENT
3092,2026-02-17 05:00:00+00:00,M15:SELL_SIDE:3085,SELL_SIDE,M15,1.18392,0.00017000000000000348,1.3600298698545308,2.0,True,1,CONFIRMED,BEARISH,-0.00018999999999991246,NO_DISPLACEMENT
3097,2026-02-17 06:15:00+00:00,M15:SELL_SIDE:3094,SELL_SIDE,M15,1.18366,0.00025999999999992696,2.157246209841883,0.956953642384106,True,1,CONFIRMED,BEARISH,-0.000260000000000149,NO_DISPLACEMENT
3104,2026-02-17 08:00:00+00:00,M15:BUY_SIDE:3097,BUY_SIDE,M15,1.18423,0.000320000000000098,1.0795168752831787,1.8471986417657045,False,-1,WEAK,NEUTRAL,0.00045000000000006146,NO_DISPLACEMENT
3109,2026-02-17 09:15:00+00:00,M15:SELL_SIDE:3097,SELL_SIDE,M15,1.1834,5.0000000000105516e-05,1.5475218907494577,2.503205128205128,True,-1,CONFIRMED,NEUTRAL,-0.0005800000000000249,NO_DISPLACEMENT
3109,2026-02-17 09:15:00+00:00,M15:SELL_SIDE:3101,SELL_SIDE,M15,1.18355,0.00020000000000020002,1.5475218907494577,2.503205128205128,False,-1,WEAK,NEUTRAL,-0.0005800000000000249,NO_DISPLACEMENT
3110,2026-02-17 09:30:00+00:00,H4:SELL_SIDE:303,SELL_SIDE,H4,1.18328,0.00012000000000012001,0.9919919090250172,3.433846153846154,False,3,CONFIRMED,NEUTRAL,-0.0006099999999999994,NO_DISPLACEMENT
3117,2026-02-17 11:15:00+00:00,M15:BUY_SIDE:3088,BUY_SIDE,M15,1.18472,1.999999999990898e-05,1.268601777887908,2.13022113022113,True,1,CONFIRMED,BEARISH,0.0003300000000001635,NO_DISPLACEMENT
3117,2026-02-17 11:15:00+00:00,M15:BUY_SIDE:3104,BUY_SIDE,M15,1.18455,0.00018999999999991246,1.268601777887908,2.13022113022113,False,1,CONFIRMED,BEARISH,0.0003300000000001635,NO_DISPLACEMENT
3126,2026-02-17 13:30:00+00:00,M15:SELL_SIDE:3121,SELL_SIDE,M15,1.18374,2.999999999997449e-05,1.297461279695503,1.2307692307692308,True,-1,CONFIRMED,BULLISH,-0.0003500000000000725,NO_DISPLACEMENT
3127,2026-02-17 13:45:00+00:00,M15:SELL_SIDE:3111,SELL_SIDE,M15,1.18278,0.00038000000000004697,2.523482587258164,1.978688524590164,True,1,CONFIRMED,BULLISH,-0.0016200000000001769,NO_DISPLACEMENT
3132,2026-02-17 15:00:00+00:00,M15:SELL_SIDE:3127,SELL_SIDE,M15,1.1824,2.999999999997449e-05,1.1338694920887067,1.9444444444444444,True,1,CONFIRMED,NEUTRAL,-0.0014099999999999113,NO_DISPLACEMENT
3134,2026-02-17 15:30:00+00:00,M15:SELL_SIDE:2520,SELL_SIDE,M15,1.18177,1.999999999990898e-05,1.6186627812562395,2.304843304843305,True,1,CONFIRMED,NEUTRAL,-0.002389999999999892,NO_DISPLACEMENT
3135,2026-02-17 15:45:00+00:00,M15:SELL_SIDE:2512,SELL_SIDE,M15,1.18159,0.00012999999999996348,1.8477385318217125,3.1234735413839894,True,1,CONFIRMED,NEUTRAL,-0.0021199999999998997,NO_DISPLACEMENT
3140,2026-02-17 17:00:00+00:00,M15:SELL_SIDE:3135,SELL_SIDE,M15,1.18146,0.00025999999999992696,1.5744352659064553,3.119795003203075,False,-1,WEAK,NEUTRAL,-0.0014199999999999768,NO_DISPLACEMENT
3141,2026-02-17 17:15:00+00:00,M15:SELL_SIDE:2496,SELL_SIDE,M15,1.18078,9.999999999843467e-06,1.2696949215297357,2.08373786407767,False,1,CONFIRMED,BEARISH,-0.001980000000000093,NO_DISPLACEMENT
3141,2026-02-17 17:15:00+00:00,M15:SELL_SIDE:2500,SELL_SIDE,M15,1.18096,0.00018999999999991246,1.2696949215297357,2.08373786407767,False,2,CONFIRMED,BEARISH,-0.001980000000000093,NO_DISPLACEMENT
3142,2026-02-17 17:30:00+00:00,M15:SELL_SIDE:2470,SELL_SIDE,M15,1.18048,1.999999999990898e-05,0.851748382918608,2.188722669735328,True,1,CONFIRMED,BEARISH,-0.0019700000000000273,NO_DISPLACEMENT
3145,2026-02-17 18:15:00+00:00,M15:BUY_SIDE:3139,BUY_SIDE,M15,1.18281,0.00024000000000001798,1.2269992590466363,1.5527638190954773,True,-1,CONFIRMED,BEARISH,0.0005599999999998939,NO_DISPLACEMENT
3154,2026-02-17 20:30:00+00:00,M15:BUY_SIDE:3118,BUY_SIDE,M15,1.18498,0.0001900000000001345,1.27394979239106,1.1717983043284248,False,1,CONFIRMED,BEARISH,0.00291000000000019,NO_DISPLACEMENT
3155,2026-02-17 20:45:00+00:00,M15:BUY_SIDE:3080,BUY_SIDE,M15,1.18519,0.00012000000000012001,0.8095173161983038,0.8888888888888888,True,1,CONFIRMED,BEARISH,0.0020299999999999763,NO_DISPLACEMENT
3163,2026-02-17 22:45:00+00:00,M15:BUY_SIDE:3160,BUY_SIDE,M15,1.18505,0.00021000000000004349,0.9602015600512722,0.7485928705440901,False,-1,WEAK,NEUTRAL,0.0002900000000001235,NO_DISPLACEMENT
3166,2026-02-17 23:30:00+00:00,M15:BUY_SIDE:3155,BUY_SIDE,M15,1.18531,0.00012999999999996348,0.6124495243693086,0.14675446848541862,False,2,CONFIRMED,NEUTRAL,0.0007099999999999884,NO_DISPLACEMENT
3172,2026-02-18 01:00:00+00:00,M15:BUY_SIDE:3066,BUY_SIDE,M15,1.1855,0.00024000000000001798,1.2650184994953537,0.45605700712589076,True,1,CONFIRMED,BULLISH,0.0006599999999998829,NO_DISPLACEMENT
3178,2026-02-18 02:30:00+00:00,M15:SELL_SIDE:3170,SELL_SIDE,M15,1.18487,0.0001100000000000545,1.2393916626563548,0.4750880724710619,True,-1,CONFIRMED,BULLISH,-0.00022999999999995246,NO_DISPLACEMENT
3180,2026-02-18 03:00:00+00:00,M15:SELL_SIDE:3161,SELL_SIDE,M15,1.18453,0.000180000000000069,0.9630187292224075,0.7014767932489452,False,2,CONFIRMED,BULLISH,-0.0007200000000000539,NO_DISPLACEMENT
3181,2026-02-18 03:15:00+00:00,M15:SELL_SIDE:3158,SELL_SIDE,M15,1.18431,8.999999999992347e-05,0.55586217627881,0.4345273047563124,True,1,CONFIRMED,BULLISH,-0.0007600000000000939,NO_DISPLACEMENT
3185,2026-02-18 04:15:00+00:00,M15:SELL_SIDE:3181,SELL_SIDE,M15,1.18422,0.000180000000000069,1.179039229723111,0.7166123778501629,True,1,CONFIRMED,NEUTRAL,-0.0005899999999998684,NO_DISPLACEMENT
3192,2026-02-18 06:00:00+00:00,M15:SELL_SIDE:3185,SELL_SIDE,M15,1.18404,0.00012999999999996348,0.6587181142145684,0.7341772151898734,True,1,CONFIRMED,BEARISH,-0.00042999999999993044,NO_DISPLACEMENT
3196,2026-02-18 07:00:00+00:00,M15:BUY_SIDE:3193,BUY_SIDE,M15,1.18436,0.000140000000000029,0.9539838062225525,0.6111771700356718,False,1,CONFIRMED,BEARISH,-7.00000000000145e-05,NO_DISPLACEMENT
3199,2026-02-18 07:45:00+00:00,M15:BUY_SIDE:3196,BUY_SIDE,M15,1.1845,6.999999999979245e-05,1.0764763969115334,0.7226890756302521,False,1,CONFIRMED,BULLISH,5.999999999994898e-05,NO_DISPLACEMENT
3204,2026-02-18 09:00:00+00:00,M15:SELL_SIDE:3192,SELL_SIDE,M15,1.18391,5.0000000000105516e-05,1.953738164663056,2.5092989985693848,False,-1,WEAK,BULLISH,-0.0003500000000000725,NO_DISPLACEMENT
3204,2026-02-18 09:00:00+00:00,M15:SELL_SIDE:3200,SELL_SIDE,M15,1.18398,0.00012000000000012001,1.953738164663056,2.5092989985693848,False,-1,WEAK,BULLISH,-0.0003500000000000725,NO_DISPLACEMENT
3212,2026-02-18 11:00:00+00:00,M15:BUY_SIDE:3209,BUY_SIDE,M15,1.18381,4.0000000000040004e-05,1.7232650519358266,3.5278969957081543,True,1,CONFIRMED,BEARISH,-0.0007500000000000284,NO_DISPLACEMENT
3214,2026-02-18 11:30:00+00:00,M15:SELL_SIDE:3210,SELL_SIDE,M15,1.1828,1.0000000000065512e-05,1.4184510327237188,2.3333333333333335,True,1,CONFIRMED,NEUTRAL,-0.0008299999999998864,NO_DISPLACEMENT
3216,2026-02-18 12:00:00+00:00,M15:BUY_SIDE:3212,BUY_SIDE,M15,1.18385,0.00019999999999997797,1.0696522860908955,2.4938608458390177,False,2,CONFIRMED,NEUTRAL,0.0003900000000001125,NO_DISPLACEMENT
3225,2026-02-18 14:15:00+00:00,M15:BUY_SIDE:3217,BUY_SIDE,M15,1.18407,0.00022999999999995246,1.2053093894968818,1.7424547283702214,False,2,CONFIRMED,BULLISH,0.0006500000000000394,NO_DISPLACEMENT
3226,2026-02-18 14:30:00+00:00,M15:BUY_SIDE:3188,BUY_SIDE,M15,1.18467,4.0000000000040004e-05,1.3636568890740444,1.6952908587257618,True,1,CONFIRMED,BULLISH,0.0005199999999998539,NO_DISPLACEMENT
3226,2026-02-18 14:30:00+00:00,M15:BUY_SIDE:3200,BUY_SIDE,M15,1.18463,7.999999999985796e-05,1.3636568890740444,1.6952908587257618,True,1,CONFIRMED,BULLISH,0.0005199999999998539,NO_DISPLACEMENT
3228,2026-02-18 15:00:00+00:00,M15:BUY_SIDE:3184,BUY_SIDE,M15,1.18472,0.00012999999999996348,1.58585758943491,1.985634477254589,True,1,CONFIRMED,BULLISH,0.0010799999999999699,NO_DISPLACEMENT
3231,2026-02-18 15:45:00+00:00,M15:SELL_SIDE:3214,SELL_SIDE,M15,1.18279,0.00043999999999999595,1.5039906553068676,2.236060825488776,False,-1,WEAK,BULLISH,-0.0008399999999999519,NO_DISPLACEMENT
3231,2026-02-18 15:45:00+00:00,M15:SELL_SIDE:3220,SELL_SIDE,M15,1.1829,0.0005500000000000504,1.5039906553068676,2.236060825488776,False,-1,WEAK,BULLISH,-0.0008399999999999519,NO_DISPLACEMENT
3241,2026-02-18 18:15:00+00:00,M15:SELL_SIDE:3233,SELL_SIDE,M15,1.1812,5.0000000000105516e-05,1.0122636107915242,1.432013769363167,True,-1,CONFIRMED,NEUTRAL,-0.0011100000000001664,NO_DISPLACEMENT
3246,2026-02-18 19:30:00+00:00,H4:SELL_SIDE:328,SELL_SIDE,H4,1.1804,0.00019999999999997797,1.0405125155136226,1.0167296276308688,True,1,CONFIRMED,NEUTRAL,-0.0015399999999998748,NO_DISPLACEMENT
3251,2026-02-18 20:45:00+00:00,M15:SELL_SIDE:2459,SELL_SIDE,M15,1.17877,0.0002300000000001745,0.8778383184407876,1.094488188976378,True,-1,CONFIRMED,NEUTRAL,-0.0022299999999999542,NO_DISPLACEMENT
3253,2026-02-18 21:15:00+00:00,M15:SELL_SIDE:2454,SELL_SIDE,M15,1.17854,0.00029999999999996696,0.8798843540568504,0.9534450651769087,False,2,CONFIRMED,NEUTRAL,-0.0024200000000000887,NO_DISPLACEMENT
3258,2026-02-18 22:30:00+00:00,M15:SELL_SIDE:3254,SELL_SIDE,M15,1.17823,5.0000000000105516e-05,0.7117124731819323,0.5456238361266295,True,1,CONFIRMED,BEARISH,-0.0019400000000000528,NO_DISPLACEMENT
3265,2026-02-19 00:15:00+00:00,M15:SELL_SIDE:3259,SELL_SIDE,M15,1.178,0.00022999999999995246,1.2794254536556748,0.15161290322580645,True,1,CONFIRMED,BEARISH,-0.00032999999999994145,NO_DISPLACEMENT
3268,2026-02-19 01:00:00+00:00,M15:BUY_SIDE:3260,BUY_SIDE,M15,1.17871,0.0001900000000001345,0.6849008284185665,0.41935483870967744,False,-1,WEAK,BEARISH,0.0006299999999999084,NO_DISPLACEMENT
3274,2026-02-19 02:30:00+00:00,M15:BUY_SIDE:3256,BUY_SIDE,M15,1.17902,2.0000000000131024e-05,1.1984509646351522,0.7043010752688172,True,1,CONFIRMED,NEUTRAL,0.00021999999999988695,NO_DISPLACEMENT
3274,2026-02-19 02:30:00+00:00,M15:BUY_SIDE:3269,BUY_SIDE,M15,1.17895,9.000000000014552e-05,1.1984509646351522,0.7043010752688172,True,-1,CONFIRMED,NEUTRAL,0.00021999999999988695,NO_DISPLACEMENT
3282,2026-02-19 04:30:00+00:00,M15:BUY_SIDE:3252,BUY_SIDE,M15,1.17951,4.0000000000040004e-05,0.7246984194929608,0.5141015310233682,True,1,CONFIRMED,BULLISH,0.0007299999999998974,NO_DISPLACEMENT
3288,2026-02-19 06:00:00+00:00,M15:SELL_SIDE:3285,SELL_SIDE,M15,1.17873,5.999999999994898e-05,1.1786895164315125,0.8035320088300221,False,3,CONFIRMED,BULLISH,-0.000460000000000127,NO_DISPLACEMENT
3289,2026-02-19 06:15:00+00:00,M15:SELL_SIDE:3274,SELL_SIDE,M15,1.17851,0.00014999999999987246,1.1415653812407893,0.9977777777777778,True,2,CONFIRMED,BULLISH,-0.0008900000000000574,NO_DISPLACEMENT
3294,2026-02-19 07:30:00+00:00,M15:BUY_SIDE:3288,BUY_SIDE,M15,1.17915,9.000000000014552e-05,0.9901584864665715,0.8454661558109834,False,1,CONFIRMED,BEARISH,5.0000000000105516e-05,NO_DISPLACEMENT
3297,2026-02-19 08:15:00+00:00,M15:BUY_SIDE:3282,BUY_SIDE,M15,1.17955,0.00031999999999987594,1.3934172341531148,1.685823754789272,False,3,CONFIRMED,BEARISH,0.0007699999999999374,NO_DISPLACEMENT
3302,2026-02-19 09:30:00+00:00,M15:BUY_SIDE:3299,BUY_SIDE,M15,1.18008,0.0001100000000000545,1.634462318089523,2.2784163473818646,True,1,CONFIRMED,NEUTRAL,0.0013400000000001189,NO_DISPLACEMENT
3312,2026-02-19 12:00:00+00:00,M15:SELL_SIDE:3305,SELL_SIDE,M15,1.17969,5.999999999994898e-05,1.2051493268906404,2.9700460829493087,False,-1,WEAK,BULLISH,-0.00042000000000008697,NO_DISPLACEMENT
3313,2026-02-19 12:15:00+00:00,M15:SELL_SIDE:3301,SELL_SIDE,M15,1.17924,0.00034000000000000696,1.4301118545916767,2.1715575620767495,False,-1,WEAK,BULLISH,-0.0010499999999999954,NO_DISPLACEMENT
3315,2026-02-19 12:45:00+00:00,M15:SELL_SIDE:3289,SELL_SIDE,M15,1.17836,6.000000000017103e-05,1.6770801718984754,2.1355555555555554,True,1,CONFIRMED,BULLISH,-0.0008999999999999009,NO_DISPLACEMENT
3317,2026-02-19 13:15:00+00:00,H4:SELL_SIDE:336,SELL_SIDE,H4,1.17777,0.0001100000000000545,2.016981713645522,1.9702675916749257,True,2,CONFIRMED,BULLISH,-0.001980000000000093,NO_DISPLACEMENT
3324,2026-02-19 15:00:00+00:00,H4:SELL_SIDE:282,SELL_SIDE,H4,1.17656,0.0013800000000001589,2.525470963202825,1.1795252225519288,False,-1,WEAK,BULLISH,-0.003270000000000106,NO_DISPLACEMENT
3327,2026-02-19 15:45:00+00:00,M15:SELL_SIDE:3324,SELL_SIDE,M15,1.17518,5.999999999994898e-05,1.7796581034122467,1.2383386581469649,True,-1,CONFIRMED,NEUTRAL,-0.0015999999999998238,NO_DISPLACEMENT
3329,2026-02-19 16:15:00+00:00,M15:SELL_SIDE:1513,SELL_SIDE,M15,1.17463,0.00045000000000006146,1.1855103296832357,1.910151691948658,True,1,CONFIRMED,NEUTRAL,-0.0032200000000000006,NO_DISPLACEMENT
3332,2026-02-19 17:00:00+00:00,M15:BUY_SIDE:3328,BUY_SIDE,M15,1.17662,0.0006500000000000394,2.4760157287730777,3.3969465648854964,True,1,CONFIRMED,BEARISH,-0.0012099999999999334,NO_DISPLACEMENT
3335,2026-02-19 17:45:00+00:00,M15:BUY_SIDE:3332,BUY_SIDE,M15,1.17727,0.00026999999999999247,1.4841923881980599,2.2996294335627314,True,1,CONFIRMED,NEUTRAL,0.00030999999999981043,NO_DISPLACEMENT
3340,2026-02-19 19:00:00+00:00,M15:SELL_SIDE:3336,SELL_SIDE,M15,1.1758,0.00019999999999997797,0.6195507788786786,1.2396039603960396,True,1,CONFIRMED,NEUTRAL,0.0008099999999999774,NO_DISPLACEMENT
3344,2026-02-19 20:00:00+00:00,M15:BUY_SIDE:3338,BUY_SIDE,M15,1.17706,1.0000000000065512e-05,0.7418478910988032,0.8003923491907798,True,1,CONFIRMED,BEARISH,0.0006099999999999994,NO_DISPLACEMENT
3358,2026-02-19 23:30:00+00:00,M15:BUY_SIDE:3335,BUY_SIDE,M15,1.17754,0.00018999999999991246,0.8523738934345348,0.26204039357845677,False,1,CONFIRMED,BULLISH,0.0007899999999998464,NO_DISPLACEMENT
3358,2026-02-19 23:30:00+00:00,M15:BUY_SIDE:3347,BUY_SIDE,M15,1.17741,0.00031999999999987594,0.8523738934345348,0.26204039357845677,False,1,CONFIRMED,BULLISH,0.0007899999999998464,NO_DISPLACEMENT
3366,2026-02-20 01:30:00+00:00,M15:SELL_SIDE:3360,SELL_SIDE,M15,1.17697,2.0000000000131024e-05,0.6564039678394382,0.3240223463687151,False,-1,WEAK,NEUTRAL,-8.999999999992347e-05,NO_DISPLACEMENT
3372,2026-02-20 03:00:00+00:00,M15:SELL_SIDE:3368,SELL_SIDE,M15,1.17666,9.999999999998899e-05,1.333116094925134,0.8497267759562842,False,-1,WEAK,BEARISH,-0.0006699999999999484,NO_DISPLACEMENT
3374,2026-02-20 03:30:00+00:00,M15:SELL_SIDE:3340,SELL_SIDE,M15,1.1756,1.0000000000065512e-05,1.4872789871412733,0.8660652324774463,True,1,CONFIRMED,BEARISH,-0.0016699999999998383,NO_DISPLACEMENT
3374,2026-02-20 03:30:00+00:00,M15:SELL_SIDE:3350,SELL_SIDE,M15,1.17591,0.000320000000000098,1.4872789871412733,0.8660652324774463,False,-1,WEAK,BEARISH,-0.0016699999999998383,NO_DISPLACEMENT
3379,2026-02-20 04:45:00+00:00,M15:SELL_SIDE:3375,SELL_SIDE,M15,1.1755,0.00017000000000000348,0.577354593859776,0.7286184210526315,False,1,CONFIRMED,BEARISH,-0.0013699999999998713,NO_DISPLACEMENT
3384,2026-02-20 06:00:00+00:00,M15:BUY_SIDE:3381,BUY_SIDE,M15,1.17588,5.999999999994898e-05,0.6860439445276075,0.5657764589515332,True,1,CONFIRMED,BEARISH,0.00011999999999989797,NO_DISPLACEMENT
3387,2026-02-20 06:45:00+00:00,M15:SELL_SIDE:3379,SELL_SIDE,M15,1.17533,9.999999999998899e-05,0.6433618212777814,0.8256467941507312,False,2,CONFIRMED,NEUTRAL,-0.0003300000000001635,NO_DISPLACEMENT
3396,2026-02-20 09:00:00+00:00,M15:BUY_SIDE:3385,BUY_SIDE,M15,1.17596,0.0001900000000001345,1.6912459294447049,2.536774193548387,False,1,CONFIRMED,BEARISH,0.0006799999999997919,NO_DISPLACEMENT
3396,2026-02-20 09:00:00+00:00,M15:BUY_SIDE:3391,BUY_SIDE,M15,1.17567,0.00048000000000003595,1.6912459294447049,2.536774193548387,False,3,CONFIRMED,BEARISH,0.0006799999999997919,NO_DISPLACEMENT
3399,2026-02-20 09:45:00+00:00,M15:SELL_SIDE:3388,SELL_SIDE,M15,1.175,4.0000000000040004e-05,1.726488505679339,3.0116129032258065,True,2,CONFIRMED,NEUTRAL,-0.00028999999999990145,NO_DISPLACEMENT
3399,2026-02-20 09:45:00+00:00,M15:SELL_SIDE:3395,SELL_SIDE,M15,1.17513,0.00017000000000000348,1.726488505679339,3.0116129032258065,False,2,CONFIRMED,NEUTRAL,-0.00028999999999990145,NO_DISPLACEMENT
3402,2026-02-20 10:30:00+00:00,M15:BUY_SIDE:3398,BUY_SIDE,M15,1.17626,7.999999999985796e-05,1.4381273463240234,3.512258064516129,True,1,CONFIRMED,NEUTRAL,0.000500000000000167,NO_DISPLACEMENT
3415,2026-02-20 13:45:00+00:00,M15:BUY_SIDE:3408,BUY_SIDE,M15,1.17687,2.999999999997449e-05,0.5728053391463614,0.9620938628158845,True,1,CONFIRMED,BULLISH,1.999999999990898e-05,NO_DISPLACEMENT
3419,2026-02-20 14:45:00+00:00,M15:BUY_SIDE:3416,BUY_SIDE,M15,1.17691,0.000180000000000069,1.1568694905228083,1.575657894736842,True,1,CONFIRMED,BULLISH,0.0006299999999999084,NO_DISPLACEMENT
3421,2026-02-20 15:15:00+00:00,M15:BUY_SIDE:3364,BUY_SIDE,M15,1.17756,0.00016000000000016001,1.8011838759892185,2.1185770750988144,False,1,CONFIRMED,BULLISH,0.0012499999999999734,NO_DISPLACEMENT
3421,2026-02-20 15:15:00+00:00,M15:BUY_SIDE:3371,BUY_SIDE,M15,1.17721,0.0005100000000000104,1.8011838759892185,2.1185770750988144,False,1,CONFIRMED,BULLISH,0.0012499999999999734,NO_DISPLACEMENT
3422,2026-02-20 15:30:00+00:00,M15:BUY_SIDE:3359,BUY_SIDE,M15,1.17778,0.0004999999999999449,3.434089261305854,5.198799699924981,True,1,CONFIRMED,BULLISH,7.00000000000145e-05,NO_DISPLACEMENT
3422,2026-02-20 15:30:00+00:00,M15:SELL_SIDE:3417,SELL_SIDE,M15,1.17632,0.0005500000000000504,3.434089261305854,5.198799699924981,False,1,CONFIRMED,BULLISH,7.00000000000145e-05,NO_DISPLACEMENT
3426,2026-02-20 16:30:00+00:00,M15:SELL_SIDE:3409,SELL_SIDE,M15,1.17571,0.00012000000000012001,1.1057113322102339,2.7551454932576296,True,1,CONFIRMED,NEUTRAL,-0.00015999999999993797,NO_DISPLACEMENT
3428,2026-02-20 17:00:00+00:00,M15:BUY_SIDE:3422,BUY_SIDE,M15,1.17828,0.0016400000000000858,4.194722863071236,9.731210191082802,False,-1,WEAK,NEUTRAL,0.0027000000000001467,NO_DISPLACEMENT
3441,2026-02-20 20:15:00+00:00,M15:BUY_SIDE:3436,BUY_SIDE,M15,1.1785,0.0005299999999999194,0.976039093056273,1.583224115334207,False,3,CONFIRMED,NEUTRAL,8.000000000008001e-05,NO_DISPLACEMENT
3456,2026-02-23 00:00:00+00:00,M15:BUY_SIDE:3453,BUY_SIDE,M15,1.17912,0.0004300000000001525,0.6673439218760367,0.12774655084312725,False,-1,WEAK,NEUTRAL,0.0011799999999999589,NO_DISPLACEMENT
3460,2026-02-23 01:00:00+00:00,H4:BUY_SIDE:338,BUY_SIDE,H4,1.18076,0.0001100000000000545,1.9744961963013095,0.7654573326520184,False,-1,WEAK,BULLISH,0.0022599999999999287,NO_DISPLACEMENT
3460,2026-02-23 01:00:00+00:00,M15:BUY_SIDE:3442,BUY_SIDE,M15,1.17989,0.0009799999999999809,1.9744961963013095,0.7654573326520184,False,-1,WEAK,BULLISH,0.0022599999999999287,NO_DISPLACEMENT
3460,2026-02-23 01:00:00+00:00,M15:BUY_SIDE:3457,BUY_SIDE,M15,1.1797,0.0011700000000001154,1.9744961963013095,0.7654573326520184,False,-1,WEAK,BULLISH,0.0022599999999999287,NO_DISPLACEMENT
3463,2026-02-23 01:45:00+00:00,M15:BUY_SIDE:3236,BUY_SIDE,M15,1.18267,0.0007899999999998464,1.2442537681440093,0.7984293193717278,False,2,CONFIRMED,BULLISH,0.004329999999999945,NO_DISPLACEMENT
3463,2026-02-23 01:45:00+00:00,M15:BUY_SIDE:3239,BUY_SIDE,M15,1.18263,0.0008299999999998864,1.2442537681440093,0.7984293193717278,False,-1,WEAK,BULLISH,0.004329999999999945,NO_DISPLACEMENT
3469,2026-02-23 03:15:00+00:00,M15:SELL_SIDE:3465,SELL_SIDE,M15,1.18225,0.00012000000000012001,1.0480967298650388,0.9546178343949044,False,1,CONFIRMED,NEUTRAL,0.00275000000000003,NO_DISPLACEMENT
3476,2026-02-23 05:00:00+00:00,M15:SELL_SIDE:3470,SELL_SIDE,M15,1.18205,9.000000000014552e-05,1.0907361437093908,0.5593464680442095,False,3,CONFIRMED,BEARISH,-0.0010799999999999699,NO_DISPLACEMENT
3484,2026-02-23 07:00:00+00:00,M15:SELL_SIDE:3478,SELL_SIDE,M15,1.18164,7.00000000000145e-05,0.8131373924770118,0.441340782122905,False,2,CONFIRMED,BEARISH,-0.0012600000000000389,NO_DISPLACEMENT
3488,2026-02-23 08:00:00+00:00,M15:BUY_SIDE:3479,BUY_SIDE,M15,1.1824,0.0002900000000001235,1.7559571989199856,0.8560311284046692,False,-1,WEAK,BEARISH,0.0007200000000000539,NO_DISPLACEMENT
3489,2026-02-23 08:15:00+00:00,M15:BUY_SIDE:3472,BUY_SIDE,M15,1.1831,0.00026999999999999247,1.2318828177388153,1.0319066147859923,False,1,CONFIRMED,BEARISH,0.0007999999999999119,NO_DISPLACEMENT
3489,2026-02-23 08:15:00+00:00,M15:BUY_SIDE:3475,BUY_SIDE,M15,1.18307,0.00029999999999996696,1.2318828177388153,1.0319066147859923,False,1,CONFIRMED,BEARISH,0.0007999999999999119,NO_DISPLACEMENT
3497,2026-02-23 10:15:00+00:00,M15:SELL_SIDE:3485,SELL_SIDE,M15,1.18149,7.999999999985796e-05,1.0780972847897627,1.8850771869639795,True,-1,CONFIRMED,BEARISH,-0.00018999999999991246,NO_DISPLACEMENT
3508,2026-02-23 13:00:00+00:00,M15:SELL_SIDE:3460,SELL_SIDE,M15,1.17928,0.000180000000000069,1.3415424624768935,1.0234680573663624,False,-1,WEAK,BEARISH,-0.0019100000000000783,NO_DISPLACEMENT
3508,2026-02-23 13:00:00+00:00,M15:SELL_SIDE:3504,SELL_SIDE,M15,1.1795,0.00039999999999995595,1.3415424624768935,1.0234680573663624,False,-1,WEAK,BEARISH,-0.0019100000000000783,NO_DISPLACEMENT
3513,2026-02-23 14:15:00+00:00,M15:SELL_SIDE:3448,SELL_SIDE,M15,1.17774,0.00029999999999996696,1.55689783581442,1.2778457772337821,False,1,CONFIRMED,BEARISH,-0.0024200000000000887,NO_DISPLACEMENT
3513,2026-02-23 14:15:00+00:00,M15:SELL_SIDE:3455,SELL_SIDE,M15,1.17795,0.0005100000000000104,1.55689783581442,1.2778457772337821,False,2,CONFIRMED,BEARISH,-0.0024200000000000887,NO_DISPLACEMENT
3513,2026-02-23 14:15:00+00:00,M15:SELL_SIDE:3510,SELL_SIDE,M15,1.17808,0.0006399999999999739,1.55689783581442,1.2778457772337821,False,2,CONFIRMED,BEARISH,-0.0024200000000000887,NO_DISPLACEMENT
3521,2026-02-23 16:15:00+00:00,M15:BUY_SIDE:3507,BUY_SIDE,M15,1.18007,0.00019999999999997797,1.2747683619635481,1.2741087083576856,True,1,CONFIRMED,BEARISH,0.0009799999999999809,NO_DISPLACEMENT
3527,2026-02-23 17:45:00+00:00,M15:SELL_SIDE:3523,SELL_SIDE,M15,1.17942,0.00022999999999995246,1.3027021988685925,1.9624101713653952,True,2,CONFIRMED,BULLISH,0.00019999999999997797,NO_DISPLACEMENT
3542,2026-02-23 21:30:00+00:00,M15:SELL_SIDE:3534,SELL_SIDE,M15,1.17905,0.00022999999999995246,1.0951735452897597,0.5927758535378526,False,1,CONFIRMED,NEUTRAL,-0.001140000000000141,NO_DISPLACEMENT
3545,2026-02-23 22:15:00+00:00,M15:SELL_SIDE:3528,SELL_SIDE,M15,1.17881,9.999999999843467e-06,0.967599751887791,0.5973895582329317,True,1,CONFIRMED,BEARISH,-0.0005399999999999849,NO_DISPLACEMENT
3558,2026-02-24 01:30:00+00:00,M15:BUY_SIDE:3545,BUY_SIDE,M15,1.17938,4.999999999988347e-05,1.0500127803745885,0.378317334839074,True,1,CONFIRMED,BEARISH,0.00036999999999998145,NO_DISPLACEMENT
3562,2026-02-24 02:30:00+00:00,M15:BUY_SIDE:3559,BUY_SIDE,M15,1.17952,9.999999999998899e-05,1.4348991821610133,0.8731604765241766,True,1,CONFIRMED,NEUTRAL,0.0006699999999999484,NO_DISPLACEMENT
3564,2026-02-24 03:00:00+00:00,M15:SELL_SIDE:3551,SELL_SIDE,M15,1.17839,0.00026999999999999247,1.3763766519122747,1.4371626831148805,False,-1,WEAK,NEUTRAL,-0.00038999999999989043,NO_DISPLACEMENT
3565,2026-02-24 03:15:00+00:00,H4:SELL_SIDE:351,SELL_SIDE,H4,1.17744,0.000260000000000149,2.2123897534382646,1.6576715497301464,False,1,CONFIRMED,NEUTRAL,-0.0013300000000000534,NO_DISPLACEMENT
3572,2026-02-24 05:00:00+00:00,M15:BUY_SIDE:3568,BUY_SIDE,M15,1.17845,7.00000000000145e-05,0.6136347587760793,0.5570469798657718,True,1,CONFIRMED,BEARISH,-0.0010299999999998644,NO_DISPLACEMENT
3577,2026-02-24 06:15:00+00:00,M15:SELL_SIDE:3566,SELL_SIDE,M15,1.17713,5.999999999994898e-05,0.7768178900446403,0.5645933014354066,False,3,CONFIRMED,NEUTRAL,-0.0010700000000001264,NO_DISPLACEMENT
3590,2026-02-24 09:30:00+00:00,M15:BUY_SIDE:3584,BUY_SIDE,M15,1.17822,1.0000000000065512e-05,1.3625172030916983,3.2289780077619663,True,1,CONFIRMED,NEUTRAL,0.0008699999999999264,NO_DISPLACEMENT
3593,2026-02-24 10:15:00+00:00,M15:BUY_SIDE:3572,BUY_SIDE,M15,1.17852,0.00028999999999990145,1.9728859875921785,3.761966364812419,False,2,CONFIRMED,BULLISH,0.0007500000000000284,NO_DISPLACEMENT
3593,2026-02-24 10:15:00+00:00,M15:BUY_SIDE:3590,BUY_SIDE,M15,1.17823,0.0005799999999998029,1.9728859875921785,3.761966364812419,False,-1,WEAK,BULLISH,0.0007500000000000284,NO_DISPLACEMENT
3601,2026-02-24 12:15:00+00:00,M15:SELL_SIDE:3596,SELL_SIDE,M15,1.1783,7.999999999985796e-05,0.633100322309947,1.5485327313769752,True,1,CONFIRMED,BULLISH,0.0006199999999998429,NO_DISPLACEMENT
3604,2026-02-24 13:00:00+00:00,M15:SELL_SIDE:3601,SELL_SIDE,M15,1.17822,0.000220000000000109,1.1087345061617848,1.890764647467726,False,-1,WEAK,BEARISH,-0.0005900000000000905,NO_DISPLACEMENT
3609,2026-02-24 14:15:00+00:00,M15:SELL_SIDE:3592,SELL_SIDE,M15,1.17732,9.999999999843467e-06,0.6320943456365652,1.2391304347826086,True,1,CONFIRMED,BEARISH,-0.0013600000000000279,NO_DISPLACEMENT
3614,2026-02-24 15:30:00+00:00,M15:SELL_SIDE:3588,SELL_SIDE,M15,1.17714,1.0000000000065512e-05,1.2742693822116868,1.5821305841924398,False,1,CONFIRMED,BEARISH,-0.0010599999999998388,NO_DISPLACEMENT
3614,2026-02-24 15:30:00+00:00,M15:SELL_SIDE:3611,SELL_SIDE,M15,1.17725,0.00011999999999989797,1.2742693822116868,1.5821305841924398,False,3,CONFIRMED,BEARISH,-0.0010599999999998388,NO_DISPLACEMENT
3616,2026-02-24 16:00:00+00:00,H4:SELL_SIDE:355,SELL_SIDE,H4,1.17678,9.999999999843467e-06,1.6359534600655419,2.0742268041237115,True,1,CONFIRMED,BEARISH,-0.0012199999999999989,NO_DISPLACEMENT
3620,2026-02-24 17:00:00+00:00,M15:SELL_SIDE:3617,SELL_SIDE,M15,1.17672,2.999999999997449e-05,1.136951800878919,2.6024242424242425,True,1,CONFIRMED,BEARISH,-0.0005500000000000504,NO_DISPLACEMENT
3622,2026-02-24 17:30:00+00:00,M15:BUY_SIDE:3618,BUY_SIDE,M15,1.17785,0.00024000000000001798,1.7226510497241714,2.0104408352668215,True,1,CONFIRMED,BEARISH,-0.00034999999999985043,NO_DISPLACEMENT
3624,2026-02-24 18:00:00+00:00,M15:BUY_SIDE:3611,BUY_SIDE,M15,1.17836,0.00022999999999995246,1.988605939574868,1.8194905869324474,False,-1,WEAK,BEARISH,0.0014099999999999113,NO_DISPLACEMENT
3640,2026-02-24 22:00:00+00:00,M15:SELL_SIDE:3636,SELL_SIDE,M15,1.17763,1.999999999990898e-05,0.6146044610679016,0.47192285876347134,True,1,CONFIRMED,NEUTRAL,-0.0008799999999999919,NO_DISPLACEMENT
3644,2026-02-24 23:00:00+00:00,M15:SELL_SIDE:3641,SELL_SIDE,M15,1.1775,9.999999999998899e-05,0.5069555766342043,0.3139604553624925,False,1,CONFIRMED,BEARISH,-0.00042999999999993044,NO_DISPLACEMENT
3656,2026-02-25 02:00:00+00:00,M15:BUY_SIDE:3650,BUY_SIDE,M15,1.17769,1.0000000000065512e-05,1.0430232912287456,0.5281173594132029,True,1,CONFIRMED,BEARISH,2.0000000000131024e-05,NO_DISPLACEMENT
3664,2026-02-25 04:00:00+00:00,M15:BUY_SIDE:3638,BUY_SIDE,M15,1.17841,2.999999999997449e-05,1.6406127171878586,0.98005698005698,False,-1,WEAK,NEUTRAL,0.0009900000000000464,NO_DISPLACEMENT
3664,2026-02-25 04:00:00+00:00,M15:BUY_SIDE:3642,BUY_SIDE,M15,1.17834,9.999999999998899e-05,1.6406127171878586,0.98005698005698,False,-1,WEAK,NEUTRAL,0.0009900000000000464,NO_DISPLACEMENT
3667,2026-02-25 04:45:00+00:00,M15:BUY_SIDE:3598,BUY_SIDE,M15,1.17929,4.0000000000040004e-05,1.4701045928074163,1.693798449612403,True,1,CONFIRMED,NEUTRAL,0.0015300000000000313,NO_DISPLACEMENT
3667,2026-02-25 04:45:00+00:00,M15:BUY_SIDE:3602,BUY_SIDE,M15,1.1791,0.00022999999999995246,1.4701045928074163,1.693798449612403,False,1,CONFIRMED,NEUTRAL,0.0015300000000000313,NO_DISPLACEMENT
3667,2026-02-25 04:45:00+00:00,M15:BUY_SIDE:3625,BUY_SIDE,M15,1.17901,0.000320000000000098,1.4701045928074163,1.693798449612403,False,1,CONFIRMED,NEUTRAL,0.0015300000000000313,NO_DISPLACEMENT
3675,2026-02-25 06:45:00+00:00,M15:BUY_SIDE:3668,BUY_SIDE,M15,1.17942,0.000180000000000069,0.9992423359126681,0.7497467071935157,False,-1,WEAK,BULLISH,0.0010300000000000864,NO_DISPLACEMENT
3676,2026-02-25 07:00:00+00:00,M15:BUY_SIDE:3562,BUY_SIDE,M15,1.17962,0.0001900000000001345,0.9776798754408197,0.9979633401221996,False,-1,WEAK,BULLISH,0.0007999999999999119,NO_DISPLACEMENT
3678,2026-02-25 07:30:00+00:00,M15:BUY_SIDE:3538,BUY_SIDE,M15,1.18009,0.00038999999999989043,1.684935407825347,0.9785495403472931,False,1,CONFIRMED,BULLISH,0.0018000000000000238,NO_DISPLACEMENT
3683,2026-02-25 08:45:00+00:00,M15:BUY_SIDE:3679,BUY_SIDE,M15,1.18055,8.000000000008001e-05,1.048779264931052,1.2232415902140672,True,1,CONFIRMED,BULLISH,0.0012399999999999078,NO_DISPLACEMENT
3687,2026-02-25 09:45:00+00:00,M15:SELL_SIDE:3680,SELL_SIDE,M15,1.17969,9.999999999843467e-06,1.9721828986923462,2.558613659531091,False,-1,WEAK,BULLISH,-9.999999999998899e-05,NO_DISPLACEMENT
3693,2026-02-25 11:15:00+00:00,M15:SELL_SIDE:3673,SELL_SIDE,M15,1.17875,0.00011999999999989797,1.0738519329053933,1.7435424354243543,True,2,CONFIRMED,NEUTRAL,-0.0016400000000000858,NO_DISPLACEMENT
3701,2026-02-25 13:15:00+00:00,M15:SELL_SIDE:3648,SELL_SIDE,M15,1.17713,1.0000000000065512e-05,1.7616507024610921,1.3267651888341543,True,1,CONFIRMED,NEUTRAL,-0.0018299999999999983,NO_DISPLACEMENT
3701,2026-02-25 13:15:00+00:00,M15:SELL_SIDE:3656,SELL_SIDE,M15,1.17732,0.00019999999999997797,1.7616507024610921,1.3267651888341543,False,2,CONFIRMED,NEUTRAL,-0.0018299999999999983,NO_DISPLACEMENT
3701,2026-02-25 13:15:00+00:00,M15:SELL_SIDE:3659,SELL_SIDE,M15,1.1775,0.00038000000000004697,1.7616507024610921,1.3267651888341543,False,3,CONFIRMED,NEUTRAL,-0.0018299999999999983,NO_DISPLACEMENT
3701,2026-02-25 13:15:00+00:00,M15:SELL_SIDE:3663,SELL_SIDE,M15,1.17763,0.0005100000000000104,1.7616507024610921,1.3267651888341543,False,3,CONFIRMED,NEUTRAL,-0.0018299999999999983,NO_DISPLACEMENT
3716,2026-02-25 17:00:00+00:00,M15:BUY_SIDE:3694,BUY_SIDE,M15,1.1793,0.0006800000000000139,2.421616827427936,2.145366444579043,False,1,CONFIRMED,NEUTRAL,0.0013400000000001189,NO_DISPLACEMENT
3716,2026-02-25 17:00:00+00:00,M15:BUY_SIDE:3709,BUY_SIDE,M15,1.17902,0.0009600000000000719,2.421616827427936,2.145366444579043,False,-1,WEAK,NEUTRAL,0.0013400000000001189,NO_DISPLACEMENT
3720,2026-02-25 18:00:00+00:00,M15:BUY_SIDE:3687,BUY_SIDE,M15,1.18062,8.999999999992347e-05,0.9710619326518002,1.775462962962963,True,1,CONFIRMED,NEUTRAL,0.0019100000000000783,NO_DISPLACEMENT
3724,2026-02-25 19:00:00+00:00,M15:BUY_SIDE:3503,BUY_SIDE,M15,1.18115,0.0002500000000000835,1.6069687931135272,1.387308533916849,False,1,CONFIRMED,BULLISH,0.00258999999999987,NO_DISPLACEMENT
3724,2026-02-25 19:00:00+00:00,M15:BUY_SIDE:3524,BUY_SIDE,M15,1.18099,0.00041000000000002146,1.6069687931135272,1.387308533916849,False,3,CONFIRMED,BULLISH,0.00258999999999987,NO_DISPLACEMENT
3724,2026-02-25 19:00:00+00:00,M15:BUY_SIDE:3532,BUY_SIDE,M15,1.18087,0.0005299999999999194,1.6069687931135272,1.387308533916849,False,3,CONFIRMED,BULLISH,0.00258999999999987,NO_DISPLACEMENT
3724,2026-02-25 19:00:00+00:00,M15:BUY_SIDE:3684,BUY_SIDE,M15,1.18078,0.0006200000000000649,1.6069687931135272,1.387308533916849,False,3,CONFIRMED,BULLISH,0.00258999999999987,NO_DISPLACEMENT
3724,2026-02-25 19:00:00+00:00,M15:BUY_SIDE:3720,BUY_SIDE,M15,1.18071,0.0006900000000000794,1.6069687931135272,1.387308533916849,False,-1,WEAK,BULLISH,0.00258999999999987,NO_DISPLACEMENT
3742,2026-02-25 23:30:00+00:00,M15:BUY_SIDE:3732,BUY_SIDE,M15,1.18093,0.00017000000000000348,1.1645580219896514,0.20656716417910448,False,2,CONFIRMED,NEUTRAL,0.00017000000000000348,NO_DISPLACEMENT
3742,2026-02-25 23:30:00+00:00,M15:BUY_SIDE:3738,BUY_SIDE,M15,1.18087,0.00022999999999995246,1.1645580219896514,0.20656716417910448,False,2,CONFIRMED,NEUTRAL,0.00017000000000000348,NO_DISPLACEMENT
3748,2026-02-26 01:00:00+00:00,M15:BUY_SIDE:3743,BUY_SIDE,M15,1.18127,7.00000000000145e-05,0.5790604135806693,0.5259697567389875,True,1,CONFIRMED,BULLISH,0.00046999999999997044,NO_DISPLACEMENT
3751,2026-02-26 01:45:00+00:00,M15:BUY_SIDE:3726,BUY_SIDE,M15,1.18142,0.00019999999999997797,0.7878057448954159,0.39944713199723564,False,1,CONFIRMED,BULLISH,0.0009400000000001629,NO_DISPLACEMENT
3758,2026-02-26 03:30:00+00:00,M15:BUY_SIDE:3495,BUY_SIDE,M15,1.18274,4.0000000000040004e-05,1.5083679331679214,1.5358306188925082,False,1,CONFIRMED,BULLISH,0.0015900000000002024,NO_DISPLACEMENT
3768,2026-02-26 06:00:00+00:00,M15:SELL_SIDE:3762,SELL_SIDE,M15,1.18131,1.0000000000065512e-05,1.0257109709949228,0.6839266450916937,True,2,CONFIRMED,NEUTRAL,-0.0013800000000001589,NO_DISPLACEMENT
3775,2026-02-26 07:45:00+00:00,M15:BUY_SIDE:3765,BUY_SIDE,M15,1.1822,5.0000000000105516e-05,1.1278855193653277,1.8115429917550059,True,1,CONFIRMED,BEARISH,6.999999999979245e-05,NO_DISPLACEMENT
3777,2026-02-26 08:15:00+00:00,M15:SELL_SIDE:3774,SELL_SIDE,M15,1.18159,0.00010999999999983245,1.5050614358178993,1.137809187279152,False,1,CONFIRMED,BULLISH,-0.00016000000000016001,NO_DISPLACEMENT
3780,2026-02-26 09:00:00+00:00,M15:SELL_SIDE:3770,SELL_SIDE,M15,1.18124,0.00036999999999998145,2.1318511250109258,2.0329799764428738,True,2,CONFIRMED,NEUTRAL,-0.00034999999999985043,NO_DISPLACEMENT
3780,2026-02-26 09:00:00+00:00,M15:SELL_SIDE:3777,SELL_SIDE,M15,1.18148,0.0006099999999999994,2.1318511250109258,2.0329799764428738,False,3,CONFIRMED,NEUTRAL,-0.00034999999999985043,NO_DISPLACEMENT
3784,2026-02-26 10:00:00+00:00,M15:SELL_SIDE:3744,SELL_SIDE,M15,1.18054,0.00018999999999991246,2.2816908329676497,3.517837837837838,True,2,CONFIRMED,BEARISH,-0.0012199999999999989,NO_DISPLACEMENT
3784,2026-02-26 10:00:00+00:00,M15:SELL_SIDE:3780,SELL_SIDE,M15,1.18087,0.000520000000000076,2.2816908329676497,3.517837837837838,False,-1,WEAK,BEARISH,-0.0012199999999999989,NO_DISPLACEMENT
3785,2026-02-26 10:15:00+00:00,M15:SELL_SIDE:3734,SELL_SIDE,M15,1.18027,5.999999999994898e-05,1.1294823866863972,2.5881081081081083,True,1,CONFIRMED,BEARISH,-0.0016399999999998638,NO_DISPLACEMENT
3785,2026-02-26 10:15:00+00:00,M15:SELL_SIDE:3741,SELL_SIDE,M15,1.18031,9.999999999998899e-05,1.1294823866863972,2.5881081081081083,True,1,CONFIRMED,BEARISH,-0.0016399999999998638,NO_DISPLACEMENT
3788,2026-02-26 11:00:00+00:00,M15:SELL_SIDE:3785,SELL_SIDE,M15,1.18021,0.00021000000000004349,1.0945319100884676,2.309189189189189,False,-1,WEAK,BEARISH,-0.0019299999999999873,NO_DISPLACEMENT
3789,2026-02-26 11:15:00+00:00,M15:SELL_SIDE:3722,SELL_SIDE,M15,1.17985,0.0001100000000000545,1.120530042225726,2.332972972972973,True,-1,CONFIRMED,BEARISH,-0.0017400000000000748,NO_DISPLACEMENT
3800,2026-02-26 14:00:00+00:00,M15:BUY_SIDE:3796,BUY_SIDE,M15,1.18048,4.0000000000040004e-05,1.1325443301721683,1.2410936205468104,True,-1,CONFIRMED,BEARISH,0.0007499999999998064,NO_DISPLACEMENT
3813,2026-02-26 17:15:00+00:00,M15:SELL_SIDE:3795,SELL_SIDE,M15,1.17931,0.0011700000000001154,3.860960317760513,4.128989361702128,False,2,CONFIRMED,NEUTRAL,-0.0023200000000000998,NO_DISPLACEMENT
3813,2026-02-26 17:15:00+00:00,M15:SELL_SIDE:3799,SELL_SIDE,M15,1.17996,0.0018199999999999328,3.860960317760513,4.128989361702128,False,-1,WEAK,NEUTRAL,-0.0023200000000000998,NO_DISPLACEMENT
3813,2026-02-26 17:15:00+00:00,M15:SELL_SIDE:3808,SELL_SIDE,M15,1.1802,0.0020599999999999508,3.860960317760513,4.128989361702128,False,-1,WEAK,NEUTRAL,-0.0023200000000000998,NO_DISPLACEMENT
3821,2026-02-26 19:15:00+00:00,M15:SELL_SIDE:3814,SELL_SIDE,M15,1.17808,0.0003900000000001125,1.4435108055811703,1.3363482193329566,False,-1,WEAK,BEARISH,-0.0035600000000000076,NO_DISPLACEMENT
3833,2026-02-27 03:30:00+00:00,M15:BUY_SIDE:3816,BUY_SIDE,M15,1.17993,8.000000000008001e-05,0.9122915857841832,0.6957373836354728,True,1,CONFIRMED,BEARISH,0.0020400000000000418,NO_DISPLACEMENT
3838,2026-02-27 04:45:00+00:00,M15:BUY_SIDE:3833,BUY_SIDE,M15,1.18001,0.0001100000000000545,0.9123270477448002,0.4696261682242991,False,-1,WEAK,BULLISH,0.0014199999999999768,NO_DISPLACEMENT
3855,2026-02-27 09:00:00+00:00,M15:SELL_SIDE:3844,SELL_SIDE,M15,1.18019,0.0003500000000000725,1.223657796061661,1.0942593905031892,False,1,CONFIRMED,NEUTRAL,-0.0013299999999998313,NO_DISPLACEMENT
3857,2026-02-27 09:30:00+00:00,M15:BUY_SIDE:3852,BUY_SIDE,M15,1.18108,7.00000000000145e-05,1.666161997054243,1.194897236002835,False,-1,WEAK,NEUTRAL,0.00018999999999991246,NO_DISPLACEMENT
3858,2026-02-27 09:45:00+00:00,M15:BUY_SIDE:3783,BUY_SIDE,M15,1.1818,0.00012999999999996348,1.4429069783546462,2.3217576187101345,True,1,CONFIRMED,BEARISH,0.000360000000000138,NO_DISPLACEMENT
3858,2026-02-27 09:45:00+00:00,M15:BUY_SIDE:3805,BUY_SIDE,M15,1.18167,0.00025999999999992696,1.4429069783546462,2.3217576187101345,True,1,CONFIRMED,BEARISH,0.000360000000000138,NO_DISPLACEMENT
3858,2026-02-27 09:45:00+00:00,M15:BUY_SIDE:3811,BUY_SIDE,M15,1.18157,0.00035999999999991594,1.4429069783546462,2.3217576187101345,True,1,CONFIRMED,BEARISH,0.000360000000000138,NO_DISPLACEMENT
3858,2026-02-27 09:45:00+00:00,M15:BUY_SIDE:3845,BUY_SIDE,M15,1.18131,0.0006199999999998429,1.4429069783546462,2.3217576187101345,False,3,CONFIRMED,BEARISH,0.000360000000000138,NO_DISPLACEMENT
3858,2026-02-27 09:45:00+00:00,M15:BUY_SIDE:3849,BUY_SIDE,M15,1.18118,0.0007500000000000284,1.4429069783546462,2.3217576187101345,False,-1,WEAK,BEARISH,0.000360000000000138,NO_DISPLACEMENT
3866,2026-02-27 11:45:00+00:00,M15:SELL_SIDE:3856,SELL_SIDE,M15,1.17969,0.0004099999999997994,1.9564002899714057,1.8874643874643875,False,2,CONFIRMED,NEUTRAL,-0.0007999999999999119,NO_DISPLACEMENT
3875,2026-02-27 14:00:00+00:00,M15:BUY_SIDE:3872,BUY_SIDE,M15,1.1804,0.00013000000000018552,0.9012649081617004,1.4300911854103344,False,2,CONFIRMED,NEUTRAL,0.00014999999999987246,NO_DISPLACEMENT
3881,2026-02-27 15:30:00+00:00,M15:SELL_SIDE:3866,SELL_SIDE,M15,1.17928,0.00017000000000000348,2.0122692946567056,4.227920227920228,True,2,CONFIRMED,BULLISH,-0.0006700000000001705,NO_DISPLACEMENT
3881,2026-02-27 15:30:00+00:00,M15:SELL_SIDE:3871,SELL_SIDE,M15,1.1796,0.0004899999999998794,2.0122692946567056,4.227920227920228,False,2,CONFIRMED,BULLISH,-0.0006700000000001705,NO_DISPLACEMENT
3881,2026-02-27 15:30:00+00:00,M15:SELL_SIDE:3874,SELL_SIDE,M15,1.1797,0.0005899999999998684,2.0122692946567056,4.227920227920228,False,2,CONFIRMED,BULLISH,-0.0006700000000001705,NO_DISPLACEMENT
3881,2026-02-27 15:30:00+00:00,M15:SELL_SIDE:3878,SELL_SIDE,M15,1.17985,0.0007399999999999629,2.0122692946567056,4.227920227920228,False,2,CONFIRMED,BULLISH,-0.0006700000000001705,NO_DISPLACEMENT
3885,2026-02-27 16:30:00+00:00,M15:BUY_SIDE:3877,BUY_SIDE,M15,1.18082,0.0007200000000000539,2.1487218266990786,2.9133964817320703,False,1,CONFIRMED,NEUTRAL,0.0008099999999999774,NO_DISPLACEMENT
3889,2026-02-27 17:30:00+00:00,M15:BUY_SIDE:3885,BUY_SIDE,M15,1.18154,0.00015999999999993797,1.246139425770896,2.388755980861244,True,1,CONFIRMED,BULLISH,0.0009399999999999409,NO_DISPLACEMENT
3893,2026-02-27 18:30:00+00:00,M15:BUY_SIDE:3775,BUY_SIDE,M15,1.18225,0.00025999999999992696,1.013063052528649,1.8424693986162852,True,1,CONFIRMED,BULLISH,0.0017600000000002058,NO_DISPLACEMENT
3893,2026-02-27 18:30:00+00:00,M15:BUY_SIDE:3779,BUY_SIDE,M15,1.18221,0.00029999999999996696,1.013063052528649,1.8424693986162852,True,1,CONFIRMED,BULLISH,0.0017600000000002058,NO_DISPLACEMENT
3893,2026-02-27 18:30:00+00:00,M15:BUY_SIDE:3859,BUY_SIDE,M15,1.18216,0.00034999999999985043,1.013063052528649,1.8424693986162852,True,2,CONFIRMED,BULLISH,0.0017600000000002058,NO_DISPLACEMENT
3907,2026-02-27 22:00:00+00:00,M15:BUY_SIDE:3904,BUY_SIDE,M15,1.18228,8.000000000008001e-05,0.7338864123031191,0.4742885671492761,True,3,CONFIRMED,NEUTRAL,9.999999999998899e-05,NO_DISPLACEMENT
3913,2026-02-27 23:30:00+00:00,M15:SELL_SIDE:3901,SELL_SIDE,M15,1.18112,1.999999999990898e-05,1.1034432019310811,0.184140500266099,True,1,CONFIRMED,BULLISH,-0.0006399999999999739,NO_DISPLACEMENT
3915,2026-03-02 00:00:00+00:00,H4:SELL_SIDE:358,SELL_SIDE,H4,1.17659,0.0001900000000001345,0.8352251337796653,0.30548163916977117,False,2,CONFIRMED,BULLISH,-0.005479999999999929,NO_DISPLACEMENT
3915,2026-03-02 00:00:00+00:00,H4:SELL_SIDE:363,SELL_SIDE,H4,1.17709,0.0006900000000000794,0.8352251337796653,0.30548163916977117,False,2,CONFIRMED,BULLISH,-0.005479999999999929,NO_DISPLACEMENT
3915,2026-03-02 00:00:00+00:00,H4:SELL_SIDE:370,SELL_SIDE,H4,1.17738,0.000980000000000203,0.8352251337796653,0.30548163916977117,False,3,CONFIRMED,BULLISH,-0.005479999999999929,NO_DISPLACEMENT
3915,2026-03-02 00:00:00+00:00,M15:SELL_SIDE:3437,SELL_SIDE,M15,1.17655,0.0001500000000000945,0.8352251337796653,0.30548163916977117,False,2,CONFIRMED,BULLISH,-0.005479999999999929,NO_DISPLACEMENT
3915,2026-03-02 00:00:00+00:00,M15:SELL_SIDE:3711,SELL_SIDE,M15,1.17728,0.0008800000000002139,0.8352251337796653,0.30548163916977117,False,3,CONFIRMED,BULLISH,-0.005479999999999929,NO_DISPLACEMENT
3915,2026-03-02 00:00:00+00:00,M15:SELL_SIDE:3834,SELL_SIDE,M15,1.17887,0.0024700000000001943,0.8352251337796653,0.30548163916977117,False,-1,WEAK,BULLISH,-0.005479999999999929,NO_DISPLACEMENT
3915,2026-03-02 00:00:00+00:00,M15:SELL_SIDE:3882,SELL_SIDE,M15,1.17903,0.0026300000000001322,0.8352251337796653,0.30548163916977117,False,-1,WEAK,BULLISH,-0.005479999999999929,NO_DISPLACEMENT
3915,2026-03-02 00:00:00+00:00,M15:SELL_SIDE:3886,SELL_SIDE,M15,1.17954,0.0031400000000001427,0.8352251337796653,0.30548163916977117,False,-1,WEAK,BULLISH,-0.005479999999999929,NO_DISPLACEMENT
3922,2026-03-02 01:45:00+00:00,M15:SELL_SIDE:3916,SELL_SIDE,M15,1.17571,4.0000000000040004e-05,1.0332900305490824,1.417844953681131,True,1,CONFIRMED,BEARISH,-0.005579999999999918,NO_DISPLACEMENT
3927,2026-03-02 03:00:00+00:00,M15:BUY_SIDE:3919,BUY_SIDE,M15,1.17876,0.00017000000000000348,1.341962295506676,1.5674300254452926,True,1,CONFIRMED,BEARISH,0.0015899999999999803,NO_DISPLACEMENT
3936,2026-03-02 05:15:00+00:00,M15:BUY_SIDE:3929,BUY_SIDE,M15,1.17942,0.0001500000000000945,0.6566988710485617,0.7621951219512195,True,1,CONFIRMED,BULLISH,0.0016699999999998383,NO_DISPLACEMENT
3943,2026-03-02 07:00:00+00:00,M15:SELL_SIDE:3932,SELL_SIDE,M15,1.17808,0.0005399999999999849,1.4560245663272504,1.0059642147117296,False,-1,WEAK,BULLISH,-0.0010399999999999299,NO_DISPLACEMENT
3947,2026-03-02 08:00:00+00:00,M15:SELL_SIDE:3428,SELL_SIDE,M15,1.17552,0.00021999999999988695,1.7940007139539051,2.173490631505899,False,-1,WEAK,BULLISH,-0.003949999999999898,NO_DISPLACEMENT
3947,2026-03-02 08:00:00+00:00,M15:SELL_SIDE:3923,SELL_SIDE,M15,1.17559,0.00028999999999990145,1.7940007139539051,2.173490631505899,False,-1,WEAK,BULLISH,-0.003949999999999898,NO_DISPLACEMENT
3948,2026-03-02 08:15:00+00:00,H4:SELL_SIDE:340,SELL_SIDE,H4,1.17418,0.0005100000000000104,2.155223708297164,2.485773768216516,False,-1,WEAK,BULLISH,-0.0047800000000000065,NO_DISPLACEMENT
3948,2026-03-02 08:15:00+00:00,H4:SELL_SIDE:344,SELL_SIDE,H4,1.17432,0.0006500000000000394,2.155223708297164,2.485773768216516,False,-1,WEAK,BULLISH,-0.0047800000000000065,NO_DISPLACEMENT
3949,2026-03-02 08:30:00+00:00,M15:SELL_SIDE:1504,SELL_SIDE,M15,1.17318,5.999999999994898e-05,1.3756955214414164,2.690984170681349,True,1,CONFIRMED,BULLISH,-0.005519999999999969,NO_DISPLACEMENT
3950,2026-03-02 08:45:00+00:00,M15:SELL_SIDE:1492,SELL_SIDE,M15,1.17306,4.999999999988347e-05,1.0321520759028573,2.3127962085308056,True,-1,CONFIRMED,BULLISH,-0.005450000000000177,NO_DISPLACEMENT
3951,2026-03-02 09:00:00+00:00,H4:SELL_SIDE:224,SELL_SIDE,H4,1.17282,0.0005999999999999339,1.3676729939929306,3.291807718348003,False,-1,WEAK,BULLISH,-0.005879999999999885,NO_DISPLACEMENT
3951,2026-03-02 09:00:00+00:00,M15:SELL_SIDE:1420,SELL_SIDE,M15,1.17268,0.00045999999999990493,1.3676729939929306,3.291807718348003,False,-1,WEAK,BULLISH,-0.005879999999999885,NO_DISPLACEMENT
3951,2026-03-02 09:00:00+00:00,M15:SELL_SIDE:1489,SELL_SIDE,M15,1.17299,0.0007699999999999374,1.3676729939929306,3.291807718348003,False,-1,WEAK,BULLISH,-0.005879999999999885,NO_DISPLACEMENT
3957,2026-03-02 10:30:00+00:00,M15:SELL_SIDE:1403,SELL_SIDE,M15,1.16998,0.00018999999999991246,1.4885955272219165,2.097560975609756,True,1,CONFIRMED,BULLISH,-0.0041599999999999415,NO_DISPLACEMENT
3964,2026-03-02 12:15:00+00:00,M15:BUY_SIDE:3960,BUY_SIDE,M15,1.17437,0.0003500000000000725,1.172860612630331,0.9836448598130841,False,2,CONFIRMED,NEUTRAL,0.0028999999999999027,NO_DISPLACEMENT
3968,2026-03-02 13:15:00+00:00,M15:SELL_SIDE:3962,SELL_SIDE,M15,1.17311,0.00042000000000008697,0.7180114587018974,0.8825065274151436,False,1,CONFIRMED,BULLISH,0.00046999999999997044,NO_DISPLACEMENT
3975,2026-03-02 15:00:00+00:00,M15:SELL_SIDE:3957,SELL_SIDE,M15,1.16979,0.0001100000000000545,1.293080615500285,1.8813875419619546,True,1,CONFIRMED,NEUTRAL,-0.0040000000000000036,NO_DISPLACEMENT
3978,2026-03-02 15:45:00+00:00,M15:SELL_SIDE:3975,SELL_SIDE,M15,1.16968,0.000140000000000029,1.253976648090504,1.42929659173314,True,1,CONFIRMED,BEARISH,-0.0028799999999999937,NO_DISPLACEMENT
3981,2026-03-02 16:30:00+00:00,M15:BUY_SIDE:3976,BUY_SIDE,M15,1.17183,9.999999999998899e-05,1.4724929827118554,2.1196236559139785,True,1,CONFIRMED,BEARISH,-0.0007900000000000684,NO_DISPLACEMENT
3985,2026-03-02 17:30:00+00:00,M15:SELL_SIDE:3979,SELL_SIDE,M15,1.16948,0.000260000000000149,1.148056236092774,1.3172043010752688,True,-1,CONFIRMED,NEUTRAL,-0.0009399999999999409,NO_DISPLACEMENT
3986,2026-03-02 17:45:00+00:00,M15:SELL_SIDE:1357,SELL_SIDE,M15,1.16811,0.000140000000000029,1.403377239885785,1.6136962247585602,False,2,CONFIRMED,NEUTRAL,-0.0035799999999999166,NO_DISPLACEMENT
3986,2026-03-02 17:45:00+00:00,M15:SELL_SIDE:1362,SELL_SIDE,M15,1.16831,0.00034000000000000696,1.403377239885785,1.6136962247585602,False,3,CONFIRMED,NEUTRAL,-0.0035799999999999166,NO_DISPLACEMENT
3986,2026-03-02 17:45:00+00:00,M15:SELL_SIDE:1386,SELL_SIDE,M15,1.16839,0.00042000000000008697,1.403377239885785,1.6136962247585602,False,3,CONFIRMED,NEUTRAL,-0.0035799999999999166,NO_DISPLACEMENT
3986,2026-03-02 17:45:00+00:00,M15:SELL_SIDE:1393,SELL_SIDE,M15,1.16865,0.0006800000000000139,1.403377239885785,1.6136962247585602,False,-1,WEAK,NEUTRAL,-0.0035799999999999166,NO_DISPLACEMENT
4000,2026-03-02 21:15:00+00:00,M15:BUY_SIDE:3994,BUY_SIDE,M15,1.17078,7.00000000000145e-05,0.7129137055208319,0.5296463706461048,False,3,CONFIRMED,NEUTRAL,0.0018900000000001693,NO_DISPLACEMENT
4003,2026-03-02 22:00:00+00:00,M15:SELL_SIDE:3997,SELL_SIDE,M15,1.16868,0.0007500000000000284,2.9931846999663865,1.7762928529924462,False,2,CONFIRMED,NEUTRAL,-0.0018100000000000893,NO_DISPLACEMENT
4015,2026-03-03 01:00:00+00:00,M15:BUY_SIDE:4008,BUY_SIDE,M15,1.16949,1.0000000000065512e-05,0.9346784493896853,0.3432574430823117,True,3,CONFIRMED,NEUTRAL,0.000280000000000058,NO_DISPLACEMENT
4024,2026-03-03 03:15:00+00:00,M15:BUY_SIDE:4016,BUY_SIDE,M15,1.16979,0.0008899999999998354,1.6330037120752696,1.0048622366288493,False,2,CONFIRMED,BULLISH,0.0015999999999998238,NO_DISPLACEMENT
4028,2026-03-03 04:15:00+00:00,M15:SELL_SIDE:4021,SELL_SIDE,M15,1.16863,5.999999999994898e-05,1.3609464899203385,0.967161493477283,True,1,CONFIRMED,BULLISH,-2.0000000000131024e-05,NO_DISPLACEMENT
4037,2026-03-03 06:30:00+00:00,M15:SELL_SIDE:4033,SELL_SIDE,M15,1.16862,1.999999999990898e-05,0.8292008595289397,0.5374259558427571,False,-1,WEAK,NEUTRAL,-0.000520000000000076,NO_DISPLACEMENT
4038,2026-03-03 06:45:00+00:00,M15:SELL_SIDE:4011,SELL_SIDE,M15,1.16819,0.000280000000000058,1.1590420902678045,0.8119158878504673,False,-1,WEAK,NEUTRAL,-0.0013299999999998313,NO_DISPLACEMENT
4038,2026-03-03 06:45:00+00:00,M15:SELL_SIDE:4028,SELL_SIDE,M15,1.16857,0.000660000000000105,1.1590420902678045,0.8119158878504673,False,-1,WEAK,NEUTRAL,-0.0013299999999998313,NO_DISPLACEMENT
4040,2026-03-03 07:15:00+00:00,M15:SELL_SIDE:4004,SELL_SIDE,M15,1.16784,0.00029999999999996696,1.0234375820412573,1.2078963602714374,True,-1,CONFIRMED,NEUTRAL,-0.0014000000000000679,NO_DISPLACEMENT
4041,2026-03-03 07:30:00+00:00,H4:SELL_SIDE:216,SELL_SIDE,H4,1.16697,0.00029999999999996696,2.0885956754868213,1.6224552745219,False,-1,WEAK,NEUTRAL,-0.0021400000000000308,NO_DISPLACEMENT
4041,2026-03-03 07:30:00+00:00,H4:SELL_SIDE:382,SELL_SIDE,H4,1.16716,0.0004899999999998794,2.0885956754868213,1.6224552745219,False,-1,WEAK,NEUTRAL,-0.0021400000000000308,NO_DISPLACEMENT
4043,2026-03-03 08:00:00+00:00,M15:SELL_SIDE:1184,SELL_SIDE,M15,1.1662,9.999999999843467e-06,0.8356899039448997,1.6249228871067243,True,1,CONFIRMED,NEUTRAL,-0.0028000000000001357,NO_DISPLACEMENT
4047,2026-03-03 09:00:00+00:00,M15:SELL_SIDE:4043,SELL_SIDE,M15,1.16619,0.0003900000000001125,1.5375119084866131,1.8038247995064776,True,-1,CONFIRMED,BEARISH,-0.002389999999999892,NO_DISPLACEMENT
4051,2026-03-03 10:00:00+00:00,M15:SELL_SIDE:1162,SELL_SIDE,M15,1.16325,5.999999999994898e-05,1.5977163723221506,3.365823565700185,True,-1,CONFIRMED,BEARISH,-0.0036199999999999566,NO_DISPLACEMENT
4051,2026-03-03 10:00:00+00:00,M15:SELL_SIDE:1166,SELL_SIDE,M15,1.16388,0.0006900000000000794,1.5977163723221506,3.365823565700185,False,-1,WEAK,BEARISH,-0.0036199999999999566,NO_DISPLACEMENT
4052,2026-03-03 10:15:00+00:00,M15:SELL_SIDE:1127,SELL_SIDE,M15,1.16317,0.00025999999999992696,0.9338933275260496,3.3016656384947565,False,-1,WEAK,BEARISH,-0.00370999999999988,NO_DISPLACEMENT
4053,2026-03-03 10:30:00+00:00,M15:SELL_SIDE:1115,SELL_SIDE,M15,1.16251,0.00038999999999989043,1.824058384528492,3.644663787785318,False,2,CONFIRMED,BEARISH,-0.0041599999999999415,NO_DISPLACEMENT
4054,2026-03-03 10:45:00+00:00,M15:SELL_SIDE:1109,SELL_SIDE,M15,1.162,0.00022999999999995246,1.0812357969238484,3.1980259099321406,True,1,CONFIRMED,BEARISH,-0.004550000000000054,NO_DISPLACEMENT
4057,2026-03-03 11:30:00+00:00,M15:SELL_SIDE:1101,SELL_SIDE,M15,1.1611,0.000520000000000076,1.1133124612171823,2.7667590027700832,False,-1,WEAK,BEARISH,-0.005610000000000115,NO_DISPLACEMENT
4058,2026-03-03 11:45:00+00:00,M15:SELL_SIDE:1065,SELL_SIDE,M15,1.16044,0.0005800000000000249,0.9852084043251331,2.9391480730223125,True,-1,CONFIRMED,BEARISH,-0.005179999999999962,NO_DISPLACEMENT
4061,2026-03-03 12:30:00+00:00,M15:SELL_SIDE:4058,SELL_SIDE,M15,1.15986,0.0009499999999997844,1.440805482563287,2.125296630280019,True,-1,CONFIRMED,BEARISH,-0.0034199999999999786,NO_DISPLACEMENT
4076,2026-03-03 16:15:00+00:00,H4:SELL_SIDE:198,SELL_SIDE,H4,1.15775,0.001040000000000152,1.565449246842663,1.541086016338299,False,-1,WEAK,BEARISH,-0.0021899999999999142,NO_DISPLACEMENT
4076,2026-03-03 16:15:00+00:00,M15:SELL_SIDE:4064,SELL_SIDE,M15,1.15819,0.0014800000000001479,1.565449246842663,1.541086016338299,False,-1,WEAK,BEARISH,-0.0021899999999999142,NO_DISPLACEMENT
4091,2026-03-03 20:00:00+00:00,M15:BUY_SIDE:4086,BUY_SIDE,M15,1.1606,4.999999999988347e-05,1.124558058648497,0.808602999210734,True,1,CONFIRMED,NEUTRAL,0.002869999999999928,NO_DISPLACEMENT
4093,2026-03-03 20:30:00+00:00,M15:BUY_SIDE:4070,BUY_SIDE,M15,1.16153,0.0006800000000000139,1.2810023162279414,1.083916083916084,False,2,CONFIRMED,NEUTRAL,0.002809999999999979,NO_DISPLACEMENT
4097,2026-03-03 21:30:00+00:00,M15:BUY_SIDE:4093,BUY_SIDE,M15,1.16221,0.000360000000000138,1.7876769348826305,1.4225650916104147,True,1,CONFIRMED,BULLISH,0.0030999999999998806,NO_DISPLACEMENT
4111,2026-03-04 01:00:00+00:00,M15:BUY_SIDE:4108,BUY_SIDE,M15,1.16154,0.00036999999999998145,1.0261066215926016,0.32021996615905246,False,2,CONFIRMED,NEUTRAL,-2.0000000000131024e-05,NO_DISPLACEMENT
4114,2026-03-04 01:45:00+00:00,M15:SELL_SIDE:4106,SELL_SIDE,M15,1.16095,8.999999999992347e-05,0.5091282909020293,0.23587967972300367,True,-1,CONFIRMED,BULLISH,-0.00036999999999998145,NO_DISPLACEMENT
4114,2026-03-04 01:45:00+00:00,M15:SELL_SIDE:4109,SELL_SIDE,M15,1.16101,0.0001500000000000945,0.5091282909020293,0.23587967972300367,True,-1,CONFIRMED,BULLISH,-0.00036999999999998145,NO_DISPLACEMENT
4117,2026-03-04 02:30:00+00:00,M15:SELL_SIDE:4097,SELL_SIDE,M15,1.15997,0.0005500000000000504,1.6287300455107714,0.7016949152542373,False,-1,WEAK,BULLISH,-0.0017700000000000493,NO_DISPLACEMENT
4120,2026-03-04 03:15:00+00:00,M15:SELL_SIDE:4088,SELL_SIDE,M15,1.15867,0.0012199999999999989,2.124402595538645,0.9368614094838879,False,1,CONFIRMED,BULLISH,-0.003149999999999986,NO_DISPLACEMENT
4130,2026-03-04 05:45:00+00:00,M15:BUY_SIDE:4126,BUY_SIDE,M15,1.16042,0.0004900000000001015,0.9365616069422852,0.542846634792203,False,2,CONFIRMED,BEARISH,0.0027800000000000047,NO_DISPLACEMENT
4141,2026-03-04 08:30:00+00:00,M15:BUY_SIDE:4131,BUY_SIDE,M15,1.16103,0.0007299999999998974,1.4592850120116003,1.1879699248120301,False,-1,WEAK,BULLISH,0.0006500000000000394,NO_DISPLACEMENT
4144,2026-03-04 09:15:00+00:00,M15:BUY_SIDE:4112,BUY_SIDE,M15,1.16203,0.0002700000000002145,1.26672982486381,1.2193140794223827,False,2,CONFIRMED,BULLISH,0.00279000000000007,NO_DISPLACEMENT
4145,2026-03-04 09:30:00+00:00,H4:BUY_SIDE:389,BUY_SIDE,H4,1.16257,0.00022999999999995246,0.9223478076310372,1.6137184115523466,True,1,CONFIRMED,BULLISH,0.00275000000000003,NO_DISPLACEMENT
4145,2026-03-04 09:30:00+00:00,M15:BUY_SIDE:4101,BUY_SIDE,M15,1.16244,0.000360000000000138,0.9223478076310372,1.6137184115523466,True,1,CONFIRMED,BULLISH,0.00275000000000003,NO_DISPLACEMENT
4155,2026-03-04 12:00:00+00:00,M15:BUY_SIDE:4145,BUY_SIDE,M15,1.1628,0.0019000000000000128,3.269356458702569,4.02277520033741,False,-1,WEAK,BULLISH,0.0014999999999998348,NO_DISPLACEMENT
4160,2026-03-04 13:15:00+00:00,M15:BUY_SIDE:4155,BUY_SIDE,M15,1.1647,0.0007599999999998719,0.966591912420067,1.5044709388971684,True,1,CONFIRMED,BULLISH,0.004469999999999974,NO_DISPLACEMENT
4165,2026-03-04 14:30:00+00:00,M15:SELL_SIDE:4162,SELL_SIDE,M15,1.16308,3.999999999981796e-05,0.5850586032518318,1.2044046799724708,True,2,CONFIRMED,BULLISH,-0.00024999999999986144,NO_DISPLACEMENT
4167,2026-03-04 15:00:00+00:00,M15:BUY_SIDE:4164,BUY_SIDE,M15,1.16486,0.00034000000000000696,1.7719715315276519,1.559301625526791,True,1,CONFIRMED,NEUTRAL,0.0013399999999998968,NO_DISPLACEMENT
4173,2026-03-04 16:30:00+00:00,M15:SELL_SIDE:4166,SELL_SIDE,M15,1.16259,0.0004900000000001015,1.3983249693451343,2.548468670974993,True,3,CONFIRMED,NEUTRAL,-0.002060000000000173,NO_DISPLACEMENT
4184,2026-03-04 19:15:00+00:00,M15:SELL_SIDE:4180,SELL_SIDE,M15,1.16284,4.0000000000040004e-05,0.8782660136235642,0.8931726907630522,True,2,CONFIRMED,NEUTRAL,0.0003900000000001125,NO_DISPLACEMENT
4188,2026-03-04 20:15:00+00:00,M15:SELL_SIDE:4185,SELL_SIDE,M15,1.16262,0.00026999999999999247,0.4927769138860658,0.4717536813922356,False,1,CONFIRMED,BEARISH,-0.0014899999999999913,NO_DISPLACEMENT
4212,2026-03-05 02:15:00+00:00,M15:BUY_SIDE:4183,BUY_SIDE,M15,1.16436,4.999999999988347e-05,1.4928820419410278,0.504355800091701,True,3,CONFIRMED,NEUTRAL,0.0009799999999999809,NO_DISPLACEMENT
4212,2026-03-05 02:15:00+00:00,M15:BUY_SIDE:4207,BUY_SIDE,M15,1.16395,0.00045999999999990493,1.4928820419410278,0.504355800091701,False,-1,WEAK,NEUTRAL,0.0009799999999999809,NO_DISPLACEMENT
4216,2026-03-05 03:15:00+00:00,M15:BUY_SIDE:4179,BUY_SIDE,M15,1.16461,7.00000000000145e-05,1.099303490098295,1.3795077275329135,False,1,CONFIRMED,BULLISH,0.0012600000000000389,NO_DISPLACEMENT
4216,2026-03-05 03:15:00+00:00,M15:BUY_SIDE:4213,BUY_SIDE,M15,1.16452,0.00015999999999993797,1.099303490098295,1.3795077275329135,False,1,CONFIRMED,BULLISH,0.0012600000000000389,NO_DISPLACEMENT
4217,2026-03-05 03:30:00+00:00,M15:SELL_SIDE:4211,SELL_SIDE,M15,1.16319,9.999999999998899e-05,2.714808187179535,2.0171722953634803,True,-1,CONFIRMED,BULLISH,-0.00029999999999996696,NO_DISPLACEMENT
4220,2026-03-05 04:15:00+00:00,M15:SELL_SIDE:4190,SELL_SIDE,M15,1.16233,9.999999999998899e-05,1.5241762657264526,1.0068807339449541,True,1,CONFIRMED,BULLISH,-0.0008099999999999774,NO_DISPLACEMENT
4220,2026-03-05 04:15:00+00:00,M15:SELL_SIDE:4203,SELL_SIDE,M15,1.16256,0.00032999999999994145,1.5241762657264526,1.0068807339449541,True,1,CONFIRMED,BULLISH,-0.0008099999999999774,NO_DISPLACEMENT
4223,2026-03-05 05:00:00+00:00,M15:SELL_SIDE:4220,SELL_SIDE,M15,1.16223,0.000280000000000058,1.2730976035486208,1.1104651162790697,False,-1,WEAK,NEUTRAL,-0.0023299999999999432,NO_DISPLACEMENT
4224,2026-03-05 05:15:00+00:00,M15:SELL_SIDE:4175,SELL_SIDE,M15,1.16165,0.0004300000000001525,1.3754199188412466,1.1732558139534883,False,-1,WEAK,NEUTRAL,-0.0031000000000001027,NO_DISPLACEMENT
4229,2026-03-05 06:30:00+00:00,M15:SELL_SIDE:4154,SELL_SIDE,M15,1.16064,2.999999999997449e-05,0.6420799740287134,0.9621822690638562,True,1,CONFIRMED,NEUTRAL,-0.002160000000000162,NO_DISPLACEMENT
4233,2026-03-05 07:30:00+00:00,M15:SELL_SIDE:4230,SELL_SIDE,M15,1.16054,0.00017000000000000348,1.3172596776947583,1.356732610082961,True,-1,CONFIRMED,NEUTRAL,-0.0014499999999999513,NO_DISPLACEMENT
4235,2026-03-05 08:00:00+00:00,M15:SELL_SIDE:4151,SELL_SIDE,M15,1.1592,0.00039999999999995595,1.1244516330314054,2.089342693044033,False,1,CONFIRMED,BEARISH,-0.002429999999999932,NO_DISPLACEMENT
4238,2026-03-05 08:45:00+00:00,M15:BUY_SIDE:4232,BUY_SIDE,M15,1.16137,0.00024000000000001798,2.6653932781573415,3.6209317166560306,True,1,CONFIRMED,BEARISH,-4.0000000000040004e-05,NO_DISPLACEMENT
4244,2026-03-05 10:15:00+00:00,M15:SELL_SIDE:4138,SELL_SIDE,M15,1.15869,0.00045999999999990493,1.632592328722873,3.092394720301697,False,1,CONFIRMED,BEARISH,-0.0011300000000000754,NO_DISPLACEMENT
4244,2026-03-05 10:15:00+00:00,M15:SELL_SIDE:4236,SELL_SIDE,M15,1.15875,0.0005199999999998539,1.632592328722873,3.092394720301697,False,1,CONFIRMED,BEARISH,-0.0011300000000000754,NO_DISPLACEMENT
4247,2026-03-05 11:00:00+00:00,M15:BUY_SIDE:4238,BUY_SIDE,M15,1.16161,0.002829999999999888,3.939163245555759,6.844186046511628,False,-1,WEAK,BEARISH,0.004160000000000164,NO_DISPLACEMENT
4257,2026-03-05 13:30:00+00:00,M15:SELL_SIDE:4254,SELL_SIDE,M15,1.16061,0.00024000000000001798,0.6176705955570042,1.0020703933747412,False,1,CONFIRMED,NEUTRAL,-0.003530000000000033,NO_DISPLACEMENT
4265,2026-03-05 15:30:00+00:00,M15:SELL_SIDE:4257,SELL_SIDE,M15,1.16037,0.0005799999999998029,1.4040513032407296,1.7784679089026916,False,-1,WEAK,BEARISH,-0.0016000000000000458,NO_DISPLACEMENT
4272,2026-03-05 17:15:00+00:00,M15:SELL_SIDE:4245,SELL_SIDE,M15,1.15814,0.00035999999999991594,2.0059762484255823,1.8778766492789198,False,2,CONFIRMED,BEARISH,-0.004029999999999978,NO_DISPLACEMENT
4272,2026-03-05 17:15:00+00:00,M15:SELL_SIDE:4266,SELL_SIDE,M15,1.15897,0.0011900000000000244,2.0059762484255823,1.8778766492789198,False,-1,WEAK,BEARISH,-0.004029999999999978,NO_DISPLACEMENT
4273,2026-03-05 17:30:00+00:00,M15:SELL_SIDE:4120,SELL_SIDE,M15,1.15745,0.0005500000000000504,1.0734242012517738,1.7771851851851852,False,1,CONFIRMED,BEARISH,-0.0050200000000000244,NO_DISPLACEMENT
4279,2026-03-05 19:00:00+00:00,M15:BUY_SIDE:4275,BUY_SIDE,M15,1.15868,6.000000000017103e-05,0.9232609057370902,1.3659038313191052,True,1,CONFIRMED,BEARISH,-0.0016999999999998128,NO_DISPLACEMENT
4284,2026-03-05 20:15:00+00:00,M15:SELL_SIDE:4281,SELL_SIDE,M15,1.15724,0.000140000000000029,1.0899154665093156,1.1690882291008633,True,1,CONFIRMED,BULLISH,0.0,NO_DISPLACEMENT
4290,2026-03-05 21:45:00+00:00,M15:SELL_SIDE:4284,SELL_SIDE,M15,1.1571,0.0001100000000000545,0.6940284450811233,0.753392203316821,True,1,CONFIRMED,BEARISH,-0.0007499999999998064,NO_DISPLACEMENT
4291,2026-03-05 22:00:00+00:00,M15:BUY_SIDE:4281,BUY_SIDE,M15,1.15918,0.0010799999999999699,2.501510472390765,1.5371657190987575,False,-1,WEAK,BEARISH,0.0016999999999998128,NO_DISPLACEMENT
4291,2026-03-05 22:00:00+00:00,M15:BUY_SIDE:4285,BUY_SIDE,M15,1.15915,0.0011100000000001664,2.501510472390765,1.5371657190987575,False,-1,WEAK,BEARISH,0.0016999999999998128,NO_DISPLACEMENT
4292,2026-03-05 22:15:00+00:00,M15:BUY_SIDE:4271,BUY_SIDE,M15,1.1609,0.00011999999999989797,1.1387197032991798,1.2582451773490977,True,1,CONFIRMED,BEARISH,0.0016300000000000203,NO_DISPLACEMENT
4306,2026-03-06 01:45:00+00:00,M15:BUY_SIDE:4292,BUY_SIDE,M15,1.16102,1.0000000000065512e-05,0.5493103094325477,0.2764600867125733,True,1,CONFIRMED,NEUTRAL,7.999999999985796e-05,NO_DISPLACEMENT
4306,2026-03-06 01:45:00+00:00,M15:BUY_SIDE:4300,BUY_SIDE,M15,1.16098,5.0000000000105516e-05,0.5493103094325477,0.2764600867125733,True,1,CONFIRMED,NEUTRAL,7.999999999985796e-05,NO_DISPLACEMENT
4311,2026-03-06 03:00:00+00:00,M15:BUY_SIDE:4308,BUY_SIDE,M15,1.16142,0.00016000000000016001,1.0768136812574056,0.49987248150981894,False,1,CONFIRMED,BULLISH,0.0007999999999999119,NO_DISPLACEMENT
4322,2026-03-06 05:45:00+00:00,M15:BUY_SIDE:4316,BUY_SIDE,M15,1.16205,1.0000000000065512e-05,0.6648094149523914,0.4583554376657825,True,1,CONFIRMED,BULLISH,0.0012799999999999478,NO_DISPLACEMENT
4325,2026-03-06 06:30:00+00:00,M15:BUY_SIDE:4322,BUY_SIDE,M15,1.16206,3.999999999981796e-05,0.7515809953844118,0.5625806451612904,True,1,CONFIRMED,BULLISH,4.0000000000040004e-05,NO_DISPLACEMENT
4326,2026-03-06 06:45:00+00:00,M15:SELL_SIDE:4318,SELL_SIDE,M15,1.1615,0.00021000000000004349,0.9300034125332648,0.5457102672292545,False,3,CONFIRMED,BULLISH,-0.0005500000000000504,NO_DISPLACEMENT
4330,2026-03-06 07:45:00+00:00,M15:SELL_SIDE:4312,SELL_SIDE,M15,1.16068,0.000140000000000029,1.8958172915130764,1.6755162241887906,False,-1,WEAK,BULLISH,-0.0012900000000000134,NO_DISPLACEMENT
4331,2026-03-06 08:00:00+00:00,M15:SELL_SIDE:4303,SELL_SIDE,M15,1.16031,0.00014999999999987246,1.3230895480790925,1.564896755162242,True,1,CONFIRMED,NEUTRAL,-0.0013100000000001444,NO_DISPLACEMENT
4331,2026-03-06 08:00:00+00:00,M15:SELL_SIDE:4307,SELL_SIDE,M15,1.16052,0.00035999999999991594,1.3230895480790925,1.564896755162242,False,1,CONFIRMED,NEUTRAL,-0.0013100000000001444,NO_DISPLACEMENT
4336,2026-03-06 09:15:00+00:00,M15:BUY_SIDE:4329,BUY_SIDE,M15,1.16165,0.00015999999999993797,1.8057705516553137,1.6150442477876106,True,1,CONFIRMED,BEARISH,-0.00019999999999997797,NO_DISPLACEMENT
4342,2026-03-06 10:45:00+00:00,M15:SELL_SIDE:4331,SELL_SIDE,M15,1.16016,1.0000000000065512e-05,1.4665078802407765,1.7905604719764012,True,-1,CONFIRMED,NEUTRAL,-0.00025999999999992696,NO_DISPLACEMENT
4343,2026-03-06 11:00:00+00:00,M15:SELL_SIDE:4297,SELL_SIDE,M15,1.16015,0.0011300000000000754,1.6925098886377203,2.7728613569321534,False,-1,WEAK,NEUTRAL,-0.0015199999999999658,NO_DISPLACEMENT
4351,2026-03-06 13:00:00+00:00,M15:SELL_SIDE:4290,SELL_SIDE,M15,1.15699,0.00035999999999991594,1.7656006521129328,2.9327781082688875,True,1,CONFIRMED,BEARISH,-0.0029600000000000737,NO_DISPLACEMENT
4351,2026-03-06 13:00:00+00:00,M15:SELL_SIDE:4346,SELL_SIDE,M15,1.15718,0.0005500000000000504,1.7656006521129328,2.9327781082688875,True,1,CONFIRMED,BEARISH,-0.0029600000000000737,NO_DISPLACEMENT
4355,2026-03-06 14:00:00+00:00,H4:SELL_SIDE:400,SELL_SIDE,H4,1.15587,0.0006500000000000394,1.4472325370591774,2.283289124668435,False,1,CONFIRMED,BEARISH,-0.0025100000000000122,NO_DISPLACEMENT
4361,2026-03-06 15:30:00+00:00,M15:BUY_SIDE:4348,BUY_SIDE,M15,1.1585,0.0007800000000000029,2.7466373135643876,6.491532783326097,False,1,CONFIRMED,BEARISH,0.0009500000000000064,NO_DISPLACEMENT
4361,2026-03-06 15:30:00+00:00,M15:BUY_SIDE:4357,BUY_SIDE,M15,1.15688,0.0024000000000001798,2.7466373135643876,6.491532783326097,False,1,CONFIRMED,BEARISH,0.0009500000000000064,NO_DISPLACEMENT
4362,2026-03-06 15:45:00+00:00,M15:SELL_SIDE:4355,SELL_SIDE,M15,1.15522,0.00017000000000000348,3.1197645695544276,5.762521588946459,True,1,CONFIRMED,BEARISH,-0.0022999999999999687,NO_DISPLACEMENT
4367,2026-03-06 17:00:00+00:00,M15:BUY_SIDE:4361,BUY_SIDE,M15,1.15928,9.999999999843467e-06,1.5235666786072548,3.706752411575563,True,1,CONFIRMED,NEUTRAL,0.0024999999999999467,NO_DISPLACEMENT
4371,2026-03-06 18:00:00+00:00,M15:BUY_SIDE:4367,BUY_SIDE,M15,1.15929,0.0007099999999999884,1.4696797075117063,2.186140910408814,True,-1,CONFIRMED,NEUTRAL,0.0,NO_DISPLACEMENT
4379,2026-03-06 20:00:00+00:00,M15:BUY_SIDE:4374,BUY_SIDE,M15,1.16131,0.00042999999999993044,1.5712038459919004,1.872062030530652,False,1,CONFIRMED,BULLISH,0.0036400000000000876,NO_DISPLACEMENT
4380,2026-03-06 20:15:00+00:00,H4:BUY_SIDE:403,BUY_SIDE,H4,1.1621,5.0000000000105516e-05,1.1683577476458165,1.6004672897196262,True,1,CONFIRMED,BULLISH,0.002650000000000041,NO_DISPLACEMENT
4380,2026-03-06 20:15:00+00:00,M15:BUY_SIDE:4336,BUY_SIDE,M15,1.16181,0.00034000000000000696,1.1683577476458165,1.6004672897196262,True,1,CONFIRMED,BULLISH,0.002650000000000041,NO_DISPLACEMENT
4382,2026-03-06 20:45:00+00:00,M15:SELL_SIDE:4377,SELL_SIDE,M15,1.15946,0.00018999999999991246,0.832339521978416,0.9664274137531836,True,1,CONFIRMED,BULLISH,0.000140000000000029,NO_DISPLACEMENT
4390,2026-03-06 22:45:00+00:00,M15:BUY_SIDE:4386,BUY_SIDE,M15,1.16096,2.999999999997449e-05,0.6685639989323021,0.9228988191711044,True,-1,CONFIRMED,BEARISH,0.0,NO_DISPLACEMENT
4395,2026-03-09 00:00:00+00:00,M15:SELL_SIDE:4364,SELL_SIDE,M15,1.1546,0.0015899999999999803,1.3544058541674835,1.195647140541792,False,-1,WEAK,NEUTRAL,-0.007430000000000048,NO_DISPLACEMENT
4395,2026-03-09 00:00:00+00:00,M15:SELL_SIDE:4370,SELL_SIDE,M15,1.15704,0.004029999999999978,1.3544058541674835,1.195647140541792,False,-1,WEAK,NEUTRAL,-0.007430000000000048,NO_DISPLACEMENT
4395,2026-03-09 00:00:00+00:00,M15:SELL_SIDE:4382,SELL_SIDE,M15,1.15927,0.006259999999999932,1.3544058541674835,1.195647140541792,False,-1,WEAK,NEUTRAL,-0.007430000000000048,NO_DISPLACEMENT
4395,2026-03-09 00:00:00+00:00,M15:SELL_SIDE:4389,SELL_SIDE,M15,1.15956,0.006549999999999834,1.3544058541674835,1.195647140541792,False,-1,WEAK,NEUTRAL,-0.007430000000000048,NO_DISPLACEMENT
4396,2026-03-09 00:15:00+00:00,H4:SELL_SIDE:388,SELL_SIDE,H4,1.15301,0.000400000000000178,1.4687636435586457,0.9691588785046729,True,1,CONFIRMED,BULLISH,-0.005870000000000042,NO_DISPLACEMENT
4401,2026-03-09 01:30:00+00:00,M15:SELL_SIDE:4396,SELL_SIDE,M15,1.15261,0.00013999999999980695,0.796350027231371,0.8773428232502966,True,-1,CONFIRMED,NEUTRAL,-0.008909999999999973,NO_DISPLACEMENT
4413,2026-03-09 04:30:00+00:00,M15:BUY_SIDE:4409,BUY_SIDE,M15,1.15239,0.0004199999999998649,1.127156700053502,0.899364406779661,False,2,CONFIRMED,BEARISH,0.00036999999999998145,NO_DISPLACEMENT
4421,2026-03-09 06:30:00+00:00,M15:BUY_SIDE:4415,BUY_SIDE,M15,1.15289,4.0000000000040004e-05,0.8159189972374862,0.5493077140435151,True,1,CONFIRMED,BULLISH,0.0013799999999999368,NO_DISPLACEMENT
4423,2026-03-09 07:00:00+00:00,M15:BUY_SIDE:4405,BUY_SIDE,M15,1.15314,0.00045999999999990493,1.235409262310084,0.9205414949970571,False,-1,WEAK,BULLISH,0.0007500000000000284,NO_DISPLACEMENT
4436,2026-03-09 10:15:00+00:00,M15:SELL_SIDE:4431,SELL_SIDE,M15,1.15352,0.0013600000000000279,2.01920617107136,2.45399480819152,False,3,CONFIRMED,BULLISH,-0.0045000000000001705,NO_DISPLACEMENT
4441,2026-03-09 11:30:00+00:00,M15:BUY_SIDE:4426,BUY_SIDE,M15,1.15715,0.000180000000000069,1.7951279694680822,2.931567328918322,True,1,CONFIRMED,BEARISH,0.0008099999999999774,NO_DISPLACEMENT
4441,2026-03-09 11:30:00+00:00,M15:BUY_SIDE:4435,BUY_SIDE,M15,1.15654,0.0007900000000000684,1.7951279694680822,2.931567328918322,True,1,CONFIRMED,BEARISH,0.0008099999999999774,NO_DISPLACEMENT
4451,2026-03-09 14:00:00+00:00,M15:BUY_SIDE:4447,BUY_SIDE,M15,1.15678,7.00000000000145e-05,0.7481823015068522,1.001842374616172,True,1,CONFIRMED,NEUTRAL,0.0006900000000000794,NO_DISPLACEMENT
4454,2026-03-09 14:45:00+00:00,M15:SELL_SIDE:4450,SELL_SIDE,M15,1.15551,0.0004999999999999449,1.0350069811297642,1.0866491617854979,False,1,CONFIRMED,BULLISH,-0.0005500000000000504,NO_DISPLACEMENT
4455,2026-03-09 15:00:00+00:00,M15:BUY_SIDE:4451,BUY_SIDE,M15,1.15685,0.00012999999999996348,1.3840569900354907,1.243232484076433,True,-1,CONFIRMED,BULLISH,0.0004999999999999449,NO_DISPLACEMENT
4456,2026-03-09 15:15:00+00:00,M15:BUY_SIDE:4441,BUY_SIDE,M15,1.15733,0.0005100000000000104,1.0334033591327179,1.2485775946635276,False,3,CONFIRMED,NEUTRAL,0.0017500000000001403,NO_DISPLACEMENT
4459,2026-03-09 16:00:00+00:00,M15:SELL_SIDE:4454,SELL_SIDE,M15,1.15501,0.0002500000000000835,2.178478229662486,2.298994974874372,True,1,CONFIRMED,NEUTRAL,0.00034000000000000696,NO_DISPLACEMENT
4464,2026-03-09 17:15:00+00:00,M15:BUY_SIDE:4457,BUY_SIDE,M15,1.15878,9.000000000014552e-05,0.8552780660911237,0.9513253012048193,True,1,CONFIRMED,NEUTRAL,0.0033199999999999896,NO_DISPLACEMENT
4470,2026-03-09 18:45:00+00:00,M15:BUY_SIDE:4467,BUY_SIDE,M15,1.15992,9.999999999843467e-06,1.1187235880548838,0.5519678714859437,True,1,CONFIRMED,NEUTRAL,0.0023299999999999432,NO_DISPLACEMENT
4480,2026-03-09 21:15:00+00:00,M15:BUY_SIDE:4394,BUY_SIDE,M15,1.16182,0.00024000000000001798,3.4383833806680952,2.4817841334695268,True,2,CONFIRMED,BEARISH,0.003009999999999957,NO_DISPLACEMENT
4480,2026-03-09 21:15:00+00:00,M15:BUY_SIDE:4470,BUY_SIDE,M15,1.15993,0.0021300000000001873,3.4383833806680952,2.4817841334695268,False,-1,WEAK,BEARISH,0.003009999999999957,NO_DISPLACEMENT
4480,2026-03-09 21:15:00+00:00,M15:BUY_SIDE:4474,BUY_SIDE,M15,1.15871,0.003350000000000186,3.4383833806680952,2.4817841334695268,False,-1,WEAK,BEARISH,0.003009999999999957,NO_DISPLACEMENT
4481,2026-03-09 21:30:00+00:00,H4:BUY_SIDE:407,BUY_SIDE,H4,1.16215,0.00031000000000003247,1.5066587946280057,2.1249574395641813,False,1,CONFIRMED,NEUTRAL,0.0038199999999999346,NO_DISPLACEMENT
4482,2026-03-09 21:45:00+00:00,M15:BUY_SIDE:4251,BUY_SIDE,M15,1.16315,0.000220000000000109,1.9993316687578209,1.71532967945524,True,1,CONFIRMED,NEUTRAL,0.002529999999999921,NO_DISPLACEMENT
4482,2026-03-09 21:45:00+00:00,M15:BUY_SIDE:4261,BUY_SIDE,M15,1.16248,0.0008900000000000574,1.9993316687578209,1.71532967945524,True,1,CONFIRMED,NEUTRAL,0.002529999999999921,NO_DISPLACEMENT
4486,2026-03-09 22:45:00+00:00,M15:BUY_SIDE:4482,BUY_SIDE,M15,1.16337,0.00039999999999995595,1.0904293476716724,0.5820950965824666,False,-1,WEAK,BULLISH,0.005370000000000097,NO_DISPLACEMENT
4491,2026-03-10 00:00:00+00:00,M15:BUY_SIDE:4247,BUY_SIDE,M15,1.16444,0.0001100000000000545,1.2870319628054956,0.6398522470757234,False,1,CONFIRMED,BULLISH,0.0021700000000000053,NO_DISPLACEMENT
4491,2026-03-10 00:00:00+00:00,M15:BUY_SIDE:4486,BUY_SIDE,M15,1.16377,0.0007800000000000029,1.2870319628054956,0.6398522470757234,False,1,CONFIRMED,BULLISH,0.0021700000000000053,NO_DISPLACEMENT
4501,2026-03-10 02:30:00+00:00,M15:BUY_SIDE:4496,BUY_SIDE,M15,1.16314,0.00042999999999993044,1.220435600385865,1.0145474137931034,False,1,CONFIRMED,NEUTRAL,-0.0011099999999999444,NO_DISPLACEMENT
4510,2026-03-10 04:45:00+00:00,M15:SELL_SIDE:4506,SELL_SIDE,M15,1.16118,1.0000000000065512e-05,0.9900092340184314,0.8463930348258707,True,1,CONFIRMED,NEUTRAL,-0.0014899999999999913,NO_DISPLACEMENT
4511,2026-03-10 05:00:00+00:00,M15:SELL_SIDE:4499,SELL_SIDE,M15,1.16116,0.00017000000000000348,0.648076579650977,0.8571428571428571,True,-1,CONFIRMED,NEUTRAL,-0.0022100000000000453,NO_DISPLACEMENT
4523,2026-03-10 08:00:00+00:00,M15:BUY_SIDE:4508,BUY_SIDE,M15,1.16268,0.0002500000000000835,1.3690326329507514,1.0012738853503185,False,-1,WEAK,BEARISH,0.0018000000000000238,NO_DISPLACEMENT
4525,2026-03-10 08:30:00+00:00,M15:BUY_SIDE:4501,BUY_SIDE,M15,1.16357,5.999999999994898e-05,1.3780384949358595,1.0894941634241244,True,1,CONFIRMED,NEUTRAL,0.0023100000000000342,NO_DISPLACEMENT
4528,2026-03-10 09:15:00+00:00,M15:BUY_SIDE:4492,BUY_SIDE,M15,1.16456,5.999999999994898e-05,2.3403694604104306,1.7545647558386412,True,-1,CONFIRMED,NEUTRAL,0.0033399999999998986,NO_DISPLACEMENT
4529,2026-03-10 09:30:00+00:00,H4:BUY_SIDE:396,BUY_SIDE,H4,1.16474,0.0005399999999999849,1.3406169042911804,1.7582697201017812,False,-1,WEAK,NEUTRAL,0.0035600000000000076,NO_DISPLACEMENT
4529,2026-03-10 09:30:00+00:00,M15:BUY_SIDE:4167,BUY_SIDE,M15,1.1652,8.000000000008001e-05,1.3406169042911804,1.7582697201017812,False,2,CONFIRMED,NEUTRAL,0.0035600000000000076,NO_DISPLACEMENT
4530,2026-03-10 09:45:00+00:00,H4:BUY_SIDE:393,BUY_SIDE,H4,1.16546,0.0008900000000000574,1.3410494731202738,2.4139100932994064,False,1,CONFIRMED,NEUTRAL,0.0041999999999999815,NO_DISPLACEMENT
4540,2026-03-10 12:15:00+00:00,M15:SELL_SIDE:4534,SELL_SIDE,M15,1.16431,9.999999999998899e-05,0.5862009840828926,1.38874586244943,True,3,CONFIRMED,NEUTRAL,-0.0015800000000001369,NO_DISPLACEMENT
4541,2026-03-10 12:30:00+00:00,M15:SELL_SIDE:4528,SELL_SIDE,M15,1.16275,0.0007099999999999884,2.484343025613914,2.301581463773446,True,1,CONFIRMED,NEUTRAL,-0.0015800000000001369,NO_DISPLACEMENT
4552,2026-03-10 15:15:00+00:00,M15:BUY_SIDE:4546,BUY_SIDE,M15,1.16478,0.00012000000000012001,0.8793220287812852,1.2172222222222222,True,1,CONFIRMED,NEUTRAL,0.0005100000000000104,NO_DISPLACEMENT
4557,2026-03-10 16:30:00+00:00,M15:BUY_SIDE:4552,BUY_SIDE,M15,1.1649,7.999999999985796e-05,1.1105861277377418,1.3996277585748471,True,1,CONFIRMED,BULLISH,0.0022100000000000453,NO_DISPLACEMENT
4561,2026-03-10 17:30:00+00:00,M15:BUY_SIDE:4543,BUY_SIDE,M15,1.1653,0.00021999999999988695,1.1827799948711095,1.0093189964157707,False,1,CONFIRMED,BULLISH,0.0012600000000000389,NO_DISPLACEMENT
4563,2026-03-10 18:00:00+00:00,M15:SELL_SIDE:4560,SELL_SIDE,M15,1.16397,7.999999999985796e-05,0.8517658323391699,0.9207850555686924,True,1,CONFIRMED,BULLISH,0.00036999999999998145,NO_DISPLACEMENT
4567,2026-03-10 19:00:00+00:00,M15:BUY_SIDE:4538,BUY_SIDE,M15,1.1659,0.000180000000000069,0.9286203534412859,0.9127453298652164,True,2,CONFIRMED,NEUTRAL,0.0006800000000000139,NO_DISPLACEMENT
4567,2026-03-10 19:00:00+00:00,M15:BUY_SIDE:4562,BUY_SIDE,M15,1.16553,0.0005500000000000504,0.9286203534412859,0.9127453298652164,True,2,CONFIRMED,NEUTRAL,0.0006800000000000139,NO_DISPLACEMENT
4568,2026-03-10 19:15:00+00:00,M15:BUY_SIDE:4530,BUY_SIDE,M15,1.16635,0.00038000000000004697,1.2621150082272774,1.491629332704551,True,1,CONFIRMED,NEUTRAL,0.0011200000000000099,NO_DISPLACEMENT
4571,2026-03-10 20:00:00+00:00,M15:SELL_SIDE:4563,SELL_SIDE,M15,1.16389,0.0010499999999999954,1.6279730882413124,1.2327130714449805,False,-1,WEAK,NEUTRAL,-0.0024699999999999722,NO_DISPLACEMENT
4572,2026-03-10 20:15:00+00:00,M15:SELL_SIDE:4522,SELL_SIDE,M15,1.16143,4.999999999988347e-05,2.0373681594793673,3.141552511415525,True,1,CONFIRMED,NEUTRAL,-0.0013499999999999623,NO_DISPLACEMENT
4572,2026-03-10 20:15:00+00:00,M15:SELL_SIDE:4541,SELL_SIDE,M15,1.16204,0.0006599999999998829,2.0373681594793673,3.141552511415525,True,1,CONFIRMED,NEUTRAL,-0.0013499999999999623,NO_DISPLACEMENT
4572,2026-03-10 20:15:00+00:00,M15:SELL_SIDE:4547,SELL_SIDE,M15,1.16214,0.0007599999999998719,2.0373681594793673,3.141552511415525,True,1,CONFIRMED,NEUTRAL,-0.0013499999999999623,NO_DISPLACEMENT
4572,2026-03-10 20:15:00+00:00,M15:SELL_SIDE:4555,SELL_SIDE,M15,1.16271,0.0013299999999998313,2.0373681594793673,3.141552511415525,True,-1,CONFIRMED,NEUTRAL,-0.0013499999999999623,NO_DISPLACEMENT
4577,2026-03-10 21:30:00+00:00,M15:SELL_SIDE:4515,SELL_SIDE,M15,1.16067,3.0000000000196536e-05,1.1677911256902624,1.453711790393013,True,1,CONFIRMED,NEUTRAL,-0.0040599999999999525,NO_DISPLACEMENT
4577,2026-03-10 21:30:00+00:00,M15:SELL_SIDE:4572,SELL_SIDE,M15,1.16138,0.000740000000000185,1.1677911256902624,1.453711790393013,True,1,CONFIRMED,NEUTRAL,-0.0040599999999999525,NO_DISPLACEMENT
4583,2026-03-10 23:00:00+00:00,M15:SELL_SIDE:4577,SELL_SIDE,M15,1.16064,0.00010999999999983245,0.5299948218185101,0.047872340425531915,True,1,CONFIRMED,NEUTRAL,-0.0018500000000001293,NO_DISPLACEMENT
4589,2026-03-11 00:30:00+00:00,M15:SELL_SIDE:4583,SELL_SIDE,M15,1.16053,0.00022999999999995246,0.622657486162166,0.22317210348706412,False,2,CONFIRMED,BEARISH,-0.0008799999999999919,NO_DISPLACEMENT
4595,2026-03-11 02:00:00+00:00,M15:BUY_SIDE:4587,BUY_SIDE,M15,1.16132,0.0010900000000000354,2.6324886577679125,0.8049184204303618,False,-1,WEAK,BEARISH,0.0010599999999998388,NO_DISPLACEMENT
4606,2026-03-11 04:45:00+00:00,M15:BUY_SIDE:4603,BUY_SIDE,M15,1.16288,5.0000000000105516e-05,1.1146538877293628,0.8091042584434655,True,1,CONFIRMED,BULLISH,0.00043999999999999595,NO_DISPLACEMENT
4612,2026-03-11 06:15:00+00:00,M15:BUY_SIDE:4609,BUY_SIDE,M15,1.16318,4.999999999988347e-05,0.4211364696227149,0.6039215686274509,False,-1,WEAK,BULLISH,0.000520000000000076,NO_DISPLACEMENT
4619,2026-03-11 08:00:00+00:00,M15:BUY_SIDE:4615,BUY_SIDE,M15,1.16361,0.0003500000000000725,1.3868123282887663,1.6491909385113268,False,1,CONFIRMED,BULLISH,0.0008899999999998354,NO_DISPLACEMENT
4622,2026-03-11 08:45:00+00:00,M15:SELL_SIDE:4616,SELL_SIDE,M15,1.163,1.0000000000065512e-05,1.231548193654427,1.092556634304207,True,2,CONFIRMED,BULLISH,0.0001500000000000945,NO_DISPLACEMENT
4624,2026-03-11 09:15:00+00:00,M15:BUY_SIDE:4620,BUY_SIDE,M15,1.16409,0.00045999999999990493,3.2222939848466337,4.898381877022654,True,1,CONFIRMED,BULLISH,-0.00035999999999991594,NO_DISPLACEMENT
4625,2026-03-11 09:30:00+00:00,M15:SELL_SIDE:4605,SELL_SIDE,M15,1.16186,0.00036999999999998145,2.188973751029731,2.9009708737864077,False,2,CONFIRMED,BULLISH,-0.0015000000000000568,NO_DISPLACEMENT
4628,2026-03-11 10:15:00+00:00,M15:SELL_SIDE:4599,SELL_SIDE,M15,1.16124,0.0001900000000001345,1.282041293498626,2.4815533980582525,True,2,CONFIRMED,BULLISH,-0.0017499999999999183,NO_DISPLACEMENT
4630,2026-03-11 10:45:00+00:00,M15:SELL_SIDE:4595,SELL_SIDE,M15,1.16057,0.00021000000000004349,1.196317463816011,3.141747572815534,True,-1,CONFIRMED,BULLISH,-0.0023100000000000342,NO_DISPLACEMENT
4631,2026-03-11 11:00:00+00:00,M15:SELL_SIDE:4590,SELL_SIDE,M15,1.16029,0.0012499999999999734,2.552231462645408,5.116504854368932,False,-1,WEAK,BULLISH,-0.0034000000000000696,NO_DISPLACEMENT
4634,2026-03-11 11:45:00+00:00,M15:SELL_SIDE:4631,SELL_SIDE,M15,1.15904,2.999999999997449e-05,0.7044968202712086,2.188157166574433,True,1,CONFIRMED,NEUTRAL,-0.0038000000000000256,NO_DISPLACEMENT
4645,2026-03-11 14:30:00+00:00,M15:SELL_SIDE:4634,SELL_SIDE,M15,1.15901,0.000320000000000098,1.999304463175392,3.0911039657020365,True,-1,CONFIRMED,BEARISH,-0.0010499999999999954,NO_DISPLACEMENT
4651,2026-03-11 16:00:00+00:00,M15:BUY_SIDE:4637,BUY_SIDE,M15,1.16116,0.00012000000000012001,2.3922361082114074,5.261576203618522,True,1,CONFIRMED,BEARISH,-0.0005399999999999849,NO_DISPLACEMENT
4651,2026-03-11 16:00:00+00:00,M15:BUY_SIDE:4645,BUY_SIDE,M15,1.16056,0.0007200000000000539,2.3922361082114074,5.261576203618522,True,1,CONFIRMED,BEARISH,-0.0005399999999999849,NO_DISPLACEMENT
4655,2026-03-11 17:00:00+00:00,M15:SELL_SIDE:4646,SELL_SIDE,M15,1.15773,9.999999999998899e-05,0.6985828259711513,1.6047745358090186,False,-1,WEAK,BULLISH,-0.0014600000000000168,NO_DISPLACEMENT
4655,2026-03-11 17:00:00+00:00,M15:SELL_SIDE:4650,SELL_SIDE,M15,1.15778,0.0001500000000000945,0.6985828259711513,1.6047745358090186,False,-1,WEAK,BULLISH,-0.0014600000000000168,NO_DISPLACEMENT
4656,2026-03-11 17:15:00+00:00,M15:SELL_SIDE:4479,SELL_SIDE,M15,1.15753,0.00012999999999996348,0.41961825670737574,1.0316062176165803,False,-1,WEAK,BULLISH,-0.0008000000000001339,NO_DISPLACEMENT
4665,2026-03-11 19:30:00+00:00,M15:SELL_SIDE:4659,SELL_SIDE,M15,1.15628,0.00019999999999997797,1.6218006964340035,1.5340338053905893,True,1,CONFIRMED,BEARISH,-0.0008999999999999009,NO_DISPLACEMENT
4674,2026-03-11 21:45:00+00:00,M15:BUY_SIDE:4670,BUY_SIDE,M15,1.15743,0.00019999999999997797,0.7231250858196486,0.4443933823529412,True,1,CONFIRMED,NEUTRAL,-0.00024000000000001798,NO_DISPLACEMENT
4677,2026-03-11 22:30:00+00:00,M15:SELL_SIDE:4671,SELL_SIDE,M15,1.1568,0.000220000000000109,0.8267654636836151,0.1712230215827338,False,2,CONFIRMED,BULLISH,-0.00034000000000000696,NO_DISPLACEMENT
4684,2026-03-12 00:15:00+00:00,M15:SELL_SIDE:4665,SELL_SIDE,M15,1.15608,8.999999999992347e-05,1.4349439113529083,0.3473200612557427,True,-1,CONFIRMED,NEUTRAL,-0.0011999999999998678,NO_DISPLACEMENT
4684,2026-03-12 00:15:00+00:00,M15:SELL_SIDE:4679,SELL_SIDE,M15,1.15644,0.0004499999999998394,1.4349439113529083,0.3473200612557427,False,-1,WEAK,NEUTRAL,-0.0011999999999998678,NO_DISPLACEMENT
4688,2026-03-12 01:15:00+00:00,M15:SELL_SIDE:4444,SELL_SIDE,M15,1.15468,0.00017999999999984695,0.7196085020878487,0.4703150912106136,False,-1,WEAK,BEARISH,-0.0021799999999998487,NO_DISPLACEMENT
4688,2026-03-12 01:15:00+00:00,M15:SELL_SIDE:4459,SELL_SIDE,M15,1.15476,0.00025999999999992696,0.7196085020878487,0.4703150912106136,False,-1,WEAK,BEARISH,-0.0021799999999998487,NO_DISPLACEMENT
4701,2026-03-12 04:30:00+00:00,M15:SELL_SIDE:4691,SELL_SIDE,M15,1.1534,0.000180000000000069,1.5311757767242595,1.0813953488372092,True,1,CONFIRMED,BEARISH,0.0001500000000000945,NO_DISPLACEMENT
4710,2026-03-12 06:45:00+00:00,M15:SELL_SIDE:4701,SELL_SIDE,M15,1.15322,2.999999999997449e-05,0.5369982261011919,0.6375545851528385,True,1,CONFIRMED,BEARISH,-0.0007999999999999119,NO_DISPLACEMENT
4711,2026-03-12 07:00:00+00:00,M15:BUY_SIDE:4706,BUY_SIDE,M15,1.15402,0.00035999999999991594,1.8560556415353595,1.7666874610106051,True,3,CONFIRMED,BEARISH,0.0004199999999998649,NO_DISPLACEMENT
4723,2026-03-12 10:00:00+00:00,M15:BUY_SIDE:4697,BUY_SIDE,M15,1.15556,4.0000000000040004e-05,0.8423403411614669,2.1721212121212123,True,1,CONFIRMED,NEUTRAL,0.0010399999999999299,NO_DISPLACEMENT
4723,2026-03-12 10:00:00+00:00,M15:BUY_SIDE:4720,BUY_SIDE,M15,1.15529,0.00031000000000003247,0.8423403411614669,2.1721212121212123,False,1,CONFIRMED,NEUTRAL,0.0010399999999999299,NO_DISPLACEMENT
4729,2026-03-12 11:30:00+00:00,M15:BUY_SIDE:4723,BUY_SIDE,M15,1.1556,0.00039999999999995595,0.7752823002559333,1.3110740122426265,False,3,CONFIRMED,BULLISH,0.0007399999999999629,NO_DISPLACEMENT
4737,2026-03-12 13:30:00+00:00,M15:BUY_SIDE:4731,BUY_SIDE,M15,1.15629,0.00034000000000000696,1.2854279599345917,1.2772705430081692,True,1,CONFIRMED,BULLISH,0.0016499999999999293,NO_DISPLACEMENT
4739,2026-03-12 14:00:00+00:00,M15:SELL_SIDE:4732,SELL_SIDE,M15,1.15494,0.00043999999999999595,1.7558953488518048,1.6936251189343483,False,-1,WEAK,BULLISH,-0.0012499999999999734,NO_DISPLACEMENT
4740,2026-03-12 14:15:00+00:00,M15:SELL_SIDE:4722,SELL_SIDE,M15,1.15415,0.00048000000000003595,1.4736121721369915,1.6557610241820768,False,-1,WEAK,BULLISH,-0.0019199999999999218,NO_DISPLACEMENT
4740,2026-03-12 14:15:00+00:00,M15:SELL_SIDE:4726,SELL_SIDE,M15,1.15433,0.000660000000000105,1.4736121721369915,1.6557610241820768,False,-1,WEAK,BULLISH,-0.0019199999999999218,NO_DISPLACEMENT
4744,2026-03-12 15:15:00+00:00,M15:SELL_SIDE:4710,SELL_SIDE,M15,1.15319,0.0011799999999999589,2.354095936709971,4.340761374187558,True,1,CONFIRMED,BULLISH,-0.0021599999999999397,NO_DISPLACEMENT
4748,2026-03-12 16:15:00+00:00,M15:SELL_SIDE:4744,SELL_SIDE,M15,1.15201,4.0000000000040004e-05,1.456390691925381,2.416888888888889,False,1,CONFIRMED,BEARISH,-0.0036599999999999966,NO_DISPLACEMENT
4751,2026-03-12 17:00:00+00:00,M15:SELL_SIDE:4417,SELL_SIDE,M15,1.15126,0.00017000000000000348,1.1504698476920976,2.782824112303881,True,1,CONFIRMED,BEARISH,-0.0021599999999999397,NO_DISPLACEMENT
4751,2026-03-12 17:00:00+00:00,M15:SELL_SIDE:4437,SELL_SIDE,M15,1.15153,0.00043999999999999595,1.1504698476920976,2.782824112303881,False,1,CONFIRMED,BEARISH,-0.0021599999999999397,NO_DISPLACEMENT
4756,2026-03-12 18:15:00+00:00,M15:BUY_SIDE:4753,BUY_SIDE,M15,1.15285,0.00042000000000008697,1.567785249355981,2.437146092865232,True,1,CONFIRMED,BEARISH,-0.0005399999999999849,NO_DISPLACEMENT
4765,2026-03-12 20:30:00+00:00,M15:SELL_SIDE:4755,SELL_SIDE,M15,1.15135,0.0002300000000001745,0.611149106259331,0.7847394540942928,False,2,CONFIRMED,NEUTRAL,-0.0005599999999998939,NO_DISPLACEMENT
4767,2026-03-12 21:00:00+00:00,M15:SELL_SIDE:4751,SELL_SIDE,M15,1.15109,1.999999999990898e-05,0.8086139159103358,0.8815136476426799,True,1,CONFIRMED,NEUTRAL,-0.0007500000000000284,NO_DISPLACEMENT
4772,2026-03-12 22:15:00+00:00,M15:SELL_SIDE:4767,SELL_SIDE,M15,1.15107,5.999999999994898e-05,0.48904375506539266,0.4646401985111663,False,1,CONFIRMED,BEARISH,-0.0011799999999999589,NO_DISPLACEMENT
4779,2026-03-13 00:00:00+00:00,M15:BUY_SIDE:4774,BUY_SIDE,M15,1.15161,5.999999999994898e-05,1.0063454168906862,0.4811537200917732,True,-1,CONFIRMED,BEARISH,-0.00026999999999999247,NO_DISPLACEMENT
4781,2026-03-13 00:30:00+00:00,M15:BUY_SIDE:4769,BUY_SIDE,M15,1.15185,0.00031000000000003247,0.6959277747287254,0.522451655195018,False,3,CONFIRMED,BEARISH,0.0006699999999999484,NO_DISPLACEMENT
4786,2026-03-13 01:45:00+00:00,M15:BUY_SIDE:4781,BUY_SIDE,M15,1.15216,0.00014999999999987246,0.9637811180782984,0.5558833169452638,True,-1,CONFIRMED,BULLISH,0.0009099999999999664,NO_DISPLACEMENT
4791,2026-03-13 03:00:00+00:00,M15:BUY_SIDE:4788,BUY_SIDE,M15,1.15284,0.00013999999999980695,1.2957488452660715,0.8003207698476343,True,1,CONFIRMED,BULLISH,0.0007900000000000684,NO_DISPLACEMENT
4794,2026-03-13 03:45:00+00:00,M15:SELL_SIDE:4784,SELL_SIDE,M15,1.1515,4.999999999988347e-05,1.0414527204549242,0.6890130353817505,True,1,CONFIRMED,BULLISH,1.999999999990898e-05,NO_DISPLACEMENT
4797,2026-03-13 04:30:00+00:00,M15:SELL_SIDE:4794,SELL_SIDE,M15,1.15145,0.00021000000000004349,1.2612891277209848,0.8120672601384767,False,-1,WEAK,NEUTRAL,-0.0014399999999998858,NO_DISPLACEMENT
4800,2026-03-13 05:15:00+00:00,M15:SELL_SIDE:4775,SELL_SIDE,M15,1.15086,0.00015999999999993797,0.6938073441716408,0.8293460925039873,False,2,CONFIRMED,NEUTRAL,-0.0015699999999998493,NO_DISPLACEMENT
4801,2026-03-13 05:30:00+00:00,H4:SELL_SIDE:408,SELL_SIDE,H4,1.1507,0.000220000000000109,0.6900534393969422,1.0515683147262094,True,1,CONFIRMED,NEUTRAL,-0.0019499999999998963,NO_DISPLACEMENT
4804,2026-03-13 06:15:00+00:00,M15:SELL_SIDE:4801,SELL_SIDE,M15,1.15048,9.999999999998899e-05,0.7207397242892302,0.49049881235154397,False,-1,WEAK,NEUTRAL,-0.0011900000000000244,NO_DISPLACEMENT
4811,2026-03-13 08:00:00+00:00,M15:SELL_SIDE:4805,SELL_SIDE,M15,1.15,2.999999999997449e-05,0.8932445343697277,1.3115384615384615,True,-1,CONFIRMED,BEARISH,-0.0007900000000000684,NO_DISPLACEMENT
4830,2026-03-13 12:45:00+00:00,M15:BUY_SIDE:4827,BUY_SIDE,M15,1.14648,0.0007200000000000539,2.094890432487188,2.903875188726724,True,1,CONFIRMED,NEUTRAL,0.0020599999999999508,NO_DISPLACEMENT
4835,2026-03-13 14:00:00+00:00,M15:BUY_SIDE:4830,BUY_SIDE,M15,1.1472,0.00012999999999996348,1.1964691518515993,1.8213488164359088,True,1,CONFIRMED,BULLISH,0.0011200000000000099,NO_DISPLACEMENT
4841,2026-03-13 15:30:00+00:00,M15:BUY_SIDE:4838,BUY_SIDE,M15,1.14887,2.999999999997449e-05,1.1216115743025972,1.9426121372031662,True,1,CONFIRMED,BULLISH,0.0030599999999998406,NO_DISPLACEMENT
4843,2026-03-13 16:00:00+00:00,M15:SELL_SIDE:4840,SELL_SIDE,M15,1.14736,0.00015999999999993797,0.6991642740353226,1.8147355548761845,True,1,CONFIRMED,BULLISH,0.0009399999999999409,NO_DISPLACEMENT
4846,2026-03-13 16:45:00+00:00,M15:SELL_SIDE:4836,SELL_SIDE,M15,1.1461,0.0005699999999999594,1.146596324206548,1.9240986717267552,False,-1,WEAK,BULLISH,-0.0012900000000000134,NO_DISPLACEMENT
4848,2026-03-13 17:15:00+00:00,M15:SELL_SIDE:4826,SELL_SIDE,M15,1.14508,0.00042000000000008697,1.2670982367268977,1.2588753563099249,False,-1,WEAK,NEUTRAL,-0.0028400000000001757,NO_DISPLACEMENT
4848,2026-03-13 17:15:00+00:00,M15:SELL_SIDE:4829,SELL_SIDE,M15,1.14519,0.0005299999999999194,1.2670982367268977,1.2588753563099249,False,-1,WEAK,NEUTRAL,-0.0028400000000001757,NO_DISPLACEMENT
4855,2026-03-13 19:00:00+00:00,M15:SELL_SIDE:4849,SELL_SIDE,M15,1.14343,7.999999999985796e-05,0.9683783321744737,0.9163705283108268,True,1,CONFIRMED,BEARISH,-0.002850000000000019,NO_DISPLACEMENT
4860,2026-03-13 20:15:00+00:00,H4:SELL_SIDE:434,SELL_SIDE,H4,1.14329,0.00014999999999987246,0.7422600694548095,0.64439706230751,True,1,CONFIRMED,BEARISH,-0.0007200000000000539,NO_DISPLACEMENT
4860,2026-03-13 20:15:00+00:00,M15:SELL_SIDE:4855,SELL_SIDE,M15,1.14335,0.00021000000000004349,0.7422600694548095,0.64439706230751,True,1,CONFIRMED,BEARISH,-0.0007200000000000539,NO_DISPLACEMENT
4863,2026-03-13 21:00:00+00:00,M15:SELL_SIDE:4860,SELL_SIDE,M15,1.14314,0.0003900000000001125,1.0477992334527546,0.5543710021321961,False,-1,WEAK,BEARISH,-0.0008600000000000829,NO_DISPLACEMENT
4879,2026-03-16 01:45:00+00:00,M15:BUY_SIDE:4876,BUY_SIDE,M15,1.14342,0.00012999999999996348,0.45325028311484433,0.43758178487306987,False,-1,WEAK,BEARISH,0.0022400000000000198,NO_DISPLACEMENT
4880,2026-03-16 02:00:00+00:00,M15:BUY_SIDE:4854,BUY_SIDE,M15,1.14464,6.999999999979245e-05,1.5567200448646068,0.8884404727587201,True,-1,CONFIRMED,BEARISH,0.003030000000000088,NO_DISPLACEMENT
4880,2026-03-16 02:00:00+00:00,M15:BUY_SIDE:4858,BUY_SIDE,M15,1.1446,0.00010999999999983245,1.5567200448646068,0.8884404727587201,False,-1,WEAK,BEARISH,0.003030000000000088,NO_DISPLACEMENT
4880,2026-03-16 02:00:00+00:00,M15:BUY_SIDE:4862,BUY_SIDE,M15,1.14405,0.0006599999999998829,1.5567200448646068,0.8884404727587201,False,-1,WEAK,BEARISH,0.003030000000000088,NO_DISPLACEMENT
4880,2026-03-16 02:00:00+00:00,M15:BUY_SIDE:4872,BUY_SIDE,M15,1.14387,0.0008399999999999519,1.5567200448646068,0.8884404727587201,False,-1,WEAK,BEARISH,0.003030000000000088,NO_DISPLACEMENT
4891,2026-03-16 04:45:00+00:00,M15:BUY_SIDE:4888,BUY_SIDE,M15,1.14502,0.00012000000000012001,0.637207194541815,0.719633307868602,True,1,CONFIRMED,NEUTRAL,-8.000000000008001e-05,NO_DISPLACEMENT
4901,2026-03-16 07:15:00+00:00,M15:SELL_SIDE:4886,SELL_SIDE,M15,1.14394,2.999999999997449e-05,0.5414865324637926,0.5281342546890424,False,-1,WEAK,BULLISH,-0.0008399999999999519,NO_DISPLACEMENT
4910,2026-03-16 09:30:00+00:00,M15:SELL_SIDE:4907,SELL_SIDE,M15,1.14241,0.0010099999999999554,2.1596003718748786,2.07847295864263,False,1,CONFIRMED,BEARISH,-0.0021400000000000308,NO_DISPLACEMENT
4913,2026-03-16 10:15:00+00:00,M15:BUY_SIDE:4908,BUY_SIDE,M15,1.14347,0.0009699999999999154,2.4990003414278776,2.3117709437963945,False,-1,WEAK,BEARISH,0.0007399999999999629,NO_DISPLACEMENT
4920,2026-03-16 12:00:00+00:00,M15:BUY_SIDE:4884,BUY_SIDE,M15,1.14563,0.00029999999999996696,1.6473952314680005,1.6509723643807575,False,-1,WEAK,BEARISH,0.003790000000000182,NO_DISPLACEMENT
4920,2026-03-16 12:00:00+00:00,M15:BUY_SIDE:4895,BUY_SIDE,M15,1.14538,0.0005499999999998284,1.6473952314680005,1.6509723643807575,False,-1,WEAK,BEARISH,0.003790000000000182,NO_DISPLACEMENT
4925,2026-03-16 13:15:00+00:00,M15:BUY_SIDE:4921,BUY_SIDE,M15,1.14776,0.0003700000000002035,0.9801747093239846,1.631786771964462,True,-1,CONFIRMED,NEUTRAL,0.0029399999999999427,NO_DISPLACEMENT
4927,2026-03-16 13:45:00+00:00,M15:BUY_SIDE:4845,BUY_SIDE,M15,1.14847,0.00022999999999995246,1.1760930482263743,1.6378561081603091,True,1,CONFIRMED,NEUTRAL,0.003210000000000157,NO_DISPLACEMENT
4930,2026-03-16 14:30:00+00:00,M15:BUY_SIDE:4927,BUY_SIDE,M15,1.1487,7.00000000000145e-05,1.1319838339618642,1.9361518550474548,True,1,CONFIRMED,NEUTRAL,0.0022199999999998887,NO_DISPLACEMENT
4934,2026-03-16 15:30:00+00:00,M15:BUY_SIDE:4930,BUY_SIDE,M15,1.14877,0.00021999999999988695,1.0777344159481135,1.959057551178061,False,-1,WEAK,BULLISH,0.0014199999999999768,NO_DISPLACEMENT
4935,2026-03-16 15:45:00+00:00,M15:BUY_SIDE:4842,BUY_SIDE,M15,1.14902,0.0010499999999999954,1.48689618732759,2.033217458478177,False,3,CONFIRMED,BULLISH,0.002610000000000001,NO_DISPLACEMENT
4943,2026-03-16 17:45:00+00:00,M15:SELL_SIDE:4939,SELL_SIDE,M15,1.14802,1.0000000000065512e-05,1.812747214984631,1.4619765494137353,True,1,CONFIRMED,BULLISH,0.0005100000000000104,NO_DISPLACEMENT
4948,2026-03-16 19:00:00+00:00,M15:BUY_SIDE:4936,BUY_SIDE,M15,1.1502,0.00020000000000020002,1.1135308721643038,1.641847313854854,True,1,CONFIRMED,BEARISH,0.0016099999999998893,NO_DISPLACEMENT
4948,2026-03-16 19:00:00+00:00,M15:BUY_SIDE:4942,BUY_SIDE,M15,1.15001,0.0003900000000001125,1.1135308721643038,1.641847313854854,True,1,CONFIRMED,BEARISH,0.0016099999999998893,NO_DISPLACEMENT
4952,2026-03-16 20:00:00+00:00,M15:BUY_SIDE:4948,BUY_SIDE,M15,1.1504,0.00024000000000001798,1.4566058909654327,1.164179104477612,False,-1,WEAK,NEUTRAL,0.0010099999999999554,NO_DISPLACEMENT
4953,2026-03-16 20:15:00+00:00,M15:BUY_SIDE:4809,BUY_SIDE,M15,1.15066,0.0015799999999999148,1.742772777585356,0.976545842217484,False,-1,WEAK,BULLISH,0.003309999999999924,NO_DISPLACEMENT
4967,2026-03-16 23:45:00+00:00,M15:SELL_SIDE:4961,SELL_SIDE,M15,1.1503,2.0000000000131024e-05,0.7877298421099616,0.24584929757343552,True,1,CONFIRMED,NEUTRAL,-0.0012199999999999989,NO_DISPLACEMENT
4976,2026-03-17 02:00:00+00:00,M15:SELL_SIDE:4972,SELL_SIDE,M15,1.14946,0.00027999999999983594,1.1745207733125045,0.6176890156918687,False,-1,WEAK,BEARISH,-0.0015899999999999803,NO_DISPLACEMENT
4977,2026-03-17 02:15:00+00:00,M15:SELL_SIDE:4951,SELL_SIDE,M15,1.14903,0.00011999999999989797,0.943686833072603,0.6958393113342898,False,1,CONFIRMED,BEARISH,-0.0015700000000000713,NO_DISPLACEMENT
4985,2026-03-17 04:15:00+00:00,M15:BUY_SIDE:4980,BUY_SIDE,M15,1.14955,9.999999999998899e-05,0.9705982685930932,0.45045831514622436,True,2,CONFIRMED,BEARISH,-0.0003300000000001635,NO_DISPLACEMENT
4989,2026-03-17 05:15:00+00:00,M15:BUY_SIDE:4975,BUY_SIDE,M15,1.14996,0.00013999999999980695,0.8192537765955933,0.3993055555555556,False,1,CONFIRMED,BEARISH,0.0008399999999999519,NO_DISPLACEMENT
4991,2026-03-17 05:45:00+00:00,M15:SELL_SIDE:4988,SELL_SIDE,M15,1.14932,0.00014999999999987246,1.1760356638184317,0.9133489461358314,False,3,CONFIRMED,NEUTRAL,0.0003300000000001635,NO_DISPLACEMENT
4998,2026-03-17 07:30:00+00:00,M15:SELL_SIDE:4992,SELL_SIDE,M15,1.14892,0.00022999999999995246,1.745257132330684,0.9819078947368421,False,-1,WEAK,BEARISH,-0.0009900000000000464,NO_DISPLACEMENT
4999,2026-03-17 07:45:00+00:00,M15:SELL_SIDE:4982,SELL_SIDE,M15,1.14855,0.0007699999999999374,1.7899390889977598,1.6726973684210527,False,-1,WEAK,BEARISH,-0.0021500000000000963,NO_DISPLACEMENT
5000,2026-03-17 08:00:00+00:00,M15:SELL_SIDE:4931,SELL_SIDE,M15,1.14721,0.0006300000000001305,2.4312320253847624,3.5970394736842106,False,1,CONFIRMED,BEARISH,-0.002809999999999979,NO_DISPLACEMENT
5000,2026-03-17 08:00:00+00:00,M15:SELL_SIDE:4946,SELL_SIDE,M15,1.14766,0.0010799999999999699,2.4312320253847624,3.5970394736842106,False,2,CONFIRMED,BEARISH,-0.002809999999999979,NO_DISPLACEMENT
5006,2026-03-17 09:30:00+00:00,M15:BUY_SIDE:4995,BUY_SIDE,M15,1.14998,1.999999999990898e-05,0.9740921619792624,2.0197368421052633,True,1,CONFIRMED,BEARISH,-0.00010000000000021103,NO_DISPLACEMENT
5010,2026-03-17 10:30:00+00:00,M15:BUY_SIDE:4964,BUY_SIDE,M15,1.15086,0.00026999999999999247,2.42381556545794,2.8125,False,-1,WEAK,NEUTRAL,0.0040800000000000836,NO_DISPLACEMENT
5010,2026-03-17 10:30:00+00:00,M15:BUY_SIDE:4990,BUY_SIDE,M15,1.15028,0.0008500000000000174,2.42381556545794,2.8125,False,-1,WEAK,NEUTRAL,0.0040800000000000836,NO_DISPLACEMENT
5010,2026-03-17 10:30:00+00:00,M15:BUY_SIDE:5006,BUY_SIDE,M15,1.15,0.0011300000000000754,2.42381556545794,2.8125,False,-1,WEAK,NEUTRAL,0.0040800000000000836,NO_DISPLACEMENT
5013,2026-03-17 11:15:00+00:00,H4:BUY_SIDE:443,BUY_SIDE,H4,1.15247,9.999999999843467e-06,1.8132185552219977,2.2036888532477947,True,1,CONFIRMED,BULLISH,0.004049999999999887,NO_DISPLACEMENT
5024,2026-03-17 14:00:00+00:00,M15:SELL_SIDE:5020,SELL_SIDE,M15,1.1504,1.0000000000065512e-05,1.9522862368113023,1.7258225324027916,True,1,CONFIRMED,NEUTRAL,0.0011299999999998533,NO_DISPLACEMENT
5024,2026-03-17 14:00:00+00:00,M15:BUY_SIDE:5021,BUY_SIDE,M15,1.15187,0.00043999999999999595,1.9522862368113023,1.7258225324027916,False,1,CONFIRMED,NEUTRAL,0.0011299999999998533,NO_DISPLACEMENT
5028,2026-03-17 15:00:00+00:00,M15:BUY_SIDE:4756,BUY_SIDE,M15,1.15327,0.00036999999999998145,1.2770530164763656,2.43801652892562,False,3,CONFIRMED,BEARISH,0.0023699999999999832,NO_DISPLACEMENT
5028,2026-03-17 15:00:00+00:00,M15:BUY_SIDE:4759,BUY_SIDE,M15,1.1532,0.00043999999999999595,1.2770530164763656,2.43801652892562,False,3,CONFIRMED,BEARISH,0.0023699999999999832,NO_DISPLACEMENT
5028,2026-03-17 15:00:00+00:00,M15:BUY_SIDE:4791,BUY_SIDE,M15,1.15298,0.000660000000000105,1.2770530164763656,2.43801652892562,False,-1,WEAK,BEARISH,0.0023699999999999832,NO_DISPLACEMENT
5028,2026-03-17 15:00:00+00:00,M15:BUY_SIDE:5013,BUY_SIDE,M15,1.15248,0.0011600000000000499,1.2770530164763656,2.43801652892562,False,-1,WEAK,BEARISH,0.0023699999999999832,NO_DISPLACEMENT
5038,2026-03-17 17:30:00+00:00,M15:SELL_SIDE:5033,SELL_SIDE,M15,1.15203,9.000000000014552e-05,1.0431599002738232,1.5489021956087825,True,1,CONFIRMED,NEUTRAL,-0.0009400000000001629,NO_DISPLACEMENT
5046,2026-03-17 19:30:00+00:00,M15:BUY_SIDE:5036,BUY_SIDE,M15,1.15388,8.000000000008001e-05,0.8838537500890853,0.7385767790262172,True,-1,CONFIRMED,NEUTRAL,0.0006299999999999084,NO_DISPLACEMENT
5048,2026-03-17 20:00:00+00:00,M15:BUY_SIDE:5029,BUY_SIDE,M15,1.15435,0.00036999999999998145,0.9843121834872041,0.802247191011236,False,1,CONFIRMED,NEUTRAL,0.002060000000000173,NO_DISPLACEMENT
5059,2026-03-17 22:45:00+00:00,M15:BUY_SIDE:5056,BUY_SIDE,M15,1.154,0.00019999999999997797,0.7696923737006699,0.5479105107640354,True,1,CONFIRMED,NEUTRAL,-0.0003500000000000725,NO_DISPLACEMENT
5060,2026-03-17 23:00:00+00:00,M15:SELL_SIDE:5044,SELL_SIDE,M15,1.15263,0.00031000000000003247,2.3264475419461594,0.1282163105102486,True,1,CONFIRMED,NEUTRAL,-0.0006099999999999994,NO_DISPLACEMENT
5060,2026-03-17 23:00:00+00:00,M15:SELL_SIDE:5055,SELL_SIDE,M15,1.15335,0.0010300000000000864,2.3264475419461594,0.1282163105102486,True,1,CONFIRMED,NEUTRAL,-0.0006099999999999994,NO_DISPLACEMENT
5064,2026-03-18 00:00:00+00:00,M15:BUY_SIDE:5059,BUY_SIDE,M15,1.1542,0.0002300000000001745,1.3242810821396735,0.6357372531005971,False,2,CONFIRMED,NEUTRAL,0.0006200000000000649,NO_DISPLACEMENT
5073,2026-03-18 02:15:00+00:00,M15:SELL_SIDE:5069,SELL_SIDE,M15,1.15367,0.00012999999999996348,1.510494846878204,0.6145472538347353,True,-1,CONFIRMED,BULLISH,0.000180000000000069,NO_DISPLACEMENT
5079,2026-03-18 03:45:00+00:00,M15:SELL_SIDE:5075,SELL_SIDE,M15,1.15315,2.999999999997449e-05,0.9537499803431194,0.7055593685655457,True,1,CONFIRMED,BEARISH,-0.0005100000000000104,NO_DISPLACEMENT
5084,2026-03-18 05:00:00+00:00,M15:SELL_SIDE:5079,SELL_SIDE,M15,1.15312,1.999999999990898e-05,0.5537885721218377,0.3634980988593156,True,1,CONFIRMED,BEARISH,-0.00011999999999989797,NO_DISPLACEMENT
5088,2026-03-18 06:00:00+00:00,M15:BUY_SIDE:5082,BUY_SIDE,M15,1.15381,0.00015999999999993797,0.8885368417966644,0.5013774104683195,True,-1,CONFIRMED,BEARISH,0.0002300000000001745,NO_DISPLACEMENT
5090,2026-03-18 06:30:00+00:00,M15:BUY_SIDE:5076,BUY_SIDE,M15,1.15402,9.999999999843467e-06,0.6885292677281605,0.5081809432146295,True,-1,CONFIRMED,BEARISH,0.0005699999999999594,NO_DISPLACEMENT
5094,2026-03-18 07:30:00+00:00,M15:BUY_SIDE:5064,BUY_SIDE,M15,1.15443,9.999999999998899e-05,1.0261186605363026,0.7878128400435256,False,-1,WEAK,BEARISH,0.0010999999999998789,NO_DISPLACEMENT
5094,2026-03-18 07:30:00+00:00,M15:BUY_SIDE:5072,BUY_SIDE,M15,1.15439,0.000140000000000029,1.0261186605363026,0.7878128400435256,False,-1,WEAK,BEARISH,0.0010999999999998789,NO_DISPLACEMENT
5096,2026-03-18 08:00:00+00:00,H4:BUY_SIDE:449,BUY_SIDE,H4,1.15472,4.0000000000040004e-05,0.9558975047071963,1.2600652883569097,True,2,CONFIRMED,BEARISH,0.0012799999999999478,NO_DISPLACEMENT
5102,2026-03-18 09:30:00+00:00,M15:SELL_SIDE:5084,SELL_SIDE,M15,1.1531,0.00043999999999999595,2.1822866707159694,1.188950276243094,False,-1,WEAK,NEUTRAL,-0.0015899999999999803,NO_DISPLACEMENT
5103,2026-03-18 09:45:00+00:00,M15:SELL_SIDE:5060,SELL_SIDE,M15,1.15232,8.000000000008001e-05,1.5401833779342822,1.805524861878453,True,1,CONFIRMED,NEUTRAL,-0.0014899999999999913,NO_DISPLACEMENT
5105,2026-03-18 10:15:00+00:00,M15:SELL_SIDE:5040,SELL_SIDE,M15,1.15179,0.0001100000000000545,2.1936676599405605,2.0217391304347827,True,1,CONFIRMED,NEUTRAL,-0.0024900000000001032,NO_DISPLACEMENT
5116,2026-03-18 13:00:00+00:00,M15:BUY_SIDE:5097,BUY_SIDE,M15,1.15491,9.999999999843467e-06,1.610706971762365,1.7213842058562556,True,1,CONFIRMED,NEUTRAL,0.0022899999999999032,NO_DISPLACEMENT
5116,2026-03-18 13:00:00+00:00,M15:BUY_SIDE:5112,BUY_SIDE,M15,1.15438,0.0005399999999999849,1.610706971762365,1.7213842058562556,False,1,CONFIRMED,NEUTRAL,0.0022899999999999032,NO_DISPLACEMENT
5117,2026-03-18 13:15:00+00:00,M15:BUY_SIDE:4743,BUY_SIDE,M15,1.15504,0.00048000000000003595,3.020313338433051,2.561679790026247,True,1,CONFIRMED,NEUTRAL,-2.999999999997449e-05,NO_DISPLACEMENT
5117,2026-03-18 13:15:00+00:00,M15:SELL_SIDE:5114,SELL_SIDE,M15,1.15327,0.00017000000000000348,3.020313338433051,2.561679790026247,False,1,CONFIRMED,NEUTRAL,-2.999999999997449e-05,NO_DISPLACEMENT
5121,2026-03-18 14:15:00+00:00,M15:SELL_SIDE:5118,SELL_SIDE,M15,1.15291,0.0005500000000000504,1.2084737058932444,3.8510273972602738,False,-1,WEAK,NEUTRAL,-0.0013000000000000789,NO_DISPLACEMENT
5122,2026-03-18 14:30:00+00:00,M15:SELL_SIDE:5105,SELL_SIDE,M15,1.15168,0.000360000000000138,1.561471570327578,4.566780821917808,False,-1,WEAK,NEUTRAL,-0.0025900000000000922,NO_DISPLACEMENT
5124,2026-03-18 15:00:00+00:00,M15:SELL_SIDE:5017,SELL_SIDE,M15,1.1503,0.001000000000000112,1.4550621440746914,5.070205479452055,False,1,CONFIRMED,NEUTRAL,-0.0044399999999999995,NO_DISPLACEMENT
5124,2026-03-18 15:00:00+00:00,M15:SELL_SIDE:5024,SELL_SIDE,M15,1.15039,0.0010900000000000354,1.4550621440746914,5.070205479452055,False,1,CONFIRMED,NEUTRAL,-0.0044399999999999995,NO_DISPLACEMENT
5132,2026-03-18 17:00:00+00:00,M15:BUY_SIDE:5128,BUY_SIDE,M15,1.15274,0.00020999999999982144,1.1822754194552025,2.708146247594612,True,1,CONFIRMED,NEUTRAL,0.00046999999999997044,NO_DISPLACEMENT
5138,2026-03-18 18:30:00+00:00,M15:SELL_SIDE:5135,SELL_SIDE,M15,1.15107,0.00034000000000000696,1.0387191805740699,1.4524838012958963,True,-1,CONFIRMED,BULLISH,0.00011999999999989797,NO_DISPLACEMENT
5141,2026-03-18 19:15:00+00:00,M15:SELL_SIDE:5129,SELL_SIDE,M15,1.15029,0.0001100000000000545,0.7099105500010819,1.1560693641618498,True,1,CONFIRMED,BULLISH,-0.0009700000000001374,NO_DISPLACEMENT
5146,2026-03-18 20:30:00+00:00,M15:SELL_SIDE:5125,SELL_SIDE,M15,1.14904,4.0000000000040004e-05,2.016966637512658,2.7827502034174127,False,-1,WEAK,BEARISH,-0.0026999999999999247,NO_DISPLACEMENT
5146,2026-03-18 20:30:00+00:00,M15:SELL_SIDE:5141,SELL_SIDE,M15,1.15018,0.0011799999999999589,2.016966637512658,2.7827502034174127,False,-1,WEAK,BEARISH,-0.0026999999999999247,NO_DISPLACEMENT
5147,2026-03-18 20:45:00+00:00,M15:SELL_SIDE:5009,SELL_SIDE,M15,1.14875,0.0011299999999998533,1.4533637988418342,1.9613196814562002,False,-1,WEAK,BEARISH,-0.004210000000000047,NO_DISPLACEMENT
5152,2026-03-18 22:00:00+00:00,H4:SELL_SIDE:446,SELL_SIDE,H4,1.14658,0.00038999999999989043,0.8027012397601703,0.6162485960314489,False,-1,WEAK,BEARISH,-0.0048200000000000465,NO_DISPLACEMENT
5171,2026-03-19 02:45:00+00:00,M15:BUY_SIDE:5158,BUY_SIDE,M15,1.14717,0.00025999999999992696,1.01310995645998,0.940096195889812,False,-1,WEAK,NEUTRAL,0.0021100000000000563,NO_DISPLACEMENT
5184,2026-03-19 06:00:00+00:00,M15:SELL_SIDE:5176,SELL_SIDE,M15,1.14717,0.00012000000000012001,0.6284447140398722,0.5073710073710074,True,-1,CONFIRMED,BULLISH,-0.0007800000000000029,NO_DISPLACEMENT
5190,2026-03-19 07:30:00+00:00,M15:SELL_SIDE:5187,SELL_SIDE,M15,1.14666,0.000320000000000098,1.2178702286486862,0.8075526506899056,False,2,CONFIRMED,NEUTRAL,-0.0017599999999999838,NO_DISPLACEMENT
5192,2026-03-19 08:00:00+00:00,M15:BUY_SIDE:5189,BUY_SIDE,M15,1.14709,0.00017000000000000348,1.468342591690685,0.9865871833084948,False,1,CONFIRMED,BEARISH,-0.00038000000000004697,NO_DISPLACEMENT
5194,2026-03-19 08:30:00+00:00,M15:SELL_SIDE:5190,SELL_SIDE,M15,1.14634,0.00017999999999984695,1.115589921567876,1.6214605067064083,True,1,CONFIRMED,BEARISH,-0.0005999999999999339,NO_DISPLACEMENT
5199,2026-03-19 09:45:00+00:00,M15:SELL_SIDE:5161,SELL_SIDE,M15,1.14509,9.999999999843467e-06,1.775255060303245,2.1535022354694484,True,2,CONFIRMED,BEARISH,-0.0017000000000000348,NO_DISPLACEMENT
5199,2026-03-19 09:45:00+00:00,M15:SELL_SIDE:5196,SELL_SIDE,M15,1.14526,0.00017999999999984695,1.775255060303245,2.1535022354694484,False,-1,WEAK,BEARISH,-0.0017000000000000348,NO_DISPLACEMENT
5200,2026-03-19 10:00:00+00:00,H4:SELL_SIDE:455,SELL_SIDE,H4,1.14488,0.0004999999999999449,1.3268133135666555,2.795827123695976,False,1,CONFIRMED,BEARISH,-0.0017099999999998783,NO_DISPLACEMENT
5205,2026-03-19 11:15:00+00:00,M15:BUY_SIDE:5193,BUY_SIDE,M15,1.14768,0.000280000000000058,2.1269788146119306,4.149889786921381,True,1,CONFIRMED,BEARISH,-0.00041000000000002146,NO_DISPLACEMENT
5205,2026-03-19 11:15:00+00:00,M15:BUY_SIDE:5197,BUY_SIDE,M15,1.14753,0.0004300000000001525,2.1269788146119306,4.149889786921381,True,1,CONFIRMED,BEARISH,-0.00041000000000002146,NO_DISPLACEMENT
5213,2026-03-19 13:15:00+00:00,M15:SELL_SIDE:5210,SELL_SIDE,M15,1.14661,8.999999999992347e-05,1.2840628513239392,1.5283474065138722,True,1,CONFIRMED,BULLISH,0.002080000000000082,NO_DISPLACEMENT
5216,2026-03-19 14:00:00+00:00,M15:BUY_SIDE:5212,BUY_SIDE,M15,1.14813,0.00020999999999982144,1.0722952964673373,2.793342579750347,True,1,CONFIRMED,BEARISH,0.0007399999999999629,NO_DISPLACEMENT
5217,2026-03-19 14:15:00+00:00,M15:SELL_SIDE:5213,SELL_SIDE,M15,1.14652,0.00021999999999988695,1.3871488200330024,1.7094870630957786,False,1,CONFIRMED,BEARISH,-0.0015100000000001224,NO_DISPLACEMENT
5218,2026-03-19 14:30:00+00:00,M15:BUY_SIDE:5207,BUY_SIDE,M15,1.1488,0.00017999999999984695,2.2584571136981655,2.8806173399909216,True,1,CONFIRMED,BEARISH,0.0012000000000000899,NO_DISPLACEMENT
5220,2026-03-19 15:00:00+00:00,M15:BUY_SIDE:5177,BUY_SIDE,M15,1.14913,0.00048000000000003595,1.2234718023234497,2.422892092616863,True,1,CONFIRMED,BEARISH,0.0015199999999999658,NO_DISPLACEMENT
5223,2026-03-19 15:45:00+00:00,M15:BUY_SIDE:5144,BUY_SIDE,M15,1.15251,0.00021000000000004349,3.0490107398383155,3.4691979852770243,True,1,CONFIRMED,BEARISH,0.0045999999999999375,NO_DISPLACEMENT
5228,2026-03-19 17:00:00+00:00,M15:BUY_SIDE:5132,BUY_SIDE,M15,1.15295,0.0009300000000000974,1.601122397471352,1.7850467289719627,False,1,CONFIRMED,BULLISH,0.004469999999999974,NO_DISPLACEMENT
5228,2026-03-19 17:00:00+00:00,M15:BUY_SIDE:5224,BUY_SIDE,M15,1.15281,0.0010700000000001264,1.601122397471352,1.7850467289719627,False,1,CONFIRMED,BULLISH,0.004469999999999974,NO_DISPLACEMENT
5236,2026-03-19 19:00:00+00:00,M15:BUY_SIDE:5228,BUY_SIDE,M15,1.15388,0.0007500000000000284,0.692553746913611,0.9895287958115183,False,-1,WEAK,NEUTRAL,0.0030600000000000627,NO_DISPLACEMENT
5236,2026-03-19 19:00:00+00:00,M15:BUY_SIDE:5232,BUY_SIDE,M15,1.15378,0.0008500000000000174,0.692553746913611,0.9895287958115183,False,-1,WEAK,NEUTRAL,0.0030600000000000627,NO_DISPLACEMENT
5237,2026-03-19 19:15:00+00:00,H4:BUY_SIDE:453,BUY_SIDE,H4,1.15552,0.00046999999999997044,1.0157603999268312,0.9261780104712042,False,-1,WEAK,NEUTRAL,0.0040999999999999925,NO_DISPLACEMENT
5239,2026-03-19 19:45:00+00:00,H4:BUY_SIDE:429,BUY_SIDE,H4,1.15663,0.0001100000000000545,0.8614356370929527,0.8089005235602095,True,1,CONFIRMED,NEUTRAL,0.00495000000000001,NO_DISPLACEMENT
5243,2026-03-19 20:45:00+00:00,M15:BUY_SIDE:4661,BUY_SIDE,M15,1.15767,0.0007399999999999629,2.0729931592205553,0.8509917755200774,False,-1,WEAK,BULLISH,0.005039999999999933,NO_DISPLACEMENT
5243,2026-03-19 20:45:00+00:00,M15:BUY_SIDE:4674,BUY_SIDE,M15,1.15763,0.0007800000000000029,2.0729931592205553,0.8509917755200774,False,-1,WEAK,BULLISH,0.005039999999999933,NO_DISPLACEMENT
5243,2026-03-19 20:45:00+00:00,M15:BUY_SIDE:4683,BUY_SIDE,M15,1.15744,0.0009699999999999154,2.0729931592205553,0.8509917755200774,False,-1,WEAK,BULLISH,0.005039999999999933,NO_DISPLACEMENT
5243,2026-03-19 20:45:00+00:00,M15:BUY_SIDE:5239,BUY_SIDE,M15,1.15674,0.0016699999999998383,2.0729931592205553,0.8509917755200774,False,-1,WEAK,BULLISH,0.005039999999999933,NO_DISPLACEMENT
5244,2026-03-19 21:00:00+00:00,M15:BUY_SIDE:4651,BUY_SIDE,M15,1.16128,0.00032999999999994145,2.034440390086761,2.2172639170610773,True,1,CONFIRMED,BULLISH,0.007430000000000048,NO_DISPLACEMENT
5256,2026-03-20 00:00:00+00:00,M15:BUY_SIDE:5251,BUY_SIDE,M15,1.159,0.0005100000000000104,1.1722839750964742,0.26521848951755495,True,1,CONFIRMED,NEUTRAL,0.00031999999999987594,NO_DISPLACEMENT
5258,2026-03-20 00:30:00+00:00,M15:SELL_SIDE:5255,SELL_SIDE,M15,1.15798,0.00021000000000004349,0.6122631267918347,0.28167539267015707,False,-1,WEAK,BULLISH,-0.00034000000000000696,NO_DISPLACEMENT
5259,2026-03-20 00:45:00+00:00,M15:SELL_SIDE:5247,SELL_SIDE,M15,1.15768,2.0000000000131024e-05,0.40738326003809494,0.2036649214659686,True,1,CONFIRMED,BULLISH,-0.0009999999999998899,NO_DISPLACEMENT
5283,2026-03-20 06:45:00+00:00,M15:SELL_SIDE:5279,SELL_SIDE,M15,1.15557,0.00015999999999993797,0.9183805542451503,0.45501730103806226,False,1,CONFIRMED,BEARISH,-0.0008700000000001484,NO_DISPLACEMENT
5285,2026-03-20 07:15:00+00:00,M15:BUY_SIDE:5282,BUY_SIDE,M15,1.15597,0.0001500000000000945,0.8548135091501553,0.7883349012229539,True,1,CONFIRMED,BEARISH,-0.00045999999999990493,NO_DISPLACEMENT
5286,2026-03-20 07:30:00+00:00,M15:SELL_SIDE:5283,SELL_SIDE,M15,1.15541,9.000000000014552e-05,1.2102070879319287,0.8974113135186961,True,2,CONFIRMED,BEARISH,-0.00038999999999989043,NO_DISPLACEMENT
5288,2026-03-20 08:00:00+00:00,M15:BUY_SIDE:5285,BUY_SIDE,M15,1.15612,0.0001100000000000545,1.9467534254604084,1.070506454816286,True,3,CONFIRMED,NEUTRAL,0.0003500000000000725,NO_DISPLACEMENT
5297,2026-03-20 10:15:00+00:00,M15:BUY_SIDE:5265,BUY_SIDE,M15,1.158,7.00000000000145e-05,1.1977391951423164,2.2777777777777777,True,1,CONFIRMED,BULLISH,0.0024500000000000632,NO_DISPLACEMENT
5297,2026-03-20 10:15:00+00:00,M15:BUY_SIDE:5268,BUY_SIDE,M15,1.15769,0.0003799999999998249,1.1977391951423164,2.2777777777777777,False,1,CONFIRMED,BULLISH,0.0024500000000000632,NO_DISPLACEMENT
5302,2026-03-20 11:30:00+00:00,M15:SELL_SIDE:5292,SELL_SIDE,M15,1.15556,2.999999999997449e-05,1.6345507751372357,2.4103547459252157,True,-1,CONFIRMED,BULLISH,-0.0014199999999999768,NO_DISPLACEMENT
5303,2026-03-20 11:45:00+00:00,M15:SELL_SIDE:5241,SELL_SIDE,M15,1.15502,0.00029999999999996696,1.4671383680862922,3.4261523988711193,False,3,CONFIRMED,BULLISH,-0.0021999999999999797,NO_DISPLACEMENT
5303,2026-03-20 11:45:00+00:00,M15:SELL_SIDE:5287,SELL_SIDE,M15,1.15513,0.00041000000000002146,1.4671383680862922,3.4261523988711193,False,3,CONFIRMED,BULLISH,-0.0021999999999999797,NO_DISPLACEMENT
5321,2026-03-20 16:15:00+00:00,M15:SELL_SIDE:5304,SELL_SIDE,M15,1.15351,0.0010900000000000354,1.451732907682524,2.892857142857143,False,3,CONFIRMED,BEARISH,-0.0045399999999999885,NO_DISPLACEMENT
5328,2026-03-20 18:00:00+00:00,M15:BUY_SIDE:5325,BUY_SIDE,M15,1.15576,0.0001100000000000545,1.5155769836233928,1.3495256166982923,True,-1,CONFIRMED,BEARISH,-0.00017000000000000348,NO_DISPLACEMENT
5329,2026-03-20 18:15:00+00:00,M15:BUY_SIDE:5319,BUY_SIDE,M15,1.15596,0.0006899999999998574,0.9315465728174366,1.2798521256931608,True,1,CONFIRMED,NEUTRAL,0.0017599999999999838,NO_DISPLACEMENT
5333,2026-03-20 19:15:00+00:00,M15:BUY_SIDE:5329,BUY_SIDE,M15,1.15665,0.0002900000000001235,0.8444825036303686,1.2552301255230125,False,1,CONFIRMED,BULLISH,0.003290000000000015,NO_DISPLACEMENT
5337,2026-03-20 20:15:00+00:00,M15:SELL_SIDE:5332,SELL_SIDE,M15,1.1549,0.00012999999999996348,2.008579165686143,1.7474191328286304,True,1,CONFIRMED,BULLISH,0.0024500000000000632,NO_DISPLACEMENT
5337,2026-03-20 20:15:00+00:00,M15:BUY_SIDE:5334,BUY_SIDE,M15,1.15705,0.00012000000000012001,2.008579165686143,1.7474191328286304,True,1,CONFIRMED,BULLISH,0.0024500000000000632,NO_DISPLACEMENT
5348,2026-03-23 00:00:00+00:00,M15:SELL_SIDE:5340,SELL_SIDE,M15,1.15465,0.0005999999999999339,1.3307972124721406,0.4423076923076923,True,1,CONFIRMED,NEUTRAL,-0.0012300000000000644,NO_DISPLACEMENT
5353,2026-03-23 01:15:00+00:00,M15:BUY_SIDE:5350,BUY_SIDE,M15,1.15625,0.0001500000000000945,0.3969951628566479,0.4247787610619469,False,2,CONFIRMED,BEARISH,0.0005100000000000104,NO_DISPLACEMENT
5358,2026-03-23 02:30:00+00:00,M15:SELL_SIDE:5348,SELL_SIDE,M15,1.15405,0.00019999999999997797,1.9348750602103313,0.8345047923322684,True,1,CONFIRMED,NEUTRAL,-0.0007099999999999884,NO_DISPLACEMENT
5376,2026-03-23 07:00:00+00:00,M15:BUY_SIDE:5373,BUY_SIDE,M15,1.15514,9.999999999998899e-05,0.6366402667181871,0.48064806480648065,True,1,CONFIRMED,NEUTRAL,0.000140000000000029,NO_DISPLACEMENT
5377,2026-03-23 07:15:00+00:00,M15:SELL_SIDE:5368,SELL_SIDE,M15,1.15419,0.00026999999999999247,1.4185603864980048,0.578996282527881,False,-1,WEAK,NEUTRAL,-0.0004999999999999449,NO_DISPLACEMENT
5377,2026-03-23 07:15:00+00:00,M15:SELL_SIDE:5374,SELL_SIDE,M15,1.15453,0.0006099999999999994,1.4185603864980048,0.578996282527881,False,-1,WEAK,NEUTRAL,-0.0004999999999999449,NO_DISPLACEMENT
5378,2026-03-23 07:30:00+00:00,M15:SELL_SIDE:5327,SELL_SIDE,M15,1.15378,0.00015999999999993797,0.8548443129652774,0.9249492900608519,False,-1,WEAK,BULLISH,-0.0007699999999999374,NO_DISPLACEMENT
5378,2026-03-23 07:30:00+00:00,M15:SELL_SIDE:5358,SELL_SIDE,M15,1.15385,0.00022999999999995246,0.8548443129652774,0.9249492900608519,False,-1,WEAK,BULLISH,-0.0007699999999999374,NO_DISPLACEMENT
5381,2026-03-23 08:15:00+00:00,H4:SELL_SIDE:466,SELL_SIDE,H4,1.15242,0.00019999999999997797,1.1591073358581478,1.4327191513121162,True,2,CONFIRMED,BULLISH,-0.0020999999999999908,NO_DISPLACEMENT
5381,2026-03-23 08:15:00+00:00,M15:SELL_SIDE:5235,SELL_SIDE,M15,1.15233,0.0001100000000000545,1.1591073358581478,1.4327191513121162,True,2,CONFIRMED,BULLISH,-0.0020999999999999908,NO_DISPLACEMENT
5389,2026-03-23 10:15:00+00:00,M15:BUY_SIDE:5386,BUY_SIDE,M15,1.15402,0.0005100000000000104,1.5647613701596954,2.6454494695700728,False,1,CONFIRMED,BEARISH,0.0009300000000000974,NO_DISPLACEMENT
5393,2026-03-23 11:15:00+00:00,M15:SELL_SIDE:5383,SELL_SIDE,M15,1.15198,0.0008600000000000829,1.3975722068838432,1.9117811278615298,False,-1,WEAK,NEUTRAL,-0.0015699999999998493,NO_DISPLACEMENT
5395,2026-03-23 11:45:00+00:00,M15:SELL_SIDE:5231,SELL_SIDE,M15,1.14981,0.0007900000000000684,1.0617228841771502,1.8094795539033457,False,-1,WEAK,NEUTRAL,-0.002950000000000008,NO_DISPLACEMENT
5400,2026-03-23 13:00:00+00:00,H4:BUY_SIDE:461,BUY_SIDE,H4,1.16161,0.0004199999999998649,6.853121851787997,6.136986301369863,True,1,CONFIRMED,NEUTRAL,0.003370000000000095,NO_DISPLACEMENT
5400,2026-03-23 13:00:00+00:00,M15:BUY_SIDE:5256,BUY_SIDE,M15,1.15951,0.0025199999999998557,6.853121851787997,6.136986301369863,True,1,CONFIRMED,NEUTRAL,0.003370000000000095,NO_DISPLACEMENT
5400,2026-03-23 13:00:00+00:00,M15:BUY_SIDE:5297,BUY_SIDE,M15,1.15807,0.0039599999999999635,6.853121851787997,6.136986301369863,True,1,CONFIRMED,NEUTRAL,0.003370000000000095,NO_DISPLACEMENT
5400,2026-03-23 13:00:00+00:00,M15:BUY_SIDE:5310,BUY_SIDE,M15,1.15799,0.0040399999999998215,6.853121851787997,6.136986301369863,True,1,CONFIRMED,NEUTRAL,0.003370000000000095,NO_DISPLACEMENT
5400,2026-03-23 13:00:00+00:00,M15:BUY_SIDE:5314,BUY_SIDE,M15,1.15797,0.0040599999999999525,6.853121851787997,6.136986301369863,True,1,CONFIRMED,NEUTRAL,0.003370000000000095,NO_DISPLACEMENT
5400,2026-03-23 13:00:00+00:00,M15:BUY_SIDE:5337,BUY_SIDE,M15,1.15717,0.004859999999999864,6.853121851787997,6.136986301369863,True,1,CONFIRMED,NEUTRAL,0.003370000000000095,NO_DISPLACEMENT
5400,2026-03-23 13:00:00+00:00,M15:BUY_SIDE:5347,BUY_SIDE,M15,1.15715,0.0048799999999999955,6.853121851787997,6.136986301369863,True,1,CONFIRMED,NEUTRAL,0.003370000000000095,NO_DISPLACEMENT
5400,2026-03-23 13:00:00+00:00,M15:BUY_SIDE:5354,BUY_SIDE,M15,1.15646,0.005569999999999853,6.853121851787997,6.136986301369863,False,1,CONFIRMED,NEUTRAL,0.003370000000000095,NO_DISPLACEMENT
5400,2026-03-23 13:00:00+00:00,M15:BUY_SIDE:5362,BUY_SIDE,M15,1.15616,0.00586999999999982,6.853121851787997,6.136986301369863,False,1,CONFIRMED,NEUTRAL,0.003370000000000095,NO_DISPLACEMENT
5400,2026-03-23 13:00:00+00:00,M15:BUY_SIDE:5376,BUY_SIDE,M15,1.15524,0.006789999999999852,6.853121851787997,6.136986301369863,False,-1,WEAK,NEUTRAL,0.003370000000000095,NO_DISPLACEMENT
5400,2026-03-23 13:00:00+00:00,M15:BUY_SIDE:5390,BUY_SIDE,M15,1.15461,0.007419999999999982,6.853121851787997,6.136986301369863,False,-1,WEAK,NEUTRAL,0.003370000000000095,NO_DISPLACEMENT
5413,2026-03-23 16:15:00+00:00,M15:BUY_SIDE:5400,BUY_SIDE,M15,1.16203,0.0010900000000000354,1.3252895268687375,2.4332257117698854,False,2,CONFIRMED,NEUTRAL,0.006969999999999921,NO_DISPLACEMENT
5413,2026-03-23 16:15:00+00:00,M15:BUY_SIDE:5408,BUY_SIDE,M15,1.16152,0.0015999999999998238,1.3252895268687375,2.4332257117698854,False,-1,WEAK,NEUTRAL,0.006969999999999921,NO_DISPLACEMENT
5420,2026-03-23 18:00:00+00:00,M15:SELL_SIDE:5409,SELL_SIDE,M15,1.15798,0.00026999999999999247,0.6998097092344568,1.6662509353953605,True,2,CONFIRMED,BULLISH,-0.0005100000000000104,NO_DISPLACEMENT
5429,2026-03-23 20:15:00+00:00,M15:BUY_SIDE:5426,BUY_SIDE,M15,1.16095,0.0003500000000000725,0.7403450002060233,0.7299521531100478,False,-1,WEAK,BEARISH,0.0026399999999999757,NO_DISPLACEMENT
5444,2026-03-24 00:00:00+00:00,M15:SELL_SIDE:5439,SELL_SIDE,M15,1.16087,6.000000000017103e-05,0.739764698484852,0.16626008632013511,True,1,CONFIRMED,BULLISH,-0.00012999999999996348,NO_DISPLACEMENT
5450,2026-03-24 01:30:00+00:00,M15:SELL_SIDE:5447,SELL_SIDE,M15,1.16098,0.00012999999999996348,0.47092613026046426,0.17403100775193797,True,-1,CONFIRMED,NEUTRAL,-2.999999999997449e-05,NO_DISPLACEMENT
5451,2026-03-24 01:45:00+00:00,M15:SELL_SIDE:5444,SELL_SIDE,M15,1.16081,0.00030999999999981043,0.8497398624151595,0.3421468034727703,False,-1,WEAK,NEUTRAL,-0.000520000000000076,NO_DISPLACEMENT
5453,2026-03-24 02:15:00+00:00,M15:SELL_SIDE:5428,SELL_SIDE,M15,1.15919,0.00024999999999986144,0.9665665260694031,0.5047041605686807,True,3,CONFIRMED,NEUTRAL,-0.0020500000000001073,NO_DISPLACEMENT
5458,2026-03-24 03:30:00+00:00,M15:SELL_SIDE:5454,SELL_SIDE,M15,1.1581,0.00017999999999984695,1.1436060238132475,0.9454845814977973,False,1,CONFIRMED,BEARISH,-0.0030999999999998806,NO_DISPLACEMENT
5468,2026-03-24 06:00:00+00:00,M15:SELL_SIDE:5421,SELL_SIDE,M15,1.15761,1.0000000000065512e-05,0.9758414533683407,0.6290993071593534,True,1,CONFIRMED,NEUTRAL,-0.00019999999999997797,NO_DISPLACEMENT
5468,2026-03-24 06:00:00+00:00,M15:SELL_SIDE:5459,SELL_SIDE,M15,1.15783,0.00022999999999995246,0.9758414533683407,0.6290993071593534,True,2,CONFIRMED,NEUTRAL,-0.00019999999999997797,NO_DISPLACEMENT
5468,2026-03-24 06:00:00+00:00,M15:SELL_SIDE:5464,SELL_SIDE,M15,1.15807,0.00046999999999997044,0.9758414533683407,0.6290993071593534,False,-1,WEAK,NEUTRAL,-0.00019999999999997797,NO_DISPLACEMENT
5472,2026-03-24 07:00:00+00:00,M15:SELL_SIDE:5469,SELL_SIDE,M15,1.15753,4.0000000000040004e-05,0.9159581494486829,0.9602577873254565,True,1,CONFIRMED,BEARISH,-0.0010799999999999699,NO_DISPLACEMENT
5479,2026-03-24 08:45:00+00:00,M15:BUY_SIDE:5475,BUY_SIDE,M15,1.15891,0.00031999999999987594,1.824789508948104,1.3573008849557522,False,-1,WEAK,NEUTRAL,0.0014600000000000168,NO_DISPLACEMENT
5480,2026-03-24 09:00:00+00:00,M15:BUY_SIDE:5447,BUY_SIDE,M15,1.16175,1.999999999990898e-05,3.246030612097803,2.5530973451327434,True,1,CONFIRMED,NEUTRAL,0.003550000000000164,NO_DISPLACEMENT
5480,2026-03-24 09:00:00+00:00,M15:BUY_SIDE:5462,BUY_SIDE,M15,1.15923,0.0025399999999999867,3.246030612097803,2.5530973451327434,False,-1,WEAK,NEUTRAL,0.003550000000000164,NO_DISPLACEMENT
5489,2026-03-24 11:15:00+00:00,M15:SELL_SIDE:5476,SELL_SIDE,M15,1.1579,9.999999999998899e-05,0.918905617664973,1.379784102060844,True,1,CONFIRMED,NEUTRAL,-0.0006800000000000139,NO_DISPLACEMENT
5496,2026-03-24 13:00:00+00:00,M15:BUY_SIDE:5491,BUY_SIDE,M15,1.15969,0.00035999999999991594,1.3456599698818337,1.498330550918197,False,1,CONFIRMED,BEARISH,0.00016000000000016001,NO_DISPLACEMENT
5499,2026-03-24 13:45:00+00:00,M15:SELL_SIDE:5495,SELL_SIDE,M15,1.15832,0.0004900000000001015,1.770569518274535,1.6350848158874638,True,1,CONFIRMED,BULLISH,0.00042999999999993044,NO_DISPLACEMENT
5504,2026-03-24 15:00:00+00:00,M15:SELL_SIDE:5472,SELL_SIDE,M15,1.15749,0.0006999999999999229,1.9771041539905971,2.5482654600301657,True,3,CONFIRMED,NEUTRAL,-0.0012000000000000899,NO_DISPLACEMENT
5504,2026-03-24 15:00:00+00:00,M15:SELL_SIDE:5489,SELL_SIDE,M15,1.1578,0.0010099999999999554,1.9771041539905971,2.5482654600301657,False,-1,WEAK,NEUTRAL,-0.0012000000000000899,NO_DISPLACEMENT
5504,2026-03-24 15:00:00+00:00,M15:SELL_SIDE:5499,SELL_SIDE,M15,1.15783,0.0010399999999999299,1.9771041539905971,2.5482654600301657,False,-1,WEAK,NEUTRAL,-0.0012000000000000899,NO_DISPLACEMENT
5511,2026-03-24 16:45:00+00:00,M15:BUY_SIDE:5496,BUY_SIDE,M15,1.16005,0.0006599999999998829,2.1713862898748664,3.410082230961745,True,1,CONFIRMED,BEARISH,-0.00032999999999994145,NO_DISPLACEMENT
5511,2026-03-24 16:45:00+00:00,M15:BUY_SIDE:5503,BUY_SIDE,M15,1.15993,0.0007800000000000029,2.1713862898748664,3.410082230961745,True,1,CONFIRMED,BEARISH,-0.00032999999999994145,NO_DISPLACEMENT
5515,2026-03-24 17:45:00+00:00,M15:SELL_SIDE:5511,SELL_SIDE,M15,1.15803,0.0005099999999997884,1.0569171578482934,1.301924734271761,False,1,CONFIRMED,BULLISH,0.0007099999999999884,NO_DISPLACEMENT
5520,2026-03-24 19:00:00+00:00,M15:SELL_SIDE:5506,SELL_SIDE,M15,1.15668,0.0009799999999999809,2.0865723049062015,2.135756887247941,False,1,CONFIRMED,BEARISH,-0.0028399999999999537,NO_DISPLACEMENT
5520,2026-03-24 19:00:00+00:00,M15:SELL_SIDE:5516,SELL_SIDE,M15,1.15735,0.0016500000000001513,2.0865723049062015,2.135756887247941,False,3,CONFIRMED,BEARISH,-0.0028399999999999537,NO_DISPLACEMENT
5526,2026-03-24 20:30:00+00:00,M15:BUY_SIDE:5518,BUY_SIDE,M15,1.15923,1.0000000000065512e-05,1.195961051517372,1.2358634742740704,True,1,CONFIRMED,BEARISH,9.999999999998899e-05,NO_DISPLACEMENT
5526,2026-03-24 20:30:00+00:00,M15:BUY_SIDE:5523,BUY_SIDE,M15,1.15838,0.0008600000000000829,1.195961051517372,1.2358634742740704,False,1,CONFIRMED,BEARISH,9.999999999998899e-05,NO_DISPLACEMENT
5533,2026-03-24 22:15:00+00:00,H4:BUY_SIDE:476,BUY_SIDE,H4,1.16177,0.0010499999999999954,3.5702992014440653,1.8659189395870508,True,1,CONFIRMED,NEUTRAL,0.0030200000000000227,NO_DISPLACEMENT
5533,2026-03-24 22:15:00+00:00,M15:BUY_SIDE:5511,BUY_SIDE,M15,1.16071,0.0021100000000000563,3.5702992014440653,1.8659189395870508,True,1,CONFIRMED,NEUTRAL,0.0030200000000000227,NO_DISPLACEMENT
5533,2026-03-24 22:15:00+00:00,M15:BUY_SIDE:5514,BUY_SIDE,M15,1.15972,0.0030999999999998806,3.5702992014440653,1.8659189395870508,False,-1,WEAK,NEUTRAL,0.0030200000000000227,NO_DISPLACEMENT
5533,2026-03-24 22:15:00+00:00,M15:BUY_SIDE:5528,BUY_SIDE,M15,1.15928,0.0035399999999998766,3.5702992014440653,1.8659189395870508,False,-1,WEAK,NEUTRAL,0.0030200000000000227,NO_DISPLACEMENT
5548,2026-03-25 02:00:00+00:00,M15:BUY_SIDE:5540,BUY_SIDE,M15,1.16189,0.0008399999999999519,1.568358759497963,0.8179494461800625,False,-1,WEAK,NEUTRAL,0.0016700000000000603,NO_DISPLACEMENT
5548,2026-03-25 02:00:00+00:00,M15:BUY_SIDE:5545,BUY_SIDE,M15,1.16181,0.0009200000000000319,1.568358759497963,0.8179494461800625,False,-1,WEAK,NEUTRAL,0.0016700000000000603,NO_DISPLACEMENT
5550,2026-03-25 02:30:00+00:00,M15:BUY_SIDE:5533,BUY_SIDE,M15,1.16282,0.0002500000000000835,1.7774469836164748,0.7659696362073904,True,1,CONFIRMED,NEUTRAL,0.0016399999999998638,NO_DISPLACEMENT
5556,2026-03-25 04:00:00+00:00,M15:SELL_SIDE:5541,SELL_SIDE,M15,1.16038,5.999999999994898e-05,1.0673182886190091,0.6768141592920354,True,1,CONFIRMED,BULLISH,-0.000560000000000116,NO_DISPLACEMENT
5556,2026-03-25 04:00:00+00:00,M15:SELL_SIDE:5544,SELL_SIDE,M15,1.16079,0.00046999999999997044,1.0673182886190091,0.6768141592920354,False,-1,WEAK,BULLISH,-0.000560000000000116,NO_DISPLACEMENT
5559,2026-03-25 04:45:00+00:00,M15:SELL_SIDE:5556,SELL_SIDE,M15,1.16032,0.0003500000000000725,1.0080300100504822,0.5551839464882943,True,3,CONFIRMED,NEUTRAL,-0.0016100000000001113,NO_DISPLACEMENT
5564,2026-03-25 06:00:00+00:00,M15:SELL_SIDE:5559,SELL_SIDE,M15,1.15997,0.00031000000000003247,0.9749760957946003,0.589034449296458,True,1,CONFIRMED,NEUTRAL,-0.0018299999999999983,NO_DISPLACEMENT
5567,2026-03-25 06:45:00+00:00,M15:SELL_SIDE:5564,SELL_SIDE,M15,1.15966,1.999999999990898e-05,0.4144241767839484,0.49698299506308286,True,-1,CONFIRMED,NEUTRAL,-0.0009500000000000064,NO_DISPLACEMENT
5575,2026-03-25 08:45:00+00:00,M15:BUY_SIDE:5570,BUY_SIDE,M15,1.15981,0.00017000000000000348,1.3427567073935258,0.9034436191762323,True,3,CONFIRMED,BEARISH,-0.0005100000000000104,NO_DISPLACEMENT
5580,2026-03-25 10:00:00+00:00,M15:BUY_SIDE:5577,BUY_SIDE,M15,1.16052,0.00031000000000003247,2.2014350051927636,3.2599594868332207,False,3,CONFIRMED,BULLISH,0.0010499999999999954,NO_DISPLACEMENT
5592,2026-03-25 13:00:00+00:00,M15:BUY_SIDE:5588,BUY_SIDE,M15,1.16055,0.0005800000000000249,0.9306686466607618,1.1196271361988608,True,3,CONFIRMED,NEUTRAL,-0.0006900000000000794,NO_DISPLACEMENT
5595,2026-03-25 13:45:00+00:00,M15:SELL_SIDE:5591,SELL_SIDE,M15,1.1595,0.0001100000000000545,1.5403337761136333,2.0995520159283227,True,1,CONFIRMED,BULLISH,0.0008200000000000429,NO_DISPLACEMENT
5596,2026-03-25 14:00:00+00:00,M15:BUY_SIDE:5592,BUY_SIDE,M15,1.16113,0.00019999999999997797,0.9314053335378639,1.5772994129158513,True,1,CONFIRMED,BULLISH,0.0014399999999998858,NO_DISPLACEMENT
5597,2026-03-25 14:15:00+00:00,M15:SELL_SIDE:5578,SELL_SIDE,M15,1.15875,7.00000000000145e-05,2.476794290205574,2.9697256385998108,True,1,CONFIRMED,BULLISH,-0.00036999999999998145,NO_DISPLACEMENT
5597,2026-03-25 14:15:00+00:00,M15:SELL_SIDE:5587,SELL_SIDE,M15,1.15912,0.00043999999999999595,2.476794290205574,2.9697256385998108,True,1,CONFIRMED,BULLISH,-0.00036999999999998145,NO_DISPLACEMENT
5599,2026-03-25 14:45:00+00:00,M15:SELL_SIDE:5572,SELL_SIDE,M15,1.15868,7.00000000000145e-05,0.706344612667228,1.499526963103122,True,1,CONFIRMED,BULLISH,-0.0005800000000000249,NO_DISPLACEMENT
5602,2026-03-25 15:30:00+00:00,M15:SELL_SIDE:5532,SELL_SIDE,M15,1.15821,0.00043999999999999595,1.1261427061995861,2.6045871559633027,False,-1,WEAK,NEUTRAL,-0.0024500000000000632,NO_DISPLACEMENT
5609,2026-03-25 17:15:00+00:00,M15:SELL_SIDE:5604,SELL_SIDE,M15,1.15659,9.999999999998899e-05,1.168155896717724,2.1684128831975165,True,1,CONFIRMED,BEARISH,-0.0016399999999998638,NO_DISPLACEMENT
5612,2026-03-25 18:00:00+00:00,H4:SELL_SIDE:478,SELL_SIDE,H4,1.1557,0.00022999999999995246,1.7073497320310795,1.4885910901847157,True,1,CONFIRMED,BEARISH,-0.0018699999999998163,NO_DISPLACEMENT
5618,2026-03-25 19:30:00+00:00,M15:BUY_SIDE:5613,BUY_SIDE,M15,1.15766,0.0007099999999999884,1.0097290461290107,0.9990622069396686,False,-1,WEAK,NEUTRAL,0.0005599999999998939,NO_DISPLACEMENT
5623,2026-03-25 20:45:00+00:00,M15:SELL_SIDE:5616,SELL_SIDE,M15,1.15645,0.0003500000000000725,1.0621727334045288,0.7839949984370116,True,-1,CONFIRMED,BULLISH,-0.0005100000000000104,NO_DISPLACEMENT
5629,2026-03-25 22:15:00+00:00,M15:SELL_SIDE:5624,SELL_SIDE,M15,1.15586,0.000260000000000149,0.49097222253989814,0.18793650793650793,False,3,CONFIRMED,BEARISH,-0.0021100000000000563,NO_DISPLACEMENT
5637,2026-03-26 00:15:00+00:00,M15:SELL_SIDE:5630,SELL_SIDE,M15,1.15558,8.000000000008001e-05,0.5468524417851693,0.10781863620135666,True,1,CONFIRMED,BEARISH,-0.000520000000000076,NO_DISPLACEMENT
5638,2026-03-26 00:30:00+00:00,M15:BUY_SIDE:5635,BUY_SIDE,M15,1.15615,4.999999999988347e-05,0.73784166365336,0.19350232059978578,False,1,CONFIRMED,BEARISH,0.00019999999999997797,NO_DISPLACEMENT
5644,2026-03-26 02:00:00+00:00,M15:BUY_SIDE:5639,BUY_SIDE,M15,1.15624,0.000220000000000109,0.7916799329325975,0.42120343839541546,False,1,CONFIRMED,BULLISH,0.000320000000000098,NO_DISPLACEMENT
5646,2026-03-26 02:30:00+00:00,M15:SELL_SIDE:5612,SELL_SIDE,M15,1.15547,4.0000000000040004e-05,1.4331745853643725,0.40191006764822923,False,1,CONFIRMED,BULLISH,-0.00034000000000000696,NO_DISPLACEMENT
5646,2026-03-26 02:30:00+00:00,M15:SELL_SIDE:5637,SELL_SIDE,M15,1.1555,7.00000000000145e-05,1.4331745853643725,0.40191006764822923,False,1,CONFIRMED,BULLISH,-0.00034000000000000696,NO_DISPLACEMENT
5646,2026-03-26 02:30:00+00:00,M15:SELL_SIDE:5642,SELL_SIDE,M15,1.15581,0.00038000000000004697,1.4331745853643725,0.40191006764822923,False,2,CONFIRMED,BULLISH,-0.00034000000000000696,NO_DISPLACEMENT
5648,2026-03-26 03:00:00+00:00,M15:BUY_SIDE:5644,BUY_SIDE,M15,1.15646,9.999999999998899e-05,1.4847770659813588,0.6573295985060691,True,1,CONFIRMED,BULLISH,0.00012999999999996348,NO_DISPLACEMENT
5650,2026-03-26 03:30:00+00:00,M15:BUY_SIDE:5626,BUY_SIDE,M15,1.15664,5.0000000000105516e-05,0.6326229655476981,0.6346504559270517,True,1,CONFIRMED,NEUTRAL,0.00045000000000006146,NO_DISPLACEMENT
5657,2026-03-26 05:15:00+00:00,M15:BUY_SIDE:5650,BUY_SIDE,M15,1.15669,9.999999999998899e-05,1.318334284284958,0.8894736842105263,False,-1,WEAK,BULLISH,0.0009300000000000974,NO_DISPLACEMENT
5661,2026-03-26 06:15:00+00:00,M15:BUY_SIDE:5658,BUY_SIDE,M15,1.15694,0.00015999999999993797,0.5167787209432596,0.5434782608695652,False,2,CONFIRMED,BULLISH,0.0006699999999999484,NO_DISPLACEMENT
5668,2026-03-26 08:00:00+00:00,M15:SELL_SIDE:5654,SELL_SIDE,M15,1.15543,7.999999999985796e-05,1.460106414413504,1.56838905775076,False,1,CONFIRMED,BULLISH,-0.0012900000000000134,NO_DISPLACEMENT
5669,2026-03-26 08:15:00+00:00,M15:SELL_SIDE:5647,SELL_SIDE,M15,1.15526,2.999999999997449e-05,1.6130454251732433,1.6291793313069909,True,1,CONFIRMED,BULLISH,-0.0009500000000000064,NO_DISPLACEMENT
5675,2026-03-26 09:45:00+00:00,M15:SELL_SIDE:5670,SELL_SIDE,M15,1.1551,0.00012999999999996348,1.023832617057317,2.072948328267477,True,1,CONFIRMED,BEARISH,-0.0011600000000000499,NO_DISPLACEMENT
5684,2026-03-26 12:00:00+00:00,M15:BUY_SIDE:5680,BUY_SIDE,M15,1.15648,2.999999999997449e-05,1.2931444895325883,2.1323918799646955,True,1,CONFIRMED,NEUTRAL,0.0008300000000001084,NO_DISPLACEMENT
5688,2026-03-26 13:00:00+00:00,M15:SELL_SIDE:5681,SELL_SIDE,M15,1.15512,7.999999999985796e-05,1.2120028676427874,1.4271440466278102,False,-1,WEAK,BULLISH,-0.0005100000000000104,NO_DISPLACEMENT
5689,2026-03-26 13:15:00+00:00,M15:SELL_SIDE:5404,SELL_SIDE,M15,1.15457,0.00034000000000000696,1.4391361506567701,1.6240846216436127,False,-1,WEAK,BULLISH,-0.0016899999999999693,NO_DISPLACEMENT
5689,2026-03-26 13:15:00+00:00,M15:SELL_SIDE:5676,SELL_SIDE,M15,1.15471,0.0004799999999998139,1.4391361506567701,1.6240846216436127,False,-1,WEAK,BULLISH,-0.0016899999999999693,NO_DISPLACEMENT
5702,2026-03-26 16:30:00+00:00,M15:BUY_SIDE:5699,BUY_SIDE,M15,1.15526,0.00022999999999995246,1.528112993655047,2.704046806435885,True,1,CONFIRMED,NEUTRAL,0.0011200000000000099,NO_DISPLACEMENT
5706,2026-03-26 17:30:00+00:00,M15:SELL_SIDE:5699,SELL_SIDE,M15,1.15355,0.000500000000000167,1.493328182067657,1.421599638499774,False,1,CONFIRMED,BULLISH,-0.0007199999999998319,NO_DISPLACEMENT
5714,2026-03-26 19:30:00+00:00,M15:SELL_SIDE:5706,SELL_SIDE,M15,1.15305,0.00036999999999998145,1.2637184437818805,0.9739714525608733,False,2,CONFIRMED,BULLISH,-0.0018899999999999473,NO_DISPLACEMENT
5714,2026-03-26 19:30:00+00:00,M15:SELL_SIDE:5709,SELL_SIDE,M15,1.15309,0.00041000000000002146,1.2637184437818805,0.9739714525608733,False,-1,WEAK,BULLISH,-0.0018899999999999473,NO_DISPLACEMENT
5720,2026-03-26 21:00:00+00:00,M15:SELL_SIDE:5716,SELL_SIDE,M15,1.15246,0.0001500000000000945,1.485141007013896,0.744752308984047,False,-1,WEAK,BEARISH,-0.0011900000000000244,NO_DISPLACEMENT
5724,2026-03-26 22:00:00+00:00,M15:SELL_SIDE:5692,SELL_SIDE,M15,1.15214,0.00026999999999999247,4.226497902838512,1.6797331109257714,True,1,CONFIRMED,BEARISH,0.0019100000000000783,NO_DISPLACEMENT
5724,2026-03-26 22:00:00+00:00,M15:BUY_SIDE:5702,BUY_SIDE,M15,1.15549,0.0003700000000002035,4.226497902838512,1.6797331109257714,True,1,CONFIRMED,BEARISH,0.0019100000000000783,NO_DISPLACEMENT
5724,2026-03-26 22:00:00+00:00,M15:BUY_SIDE:5714,BUY_SIDE,M15,1.15376,0.002100000000000213,4.226497902838512,1.6797331109257714,False,1,CONFIRMED,BEARISH,0.0019100000000000783,NO_DISPLACEMENT
5724,2026-03-26 22:00:00+00:00,M15:BUY_SIDE:5720,BUY_SIDE,M15,1.15345,0.0024100000000000232,4.226497902838512,1.6797331109257714,False,1,CONFIRMED,BEARISH,0.0019100000000000783,NO_DISPLACEMENT
5728,2026-03-26 23:00:00+00:00,M15:SELL_SIDE:5724,SELL_SIDE,M15,1.15187,8.999999999992347e-05,1.4485151069631048,0.3249370277078086,True,1,CONFIRMED,NEUTRAL,-7.00000000000145e-05,NO_DISPLACEMENT
5738,2026-03-27 01:30:00+00:00,M15:BUY_SIDE:5735,BUY_SIDE,M15,1.15394,2.999999999997449e-05,0.615896970748662,0.19775280898876405,True,1,CONFIRMED,BEARISH,0.0003900000000001125,NO_DISPLACEMENT
5746,2026-03-27 03:30:00+00:00,M15:BUY_SIDE:5738,BUY_SIDE,M15,1.15397,5.999999999994898e-05,0.6950955262615386,0.8857142857142857,True,2,CONFIRMED,BULLISH,8.000000000008001e-05,NO_DISPLACEMENT
5747,2026-03-27 03:45:00+00:00,M15:BUY_SIDE:5732,BUY_SIDE,M15,1.15403,6.000000000017103e-05,0.9417702848682546,0.9552065154159395,True,1,CONFIRMED,BULLISH,0.00019999999999997797,NO_DISPLACEMENT
5758,2026-03-27 06:30:00+00:00,M15:BUY_SIDE:5751,BUY_SIDE,M15,1.15419,7.00000000000145e-05,0.734622052739186,0.4055636896046852,True,3,CONFIRMED,NEUTRAL,0.0003300000000001635,NO_DISPLACEMENT
5759,2026-03-27 06:45:00+00:00,M15:BUY_SIDE:5748,BUY_SIDE,M15,1.15426,0.00010999999999983245,0.7290990945913671,0.6441476826394344,False,2,CONFIRMED,NEUTRAL,0.00038999999999989043,NO_DISPLACEMENT
5763,2026-03-27 07:45:00+00:00,M15:BUY_SIDE:5760,BUY_SIDE,M15,1.15456,4.999999999988347e-05,1.1866477075114694,0.9379310344827586,True,1,CONFIRMED,BULLISH,0.0005800000000000249,NO_DISPLACEMENT
5766,2026-03-27 08:30:00+00:00,M15:SELL_SIDE:5762,SELL_SIDE,M15,1.15371,0.000220000000000109,0.9624896718852106,0.6889089269612263,True,-1,CONFIRMED,BULLISH,-0.00011999999999989797,NO_DISPLACEMENT
5767,2026-03-27 08:45:00+00:00,M15:SELL_SIDE:5753,SELL_SIDE,M15,1.15329,9.999999999843467e-06,1.0380158859587458,1.3615870153291254,True,-1,CONFIRMED,BULLISH,-0.0005500000000000504,NO_DISPLACEMENT
5769,2026-03-27 09:15:00+00:00,M15:SELL_SIDE:5743,SELL_SIDE,M15,1.15241,0.00018999999999991246,1.6431859329126395,1.6375112714156899,False,-1,WEAK,BULLISH,-0.0019599999999999618,NO_DISPLACEMENT
5771,2026-03-27 09:45:00+00:00,H4:SELL_SIDE:491,SELL_SIDE,H4,1.15178,0.000220000000000109,1.8707362674515007,1.7168620378719568,True,1,CONFIRMED,BULLISH,-0.0021499999999998742,NO_DISPLACEMENT
5776,2026-03-27 11:00:00+00:00,M15:SELL_SIDE:5772,SELL_SIDE,M15,1.15148,9.999999999998899e-05,1.3301524768689368,1.897204688908927,True,1,CONFIRMED,BEARISH,-0.0019599999999999618,NO_DISPLACEMENT
5778,2026-03-27 11:30:00+00:00,M15:BUY_SIDE:5774,BUY_SIDE,M15,1.1525,9.999999999998899e-05,1.204987036630949,1.7275862068965517,True,1,CONFIRMED,BEARISH,-0.0009300000000000974,NO_DISPLACEMENT
5782,2026-03-27 12:30:00+00:00,M15:SELL_SIDE:5776,SELL_SIDE,M15,1.15138,0.0001100000000000545,1.9108769744790783,1.421650264950795,True,-1,CONFIRMED,BULLISH,-0.000600000000000156,NO_DISPLACEMENT
5782,2026-03-27 12:30:00+00:00,M15:SELL_SIDE:5779,SELL_SIDE,M15,1.15172,0.00045000000000006146,1.9108769744790783,1.421650264950795,False,-1,WEAK,BULLISH,-0.000600000000000156,NO_DISPLACEMENT
5787,2026-03-27 13:45:00+00:00,M15:SELL_SIDE:5784,SELL_SIDE,M15,1.15079,0.00042000000000008697,1.2352725638872735,1.3592617007251153,False,2,CONFIRMED,BEARISH,-0.0015099999999999003,NO_DISPLACEMENT
5793,2026-03-27 15:15:00+00:00,M15:BUY_SIDE:5778,BUY_SIDE,M15,1.1526,0.00015999999999993797,1.7493567385700977,1.8719512195121952,True,2,CONFIRMED,BEARISH,0.0014000000000000679,NO_DISPLACEMENT
5801,2026-03-27 17:15:00+00:00,M15:BUY_SIDE:5797,BUY_SIDE,M15,1.15356,0.0009400000000001629,2.3542399623421044,2.942528735632184,False,2,CONFIRMED,NEUTRAL,0.002200000000000202,NO_DISPLACEMENT
5802,2026-03-27 17:30:00+00:00,M15:BUY_SIDE:5763,BUY_SIDE,M15,1.15461,0.00017000000000000348,1.4917125258311896,2.2585590189064897,True,1,CONFIRMED,NEUTRAL,0.002080000000000082,NO_DISPLACEMENT
5806,2026-03-27 18:30:00+00:00,M15:SELL_SIDE:5803,SELL_SIDE,M15,1.15171,0.000320000000000098,0.9241300448065982,1.4388888888888889,True,1,CONFIRMED,BULLISH,-0.0009900000000000464,NO_DISPLACEMENT
5809,2026-03-27 19:15:00+00:00,M15:SELL_SIDE:5806,SELL_SIDE,M15,1.15139,0.0005599999999998939,0.7372814790488968,0.9394069617533305,False,-1,WEAK,NEUTRAL,-0.0019400000000000528,NO_DISPLACEMENT
5820,2026-03-27 22:00:00+00:00,M15:BUY_SIDE:5814,BUY_SIDE,M15,1.15197,9.999999999998899e-05,0.9103731116613889,0.7563386334336055,True,1,CONFIRMED,NEUTRAL,0.0008000000000001339,NO_DISPLACEMENT
5823,2026-03-27 22:45:00+00:00,M15:SELL_SIDE:5810,SELL_SIDE,M15,1.15059,0.000220000000000109,1.4204959535499744,0.7435315478892419,True,-1,CONFIRMED,BULLISH,-0.0005300000000001415,NO_DISPLACEMENT
5823,2026-03-27 22:45:00+00:00,M15:SELL_SIDE:5813,SELL_SIDE,M15,1.15062,0.0002500000000000835,1.4204959535499744,0.7435315478892419,True,-1,CONFIRMED,BULLISH,-0.0005300000000001415,NO_DISPLACEMENT
5823,2026-03-27 22:45:00+00:00,M15:SELL_SIDE:5816,SELL_SIDE,M15,1.15091,0.000540000000000207,1.4204959535499744,0.7435315478892419,False,-1,WEAK,BULLISH,-0.0005300000000001415,NO_DISPLACEMENT
5824,2026-03-30 00:00:00+00:00,H4:SELL_SIDE:495,SELL_SIDE,H4,1.15014,0.0008500000000000174,1.1647677811981572,0.10877513711151737,False,-1,WEAK,BULLISH,-0.0015699999999998493,NO_DISPLACEMENT
5828,2026-03-30 01:00:00+00:00,M15:SELL_SIDE:5824,SELL_SIDE,M15,1.14929,0.00015999999999993797,1.4665563986883288,0.957288765088208,True,-1,CONFIRMED,NEUTRAL,-0.0016400000000000858,NO_DISPLACEMENT
5835,2026-03-30 02:45:00+00:00,M15:SELL_SIDE:5830,SELL_SIDE,M15,1.14878,0.00011999999999989797,0.8007067848241136,0.9888511875908871,True,1,CONFIRMED,BEARISH,-0.0009100000000001884,NO_DISPLACEMENT
5836,2026-03-30 03:00:00+00:00,M15:BUY_SIDE:5833,BUY_SIDE,M15,1.14943,0.00029999999999996696,1.1772347406742276,1.245102723363593,True,-1,CONFIRMED,BEARISH,-0.0007399999999999629,NO_DISPLACEMENT
5837,2026-03-30 03:15:00+00:00,M15:BUY_SIDE:5828,BUY_SIDE,M15,1.15019,0.0008699999999999264,2.4165783468752187,2.3129062209842153,False,-1,WEAK,BEARISH,0.0006999999999999229,NO_DISPLACEMENT
5844,2026-03-30 05:00:00+00:00,M15:SELL_SIDE:5841,SELL_SIDE,M15,1.15025,0.00012999999999996348,1.0919000476070517,0.9135538954108858,True,1,CONFIRMED,BULLISH,0.0018799999999998818,NO_DISPLACEMENT
5846,2026-03-30 05:30:00+00:00,M15:BUY_SIDE:5838,BUY_SIDE,M15,1.15127,4.999999999988347e-05,1.0461295456439808,0.9212730318257957,True,1,CONFIRMED,NEUTRAL,0.0018599999999999728,NO_DISPLACEMENT
5853,2026-03-30 07:15:00+00:00,M15:BUY_SIDE:5820,BUY_SIDE,M15,1.15207,4.0000000000040004e-05,1.019792496101635,0.39603960396039606,True,1,CONFIRMED,BULLISH,0.0014000000000000679,NO_DISPLACEMENT
5853,2026-03-30 07:15:00+00:00,M15:BUY_SIDE:5849,BUY_SIDE,M15,1.15186,0.00024999999999986144,1.019792496101635,0.39603960396039606,False,2,CONFIRMED,BULLISH,0.0014000000000000679,NO_DISPLACEMENT
5855,2026-03-30 07:45:00+00:00,M15:SELL_SIDE:5851,SELL_SIDE,M15,1.15134,2.999999999997449e-05,1.1810967732108015,0.5637119113573407,False,1,CONFIRMED,BULLISH,0.0007099999999999884,NO_DISPLACEMENT
5863,2026-03-30 09:45:00+00:00,M15:BUY_SIDE:5860,BUY_SIDE,M15,1.15196,3.999999999981796e-05,1.547656404100651,1.2091690544412608,True,1,CONFIRMED,NEUTRAL,-0.0006500000000000394,NO_DISPLACEMENT
5864,2026-03-30 10:00:00+00:00,M15:SELL_SIDE:5858,SELL_SIDE,M15,1.15087,0.0006200000000000649,1.662474837181789,1.5530085959885387,False,-1,WEAK,NEUTRAL,-0.0013799999999999368,NO_DISPLACEMENT
5864,2026-03-30 10:00:00+00:00,M15:SELL_SIDE:5861,SELL_SIDE,M15,1.15108,0.0008300000000001084,1.662474837181789,1.5530085959885387,False,-1,WEAK,NEUTRAL,-0.0013799999999999368,NO_DISPLACEMENT
5865,2026-03-30 10:15:00+00:00,M15:SELL_SIDE:5844,SELL_SIDE,M15,1.15012,0.000140000000000029,0.9706205585719345,1.5487106017191976,False,-1,WEAK,BULLISH,-0.0012600000000000389,NO_DISPLACEMENT
5872,2026-03-30 12:00:00+00:00,H4:SELL_SIDE:498,SELL_SIDE,H4,1.14866,2.999999999997449e-05,1.7416166767505081,1.246788370520622,True,1,CONFIRMED,BEARISH,-0.0031799999999999606,NO_DISPLACEMENT
5872,2026-03-30 12:00:00+00:00,M15:SELL_SIDE:5869,SELL_SIDE,M15,1.14893,0.00029999999999996696,1.7416166767505081,1.246788370520622,False,2,CONFIRMED,BEARISH,-0.0031799999999999606,NO_DISPLACEMENT
5873,2026-03-30 12:15:00+00:00,H4:SELL_SIDE:471,SELL_SIDE,H4,1.14835,2.999999999997449e-05,1.5793860610289372,1.6375929682217714,True,1,CONFIRMED,BEARISH,-0.0023400000000000087,NO_DISPLACEMENT
5881,2026-03-30 14:15:00+00:00,M15:BUY_SIDE:5870,BUY_SIDE,M15,1.14988,0.0001500000000000945,1.754376429647543,1.9559633027522936,True,1,CONFIRMED,NEUTRAL,-0.00039999999999995595,NO_DISPLACEMENT
5881,2026-03-30 14:15:00+00:00,M15:BUY_SIDE:5877,BUY_SIDE,M15,1.14972,0.00031000000000003247,1.754376429647543,1.9559633027522936,True,1,CONFIRMED,NEUTRAL,-0.00039999999999995595,NO_DISPLACEMENT
5882,2026-03-30 14:30:00+00:00,M15:SELL_SIDE:5878,SELL_SIDE,M15,1.14867,8.000000000008001e-05,1.1679025902004523,1.8782399035563593,True,-1,CONFIRMED,NEUTRAL,0.00014999999999987246,NO_DISPLACEMENT
5883,2026-03-30 14:45:00+00:00,M15:SELL_SIDE:5873,SELL_SIDE,M15,1.14832,7.00000000000145e-05,1.1662219546163488,1.2136445242369838,True,-1,CONFIRMED,BULLISH,-0.00045000000000006146,NO_DISPLACEMENT
5890,2026-03-30 16:30:00+00:00,M15:SELL_SIDE:5222,SELL_SIDE,M15,1.14693,0.00029999999999996696,1.583027839151698,2.1284949434860203,False,-1,WEAK,BEARISH,-0.0023100000000000342,NO_DISPLACEMENT
5890,2026-03-30 16:30:00+00:00,M15:SELL_SIDE:5885,SELL_SIDE,M15,1.14717,0.0005399999999999849,1.583027839151698,2.1284949434860203,False,-1,WEAK,BEARISH,-0.0023100000000000342,NO_DISPLACEMENT
5891,2026-03-30 16:45:00+00:00,M15:SELL_SIDE:5218,SELL_SIDE,M15,1.14624,5.999999999994898e-05,0.7981808266787213,2.016656751933373,True,1,CONFIRMED,BEARISH,-0.002809999999999979,NO_DISPLACEMENT
5896,2026-03-30 18:00:00+00:00,M15:SELL_SIDE:5893,SELL_SIDE,M15,1.14542,0.0008700000000001484,2.0906639365635082,1.7615344738206324,False,2,CONFIRMED,BEARISH,-0.0035799999999999166,NO_DISPLACEMENT
5907,2026-03-30 20:45:00+00:00,M15:BUY_SIDE:5904,BUY_SIDE,M15,1.1464,0.00010999999999983245,1.043975346257789,0.9061740398638795,True,1,CONFIRMED,NEUTRAL,0.0008799999999999919,NO_DISPLACEMENT
5910,2026-03-30 21:30:00+00:00,M15:BUY_SIDE:5907,BUY_SIDE,M15,1.14651,9.999999999998899e-05,0.5076592338280377,0.7185221195916383,True,1,CONFIRMED,BULLISH,0.0012099999999999334,NO_DISPLACEMENT
5919,2026-03-30 23:45:00+00:00,M15:BUY_SIDE:5916,BUY_SIDE,M15,1.14626,1.999999999990898e-05,0.9391272880964217,0.3993627190653213,True,1,CONFIRMED,NEUTRAL,-0.00021999999999988695,NO_DISPLACEMENT
5920,2026-03-31 00:00:00+00:00,M15:BUY_SIDE:5910,BUY_SIDE,M15,1.14661,0.000180000000000069,1.9224356382775598,0.550185873605948,True,1,CONFIRMED,NEUTRAL,-0.0005899999999998684,NO_DISPLACEMENT
5920,2026-03-31 00:00:00+00:00,M15:SELL_SIDE:5917,SELL_SIDE,M15,1.14557,8.000000000008001e-05,1.9224356382775598,0.550185873605948,True,1,CONFIRMED,NEUTRAL,-0.0005899999999998684,NO_DISPLACEMENT
5928,2026-03-31 02:00:00+00:00,M15:SELL_SIDE:5912,SELL_SIDE,M15,1.14537,0.00022999999999995246,1.37226822688368,0.5643835616438356,False,1,CONFIRMED,NEUTRAL,-0.000660000000000105,NO_DISPLACEMENT
5928,2026-03-31 02:00:00+00:00,M15:SELL_SIDE:5920,SELL_SIDE,M15,1.14549,0.00034999999999985043,1.37226822688368,0.5643835616438356,False,2,CONFIRMED,NEUTRAL,-0.000660000000000105,NO_DISPLACEMENT
5932,2026-03-31 03:00:00+00:00,M15:SELL_SIDE:5928,SELL_SIDE,M15,1.14514,5.999999999994898e-05,1.5392303143371155,0.9593314763231198,True,1,CONFIRMED,NEUTRAL,-0.0014200000000001989,NO_DISPLACEMENT
5933,2026-03-31 03:15:00+00:00,M15:SELL_SIDE:5902,SELL_SIDE,M15,1.14468,5.999999999994898e-05,1.2761250093275371,0.7724687144482366,True,1,CONFIRMED,NEUTRAL,-0.0009000000000001229,NO_DISPLACEMENT
5935,2026-03-31 03:45:00+00:00,M15:BUY_SIDE:5895,BUY_SIDE,M15,1.14704,0.0005800000000000249,1.919217956759746,2.3503981797497158,False,-1,WEAK,NEUTRAL,0.0012099999999999334,NO_DISPLACEMENT
5935,2026-03-31 03:45:00+00:00,M15:BUY_SIDE:5920,BUY_SIDE,M15,1.14679,0.0008300000000001084,1.919217956759746,2.3503981797497158,False,-1,WEAK,NEUTRAL,0.0012099999999999334,NO_DISPLACEMENT
5937,2026-03-31 04:15:00+00:00,M15:BUY_SIDE:5887,BUY_SIDE,M15,1.14889,7.00000000000145e-05,1.8071316974481448,1.2889647326507394,False,1,CONFIRMED,NEUTRAL,0.0029799999999999827,NO_DISPLACEMENT
5945,2026-03-31 06:15:00+00:00,M15:SELL_SIDE:5940,SELL_SIDE,M15,1.14726,0.00028999999999990145,0.7348178022464411,0.5787923416789397,False,-1,WEAK,NEUTRAL,-0.00022999999999995246,NO_DISPLACEMENT
5952,2026-03-31 08:00:00+00:00,M15:SELL_SIDE:5947,SELL_SIDE,M15,1.14663,0.00036999999999998145,1.6318051820208654,1.0102135561745589,False,1,CONFIRMED,BEARISH,-0.0012799999999999478,NO_DISPLACEMENT
5959,2026-03-31 09:45:00+00:00,M15:BUY_SIDE:5950,BUY_SIDE,M15,1.14728,0.00014999999999987246,1.5948661359517395,1.7894736842105263,True,1,CONFIRMED,BEARISH,8.000000000008001e-05,NO_DISPLACEMENT
5967,2026-03-31 11:45:00+00:00,M15:BUY_SIDE:5959,BUY_SIDE,M15,1.14743,0.000140000000000029,1.5298638332395362,1.6392572944297081,True,1,CONFIRMED,NEUTRAL,-0.00029999999999996696,NO_DISPLACEMENT
5967,2026-03-31 11:45:00+00:00,M15:BUY_SIDE:5964,BUY_SIDE,M15,1.14738,0.00018999999999991246,1.5298638332395362,1.6392572944297081,True,1,CONFIRMED,NEUTRAL,-0.00029999999999996696,NO_DISPLACEMENT
5968,2026-03-31 12:00:00+00:00,M15:SELL_SIDE:5961,SELL_SIDE,M15,1.14623,6.000000000017103e-05,1.0795560844336116,2.1021276595744682,True,1,CONFIRMED,NEUTRAL,0.00013000000000018552,NO_DISPLACEMENT
5968,2026-03-31 12:00:00+00:00,M15:SELL_SIDE:5965,SELL_SIDE,M15,1.1464,0.0002300000000001745,1.0795560844336116,2.1021276595744682,True,1,CONFIRMED,NEUTRAL,0.00013000000000018552,NO_DISPLACEMENT
5975,2026-03-31 13:45:00+00:00,M15:SELL_SIDE:5956,SELL_SIDE,M15,1.14601,0.00025999999999992696,1.1903337316593672,1.082828282828283,False,1,CONFIRMED,NEUTRAL,-0.0008099999999999774,NO_DISPLACEMENT
5975,2026-03-31 13:45:00+00:00,M15:SELL_SIDE:5968,SELL_SIDE,M15,1.14617,0.0004199999999998649,1.1903337316593672,1.082828282828283,False,2,CONFIRMED,NEUTRAL,-0.0008099999999999774,NO_DISPLACEMENT
5977,2026-03-31 14:15:00+00:00,M15:BUY_SIDE:5943,BUY_SIDE,M15,1.14796,0.0005499999999998284,3.1154469778618035,2.4402439024390246,True,-1,CONFIRMED,NEUTRAL,0.0007200000000000539,NO_DISPLACEMENT
5977,2026-03-31 14:15:00+00:00,M15:BUY_SIDE:5967,BUY_SIDE,M15,1.14757,0.0009399999999999409,3.1154469778618035,2.4402439024390246,True,-1,CONFIRMED,NEUTRAL,0.0007200000000000539,NO_DISPLACEMENT
5979,2026-03-31 14:45:00+00:00,M15:BUY_SIDE:5938,BUY_SIDE,M15,1.14907,2.999999999997449e-05,1.0175229670323471,2.3589442815249266,False,-1,WEAK,NEUTRAL,0.0018800000000001038,NO_DISPLACEMENT
5980,2026-03-31 15:00:00+00:00,M15:BUY_SIDE:5881,BUY_SIDE,M15,1.15003,0.00012999999999996348,1.7112088281929299,3.2595155709342563,True,-1,CONFIRMED,NEUTRAL,0.0022999999999999687,NO_DISPLACEMENT
5987,2026-03-31 16:45:00+00:00,H4:BUY_SIDE:499,BUY_SIDE,H4,1.15211,0.0011499999999999844,1.8352713942442151,2.6256800870511428,False,3,CONFIRMED,BULLISH,0.005800000000000027,NO_DISPLACEMENT
5987,2026-03-31 16:45:00+00:00,M15:BUY_SIDE:5808,BUY_SIDE,M15,1.1529,0.00035999999999991594,1.8352713942442151,2.6256800870511428,False,1,CONFIRMED,BULLISH,0.005800000000000027,NO_DISPLACEMENT
5987,2026-03-31 16:45:00+00:00,M15:BUY_SIDE:5863,BUY_SIDE,M15,1.152,0.0012600000000000389,1.8352713942442151,2.6256800870511428,False,3,CONFIRMED,BULLISH,0.005800000000000027,NO_DISPLACEMENT
5995,2026-03-31 18:45:00+00:00,M15:SELL_SIDE:5991,SELL_SIDE,M15,1.1511,2.999999999997449e-05,1.1450959855255178,1.7245450073782587,True,1,CONFIRMED,NEUTRAL,0.00038000000000004697,NO_DISPLACEMENT
5998,2026-03-31 19:30:00+00:00,H4:BUY_SIDE:496,BUY_SIDE,H4,1.15478,0.0011700000000001154,2.80526309273087,3.378876404494382,True,1,CONFIRMED,BEARISH,0.0021500000000000963,NO_DISPLACEMENT
5998,2026-03-31 19:30:00+00:00,M15:BUY_SIDE:5724,BUY_SIDE,M15,1.15586,8.999999999992347e-05,2.80526309273087,3.378876404494382,True,1,CONFIRMED,BEARISH,0.0021500000000000963,NO_DISPLACEMENT
5998,2026-03-31 19:30:00+00:00,M15:BUY_SIDE:5990,BUY_SIDE,M15,1.15406,0.0018899999999999473,2.80526309273087,3.378876404494382,False,1,CONFIRMED,BEARISH,0.0021500000000000963,NO_DISPLACEMENT
5998,2026-03-31 19:30:00+00:00,M15:BUY_SIDE:5993,BUY_SIDE,M15,1.15328,0.00266999999999995,2.80526309273087,3.378876404494382,False,-1,WEAK,BEARISH,0.0021500000000000963,NO_DISPLACEMENT
6007,2026-03-31 21:45:00+00:00,M15:SELL_SIDE:6003,SELL_SIDE,M15,1.15379,3.0000000000196536e-05,0.8391400484405602,1.0756358768406962,True,1,CONFIRMED,NEUTRAL,0.0022200000000001108,NO_DISPLACEMENT
6011,2026-03-31 22:45:00+00:00,M15:BUY_SIDE:5998,BUY_SIDE,M15,1.15595,1.999999999990898e-05,0.7758374001864015,0.9109772423025435,True,1,CONFIRMED,BEARISH,0.0010900000000000354,NO_DISPLACEMENT
6011,2026-03-31 22:45:00+00:00,M15:BUY_SIDE:6003,BUY_SIDE,M15,1.15566,0.00031000000000003247,0.7758374001864015,0.9109772423025435,False,3,CONFIRMED,BEARISH,0.0010900000000000354,NO_DISPLACEMENT
6024,2026-04-01 02:00:00+00:00,M15:BUY_SIDE:6020,BUY_SIDE,M15,1.15595,0.000140000000000029,0.582293420173863,0.18875502008032127,False,-1,WEAK,NEUTRAL,0.0004999999999999449,NO_DISPLACEMENT
6025,2026-04-01 02:15:00+00:00,M15:BUY_SIDE:5671,BUY_SIDE,M15,1.1567,7.00000000000145e-05,1.075150674167081,0.26706827309236947,True,1,CONFIRMED,NEUTRAL,0.0013600000000000279,NO_DISPLACEMENT
6025,2026-04-01 02:15:00+00:00,M15:BUY_SIDE:5684,BUY_SIDE,M15,1.15651,0.000260000000000149,1.075150674167081,0.26706827309236947,False,-1,WEAK,NEUTRAL,0.0013600000000000279,NO_DISPLACEMENT
6025,2026-04-01 02:15:00+00:00,M15:BUY_SIDE:6012,BUY_SIDE,M15,1.15633,0.00043999999999999595,1.075150674167081,0.26706827309236947,False,-1,WEAK,NEUTRAL,0.0013600000000000279,NO_DISPLACEMENT
6027,2026-04-01 02:45:00+00:00,M15:BUY_SIDE:5662,BUY_SIDE,M15,1.15723,0.00021000000000004349,1.5015314184067288,0.3806474564212024,False,-1,WEAK,NEUTRAL,0.0022199999999998887,NO_DISPLACEMENT
6049,2026-04-01 08:15:00+00:00,M15:BUY_SIDE:6039,BUY_SIDE,M15,1.1571,0.000180000000000069,1.3881681010538514,0.9842767295597484,False,2,CONFIRMED,NEUTRAL,0.00042000000000008697,NO_DISPLACEMENT
6053,2026-04-01 09:15:00+00:00,M15:BUY_SIDE:5608,BUY_SIDE,M15,1.15892,2.0000000000131024e-05,3.219684842435835,2.658805031446541,True,1,CONFIRMED,NEUTRAL,0.002650000000000041,NO_DISPLACEMENT
6053,2026-04-01 09:15:00+00:00,M15:BUY_SIDE:5618,BUY_SIDE,M15,1.15837,0.0005700000000001815,3.219684842435835,2.658805031446541,False,-1,WEAK,NEUTRAL,0.002650000000000041,NO_DISPLACEMENT
6053,2026-04-01 09:15:00+00:00,M15:BUY_SIDE:6029,BUY_SIDE,M15,1.15788,0.001060000000000061,3.219684842435835,2.658805031446541,False,-1,WEAK,NEUTRAL,0.002650000000000041,NO_DISPLACEMENT
6059,2026-04-01 10:45:00+00:00,M15:BUY_SIDE:6056,BUY_SIDE,M15,1.15946,0.00039999999999995595,2.27502005898099,3.7657232704402515,True,1,CONFIRMED,BULLISH,0.0009299999999998754,NO_DISPLACEMENT
6061,2026-04-01 11:15:00+00:00,M15:BUY_SIDE:5600,BUY_SIDE,M15,1.15987,9.000000000014552e-05,1.6128449860393903,2.349056603773585,False,2,CONFIRMED,BULLISH,0.0031600000000000517,NO_DISPLACEMENT
6071,2026-04-01 13:45:00+00:00,M15:BUY_SIDE:6068,BUY_SIDE,M15,1.16005,0.00029999999999996696,0.8794176055052894,1.5471471471471472,True,2,CONFIRMED,NEUTRAL,2.999999999997449e-05,NO_DISPLACEMENT
6075,2026-04-01 14:45:00+00:00,M15:BUY_SIDE:6072,BUY_SIDE,M15,1.16056,0.00042999999999993044,0.8713879207162002,1.0374551051821448,False,1,CONFIRMED,BULLISH,0.0022699999999999942,NO_DISPLACEMENT
6077,2026-04-01 15:15:00+00:00,M15:SELL_SIDE:6074,SELL_SIDE,M15,1.15974,0.00035999999999991594,1.2293777962973327,1.6759720837487537,False,1,CONFIRMED,BULLISH,7.00000000000145e-05,NO_DISPLACEMENT
6078,2026-04-01 15:30:00+00:00,M15:BUY_SIDE:5582,BUY_SIDE,M15,1.16163,0.000180000000000069,2.3396261803251943,2.0294117647058822,True,1,CONFIRMED,BULLISH,0.0017699999999998273,NO_DISPLACEMENT
6078,2026-04-01 15:30:00+00:00,M15:BUY_SIDE:5596,BUY_SIDE,M15,1.16133,0.00048000000000003595,2.3396261803251943,2.0294117647058822,False,1,CONFIRMED,BULLISH,0.0017699999999998273,NO_DISPLACEMENT
6078,2026-04-01 15:30:00+00:00,M15:BUY_SIDE:6063,BUY_SIDE,M15,1.16106,0.0007500000000000284,2.3396261803251943,2.0294117647058822,False,1,CONFIRMED,BULLISH,0.0017699999999998273,NO_DISPLACEMENT
6082,2026-04-01 16:30:00+00:00,M15:BUY_SIDE:6079,BUY_SIDE,M15,1.16235,1.999999999990898e-05,1.5169530694970044,2.6362098138747885,True,1,CONFIRMED,NEUTRAL,0.0010300000000000864,NO_DISPLACEMENT
6087,2026-04-01 17:45:00+00:00,M15:BUY_SIDE:6082,BUY_SIDE,M15,1.16237,0.00031000000000003247,1.2749914450121609,1.7540587219343695,True,1,CONFIRMED,BULLISH,0.0026300000000001322,NO_DISPLACEMENT
6093,2026-04-01 19:15:00+00:00,M15:SELL_SIDE:6084,SELL_SIDE,M15,1.16043,2.0000000000131024e-05,0.5269928881235408,0.7895081967213115,True,1,CONFIRMED,BULLISH,-0.00045000000000006146,NO_DISPLACEMENT
6093,2026-04-01 19:15:00+00:00,M15:SELL_SIDE:6090,SELL_SIDE,M15,1.16048,7.00000000000145e-05,0.5269928881235408,0.7895081967213115,True,1,CONFIRMED,BULLISH,-0.00045000000000006146,NO_DISPLACEMENT
6098,2026-04-01 20:30:00+00:00,M15:SELL_SIDE:6093,SELL_SIDE,M15,1.16041,0.0007399999999999629,1.0612213162342816,0.7501639344262295,True,-1,CONFIRMED,BEARISH,-0.0009900000000000464,NO_DISPLACEMENT
6099,2026-04-01 20:45:00+00:00,M15:SELL_SIDE:6078,SELL_SIDE,M15,1.15937,0.00012000000000012001,1.2216781555852763,0.7993442622950819,True,-1,CONFIRMED,BEARISH,-0.0012199999999999989,NO_DISPLACEMENT
6102,2026-04-01 21:30:00+00:00,M15:SELL_SIDE:6060,SELL_SIDE,M15,1.15766,9.999999999998899e-05,1.159891114429127,0.7848101265822784,True,1,CONFIRMED,BEARISH,-0.0021100000000000563,NO_DISPLACEMENT
6102,2026-04-01 21:30:00+00:00,M15:SELL_SIDE:6066,SELL_SIDE,M15,1.15796,0.000400000000000178,1.159891114429127,0.7848101265822784,True,2,CONFIRMED,BEARISH,-0.0021100000000000563,NO_DISPLACEMENT
6116,2026-04-02 01:00:00+00:00,M15:BUY_SIDE:6111,BUY_SIDE,M15,1.15918,0.00012999999999996348,0.5669475170420697,0.29708658186294623,False,3,CONFIRMED,NEUTRAL,0.0006999999999999229,NO_DISPLACEMENT
6123,2026-04-02 02:45:00+00:00,M15:SELL_SIDE:6119,SELL_SIDE,M15,1.15898,0.00015999999999993797,0.7041632970592554,0.22184732180514552,False,1,CONFIRMED,BULLISH,0.00012999999999996348,NO_DISPLACEMENT
6124,2026-04-02 03:00:00+00:00,M15:BUY_SIDE:6120,BUY_SIDE,M15,1.15945,0.00012999999999996348,1.3525662984707976,0.6992830029523408,True,1,CONFIRMED,BULLISH,0.00043999999999999595,NO_DISPLACEMENT
6127,2026-04-02 03:45:00+00:00,M15:BUY_SIDE:6124,BUY_SIDE,M15,1.15958,0.00019999999999997797,0.9282037470146814,0.7173708920187793,True,1,CONFIRMED,NEUTRAL,0.00024000000000001798,NO_DISPLACEMENT
6128,2026-04-02 04:00:00+00:00,M15:SELL_SIDE:6112,SELL_SIDE,M15,1.15804,0.00011999999999989797,3.5633234634638518,3.219718309859155,True,-1,CONFIRMED,NEUTRAL,-0.00011999999999989797,NO_DISPLACEMENT
6128,2026-04-02 04:00:00+00:00,M15:SELL_SIDE:6125,SELL_SIDE,M15,1.15867,0.0007500000000000284,3.5633234634638518,3.219718309859155,True,-1,CONFIRMED,NEUTRAL,-0.00011999999999989797,NO_DISPLACEMENT
6129,2026-04-02 04:15:00+00:00,M15:SELL_SIDE:6052,SELL_SIDE,M15,1.15619,0.000280000000000058,3.8041817550587003,4.106103286384976,True,-1,CONFIRMED,NEUTRAL,-0.0027599999999998737,NO_DISPLACEMENT
6129,2026-04-02 04:15:00+00:00,M15:SELL_SIDE:6102,SELL_SIDE,M15,1.15756,0.0016499999999999293,3.8041817550587003,4.106103286384976,False,-1,WEAK,NEUTRAL,-0.0027599999999998737,NO_DISPLACEMENT
6130,2026-04-02 04:30:00+00:00,M15:SELL_SIDE:6035,SELL_SIDE,M15,1.15546,0.0007399999999999629,1.6726758392234908,3.096713615023474,False,2,CONFIRMED,NEUTRAL,-0.0040800000000000836,NO_DISPLACEMENT
6130,2026-04-02 04:30:00+00:00,M15:SELL_SIDE:6043,SELL_SIDE,M15,1.15584,0.0011200000000000099,1.6726758392234908,3.096713615023474,False,-1,WEAK,NEUTRAL,-0.0040800000000000836,NO_DISPLACEMENT
6134,2026-04-02 05:30:00+00:00,M15:SELL_SIDE:6131,SELL_SIDE,M15,1.15455,0.00018999999999991246,0.581611185683513,1.0514670514670514,True,1,CONFIRMED,NEUTRAL,-0.004630000000000134,NO_DISPLACEMENT
6139,2026-04-02 06:45:00+00:00,M15:SELL_SIDE:6007,SELL_SIDE,M15,1.15376,3.999999999981796e-05,1.38836060940241,0.9812007277137659,True,1,CONFIRMED,NEUTRAL,-0.0023600000000001398,NO_DISPLACEMENT
6139,2026-04-02 06:45:00+00:00,M15:SELL_SIDE:6016,SELL_SIDE,M15,1.15417,0.0004499999999998394,1.38836060940241,0.9812007277137659,False,-1,WEAK,NEUTRAL,-0.0023600000000001398,NO_DISPLACEMENT
6139,2026-04-02 06:45:00+00:00,M15:SELL_SIDE:6136,SELL_SIDE,M15,1.15434,0.0006199999999998429,1.38836060940241,0.9812007277137659,False,-1,WEAK,NEUTRAL,-0.0023600000000001398,NO_DISPLACEMENT
6164,2026-04-02 13:00:00+00:00,M15:SELL_SIDE:6154,SELL_SIDE,M15,1.15187,0.00038000000000004697,1.4563101135063021,1.297924297924298,False,1,CONFIRMED,NEUTRAL,-0.0007600000000000939,NO_DISPLACEMENT
6164,2026-04-02 13:00:00+00:00,M15:SELL_SIDE:6161,SELL_SIDE,M15,1.15217,0.0006800000000000139,1.4563101135063021,1.297924297924298,False,-1,WEAK,NEUTRAL,-0.0007600000000000939,NO_DISPLACEMENT
6165,2026-04-02 13:15:00+00:00,M15:SELL_SIDE:6149,SELL_SIDE,M15,1.15146,0.00012999999999996348,0.7602777175542009,0.9706959706959707,True,1,CONFIRMED,NEUTRAL,-0.0013100000000001444,NO_DISPLACEMENT
6167,2026-04-02 13:45:00+00:00,M15:SELL_SIDE:5995,SELL_SIDE,M15,1.15107,9.999999999998899e-05,1.1273253997915464,1.0345224395857306,True,1,CONFIRMED,NEUTRAL,-0.0015300000000000313,NO_DISPLACEMENT
6175,2026-04-02 15:45:00+00:00,M15:BUY_SIDE:6172,BUY_SIDE,M15,1.1529,0.00022999999999995246,1.1749825685253539,1.5651312530955919,True,1,CONFIRMED,BEARISH,0.0005100000000000104,NO_DISPLACEMENT
6179,2026-04-02 16:45:00+00:00,M15:BUY_SIDE:6162,BUY_SIDE,M15,1.15319,6.000000000017103e-05,1.2719094263584352,1.9473432264241264,True,1,CONFIRMED,BULLISH,0.001980000000000093,NO_DISPLACEMENT
6179,2026-04-02 16:45:00+00:00,M15:BUY_SIDE:6175,BUY_SIDE,M15,1.15313,0.00012000000000012001,1.2719094263584352,1.9473432264241264,True,1,CONFIRMED,BULLISH,0.001980000000000093,NO_DISPLACEMENT
6181,2026-04-02 17:15:00+00:00,M15:BUY_SIDE:6157,BUY_SIDE,M15,1.15357,7.00000000000145e-05,0.9359765137439678,1.5519387266634754,True,-1,CONFIRMED,BULLISH,0.0012600000000000389,NO_DISPLACEMENT
6182,2026-04-02 17:30:00+00:00,M15:BUY_SIDE:6138,BUY_SIDE,M15,1.15489,0.0015000000000000568,3.670303837133719,4.4250837721397795,False,-1,WEAK,BULLISH,0.002610000000000001,NO_DISPLACEMENT
6182,2026-04-02 17:30:00+00:00,M15:BUY_SIDE:6144,BUY_SIDE,M15,1.15389,0.0024999999999999467,3.670303837133719,4.4250837721397795,False,-1,WEAK,BULLISH,0.002610000000000001,NO_DISPLACEMENT
6182,2026-04-02 17:30:00+00:00,M15:BUY_SIDE:6153,BUY_SIDE,M15,1.15378,0.002610000000000001,3.670303837133719,4.4250837721397795,False,-1,WEAK,BULLISH,0.002610000000000001,NO_DISPLACEMENT
6188,2026-04-02 19:00:00+00:00,M15:SELL_SIDE:6185,SELL_SIDE,M15,1.15413,0.000180000000000069,0.7823016293869991,1.209764918625678,True,2,CONFIRMED,BULLISH,0.0019599999999999618,NO_DISPLACEMENT
6192,2026-04-02 20:00:00+00:00,M15:SELL_SIDE:6189,SELL_SIDE,M15,1.15389,0.0002300000000001745,0.9672263609764304,0.9962137147665124,True,1,CONFIRMED,NEUTRAL,-0.0006299999999999084,NO_DISPLACEMENT
6195,2026-04-02 20:45:00+00:00,M15:SELL_SIDE:6192,SELL_SIDE,M15,1.15366,0.00014999999999987246,0.9542702361359404,0.7505258729490955,True,1,CONFIRMED,BEARISH,-0.0012900000000000134,NO_DISPLACEMENT
6204,2026-04-02 23:00:00+00:00,M15:SELL_SIDE:6198,SELL_SIDE,M15,1.15322,8.999999999992347e-05,0.8112021896881085,0.5754216867469879,True,1,CONFIRMED,BEARISH,-0.0006099999999999994,NO_DISPLACEMENT
6208,2026-04-03 00:00:00+00:00,H4:SELL_SIDE:519,SELL_SIDE,H4,1.15087,0.0006800000000000139,4.4712214596752515,0.09877854487519915,True,1,CONFIRMED,BEARISH,-2.999999999997449e-05,NO_DISPLACEMENT
6208,2026-04-03 00:00:00+00:00,M15:SELL_SIDE:6176,SELL_SIDE,M15,1.152,0.0018099999999998673,4.4712214596752515,0.09877854487519915,True,1,CONFIRMED,BEARISH,-2.999999999997449e-05,NO_DISPLACEMENT
6208,2026-04-03 00:00:00+00:00,M15:SELL_SIDE:6182,SELL_SIDE,M15,1.15259,0.0023999999999999577,4.4712214596752515,0.09877854487519915,True,1,CONFIRMED,BEARISH,-2.999999999997449e-05,NO_DISPLACEMENT
6208,2026-04-03 00:00:00+00:00,M15:SELL_SIDE:6204,SELL_SIDE,M15,1.15313,0.0029399999999999427,4.4712214596752515,0.09877854487519915,True,1,CONFIRMED,BEARISH,-2.999999999997449e-05,NO_DISPLACEMENT
6218,2026-04-03 02:30:00+00:00,M15:BUY_SIDE:6211,BUY_SIDE,M15,1.15425,2.999999999997449e-05,0.45854736199158747,0.15,True,1,CONFIRMED,NEUTRAL,0.00043999999999999595,NO_DISPLACEMENT
6220,2026-04-03 03:00:00+00:00,M15:BUY_SIDE:6201,BUY_SIDE,M15,1.15437,0.00013000000000018552,0.7981822260021549,0.34069767441860466,True,1,CONFIRMED,NEUTRAL,0.00041000000000002146,NO_DISPLACEMENT
6223,2026-04-03 03:45:00+00:00,M15:SELL_SIDE:6215,SELL_SIDE,M15,1.1538,9.999999999843467e-06,1.0917918283059997,0.39509536784741145,False,1,CONFIRMED,BULLISH,-0.00012999999999996348,NO_DISPLACEMENT
6239,2026-04-03 07:45:00+00:00,M15:SELL_SIDE:6235,SELL_SIDE,M15,1.15331,2.999999999997449e-05,0.6593264757591001,1.0017211703958693,False,3,CONFIRMED,NEUTRAL,9.000000000014552e-05,NO_DISPLACEMENT
6241,2026-04-03 08:15:00+00:00,M15:SELL_SIDE:6229,SELL_SIDE,M15,1.15313,0.0002500000000000835,1.1384469856126411,1.0402802101576183,False,1,CONFIRMED,NEUTRAL,-0.0005399999999999849,NO_DISPLACEMENT
6243,2026-04-03 08:45:00+00:00,M15:BUY_SIDE:6232,BUY_SIDE,M15,1.15375,5.999999999994898e-05,0.9938775819579074,1.1453590192644483,False,2,CONFIRMED,BEARISH,0.00022999999999995246,NO_DISPLACEMENT
6249,2026-04-03 10:15:00+00:00,M15:BUY_SIDE:6220,BUY_SIDE,M15,1.1545,0.00012999999999996348,1.6416346151345347,1.4268292682926829,True,1,CONFIRMED,NEUTRAL,0.0011099999999999444,NO_DISPLACEMENT
6263,2026-04-03 13:45:00+00:00,M15:BUY_SIDE:6249,BUY_SIDE,M15,1.15463,0.00026999999999999247,1.840357997327165,2.3056092843326885,True,1,CONFIRMED,NEUTRAL,0.000140000000000029,NO_DISPLACEMENT
6263,2026-04-03 13:45:00+00:00,M15:BUY_SIDE:6256,BUY_SIDE,M15,1.15454,0.000360000000000138,1.840357997327165,2.3056092843326885,True,1,CONFIRMED,NEUTRAL,0.000140000000000029,NO_DISPLACEMENT
6266,2026-04-03 14:30:00+00:00,M15:SELL_SIDE:6259,SELL_SIDE,M15,1.15402,2.999999999997449e-05,1.1806019692729244,1.3137614678899083,True,1,CONFIRMED,BULLISH,-7.00000000000145e-05,NO_DISPLACEMENT
6266,2026-04-03 14:30:00+00:00,M15:SELL_SIDE:6262,SELL_SIDE,M15,1.1541,0.00010999999999983245,1.1806019692729244,1.3137614678899083,True,1,CONFIRMED,BULLISH,-7.00000000000145e-05,NO_DISPLACEMENT
6270,2026-04-03 15:30:00+00:00,M15:SELL_SIDE:6241,SELL_SIDE,M15,1.15288,0.0010799999999999699,4.557420558156955,8.998236331569665,True,1,CONFIRMED,NEUTRAL,-0.0011900000000000244,NO_DISPLACEMENT
6270,2026-04-03 15:30:00+00:00,M15:SELL_SIDE:6246,SELL_SIDE,M15,1.15345,0.0016500000000001513,4.557420558156955,8.998236331569665,False,2,CONFIRMED,NEUTRAL,-0.0011900000000000244,NO_DISPLACEMENT
6270,2026-04-03 15:30:00+00:00,M15:SELL_SIDE:6253,SELL_SIDE,M15,1.15392,0.002120000000000122,4.557420558156955,8.998236331569665,False,-1,WEAK,NEUTRAL,-0.0011900000000000244,NO_DISPLACEMENT
6270,2026-04-03 15:30:00+00:00,M15:SELL_SIDE:6266,SELL_SIDE,M15,1.15399,0.0021900000000001363,4.557420558156955,8.998236331569665,False,-1,WEAK,NEUTRAL,-0.0011900000000000244,NO_DISPLACEMENT
6283,2026-04-03 18:45:00+00:00,M15:SELL_SIDE:6279,SELL_SIDE,M15,1.15198,9.999999999998899e-05,0.9572875165886718,3.6621417797888385,True,1,CONFIRMED,NEUTRAL,-0.0009000000000001229,NO_DISPLACEMENT
6285,2026-04-03 19:15:00+00:00,M15:SELL_SIDE:6270,SELL_SIDE,M15,1.1518,4.0000000000040004e-05,0.702057002035385,1.737991266375546,True,1,CONFIRMED,NEUTRAL,-0.0013600000000000279,NO_DISPLACEMENT
6294,2026-04-03 21:30:00+00:00,M15:SELL_SIDE:6285,SELL_SIDE,M15,1.15176,0.00043999999999999595,1.4279803199742904,1.1962224554039873,False,-1,WEAK,NEUTRAL,-0.0006599999999998829,NO_DISPLACEMENT
6299,2026-04-03 22:45:00+00:00,M15:SELL_SIDE:6294,SELL_SIDE,M15,1.15132,3.999999999981796e-05,0.49768754786074276,0.24554039874081846,True,1,CONFIRMED,BEARISH,-0.00045000000000006146,NO_DISPLACEMENT
6300,2026-04-03 23:00:00+00:00,M15:BUY_SIDE:6281,BUY_SIDE,M15,1.15278,0.00034000000000000696,3.828951779809526,1.4677754677754677,True,1,CONFIRMED,BEARISH,-9.000000000014552e-05,NO_DISPLACEMENT
6300,2026-04-03 23:00:00+00:00,M15:BUY_SIDE:6287,BUY_SIDE,M15,1.15218,0.0009399999999999409,3.828951779809526,1.4677754677754677,True,1,CONFIRMED,BEARISH,-9.000000000014552e-05,NO_DISPLACEMENT
6302,2026-04-03 23:30:00+00:00,M15:SELL_SIDE:6299,SELL_SIDE,M15,1.15128,0.00017000000000000348,1.5733660311753508,0.6477732793522267,True,2,CONFIRMED,NEUTRAL,-0.00042000000000008697,NO_DISPLACEMENT
6308,2026-04-06 01:00:00+00:00,M15:SELL_SIDE:6303,SELL_SIDE,M15,1.15099,0.0004899999999998794,2.7283426477739705,3.011904761904762,True,1,CONFIRMED,BEARISH,-0.000400000000000178,NO_DISPLACEMENT
6317,2026-04-06 03:15:00+00:00,M15:BUY_SIDE:6312,BUY_SIDE,M15,1.15168,0.00014999999999987246,0.8314108301452078,1.2373188405797102,True,1,CONFIRMED,NEUTRAL,-0.0005699999999999594,NO_DISPLACEMENT
6320,2026-04-06 04:00:00+00:00,M15:SELL_SIDE:6314,SELL_SIDE,M15,1.15084,9.000000000014552e-05,1.2550848337357738,1.2021857923497268,False,1,CONFIRMED,BULLISH,-0.000280000000000058,NO_DISPLACEMENT
6324,2026-04-06 05:00:00+00:00,M15:BUY_SIDE:6317,BUY_SIDE,M15,1.15183,0.0004700000000001925,2.7645968577166204,1.9433427762039661,False,-1,WEAK,BULLISH,0.0010199999999997988,NO_DISPLACEMENT
6325,2026-04-06 05:15:00+00:00,M15:BUY_SIDE:6305,BUY_SIDE,M15,1.15235,0.000520000000000076,1.6599216383553559,2.1794145420207744,False,1,CONFIRMED,NEUTRAL,0.0014699999999998603,NO_DISPLACEMENT
6334,2026-04-06 07:30:00+00:00,M15:BUY_SIDE:6329,BUY_SIDE,M15,1.1523,5.999999999994898e-05,0.9440369249458334,0.8282208588957055,True,-1,CONFIRMED,NEUTRAL,0.00031000000000003247,NO_DISPLACEMENT
6337,2026-04-06 08:15:00+00:00,M15:BUY_SIDE:6325,BUY_SIDE,M15,1.15287,7.999999999985796e-05,0.9414467686264352,1.3264462809917354,True,1,CONFIRMED,NEUTRAL,0.0006499999999998174,NO_DISPLACEMENT
6343,2026-04-06 09:45:00+00:00,M15:BUY_SIDE:6276,BUY_SIDE,M15,1.15365,0.00010999999999983245,2.640806343358175,3.429441624365482,True,1,CONFIRMED,NEUTRAL,0.0013499999999999623,NO_DISPLACEMENT
6343,2026-04-06 09:45:00+00:00,M15:BUY_SIDE:6300,BUY_SIDE,M15,1.15312,0.0006399999999999739,2.640806343358175,3.429441624365482,False,1,CONFIRMED,NEUTRAL,0.0013499999999999623,NO_DISPLACEMENT
6343,2026-04-06 09:45:00+00:00,M15:BUY_SIDE:6337,BUY_SIDE,M15,1.15295,0.0008099999999999774,2.640806343358175,3.429441624365482,False,-1,WEAK,NEUTRAL,0.0013499999999999623,NO_DISPLACEMENT
6343,2026-04-06 09:45:00+00:00,M15:BUY_SIDE:6340,BUY_SIDE,M15,1.15276,0.0009999999999998899,2.640806343358175,3.429441624365482,False,-1,WEAK,NEUTRAL,0.0013499999999999623,NO_DISPLACEMENT
6346,2026-04-06 10:30:00+00:00,H4:BUY_SIDE:525,BUY_SIDE,H4,1.1549,0.00043999999999999595,2.9060409989386593,2.288577154308617,False,-1,WEAK,BULLISH,0.0026399999999999757,NO_DISPLACEMENT
6346,2026-04-06 10:30:00+00:00,M15:BUY_SIDE:6269,BUY_SIDE,M15,1.15459,0.0007500000000000284,2.9060409989386593,2.288577154308617,False,-1,WEAK,BULLISH,0.0026399999999999757,NO_DISPLACEMENT
6346,2026-04-06 10:30:00+00:00,M15:BUY_SIDE:6273,BUY_SIDE,M15,1.15386,0.0014799999999999258,2.9060409989386593,2.288577154308617,False,-1,WEAK,BULLISH,0.0026399999999999757,NO_DISPLACEMENT
6346,2026-04-06 10:30:00+00:00,M15:BUY_SIDE:6343,BUY_SIDE,M15,1.15376,0.0015800000000001369,2.9060409989386593,2.288577154308617,False,-1,WEAK,BULLISH,0.0026399999999999757,NO_DISPLACEMENT
6347,2026-04-06 10:45:00+00:00,H4:BUY_SIDE:520,BUY_SIDE,H4,1.15639,0.00048000000000003595,2.3232498890976023,3.3208292201382035,False,1,CONFIRMED,BULLISH,0.0037200000000001676,NO_DISPLACEMENT
6355,2026-04-06 12:45:00+00:00,M15:SELL_SIDE:6351,SELL_SIDE,M15,1.15534,0.0006500000000000394,1.866177265578142,2.0288230584467573,False,-1,WEAK,BULLISH,0.0016000000000000458,NO_DISPLACEMENT
6371,2026-04-06 16:45:00+00:00,M15:BUY_SIDE:6355,BUY_SIDE,M15,1.15603,8.000000000008001e-05,1.0495243663220852,1.8078783690393918,True,1,CONFIRMED,NEUTRAL,0.0016899999999999693,NO_DISPLACEMENT
6374,2026-04-06 17:30:00+00:00,M15:BUY_SIDE:6347,BUY_SIDE,M15,1.15687,0.00026999999999999247,2.3813412713145277,3.363758389261745,True,1,CONFIRMED,NEUTRAL,0.0016700000000000603,NO_DISPLACEMENT
6376,2026-04-06 18:00:00+00:00,M15:SELL_SIDE:6359,SELL_SIDE,M15,1.15376,0.00011999999999989797,0.8379488590257909,2.450629555997349,True,1,CONFIRMED,BULLISH,-0.0013700000000000934,NO_DISPLACEMENT
6376,2026-04-06 18:00:00+00:00,M15:SELL_SIDE:6365,SELL_SIDE,M15,1.15421,0.0005699999999999594,0.8379488590257909,2.450629555997349,False,3,CONFIRMED,BULLISH,-0.0013700000000000934,NO_DISPLACEMENT
6385,2026-04-06 20:15:00+00:00,M15:SELL_SIDE:6377,SELL_SIDE,M15,1.15348,0.00017000000000000348,1.430358798389514,1.5279435702658708,True,1,CONFIRMED,BEARISH,2.999999999997449e-05,NO_DISPLACEMENT
6386,2026-04-06 20:30:00+00:00,M15:BUY_SIDE:6382,BUY_SIDE,M15,1.15481,8.000000000008001e-05,1.1932851952509718,1.3272629887520087,True,1,CONFIRMED,BEARISH,0.00048000000000003595,NO_DISPLACEMENT
6400,2026-04-07 00:00:00+00:00,M15:SELL_SIDE:6388,SELL_SIDE,M15,1.15386,0.00031000000000003247,1.181456937405886,0.2224633749321758,True,1,CONFIRMED,NEUTRAL,-0.00024000000000001798,NO_DISPLACEMENT
6400,2026-04-07 00:00:00+00:00,M15:SELL_SIDE:6394,SELL_SIDE,M15,1.15399,0.00043999999999999595,1.181456937405886,0.2224633749321758,True,1,CONFIRMED,NEUTRAL,-0.00024000000000001798,NO_DISPLACEMENT
6404,2026-04-07 01:00:00+00:00,M15:BUY_SIDE:6395,BUY_SIDE,M15,1.15467,9.999999999998899e-05,0.969258709829066,0.2832338578404775,True,1,CONFIRMED,BEARISH,0.0001100000000000545,NO_DISPLACEMENT
6410,2026-04-07 02:30:00+00:00,M15:SELL_SIDE:6403,SELL_SIDE,M15,1.15388,1.999999999990898e-05,0.4932098867235956,0.17091836734693877,True,1,CONFIRMED,BULLISH,-0.00018999999999991246,NO_DISPLACEMENT
6416,2026-04-07 04:00:00+00:00,M15:SELL_SIDE:6400,SELL_SIDE,M15,1.15355,0.00013000000000018552,1.3856777965715104,0.9841897233201581,True,1,CONFIRMED,NEUTRAL,-0.0007500000000000284,NO_DISPLACEMENT
6418,2026-04-07 04:30:00+00:00,M15:SELL_SIDE:6385,SELL_SIDE,M15,1.15331,0.00038000000000004697,1.694572062531776,0.9264705882352942,False,-1,WEAK,NEUTRAL,-0.0012300000000000644,NO_DISPLACEMENT
6438,2026-04-07 09:30:00+00:00,M15:BUY_SIDE:6413,BUY_SIDE,M15,1.15438,0.00017000000000000348,1.887783430547565,2.1254199328107504,False,2,CONFIRMED,NEUTRAL,0.0010900000000000354,NO_DISPLACEMENT
6438,2026-04-07 09:30:00+00:00,M15:BUY_SIDE:6432,BUY_SIDE,M15,1.15396,0.0005899999999998684,1.887783430547565,2.1254199328107504,False,3,CONFIRMED,NEUTRAL,0.0010900000000000354,NO_DISPLACEMENT
6443,2026-04-07 10:45:00+00:00,M15:BUY_SIDE:6438,BUY_SIDE,M15,1.15455,5.0000000000105516e-05,1.1857550695930792,2.002217294900222,True,-1,CONFIRMED,BULLISH,0.0006699999999999484,NO_DISPLACEMENT
6444,2026-04-07 11:00:00+00:00,M15:BUY_SIDE:6389,BUY_SIDE,M15,1.15526,0.0015400000000000968,3.924146501334761,6.178686759956943,False,-1,WEAK,BULLISH,0.003549999999999942,NO_DISPLACEMENT
6444,2026-04-07 11:00:00+00:00,M15:BUY_SIDE:6404,BUY_SIDE,M15,1.15477,0.0020299999999999763,3.924146501334761,6.178686759956943,False,-1,WEAK,BULLISH,0.003549999999999942,NO_DISPLACEMENT
6447,2026-04-07 11:45:00+00:00,H4:BUY_SIDE:532,BUY_SIDE,H4,1.15714,0.00041000000000002146,1.5660872186949315,2.923076923076923,False,1,CONFIRMED,BULLISH,0.003610000000000113,NO_DISPLACEMENT
6469,2026-04-07 17:15:00+00:00,M15:BUY_SIDE:6463,BUY_SIDE,M15,1.15697,0.00032999999999994145,1.7608178874632021,2.1524840137727494,False,-1,WEAK,NEUTRAL,0.0012399999999999078,NO_DISPLACEMENT
6470,2026-04-07 17:30:00+00:00,M15:BUY_SIDE:6447,BUY_SIDE,M15,1.15755,0.0005699999999999594,1.1695027080896092,1.9548511047070125,False,1,CONFIRMED,NEUTRAL,0.0022100000000000453,NO_DISPLACEMENT
6481,2026-04-07 20:15:00+00:00,M15:SELL_SIDE:6475,SELL_SIDE,M15,1.15666,2.999999999997449e-05,0.4623123997727415,0.650438946528332,True,1,CONFIRMED,NEUTRAL,-0.00046999999999997044,NO_DISPLACEMENT
6482,2026-04-07 20:30:00+00:00,M15:BUY_SIDE:6476,BUY_SIDE,M15,1.15794,1.0000000000065512e-05,1.3889104725417223,1.170675830469645,True,1,CONFIRMED,NEUTRAL,0.0005199999999998539,NO_DISPLACEMENT
6489,2026-04-07 22:15:00+00:00,M15:BUY_SIDE:6471,BUY_SIDE,M15,1.15835,0.0007099999999999884,1.7421840173728051,1.8065934065934066,False,-1,WEAK,BULLISH,0.0013099999999999223,NO_DISPLACEMENT
6489,2026-04-07 22:15:00+00:00,M15:BUY_SIDE:6485,BUY_SIDE,M15,1.1583,0.0007599999999998719,1.7421840173728051,1.8065934065934066,False,-1,WEAK,BULLISH,0.0013099999999999223,NO_DISPLACEMENT
6500,2026-04-08 01:00:00+00:00,M15:BUY_SIDE:6128,BUY_SIDE,M15,1.16055,0.0013900000000000023,2.5349996983338468,1.0802743041549012,False,-1,WEAK,BULLISH,0.002569999999999961,NO_DISPLACEMENT
6500,2026-04-08 01:00:00+00:00,M15:BUY_SIDE:6493,BUY_SIDE,M15,1.16048,0.0014600000000000168,2.5349996983338468,1.0802743041549012,False,-1,WEAK,BULLISH,0.002569999999999961,NO_DISPLACEMENT
6502,2026-04-08 01:30:00+00:00,H4:BUY_SIDE:422,BUY_SIDE,H4,1.16455,0.0007300000000001194,5.234782232093482,3.3239209358612345,True,-1,CONFIRMED,BULLISH,0.0041399999999998105,NO_DISPLACEMENT
6502,2026-04-08 01:30:00+00:00,H4:BUY_SIDE:472,BUY_SIDE,H4,1.16397,0.0013100000000001444,5.234782232093482,3.3239209358612345,False,-1,WEAK,BULLISH,0.0041399999999998105,NO_DISPLACEMENT
6502,2026-04-08 01:30:00+00:00,H4:BUY_SIDE:480,BUY_SIDE,H4,1.16307,0.0022100000000000453,5.234782232093482,3.3239209358612345,False,-1,WEAK,BULLISH,0.0041399999999998105,NO_DISPLACEMENT
6502,2026-04-08 01:30:00+00:00,H4:BUY_SIDE:514,BUY_SIDE,H4,1.16271,0.0025700000000001832,5.234782232093482,3.3239209358612345,False,-1,WEAK,BULLISH,0.0041399999999998105,NO_DISPLACEMENT
6502,2026-04-08 01:30:00+00:00,M15:BUY_SIDE:5431,BUY_SIDE,M15,1.16374,0.0015400000000000968,5.234782232093482,3.3239209358612345,False,-1,WEAK,BULLISH,0.0041399999999998105,NO_DISPLACEMENT
6502,2026-04-08 01:30:00+00:00,M15:BUY_SIDE:6096,BUY_SIDE,M15,1.16234,0.0029400000000001647,5.234782232093482,3.3239209358612345,False,-1,WEAK,BULLISH,0.0041399999999998105,NO_DISPLACEMENT
6502,2026-04-08 01:30:00+00:00,M15:SELL_SIDE:6496,SELL_SIDE,M15,1.15909,0.00025999999999992696,5.234782232093482,3.3239209358612345,True,1,CONFIRMED,BULLISH,0.0041399999999998105,NO_DISPLACEMENT
6503,2026-04-08 01:45:00+00:00,H4:BUY_SIDE:418,BUY_SIDE,H4,1.16673,0.00021999999999988695,2.3007265246217314,2.5510286405808795,False,-1,WEAK,BULLISH,0.006839999999999957,NO_DISPLACEMENT
6504,2026-04-08 02:00:00+00:00,M15:BUY_SIDE:4046,BUY_SIDE,M15,1.16716,0.000320000000000098,1.0073662058365407,2.718838241226301,True,-1,CONFIRMED,NEUTRAL,0.007139999999999924,NO_DISPLACEMENT
6521,2026-04-08 06:15:00+00:00,M15:SELL_SIDE:6517,SELL_SIDE,M15,1.16687,0.0002500000000000835,0.8841944663832996,0.7329243353783231,True,1,CONFIRMED,NEUTRAL,-0.00026999999999999247,NO_DISPLACEMENT
6522,2026-04-08 06:30:00+00:00,M15:SELL_SIDE:6510,SELL_SIDE,M15,1.16658,9.999999999843467e-06,0.6072706257673933,0.8189581554227157,True,1,CONFIRMED,NEUTRAL,-0.0008199999999998209,NO_DISPLACEMENT
6524,2026-04-08 07:00:00+00:00,M15:BUY_SIDE:6521,BUY_SIDE,M15,1.16758,0.00028999999999990145,0.8273090186021044,0.8949652777777778,False,-1,WEAK,BEARISH,-0.00018999999999991246,NO_DISPLACEMENT
6529,2026-04-08 08:15:00+00:00,M15:BUY_SIDE:6525,BUY_SIDE,M15,1.16811,0.0006500000000000394,1.2831932108513657,1.0374379792512405,False,-1,WEAK,NEUTRAL,0.0012100000000001554,NO_DISPLACEMENT
6530,2026-04-08 08:30:00+00:00,M15:BUY_SIDE:6513,BUY_SIDE,M15,1.16882,0.00032999999999994145,0.8264754221608396,0.9616252821670429,False,-1,WEAK,BULLISH,0.0014899999999999913,NO_DISPLACEMENT
6531,2026-04-08 08:45:00+00:00,M15:BUY_SIDE:4024,BUY_SIDE,M15,1.17068,0.000180000000000069,2.1411517260923905,1.657391304347826,True,1,CONFIRMED,BULLISH,0.0022400000000000198,NO_DISPLACEMENT
6531,2026-04-08 08:45:00+00:00,M15:BUY_SIDE:4029,BUY_SIDE,M15,1.16989,0.0009699999999999154,2.1411517260923905,1.657391304347826,True,1,CONFIRMED,BULLISH,0.0022400000000000198,NO_DISPLACEMENT
6531,2026-04-08 08:45:00+00:00,M15:BUY_SIDE:6508,BUY_SIDE,M15,1.16968,0.0011799999999999589,2.1411517260923905,1.657391304347826,True,1,CONFIRMED,BULLISH,0.0022400000000000198,NO_DISPLACEMENT
6542,2026-04-08 11:30:00+00:00,M15:SELL_SIDE:6528,SELL_SIDE,M15,1.16721,0.00031000000000003247,1.4783510007322216,1.4282568807339449,True,1,CONFIRMED,NEUTRAL,-0.001180000000000181,NO_DISPLACEMENT
6542,2026-04-08 11:30:00+00:00,M15:SELL_SIDE:6536,SELL_SIDE,M15,1.16789,0.0009900000000000464,1.4783510007322216,1.4282568807339449,False,1,CONFIRMED,NEUTRAL,-0.001180000000000181,NO_DISPLACEMENT
6551,2026-04-08 13:45:00+00:00,M15:BUY_SIDE:6545,BUY_SIDE,M15,1.16893,0.00031999999999987594,0.8431353734766771,0.688375350140056,False,-1,WEAK,NEUTRAL,0.0005399999999999849,NO_DISPLACEMENT
6553,2026-04-08 14:15:00+00:00,M15:BUY_SIDE:6531,BUY_SIDE,M15,1.17086,0.0001500000000000945,1.5074477319676876,1.146685472496474,True,1,CONFIRMED,NEUTRAL,0.002610000000000001,NO_DISPLACEMENT
6553,2026-04-08 14:15:00+00:00,M15:BUY_SIDE:6539,BUY_SIDE,M15,1.17001,0.001000000000000112,1.5074477319676876,1.146685472496474,False,1,CONFIRMED,NEUTRAL,0.002610000000000001,NO_DISPLACEMENT
6556,2026-04-08 15:00:00+00:00,M15:BUY_SIDE:6553,BUY_SIDE,M15,1.17101,2.999999999997449e-05,1.0505520144775362,1.1446311176040906,True,1,CONFIRMED,BULLISH,0.002809999999999979,NO_DISPLACEMENT
6558,2026-04-08 15:30:00+00:00,M15:BUY_SIDE:4002,BUY_SIDE,M15,1.17134,0.000140000000000029,1.3108445279979184,1.2125639152666179,False,2,CONFIRMED,BULLISH,0.002809999999999979,NO_DISPLACEMENT
6562,2026-04-08 16:30:00+00:00,M15:SELL_SIDE:6557,SELL_SIDE,M15,1.16881,0.00010999999999983245,1.5560926027407058,2.159240321402484,True,1,CONFIRMED,BULLISH,-0.000280000000000058,NO_DISPLACEMENT
6568,2026-04-08 18:00:00+00:00,M15:SELL_SIDE:6562,SELL_SIDE,M15,1.1687,0.000360000000000138,1.1343335375553798,1.338848234171174,False,1,CONFIRMED,BEARISH,-0.0027599999999998737,NO_DISPLACEMENT
6572,2026-04-08 19:00:00+00:00,M15:SELL_SIDE:6568,SELL_SIDE,M15,1.16834,0.00034000000000000696,0.7912990806234758,0.9984321103794292,False,-1,WEAK,BEARISH,-0.0009699999999999154,NO_DISPLACEMENT
6574,2026-04-08 19:30:00+00:00,M15:SELL_SIDE:6547,SELL_SIDE,M15,1.16773,0.00010999999999983245,0.5951208511170466,0.951395421762308,True,1,CONFIRMED,BEARISH,-0.0017000000000000348,NO_DISPLACEMENT
6577,2026-04-08 20:15:00+00:00,M15:SELL_SIDE:6574,SELL_SIDE,M15,1.16762,0.0005700000000001815,1.4808623785214257,1.0189264660254422,False,3,CONFIRMED,BEARISH,-0.0018499999999999073,NO_DISPLACEMENT
6578,2026-04-08 20:30:00+00:00,M15:SELL_SIDE:6542,SELL_SIDE,M15,1.1669,4.0000000000040004e-05,0.8076150782688049,0.8861309339125039,True,1,CONFIRMED,BEARISH,-0.0012600000000000389,NO_DISPLACEMENT
6581,2026-04-08 21:15:00+00:00,M15:SELL_SIDE:6522,SELL_SIDE,M15,1.16657,0.0001500000000000945,1.632226894940635,1.5556934533043747,False,-1,WEAK,BEARISH,-0.0020700000000000163,NO_DISPLACEMENT
6581,2026-04-08 21:15:00+00:00,M15:SELL_SIDE:6578,SELL_SIDE,M15,1.16686,0.00043999999999999595,1.632226894940635,1.5556934533043747,False,-1,WEAK,BEARISH,-0.0020700000000000163,NO_DISPLACEMENT
6601,2026-04-09 02:15:00+00:00,M15:SELL_SIDE:6597,SELL_SIDE,M15,1.16597,0.00012999999999996348,0.5619048327244854,0.17790132036136205,False,-1,WEAK,NEUTRAL,-0.00022999999999995246,NO_DISPLACEMENT
6604,2026-04-09 03:00:00+00:00,M15:SELL_SIDE:6592,SELL_SIDE,M15,1.16544,0.00025999999999992696,1.2494368574303287,0.6997019374068555,True,1,CONFIRMED,NEUTRAL,-0.0005999999999999339,NO_DISPLACEMENT
6609,2026-04-09 04:15:00+00:00,M15:SELL_SIDE:6604,SELL_SIDE,M15,1.16518,0.00020000000000020002,0.9271691494126975,0.6291808046534173,True,1,CONFIRMED,BEARISH,-0.0009699999999999154,NO_DISPLACEMENT
6611,2026-04-09 04:45:00+00:00,M15:BUY_SIDE:6606,BUY_SIDE,M15,1.16609,0.00025999999999992696,1.3825277695050713,0.6422115895800107,False,1,CONFIRMED,BEARISH,0.00020999999999982144,NO_DISPLACEMENT
6620,2026-04-09 07:00:00+00:00,M15:BUY_SIDE:6596,BUY_SIDE,M15,1.16674,0.00023999999999979593,1.58172742965781,0.7288817377312953,False,3,CONFIRMED,NEUTRAL,0.0011999999999998678,NO_DISPLACEMENT
6622,2026-04-09 07:30:00+00:00,M15:BUY_SIDE:6587,BUY_SIDE,M15,1.16703,7.00000000000145e-05,0.7280395235797423,0.6119770303527482,True,1,CONFIRMED,BULLISH,0.0008900000000000574,NO_DISPLACEMENT
6627,2026-04-09 08:45:00+00:00,M15:SELL_SIDE:6619,SELL_SIDE,M15,1.16604,0.00015999999999993797,0.8363624372429312,1.2201382033563672,True,-1,CONFIRMED,BULLISH,-0.00025999999999992696,NO_DISPLACEMENT
6639,2026-04-09 11:45:00+00:00,M15:BUY_SIDE:6622,BUY_SIDE,M15,1.1671,0.00038000000000004697,1.5201756130006383,1.7572992700729928,False,-1,WEAK,NEUTRAL,0.0014300000000000423,NO_DISPLACEMENT
6639,2026-04-09 11:45:00+00:00,M15:BUY_SIDE:6632,BUY_SIDE,M15,1.16692,0.000560000000000116,1.5201756130006383,1.7572992700729928,False,-1,WEAK,NEUTRAL,0.0014300000000000423,NO_DISPLACEMENT
6644,2026-04-09 13:00:00+00:00,M15:BUY_SIDE:6641,BUY_SIDE,M15,1.16791,2.999999999997449e-05,0.9152941566696161,1.2635847526358475,True,1,CONFIRMED,BULLISH,0.0015799999999999148,NO_DISPLACEMENT
6647,2026-04-09 13:45:00+00:00,M15:SELL_SIDE:6643,SELL_SIDE,M15,1.16719,0.00014999999999987246,1.1360698184271094,1.5658419792498004,False,1,CONFIRMED,BULLISH,0.0008300000000001084,NO_DISPLACEMENT
6649,2026-04-09 14:15:00+00:00,M15:BUY_SIDE:6581,BUY_SIDE,M15,1.16801,0.0001100000000000545,1.0883338610554643,1.0644910644910646,False,-1,WEAK,BULLISH,0.0008999999999999009,NO_DISPLACEMENT
6649,2026-04-09 14:15:00+00:00,M15:BUY_SIDE:6644,BUY_SIDE,M15,1.16794,0.000180000000000069,1.0883338610554643,1.0644910644910646,False,-1,WEAK,BULLISH,0.0008999999999999009,NO_DISPLACEMENT
6650,2026-04-09 14:30:00+00:00,M15:BUY_SIDE:6577,BUY_SIDE,M15,1.16852,0.000320000000000098,1.7142328689445019,1.3013910355486862,False,2,CONFIRMED,NEUTRAL,0.0012099999999999334,NO_DISPLACEMENT
6654,2026-04-09 15:30:00+00:00,M15:BUY_SIDE:6651,BUY_SIDE,M15,1.16894,5.999999999994898e-05,1.7186356649119066,2.1945063103192277,True,1,CONFIRMED,NEUTRAL,0.0005299999999999194,NO_DISPLACEMENT
6657,2026-04-09 16:15:00+00:00,M15:BUY_SIDE:6654,BUY_SIDE,M15,1.169,0.00024000000000001798,1.0851137893109803,1.4097902097902097,True,2,CONFIRMED,BULLISH,0.0016799999999999038,NO_DISPLACEMENT
6662,2026-04-09 17:30:00+00:00,M15:SELL_SIDE:6655,SELL_SIDE,M15,1.16786,0.00045999999999990493,1.632678263810131,1.901840490797546,False,1,CONFIRMED,BULLISH,-0.0008900000000000574,NO_DISPLACEMENT
6662,2026-04-09 17:30:00+00:00,M15:SELL_SIDE:6659,SELL_SIDE,M15,1.16793,0.0005299999999999194,1.632678263810131,1.901840490797546,False,1,CONFIRMED,BULLISH,-0.0008900000000000574,NO_DISPLACEMENT
6665,2026-04-09 18:15:00+00:00,M15:BUY_SIDE:6570,BUY_SIDE,M15,1.16964,0.00034000000000000696,1.844078707043058,2.4483133841131663,True,-1,CONFIRMED,NEUTRAL,0.0008299999999998864,NO_DISPLACEMENT
6665,2026-04-09 18:15:00+00:00,M15:BUY_SIDE:6658,BUY_SIDE,M15,1.16952,0.000460000000000127,1.844078707043058,2.4483133841131663,True,-1,CONFIRMED,NEUTRAL,0.0008299999999998864,NO_DISPLACEMENT
6666,2026-04-09 18:30:00+00:00,M15:BUY_SIDE:6565,BUY_SIDE,M15,1.17034,0.00034000000000000696,1.523400696763202,2.764705882352941,True,-1,CONFIRMED,NEUTRAL,0.0013499999999999623,NO_DISPLACEMENT
6672,2026-04-09 20:00:00+00:00,M15:BUY_SIDE:6669,BUY_SIDE,M15,1.17139,0.000460000000000127,1.0481539655105556,1.0050709939148073,False,-1,WEAK,NEUTRAL,0.004070000000000018,NO_DISPLACEMENT
6673,2026-04-09 20:15:00+00:00,H4:BUY_SIDE:544,BUY_SIDE,H4,1.17216,9.999999999843467e-06,0.7410346699682119,0.9330628803245437,True,1,CONFIRMED,NEUTRAL,0.0035199999999999676,NO_DISPLACEMENT
6686,2026-04-09 23:30:00+00:00,M15:SELL_SIDE:6678,SELL_SIDE,M15,1.16962,9.000000000014552e-05,0.461864124161025,0.27750247770069375,False,1,CONFIRMED,NEUTRAL,-0.0007900000000000684,NO_DISPLACEMENT
6691,2026-04-10 00:45:00+00:00,M15:SELL_SIDE:6687,SELL_SIDE,M15,1.16951,2.0000000000131024e-05,1.034450189284535,0.3539553752535497,True,1,CONFIRMED,BEARISH,-0.00019999999999997797,NO_DISPLACEMENT
6692,2026-04-10 01:00:00+00:00,M15:BUY_SIDE:6688,BUY_SIDE,M15,1.17014,9.999999999998899e-05,0.378506286336267,0.27281947261663286,True,1,CONFIRMED,BEARISH,-0.0006099999999999994,NO_DISPLACEMENT
6694,2026-04-10 01:30:00+00:00,M15:SELL_SIDE:6691,SELL_SIDE,M15,1.16949,0.00022999999999995246,1.0423875505708478,0.6643002028397565,False,-1,WEAK,NEUTRAL,-0.00046999999999997044,NO_DISPLACEMENT
6699,2026-04-10 02:45:00+00:00,M15:SELL_SIDE:6695,SELL_SIDE,M15,1.16912,0.00017999999999984695,0.7848865300902758,0.2725815072153928,True,-1,CONFIRMED,NEUTRAL,-0.0005199999999998539,NO_DISPLACEMENT
6713,2026-04-10 06:15:00+00:00,M15:BUY_SIDE:6707,BUY_SIDE,M15,1.16946,2.0000000000131024e-05,1.0444852473429558,0.7774358974358975,True,1,CONFIRMED,NEUTRAL,0.0006500000000000394,NO_DISPLACEMENT
6725,2026-04-10 09:15:00+00:00,M15:SELL_SIDE:6703,SELL_SIDE,M15,1.16843,2.999999999997449e-05,1.0191907104438747,1.7211155378486056,False,1,CONFIRMED,BULLISH,-0.0011399999999999189,NO_DISPLACEMENT
6725,2026-04-10 09:15:00+00:00,M15:SELL_SIDE:6709,SELL_SIDE,M15,1.16853,0.00012999999999996348,1.0191907104438747,1.7211155378486056,False,1,CONFIRMED,BULLISH,-0.0011399999999999189,NO_DISPLACEMENT
6725,2026-04-10 09:15:00+00:00,M15:SELL_SIDE:6721,SELL_SIDE,M15,1.16868,0.00027999999999983594,1.0191907104438747,1.7211155378486056,False,-1,WEAK,BULLISH,-0.0011399999999999189,NO_DISPLACEMENT
6737,2026-04-10 12:15:00+00:00,M15:BUY_SIDE:6682,BUY_SIDE,M15,1.17085,0.00019999999999997797,3.932797226777918,5.40162980209546,True,1,CONFIRMED,BEARISH,0.0012600000000000389,NO_DISPLACEMENT
6737,2026-04-10 12:15:00+00:00,M15:BUY_SIDE:6692,BUY_SIDE,M15,1.17024,0.0008099999999999774,3.932797226777918,5.40162980209546,True,1,CONFIRMED,BEARISH,0.0012600000000000389,NO_DISPLACEMENT
6737,2026-04-10 12:15:00+00:00,M15:BUY_SIDE:6715,BUY_SIDE,M15,1.16967,0.0013799999999999368,3.932797226777918,5.40162980209546,False,-1,WEAK,BEARISH,0.0012600000000000389,NO_DISPLACEMENT
6737,2026-04-10 12:15:00+00:00,M15:BUY_SIDE:6724,BUY_SIDE,M15,1.16935,0.0017000000000000348,3.932797226777918,5.40162980209546,False,-1,WEAK,BEARISH,0.0012600000000000389,NO_DISPLACEMENT
6737,2026-04-10 12:15:00+00:00,M15:BUY_SIDE:6734,BUY_SIDE,M15,1.16897,0.0020799999999998597,3.932797226777918,5.40162980209546,False,-1,WEAK,BEARISH,0.0012600000000000389,NO_DISPLACEMENT
6750,2026-04-10 15:30:00+00:00,H4:BUY_SIDE:551,BUY_SIDE,H4,1.17234,0.000220000000000109,1.8398192088236482,4.0176,True,1,CONFIRMED,NEUTRAL,0.0009299999999998754,NO_DISPLACEMENT
6750,2026-04-10 15:30:00+00:00,M15:BUY_SIDE:3982,BUY_SIDE,M15,1.17238,0.000180000000000069,1.8398192088236482,4.0176,True,1,CONFIRMED,NEUTRAL,0.0009299999999998754,NO_DISPLACEMENT
6750,2026-04-10 15:30:00+00:00,M15:BUY_SIDE:6744,BUY_SIDE,M15,1.17187,0.0006900000000000794,1.8398192088236482,4.0176,True,-1,CONFIRMED,NEUTRAL,0.0009299999999998754,NO_DISPLACEMENT
6753,2026-04-10 16:15:00+00:00,M15:BUY_SIDE:6750,BUY_SIDE,M15,1.17256,0.0008999999999999009,1.7779543933317619,2.399387911247131,False,-1,WEAK,BULLISH,0.0020599999999999508,NO_DISPLACEMENT
6756,2026-04-10 17:00:00+00:00,M15:BUY_SIDE:6753,BUY_SIDE,M15,1.17346,0.0001100000000000545,1.2343959372152113,2.561140285071268,True,2,CONFIRMED,BULLISH,0.0017199999999999438,NO_DISPLACEMENT
6761,2026-04-10 18:15:00+00:00,M15:BUY_SIDE:6757,BUY_SIDE,M15,1.17381,0.00012999999999996348,0.9415670210660617,1.6921035169210352,True,1,CONFIRMED,BULLISH,0.0011300000000000754,NO_DISPLACEMENT
6764,2026-04-10 19:00:00+00:00,M15:SELL_SIDE:6759,SELL_SIDE,M15,1.17198,1.0000000000065512e-05,0.7086989055653738,1.106013639181649,True,1,CONFIRMED,BULLISH,-0.0003700000000002035,NO_DISPLACEMENT
6783,2026-04-10 23:45:00+00:00,M15:SELL_SIDE:6780,SELL_SIDE,M15,1.17262,0.00046999999999997044,1.6358996247888742,1.2013201320132014,False,-1,WEAK,NEUTRAL,-0.00029999999999996696,NO_DISPLACEMENT
6784,2026-04-13 00:00:00+00:00,H4:SELL_SIDE:554,SELL_SIDE,H4,1.16765,0.0013000000000000789,0.8884978052485589,0.3542354235423542,False,1,CONFIRMED,NEUTRAL,-0.006299999999999972,NO_DISPLACEMENT
6784,2026-04-13 00:00:00+00:00,M15:SELL_SIDE:6648,SELL_SIDE,M15,1.16682,0.00046999999999997044,0.8884978052485589,0.3542354235423542,True,1,CONFIRMED,NEUTRAL,-0.006299999999999972,NO_DISPLACEMENT
6784,2026-04-13 00:00:00+00:00,M15:SELL_SIDE:6663,SELL_SIDE,M15,1.16728,0.0009300000000000974,0.8884978052485589,0.3542354235423542,False,1,CONFIRMED,NEUTRAL,-0.006299999999999972,NO_DISPLACEMENT
6784,2026-04-13 00:00:00+00:00,M15:SELL_SIDE:6749,SELL_SIDE,M15,1.17094,0.004590000000000094,0.8884978052485589,0.3542354235423542,False,-1,WEAK,NEUTRAL,-0.006299999999999972,NO_DISPLACEMENT
6784,2026-04-13 00:00:00+00:00,M15:SELL_SIDE:6766,SELL_SIDE,M15,1.17129,0.0049399999999999444,0.8884978052485589,0.3542354235423542,False,-1,WEAK,NEUTRAL,-0.006299999999999972,NO_DISPLACEMENT
6784,2026-04-13 00:00:00+00:00,M15:SELL_SIDE:6772,SELL_SIDE,M15,1.17177,0.00541999999999998,0.8884978052485589,0.3542354235423542,False,-1,WEAK,NEUTRAL,-0.006299999999999972,NO_DISPLACEMENT
6793,2026-04-13 02:15:00+00:00,M15:SELL_SIDE:6790,SELL_SIDE,M15,1.16655,0.00015999999999993797,0.7986830040347966,0.6350282485875707,True,1,CONFIRMED,NEUTRAL,-0.005780000000000118,NO_DISPLACEMENT
6795,2026-04-13 02:45:00+00:00,M15:BUY_SIDE:6792,BUY_SIDE,M15,1.16738,0.00014999999999987246,0.6415881208954719,0.7197740112994351,False,-1,WEAK,BEARISH,-0.0005100000000000104,NO_DISPLACEMENT
6797,2026-04-13 03:15:00+00:00,M15:BUY_SIDE:6786,BUY_SIDE,M15,1.16804,0.000320000000000098,0.7633958336434304,0.9466666666666667,False,-1,WEAK,BEARISH,0.0009699999999999154,NO_DISPLACEMENT
6806,2026-04-13 05:30:00+00:00,M15:BUY_SIDE:6800,BUY_SIDE,M15,1.16895,2.0000000000131024e-05,0.7375515171118625,0.7343635025754232,True,1,CONFIRMED,BULLISH,0.0007699999999999374,NO_DISPLACEMENT
6812,2026-04-13 07:00:00+00:00,M15:BUY_SIDE:6806,BUY_SIDE,M15,1.16897,2.999999999997449e-05,0.6834711970341114,0.6720430107526881,True,1,CONFIRMED,BULLISH,0.0007800000000000029,NO_DISPLACEMENT
6816,2026-04-13 08:00:00+00:00,M15:SELL_SIDE:6807,SELL_SIDE,M15,1.16846,0.00024000000000001798,0.9471600658589756,1.01994301994302,False,1,CONFIRMED,BULLISH,-0.00015999999999993797,NO_DISPLACEMENT
6820,2026-04-13 09:00:00+00:00,M15:BUY_SIDE:6812,BUY_SIDE,M15,1.169,0.00046999999999997044,1.5450148959223828,2.171259842519685,True,1,CONFIRMED,NEUTRAL,5.999999999994898e-05,NO_DISPLACEMENT
6822,2026-04-13 09:30:00+00:00,M15:SELL_SIDE:6802,SELL_SIDE,M15,1.16804,0.00031999999999987594,2.506381276912975,2.2736220472440944,False,1,CONFIRMED,NEUTRAL,-0.001060000000000061,NO_DISPLACEMENT
6822,2026-04-13 09:30:00+00:00,M15:SELL_SIDE:6816,SELL_SIDE,M15,1.16822,0.0004999999999999449,2.506381276912975,2.2736220472440944,False,1,CONFIRMED,NEUTRAL,-0.001060000000000061,NO_DISPLACEMENT
6825,2026-04-13 10:15:00+00:00,M15:BUY_SIDE:6820,BUY_SIDE,M15,1.16947,0.00019999999999997797,1.6150892628477862,1.763779527559055,False,3,CONFIRMED,NEUTRAL,0.0010300000000000864,NO_DISPLACEMENT
6837,2026-04-13 13:15:00+00:00,M15:SELL_SIDE:6831,SELL_SIDE,M15,1.16826,7.00000000000145e-05,0.7327242925816912,1.0233362143474503,True,1,CONFIRMED,NEUTRAL,-0.0011200000000000099,NO_DISPLACEMENT
6839,2026-04-13 13:45:00+00:00,M15:BUY_SIDE:6834,BUY_SIDE,M15,1.16923,0.00026999999999999247,1.2332041023241629,1.4816753926701571,False,-1,WEAK,BEARISH,0.00022999999999995246,NO_DISPLACEMENT
6843,2026-04-13 14:45:00+00:00,M15:SELL_SIDE:6837,SELL_SIDE,M15,1.16819,0.00016000000000016001,2.0471380943184636,2.6167615947925142,False,1,CONFIRMED,NEUTRAL,-0.0006200000000000649,NO_DISPLACEMENT
6849,2026-04-13 16:15:00+00:00,M15:BUY_SIDE:6826,BUY_SIDE,M15,1.17001,0.00011999999999989797,0.8781983559716177,1.580110497237569,True,-1,CONFIRMED,NEUTRAL,0.000500000000000167,NO_DISPLACEMENT
6849,2026-04-13 16:15:00+00:00,M15:BUY_SIDE:6840,BUY_SIDE,M15,1.16996,0.00016999999999978144,0.8781983559716177,1.580110497237569,True,-1,CONFIRMED,NEUTRAL,0.000500000000000167,NO_DISPLACEMENT
6862,2026-04-13 19:30:00+00:00,M15:BUY_SIDE:6855,BUY_SIDE,M15,1.17206,0.0005699999999999594,1.7449866303844812,2.221797323135755,False,-1,WEAK,BULLISH,0.0018600000000001948,NO_DISPLACEMENT
6863,2026-04-13 19:45:00+00:00,M15:BUY_SIDE:6783,BUY_SIDE,M15,1.17307,7.999999999985796e-05,0.9842798543442313,1.5437939110070258,True,-1,CONFIRMED,BULLISH,0.0012000000000000899,NO_DISPLACEMENT
6865,2026-04-13 20:15:00+00:00,M15:BUY_SIDE:6774,BUY_SIDE,M15,1.17353,0.00024000000000001798,0.7912376475203328,0.9711670480549199,False,1,CONFIRMED,BULLISH,0.002689999999999859,NO_DISPLACEMENT
6868,2026-04-13 21:00:00+00:00,M15:BUY_SIDE:6865,BUY_SIDE,M15,1.17377,7.00000000000145e-05,0.6897496685092788,0.7734553775743707,True,1,CONFIRMED,BULLISH,0.0027399999999999647,NO_DISPLACEMENT
6870,2026-04-13 21:30:00+00:00,H4:BUY_SIDE:556,BUY_SIDE,H4,1.17394,0.0011099999999999444,1.8760056781001158,1.280109489051095,False,-1,WEAK,BULLISH,0.003970000000000029,NO_DISPLACEMENT
6870,2026-04-13 21:30:00+00:00,M15:BUY_SIDE:3964,BUY_SIDE,M15,1.17472,0.00032999999999994145,1.8760056781001158,1.280109489051095,False,-1,WEAK,BULLISH,0.003970000000000029,NO_DISPLACEMENT
6870,2026-04-13 21:30:00+00:00,M15:BUY_SIDE:3970,BUY_SIDE,M15,1.17411,0.0009399999999999409,1.8760056781001158,1.280109489051095,False,-1,WEAK,BULLISH,0.003970000000000029,NO_DISPLACEMENT
6884,2026-04-14 01:00:00+00:00,M15:BUY_SIDE:6876,BUY_SIDE,M15,1.17629,0.00019999999999997797,1.4111026151858366,0.47992351816443596,True,1,CONFIRMED,NEUTRAL,0.00020000000000020002,NO_DISPLACEMENT
6889,2026-04-14 02:15:00+00:00,M15:BUY_SIDE:6871,BUY_SIDE,M15,1.17654,1.0000000000065512e-05,0.6063878705066177,0.24952198852772467,True,1,CONFIRMED,BULLISH,0.0006199999999998429,NO_DISPLACEMENT
6889,2026-04-14 02:15:00+00:00,M15:BUY_SIDE:6884,BUY_SIDE,M15,1.17649,5.999999999994898e-05,0.6063878705066177,0.24952198852772467,True,1,CONFIRMED,BULLISH,0.0006199999999998429,NO_DISPLACEMENT
6899,2026-04-14 04:45:00+00:00,M15:SELL_SIDE:6892,SELL_SIDE,M15,1.17605,0.0001500000000000945,1.0111748958693738,0.5966386554621849,False,-1,WEAK,NEUTRAL,-0.0004799999999998139,NO_DISPLACEMENT
6900,2026-04-14 05:00:00+00:00,M15:SELL_SIDE:6887,SELL_SIDE,M15,1.17584,1.999999999990898e-05,0.8522243989911269,0.7070217917675545,True,2,CONFIRMED,NEUTRAL,-0.000520000000000076,NO_DISPLACEMENT
6907,2026-04-14 06:45:00+00:00,M15:BUY_SIDE:6893,BUY_SIDE,M15,1.17679,1.999999999990898e-05,1.0392330934035083,0.5970149253731343,True,1,CONFIRMED,BEARISH,0.00024000000000001798,NO_DISPLACEMENT
6916,2026-04-14 09:00:00+00:00,M15:BUY_SIDE:6911,BUY_SIDE,M15,1.17698,0.0001100000000000545,2.1263121713399653,2.086851628468034,True,1,CONFIRMED,BULLISH,-0.0002500000000000835,NO_DISPLACEMENT
6917,2026-04-14 09:15:00+00:00,M15:SELL_SIDE:6914,SELL_SIDE,M15,1.17594,0.0001500000000000945,1.1887583193880715,1.8986731001206272,True,1,CONFIRMED,BULLISH,-0.0004199999999998649,NO_DISPLACEMENT
6919,2026-04-14 09:45:00+00:00,M15:BUY_SIDE:6916,BUY_SIDE,M15,1.17709,0.0007300000000001194,2.049722271111429,3.010856453558504,False,-1,WEAK,NEUTRAL,0.0010200000000000209,NO_DISPLACEMENT
6920,2026-04-14 10:00:00+00:00,M15:BUY_SIDE:3936,BUY_SIDE,M15,1.17957,8.999999999992347e-05,2.978921016745537,5.840772014475271,True,1,CONFIRMED,NEUTRAL,0.0018400000000000638,NO_DISPLACEMENT
6932,2026-04-14 13:00:00+00:00,M15:BUY_SIDE:6920,BUY_SIDE,M15,1.17966,0.00021000000000004349,1.6207346268987297,1.9955947136563876,False,1,CONFIRMED,BULLISH,0.0010399999999999299,NO_DISPLACEMENT
6936,2026-04-14 14:00:00+00:00,M15:BUY_SIDE:6932,BUY_SIDE,M15,1.17987,0.00017000000000000348,0.8491862769068811,1.6997055937193326,False,-1,WEAK,BULLISH,0.0015800000000001369,NO_DISPLACEMENT
6944,2026-04-14 16:00:00+00:00,M15:BUY_SIDE:6939,BUY_SIDE,M15,1.18061,0.0001500000000000945,0.850232094588906,1.9792592592592593,True,1,CONFIRMED,BULLISH,0.001180000000000181,NO_DISPLACEMENT
6950,2026-04-14 17:30:00+00:00,M15:BUY_SIDE:6944,BUY_SIDE,M15,1.18076,5.999999999994898e-05,0.9822778928710906,1.602602010644589,True,2,CONFIRMED,BULLISH,0.0010200000000000209,NO_DISPLACEMENT
6954,2026-04-14 18:30:00+00:00,M15:SELL_SIDE:6940,SELL_SIDE,M15,1.17919,1.0000000000065512e-05,1.3004917583301558,1.5446086480569239,True,2,CONFIRMED,BULLISH,-0.0013100000000001444,NO_DISPLACEMENT
6954,2026-04-14 18:30:00+00:00,M15:SELL_SIDE:6946,SELL_SIDE,M15,1.17929,0.0001100000000000545,1.3004917583301558,1.5446086480569239,False,3,CONFIRMED,BULLISH,-0.0013100000000001444,NO_DISPLACEMENT
6961,2026-04-14 20:15:00+00:00,M15:BUY_SIDE:6958,BUY_SIDE,M15,1.1797,0.00024000000000001798,0.7463557086553047,0.7178936055883933,False,2,CONFIRMED,BEARISH,-0.001140000000000141,NO_DISPLACEMENT
6967,2026-04-14 21:45:00+00:00,M15:SELL_SIDE:6960,SELL_SIDE,M15,1.17906,9.999999999998899e-05,0.8363061318683097,0.523374529822676,True,1,CONFIRMED,BULLISH,-0.00024999999999986144,NO_DISPLACEMENT
6975,2026-04-14 23:45:00+00:00,M15:BUY_SIDE:6968,BUY_SIDE,M15,1.17953,5.999999999994898e-05,0.5752039919785052,0.4408866995073892,True,1,CONFIRMED,BEARISH,0.00020999999999982144,NO_DISPLACEMENT
6977,2026-04-15 00:15:00+00:00,M15:SELL_SIDE:6967,SELL_SIDE,M15,1.17896,0.00012999999999996348,1.362590475055432,0.13131313131313133,False,1,CONFIRMED,BEARISH,-0.0003300000000001635,NO_DISPLACEMENT
6981,2026-04-15 01:15:00+00:00,M15:BUY_SIDE:6976,BUY_SIDE,M15,1.17962,0.00031000000000003247,1.097209675915776,0.398166339227243,True,1,CONFIRMED,NEUTRAL,0.00038000000000004697,NO_DISPLACEMENT
6986,2026-04-15 02:30:00+00:00,M15:BUY_SIDE:6961,BUY_SIDE,M15,1.17994,0.000220000000000109,1.3718301434150622,0.9413556740289414,False,1,CONFIRMED,BULLISH,0.0005999999999999339,NO_DISPLACEMENT
6988,2026-04-15 03:00:00+00:00,M15:SELL_SIDE:6983,SELL_SIDE,M15,1.17931,0.0001500000000000945,1.6501054416070193,1.3059006211180124,False,1,CONFIRMED,BULLISH,0.00019999999999997797,NO_DISPLACEMENT
6996,2026-04-15 05:00:00+00:00,M15:SELL_SIDE:6955,SELL_SIDE,M15,1.17866,0.00012999999999996348,1.2165259228254757,0.88800792864222,False,-1,WEAK,BEARISH,-0.0013399999999998968,NO_DISPLACEMENT
6996,2026-04-15 05:00:00+00:00,M15:SELL_SIDE:6977,SELL_SIDE,M15,1.17883,0.00029999999999996696,1.2165259228254757,0.88800792864222,False,-1,WEAK,BEARISH,-0.0013399999999998968,NO_DISPLACEMENT
6996,2026-04-15 05:00:00+00:00,M15:SELL_SIDE:6990,SELL_SIDE,M15,1.17886,0.00032999999999994145,1.2165259228254757,0.88800792864222,False,-1,WEAK,BEARISH,-0.0013399999999998968,NO_DISPLACEMENT
6997,2026-04-15 05:15:00+00:00,M15:SELL_SIDE:6930,SELL_SIDE,M15,1.17815,2.999999999997449e-05,1.25747356168054,0.9970149253731343,True,1,CONFIRMED,BEARISH,-0.0015800000000001369,NO_DISPLACEMENT
7009,2026-04-15 08:15:00+00:00,M15:BUY_SIDE:6992,BUY_SIDE,M15,1.17968,0.00014999999999987246,1.682742101769119,1.5881627620221948,True,1,CONFIRMED,BEARISH,0.0009199999999998099,NO_DISPLACEMENT
7012,2026-04-15 09:00:00+00:00,M15:BUY_SIDE:7009,BUY_SIDE,M15,1.17983,9.000000000014552e-05,1.7240718678136753,1.9161528976572133,True,1,CONFIRMED,NEUTRAL,0.0006399999999999739,NO_DISPLACEMENT
7024,2026-04-15 12:00:00+00:00,M15:SELL_SIDE:6925,SELL_SIDE,M15,1.17749,7.00000000000145e-05,2.856430900660499,4.232835820895523,True,1,CONFIRMED,NEUTRAL,-0.00046999999999997044,NO_DISPLACEMENT
7024,2026-04-15 12:00:00+00:00,M15:SELL_SIDE:6998,SELL_SIDE,M15,1.17782,0.000400000000000178,2.856430900660499,4.232835820895523,True,1,CONFIRMED,NEUTRAL,-0.00046999999999997044,NO_DISPLACEMENT
7024,2026-04-15 12:00:00+00:00,M15:SELL_SIDE:7017,SELL_SIDE,M15,1.17823,0.0008100000000001994,2.856430900660499,4.232835820895523,False,1,CONFIRMED,NEUTRAL,-0.00046999999999997044,NO_DISPLACEMENT
7029,2026-04-15 13:15:00+00:00,M15:SELL_SIDE:7024,SELL_SIDE,M15,1.17742,0.00015999999999993797,1.8715204968073829,2.796551724137931,True,1,CONFIRMED,BEARISH,-0.0010099999999999554,NO_DISPLACEMENT
7038,2026-04-15 15:30:00+00:00,M15:BUY_SIDE:7028,BUY_SIDE,M15,1.17865,0.00015999999999993797,1.2674745029423296,1.1629104958145524,True,-1,CONFIRMED,NEUTRAL,-0.00041000000000002146,NO_DISPLACEMENT
7041,2026-04-15 16:15:00+00:00,M15:BUY_SIDE:7021,BUY_SIDE,M15,1.17953,0.000140000000000029,1.367162449397955,1.2789115646258504,False,1,CONFIRMED,NEUTRAL,0.0019299999999999873,NO_DISPLACEMENT
7045,2026-04-15 17:15:00+00:00,M15:BUY_SIDE:7012,BUY_SIDE,M15,1.17992,9.999999999843467e-06,1.107555661194332,1.6365809922295278,True,1,CONFIRMED,BULLISH,0.0016099999999998893,NO_DISPLACEMENT
7045,2026-04-15 17:15:00+00:00,M15:BUY_SIDE:7042,BUY_SIDE,M15,1.17974,0.00018999999999991246,1.107555661194332,1.6365809922295278,False,1,CONFIRMED,BULLISH,0.0016099999999998893,NO_DISPLACEMENT
7048,2026-04-15 18:00:00+00:00,M15:BUY_SIDE:6987,BUY_SIDE,M15,1.18017,8.000000000008001e-05,1.0767332795475781,1.9068684516880092,True,2,CONFIRMED,BULLISH,0.0020599999999999508,NO_DISPLACEMENT
7058,2026-04-15 20:30:00+00:00,M15:SELL_SIDE:7054,SELL_SIDE,M15,1.17962,0.00028999999999990145,0.9437144646882254,0.945514584479912,False,2,CONFIRMED,BULLISH,-0.0006500000000000394,NO_DISPLACEMENT
7064,2026-04-15 22:00:00+00:00,M15:BUY_SIDE:7061,BUY_SIDE,M15,1.18018,0.00028999999999990145,1.0226542246440171,0.7390124796527401,True,1,CONFIRMED,BEARISH,-0.00014999999999987246,NO_DISPLACEMENT
7074,2026-04-16 00:30:00+00:00,M15:BUY_SIDE:7071,BUY_SIDE,M15,1.18007,0.00017000000000000348,1.0990924791907442,0.16954824316787506,False,1,CONFIRMED,NEUTRAL,0.00015999999999993797,NO_DISPLACEMENT
7080,2026-04-16 02:00:00+00:00,M15:BUY_SIDE:7076,BUY_SIDE,M15,1.18031,0.000140000000000029,0.7956985533900852,0.3685446009389671,False,-1,WEAK,BULLISH,0.0006500000000000394,NO_DISPLACEMENT
7082,2026-04-16 02:30:00+00:00,M15:BUY_SIDE:7064,BUY_SIDE,M15,1.18047,0.00021000000000004349,0.9813921042719334,0.2638888888888889,False,2,CONFIRMED,BULLISH,0.0009099999999999664,NO_DISPLACEMENT
7084,2026-04-16 03:00:00+00:00,M15:BUY_SIDE:7049,BUY_SIDE,M15,1.18079,4.999999999988347e-05,1.4748175156387147,0.6916850625459897,True,1,CONFIRMED,BULLISH,0.0002500000000000835,NO_DISPLACEMENT
7088,2026-04-16 04:00:00+00:00,M15:BUY_SIDE:7084,BUY_SIDE,M15,1.18084,9.000000000014552e-05,0.8980782701951945,0.8326105810928014,True,1,CONFIRMED,BULLISH,0.0005800000000000249,NO_DISPLACEMENT
7090,2026-04-16 04:30:00+00:00,M15:SELL_SIDE:7084,SELL_SIDE,M15,1.18025,0.0006200000000000649,2.2439307191489593,1.0569744597249509,False,3,CONFIRMED,NEUTRAL,-0.00031000000000003247,NO_DISPLACEMENT
7094,2026-04-16 05:30:00+00:00,H4:BUY_SIDE:568,BUY_SIDE,H4,1.1811,0.0006399999999999739,2.8361530979091647,1.7401574803149606,False,-1,WEAK,NEUTRAL,0.0012799999999999478,NO_DISPLACEMENT
7094,2026-04-16 05:30:00+00:00,M15:BUY_SIDE:7088,BUY_SIDE,M15,1.18093,0.0008099999999999774,2.8361530979091647,1.7401574803149606,False,-1,WEAK,NEUTRAL,0.0012799999999999478,NO_DISPLACEMENT
7109,2026-04-16 09:15:00+00:00,M15:SELL_SIDE:7068,SELL_SIDE,M15,1.17947,5.0000000000105516e-05,1.5395498846791091,1.7833125778331258,True,1,CONFIRMED,NEUTRAL,-0.0015299999999998093,NO_DISPLACEMENT
7109,2026-04-16 09:15:00+00:00,M15:SELL_SIDE:7090,SELL_SIDE,M15,1.17963,0.00021000000000004349,1.5395498846791091,1.7833125778331258,True,1,CONFIRMED,NEUTRAL,-0.0015299999999998093,NO_DISPLACEMENT
7114,2026-04-16 10:30:00+00:00,M15:SELL_SIDE:7110,SELL_SIDE,M15,1.17932,5.999999999994898e-05,1.0235370116476652,2.0423412204234124,True,-1,CONFIRMED,BEARISH,-0.0011499999999999844,NO_DISPLACEMENT
7115,2026-04-16 10:45:00+00:00,M15:SELL_SIDE:7059,SELL_SIDE,M15,1.17919,0.00017000000000000348,1.0879533298816864,2.1170610211706102,False,-1,WEAK,BEARISH,-0.0012499999999999734,NO_DISPLACEMENT
7116,2026-04-16 11:00:00+00:00,M15:SELL_SIDE:7043,SELL_SIDE,M15,1.17835,5.0000000000105516e-05,1.8066856830400533,2.5529265255292652,True,3,CONFIRMED,BEARISH,-0.0019499999999998963,NO_DISPLACEMENT
7124,2026-04-16 13:00:00+00:00,M15:SELL_SIDE:7117,SELL_SIDE,M15,1.17751,7.00000000000145e-05,0.9233300373439646,1.855907780979827,True,2,CONFIRMED,BEARISH,-0.0016499999999999293,NO_DISPLACEMENT
7125,2026-04-16 13:15:00+00:00,M15:SELL_SIDE:7035,SELL_SIDE,M15,1.17729,8.999999999992347e-05,1.2438453704891153,1.0335195530726258,False,1,CONFIRMED,BEARISH,-0.0018700000000000383,NO_DISPLACEMENT
7129,2026-04-16 14:15:00+00:00,M15:BUY_SIDE:7119,BUY_SIDE,M15,1.17883,2.999999999997449e-05,0.8601442552145904,1.1923397169025811,True,1,CONFIRMED,BEARISH,-4.0000000000040004e-05,NO_DISPLACEMENT
7138,2026-04-16 16:30:00+00:00,M15:SELL_SIDE:7133,SELL_SIDE,M15,1.17757,0.00011999999999989797,1.0889635945448861,1.897165458141068,True,2,CONFIRMED,NEUTRAL,-0.0008200000000000429,NO_DISPLACEMENT
7139,2026-04-16 16:45:00+00:00,H4:SELL_SIDE:573,SELL_SIDE,H4,1.17715,0.0004899999999998794,1.9580812926110522,2.709137709137709,True,1,CONFIRMED,NEUTRAL,-0.0013900000000000023,NO_DISPLACEMENT
7147,2026-04-16 18:45:00+00:00,M15:BUY_SIDE:7143,BUY_SIDE,M15,1.1782,1.0000000000065512e-05,0.8398609349138157,1.7198813056379822,False,2,CONFIRMED,NEUTRAL,0.00010999999999983245,NO_DISPLACEMENT
7148,2026-04-16 19:00:00+00:00,M15:BUY_SIDE:7135,BUY_SIDE,M15,1.17845,8.999999999992347e-05,0.8752712242270437,1.1805555555555556,False,1,CONFIRMED,NEUTRAL,0.0007599999999998719,NO_DISPLACEMENT
7150,2026-04-16 19:30:00+00:00,M15:SELL_SIDE:7143,SELL_SIDE,M15,1.17683,2.0000000000131024e-05,1.69029268016762,1.8440523619806488,True,1,CONFIRMED,NEUTRAL,-0.00023999999999979593,NO_DISPLACEMENT
7160,2026-04-16 22:00:00+00:00,M15:BUY_SIDE:7156,BUY_SIDE,M15,1.17809,0.00019999999999997797,0.5815650012614397,0.5092213114754098,False,-1,WEAK,BEARISH,0.0006499999999998174,NO_DISPLACEMENT
7168,2026-04-17 00:00:00+00:00,M15:SELL_SIDE:7165,SELL_SIDE,M15,1.1778,0.0008299999999998864,1.8567645776461432,0.1092896174863388,True,1,CONFIRMED,NEUTRAL,0.00022999999999995246,NO_DISPLACEMENT
7172,2026-04-17 01:00:00+00:00,M15:BUY_SIDE:7162,BUY_SIDE,M15,1.17857,0.000140000000000029,1.4357606018256288,0.5505269683818971,False,2,CONFIRMED,BEARISH,0.0003500000000000725,NO_DISPLACEMENT
7172,2026-04-17 01:00:00+00:00,M15:BUY_SIDE:7166,BUY_SIDE,M15,1.17831,0.00039999999999995595,1.4357606018256288,0.5505269683818971,False,-1,WEAK,BEARISH,0.0003500000000000725,NO_DISPLACEMENT
7179,2026-04-17 02:45:00+00:00,M15:SELL_SIDE:7176,SELL_SIDE,M15,1.17827,0.00032999999999994145,1.0201744340666774,0.33442194644023515,False,-1,WEAK,NEUTRAL,5.0000000000105516e-05,NO_DISPLACEMENT
7180,2026-04-17 03:00:00+00:00,M15:SELL_SIDE:7171,SELL_SIDE,M15,1.17775,0.00012000000000012001,1.132885993411459,0.7834912043301759,True,1,CONFIRMED,NEUTRAL,-0.00018999999999991246,NO_DISPLACEMENT
7184,2026-04-17 04:00:00+00:00,M15:SELL_SIDE:7180,SELL_SIDE,M15,1.17763,0.00021999999999988695,1.3273907525349622,1.2916314454775992,True,2,CONFIRMED,BEARISH,-0.0008300000000001084,NO_DISPLACEMENT
7188,2026-04-17 05:00:00+00:00,M15:SELL_SIDE:7184,SELL_SIDE,M15,1.17741,0.00017000000000000348,0.9852458651473327,0.6593406593406593,False,1,CONFIRMED,BEARISH,-0.0009600000000000719,NO_DISPLACEMENT
7195,2026-04-17 06:45:00+00:00,M15:BUY_SIDE:7182,BUY_SIDE,M15,1.1783,0.000220000000000109,1.2585913362168226,0.7232558139534884,False,2,CONFIRMED,BEARISH,0.0007900000000000684,NO_DISPLACEMENT
7204,2026-04-17 09:00:00+00:00,M15:SELL_SIDE:7200,SELL_SIDE,M15,1.17798,0.00029999999999996696,1.6327106462442653,2.0626702997275204,False,-1,WEAK,NEUTRAL,-0.00021000000000004349,NO_DISPLACEMENT
7206,2026-04-17 09:30:00+00:00,M15:SELL_SIDE:7188,SELL_SIDE,M15,1.17724,8.000000000008001e-05,1.0790323710787295,2.1771117166212535,True,1,CONFIRMED,NEUTRAL,-0.0010399999999999299,NO_DISPLACEMENT
7214,2026-04-17 11:30:00+00:00,M15:BUY_SIDE:7129,BUY_SIDE,M15,1.17886,0.00026999999999999247,2.0504579307597464,2.8392370572207084,False,-1,WEAK,BEARISH,0.0012799999999999478,NO_DISPLACEMENT
7214,2026-04-17 11:30:00+00:00,M15:BUY_SIDE:7149,BUY_SIDE,M15,1.17871,0.00042000000000008697,2.0504579307597464,2.8392370572207084,False,-1,WEAK,BEARISH,0.0012799999999999478,NO_DISPLACEMENT
7214,2026-04-17 11:30:00+00:00,M15:BUY_SIDE:7177,BUY_SIDE,M15,1.17862,0.0005100000000000104,2.0504579307597464,2.8392370572207084,False,-1,WEAK,BEARISH,0.0012799999999999478,NO_DISPLACEMENT
7214,2026-04-17 11:30:00+00:00,M15:BUY_SIDE:7195,BUY_SIDE,M15,1.17852,0.0006099999999999994,2.0504579307597464,2.8392370572207084,False,-1,WEAK,BEARISH,0.0012799999999999478,NO_DISPLACEMENT
7214,2026-04-17 11:30:00+00:00,M15:BUY_SIDE:7201,BUY_SIDE,M15,1.17844,0.0006900000000000794,2.0504579307597464,2.8392370572207084,False,-1,WEAK,BEARISH,0.0012799999999999478,NO_DISPLACEMENT
7228,2026-04-17 15:00:00+00:00,M15:BUY_SIDE:7217,BUY_SIDE,M15,1.17993,0.00012000000000012001,1.4154420369732559,1.6749358426005132,True,-1,CONFIRMED,BULLISH,0.00045000000000006146,NO_DISPLACEMENT
7229,2026-04-17 15:15:00+00:00,M15:BUY_SIDE:7111,BUY_SIDE,M15,1.18054,0.000360000000000138,2.2106834280253236,2.3490725126475547,True,-1,CONFIRMED,BULLISH,0.0011799999999999589,NO_DISPLACEMENT
7231,2026-04-17 15:45:00+00:00,H4:BUY_SIDE:348,BUY_SIDE,H4,1.18346,0.0002900000000001235,4.142005955417562,6.69935691318328,False,2,CONFIRMED,BULLISH,0.004090000000000149,NO_DISPLACEMENT
7231,2026-04-17 15:45:00+00:00,H4:BUY_SIDE:366,BUY_SIDE,H4,1.18289,0.0008600000000000829,4.142005955417562,6.69935691318328,False,-1,WEAK,BULLISH,0.004090000000000149,NO_DISPLACEMENT
7231,2026-04-17 15:45:00+00:00,H4:BUY_SIDE:376,BUY_SIDE,H4,1.18269,0.001060000000000061,4.142005955417562,6.69935691318328,False,-1,WEAK,BULLISH,0.004090000000000149,NO_DISPLACEMENT
7231,2026-04-17 15:45:00+00:00,H4:BUY_SIDE:577,BUY_SIDE,H4,1.18238,0.0013700000000000934,4.142005955417562,6.69935691318328,False,-1,WEAK,BULLISH,0.004090000000000149,NO_DISPLACEMENT
7231,2026-04-17 15:45:00+00:00,M15:BUY_SIDE:3489,BUY_SIDE,M15,1.18337,0.00038000000000004697,4.142005955417562,6.69935691318328,False,-1,WEAK,BULLISH,0.004090000000000149,NO_DISPLACEMENT
7231,2026-04-17 15:45:00+00:00,M15:BUY_SIDE:3909,BUY_SIDE,M15,1.18258,0.0011700000000001154,4.142005955417562,6.69935691318328,False,-1,WEAK,BULLISH,0.004090000000000149,NO_DISPLACEMENT
7232,2026-04-17 16:00:00+00:00,H4:BUY_SIDE:333,BUY_SIDE,H4,1.18485,5.0000000000105516e-05,2.2762438104780465,5.107033639143731,True,1,CONFIRMED,BULLISH,0.005360000000000031,NO_DISPLACEMENT
7244,2026-04-17 19:00:00+00:00,M15:SELL_SIDE:7227,SELL_SIDE,M15,1.17917,8.000000000008001e-05,0.9031976192177814,2.014860681114551,True,1,CONFIRMED,BULLISH,-0.003610000000000113,NO_DISPLACEMENT
7248,2026-04-17 20:00:00+00:00,M15:SELL_SIDE:7219,SELL_SIDE,M15,1.17902,0.0005500000000000504,1.417520444827746,1.9329017068864038,False,3,CONFIRMED,NEUTRAL,-0.0036000000000000476,NO_DISPLACEMENT
7248,2026-04-17 20:00:00+00:00,M15:SELL_SIDE:7244,SELL_SIDE,M15,1.17909,0.0006200000000000649,1.417520444827746,1.9329017068864038,False,3,CONFIRMED,NEUTRAL,-0.0036000000000000476,NO_DISPLACEMENT
7254,2026-04-17 21:30:00+00:00,M15:SELL_SIDE:7248,SELL_SIDE,M15,1.17847,0.00010999999999983245,1.0914415366632373,1.109278350515464,True,-1,CONFIRMED,NEUTRAL,-0.0012699999999998823,NO_DISPLACEMENT
7258,2026-04-17 22:30:00+00:00,M15:SELL_SIDE:7168,SELL_SIDE,M15,1.17697,0.0001500000000000945,0.8948140925109425,0.7891781521184278,True,2,CONFIRMED,BEARISH,-0.0018799999999998818,NO_DISPLACEMENT
7258,2026-04-17 22:30:00+00:00,M15:SELL_SIDE:7206,SELL_SIDE,M15,1.17716,0.00034000000000000696,0.8948140925109425,0.7891781521184278,False,-1,WEAK,BEARISH,-0.0018799999999998818,NO_DISPLACEMENT
7258,2026-04-17 22:30:00+00:00,M15:SELL_SIDE:7255,SELL_SIDE,M15,1.17738,0.000560000000000116,0.8948140925109425,0.7891781521184278,False,-1,WEAK,BEARISH,-0.0018799999999998818,NO_DISPLACEMENT
7259,2026-04-17 22:45:00+00:00,H4:SELL_SIDE:580,SELL_SIDE,H4,1.17666,2.0000000000131024e-05,0.6070782877602039,0.742215416028586,True,1,CONFIRMED,BEARISH,-0.0020000000000000018,NO_DISPLACEMENT
7259,2026-04-17 22:45:00+00:00,M15:SELL_SIDE:7152,SELL_SIDE,M15,1.17675,0.0001100000000000545,0.6070782877602039,0.742215416028586,True,1,CONFIRMED,BEARISH,-0.0020000000000000018,NO_DISPLACEMENT
7264,2026-04-20 00:00:00+00:00,M15:SELL_SIDE:6880,SELL_SIDE,M15,1.17531,0.0019500000000001183,0.8936039721817904,0.3474226804123711,False,-1,WEAK,BEARISH,-0.0048200000000000465,NO_DISPLACEMENT
7264,2026-04-20 00:00:00+00:00,M15:SELL_SIDE:6883,SELL_SIDE,M15,1.17534,0.001980000000000093,0.8936039721817904,0.3474226804123711,False,-1,WEAK,BEARISH,-0.0048200000000000465,NO_DISPLACEMENT
7264,2026-04-20 00:00:00+00:00,M15:SELL_SIDE:6902,SELL_SIDE,M15,1.17559,0.0022299999999999542,0.8936039721817904,0.3474226804123711,False,-1,WEAK,BEARISH,-0.0048200000000000465,NO_DISPLACEMENT
7264,2026-04-20 00:00:00+00:00,M15:SELL_SIDE:6917,SELL_SIDE,M15,1.17579,0.002429999999999932,0.8936039721817904,0.3474226804123711,False,-1,WEAK,BEARISH,-0.0048200000000000465,NO_DISPLACEMENT
7276,2026-04-20 03:00:00+00:00,M15:BUY_SIDE:7273,BUY_SIDE,M15,1.17454,0.0005500000000000504,1.7377909797872881,1.2618683001531394,False,-1,WEAK,BEARISH,0.0017599999999999838,NO_DISPLACEMENT
7282,2026-04-20 04:30:00+00:00,M15:BUY_SIDE:7279,BUY_SIDE,M15,1.17569,0.000260000000000149,1.1549014577819456,0.776986301369863,False,1,CONFIRMED,BULLISH,0.0013399999999998968,NO_DISPLACEMENT
7290,2026-04-20 06:30:00+00:00,M15:BUY_SIDE:7286,BUY_SIDE,M15,1.17616,8.999999999992347e-05,0.7454209064599687,0.7883414295628036,True,1,CONFIRMED,BULLISH,0.0007500000000000284,NO_DISPLACEMENT
7297,2026-04-20 08:15:00+00:00,M15:SELL_SIDE:7287,SELL_SIDE,M15,1.17535,9.999999999843467e-06,1.0403237219702524,0.9396195202646815,True,-1,CONFIRMED,NEUTRAL,-0.000260000000000149,NO_DISPLACEMENT
7297,2026-04-20 08:15:00+00:00,M15:SELL_SIDE:7294,SELL_SIDE,M15,1.1755,0.00015999999999993797,1.0403237219702524,0.9396195202646815,False,-1,WEAK,NEUTRAL,-0.000260000000000149,NO_DISPLACEMENT
7298,2026-04-20 08:30:00+00:00,M15:SELL_SIDE:7281,SELL_SIDE,M15,1.17506,0.00035999999999991594,1.4411605951381914,1.336641852770885,False,1,CONFIRMED,NEUTRAL,-0.0009099999999999664,NO_DISPLACEMENT
7301,2026-04-20 09:15:00+00:00,M15:SELL_SIDE:7298,SELL_SIDE,M15,1.1747,5.0000000000105516e-05,0.8781732809148189,1.6906534325889164,True,1,CONFIRMED,BEARISH,-0.0009699999999999154,NO_DISPLACEMENT
7302,2026-04-20 09:30:00+00:00,M15:BUY_SIDE:7295,BUY_SIDE,M15,1.1761,0.000140000000000029,2.1031741066315544,2.220016542597188,False,-1,WEAK,BEARISH,0.0001900000000001345,NO_DISPLACEMENT
7303,2026-04-20 09:45:00+00:00,M15:BUY_SIDE:7290,BUY_SIDE,M15,1.17625,0.00031000000000003247,1.3779536958402017,2.5641025641025643,False,3,CONFIRMED,BEARISH,0.0006699999999999484,NO_DISPLACEMENT
7315,2026-04-20 12:45:00+00:00,M15:BUY_SIDE:7312,BUY_SIDE,M15,1.17648,8.999999999992347e-05,0.9326902981866488,1.311614730878187,False,2,CONFIRMED,NEUTRAL,-0.00010999999999983245,NO_DISPLACEMENT
7319,2026-04-20 13:45:00+00:00,M15:BUY_SIDE:7316,BUY_SIDE,M15,1.17693,0.00018999999999991246,1.092564636900583,1.4364019676739284,False,-1,WEAK,BULLISH,0.0009099999999999664,NO_DISPLACEMENT
7320,2026-04-20 14:00:00+00:00,M15:BUY_SIDE:7305,BUY_SIDE,M15,1.17718,0.0001100000000000545,0.8339021952162359,1.8046380885453268,False,2,CONFIRMED,BULLISH,0.0010900000000000354,NO_DISPLACEMENT
7324,2026-04-20 15:00:00+00:00,M15:SELL_SIDE:7313,SELL_SIDE,M15,1.17549,4.999999999988347e-05,1.9771824349143512,1.8242677824267783,True,1,CONFIRMED,BULLISH,-0.00045000000000006146,NO_DISPLACEMENT
7330,2026-04-20 16:30:00+00:00,M15:BUY_SIDE:7323,BUY_SIDE,M15,1.17754,0.0005800000000000249,1.4947943698686108,1.9286100594916171,False,1,CONFIRMED,NEUTRAL,0.0008299999999998864,NO_DISPLACEMENT
7335,2026-04-20 17:45:00+00:00,M15:SELL_SIDE:7332,SELL_SIDE,M15,1.1766,0.0003900000000001125,1.969861017058198,2.710371819960861,True,1,CONFIRMED,BULLISH,0.0014400000000001079,NO_DISPLACEMENT
7337,2026-04-20 18:15:00+00:00,M15:BUY_SIDE:7331,BUY_SIDE,M15,1.17815,0.000520000000000076,1.7347154650226237,2.5145588874402436,False,-1,WEAK,NEUTRAL,0.0020099999999998452,NO_DISPLACEMENT
7344,2026-04-20 20:00:00+00:00,M15:BUY_SIDE:7338,BUY_SIDE,M15,1.17894,7.999999999985796e-05,0.7850238032402328,0.914867617107943,True,1,CONFIRMED,NEUTRAL,0.0010300000000000864,NO_DISPLACEMENT
7344,2026-04-20 20:00:00+00:00,M15:BUY_SIDE:7341,BUY_SIDE,M15,1.1788,0.00021999999999988695,0.7850238032402328,0.914867617107943,True,1,CONFIRMED,NEUTRAL,0.0010300000000000864,NO_DISPLACEMENT
7346,2026-04-20 20:30:00+00:00,M15:SELL_SIDE:7342,SELL_SIDE,M15,1.17809,4.0000000000040004e-05,0.7926074054920698,0.8374745417515275,True,1,CONFIRMED,BULLISH,0.0009299999999998754,NO_DISPLACEMENT
7350,2026-04-20 21:30:00+00:00,M15:SELL_SIDE:7346,SELL_SIDE,M15,1.17805,5.999999999994898e-05,0.8734684127072562,0.7568228105906314,True,2,CONFIRMED,NEUTRAL,-0.00038000000000004697,NO_DISPLACEMENT
7364,2026-04-21 01:00:00+00:00,M15:BUY_SIDE:7354,BUY_SIDE,M15,1.17887,2.999999999997449e-05,0.7684279994781733,0.36269963936115407,True,1,CONFIRMED,NEUTRAL,-7.00000000000145e-05,NO_DISPLACEMENT
7364,2026-04-21 01:00:00+00:00,M15:BUY_SIDE:7359,BUY_SIDE,M15,1.1788,9.999999999998899e-05,0.7684279994781733,0.36269963936115407,True,1,CONFIRMED,NEUTRAL,-7.00000000000145e-05,NO_DISPLACEMENT
7367,2026-04-21 01:45:00+00:00,M15:BUY_SIDE:7344,BUY_SIDE,M15,1.17902,1.0000000000065512e-05,0.8841229784698302,0.48016486347243686,True,1,CONFIRMED,BULLISH,0.0004300000000001525,NO_DISPLACEMENT
7367,2026-04-21 01:45:00+00:00,M15:BUY_SIDE:7349,BUY_SIDE,M15,1.17896,7.00000000000145e-05,0.8841229784698302,0.48016486347243686,False,1,CONFIRMED,BULLISH,0.0004300000000001525,NO_DISPLACEMENT
7367,2026-04-21 01:45:00+00:00,M15:BUY_SIDE:7364,BUY_SIDE,M15,1.1789,0.00012999999999996348,0.8841229784698302,0.48016486347243686,False,1,CONFIRMED,BULLISH,0.0004300000000001525,NO_DISPLACEMENT
7372,2026-04-21 03:00:00+00:00,M15:SELL_SIDE:7360,SELL_SIDE,M15,1.17818,0.00015999999999993797,1.1065284490749356,0.7271745002701242,True,1,CONFIRMED,BULLISH,-0.0002700000000002145,NO_DISPLACEMENT
7379,2026-04-21 04:45:00+00:00,M15:SELL_SIDE:7372,SELL_SIDE,M15,1.17802,0.000140000000000029,1.1872200056251954,0.7676113360323886,True,1,CONFIRMED,BEARISH,-0.000460000000000127,NO_DISPLACEMENT
7381,2026-04-21 05:15:00+00:00,M15:SELL_SIDE:7351,SELL_SIDE,M15,1.17777,0.0001100000000000545,1.2668670734947383,0.7437185929648241,True,1,CONFIRMED,BEARISH,-0.00034000000000000696,NO_DISPLACEMENT
7396,2026-04-21 09:00:00+00:00,M15:SELL_SIDE:7386,SELL_SIDE,M15,1.17725,7.00000000000145e-05,2.039235349597533,2.6697782963827303,True,1,CONFIRMED,NEUTRAL,0.00031999999999987594,NO_DISPLACEMENT
7400,2026-04-21 10:00:00+00:00,M15:SELL_SIDE:7397,SELL_SIDE,M15,1.17712,4.0000000000040004e-05,1.3791765502539235,2.94049008168028,True,1,CONFIRMED,BEARISH,-0.00021999999999988695,NO_DISPLACEMENT
7403,2026-04-21 10:45:00+00:00,M15:SELL_SIDE:7335,SELL_SIDE,M15,1.17621,1.0000000000065512e-05,2.414841935998973,3.3442240373395564,True,2,CONFIRMED,BEARISH,-0.0016800000000001258,NO_DISPLACEMENT
7410,2026-04-21 12:30:00+00:00,M15:SELL_SIDE:7404,SELL_SIDE,M15,1.17562,5.0000000000105516e-05,0.8269891565666396,1.325531914893617,True,1,CONFIRMED,BEARISH,-0.0013600000000000279,NO_DISPLACEMENT
7416,2026-04-21 14:00:00+00:00,M15:SELL_SIDE:7410,SELL_SIDE,M15,1.17557,1.0000000000065512e-05,1.3341568136720077,1.7862468931234465,True,1,CONFIRMED,NEUTRAL,-0.0007299999999998974,NO_DISPLACEMENT
7416,2026-04-21 14:00:00+00:00,M15:BUY_SIDE:7411,BUY_SIDE,M15,1.17625,1.999999999990898e-05,1.3341568136720077,1.7862468931234465,True,-1,CONFIRMED,NEUTRAL,-0.0007299999999998974,NO_DISPLACEMENT
7416,2026-04-21 14:00:00+00:00,M15:SELL_SIDE:7413,SELL_SIDE,M15,1.1756,4.0000000000040004e-05,1.3341568136720077,1.7862468931234465,True,1,CONFIRMED,NEUTRAL,-0.0007299999999998974,NO_DISPLACEMENT
7418,2026-04-21 14:30:00+00:00,M15:BUY_SIDE:7406,BUY_SIDE,M15,1.17669,0.000140000000000029,0.8543318397660881,1.330757341576507,True,1,CONFIRMED,BEARISH,0.0005399999999999849,NO_DISPLACEMENT
7422,2026-04-21 15:30:00+00:00,M15:SELL_SIDE:7324,SELL_SIDE,M15,1.17544,5.0000000000105516e-05,1.6876042812387324,2.9637841832963785,True,1,CONFIRMED,NEUTRAL,-0.00013999999999980695,NO_DISPLACEMENT
7422,2026-04-21 15:30:00+00:00,M15:SELL_SIDE:7416,SELL_SIDE,M15,1.17556,0.00017000000000000348,1.6876042812387324,2.9637841832963785,True,1,CONFIRMED,NEUTRAL,-0.00013999999999980695,NO_DISPLACEMENT
7426,2026-04-21 16:30:00+00:00,M15:BUY_SIDE:7418,BUY_SIDE,M15,1.17683,0.00031999999999987594,1.0548278780327864,1.9972862957937585,True,1,CONFIRMED,NEUTRAL,0.0009099999999999664,NO_DISPLACEMENT
7430,2026-04-21 17:30:00+00:00,M15:BUY_SIDE:7426,BUY_SIDE,M15,1.17715,0.00043999999999999595,2.025862610100648,2.1155500921942223,False,1,CONFIRMED,NEUTRAL,0.00035999999999991594,NO_DISPLACEMENT
7431,2026-04-21 17:45:00+00:00,M15:SELL_SIDE:7307,SELL_SIDE,M15,1.17531,0.0002300000000001745,2.7832934006865853,2.8497041420118343,False,1,CONFIRMED,NEUTRAL,-0.0007999999999999119,NO_DISPLACEMENT
7431,2026-04-21 17:45:00+00:00,M15:SELL_SIDE:7422,SELL_SIDE,M15,1.17539,0.00031000000000003247,2.7832934006865853,2.8497041420118343,False,1,CONFIRMED,NEUTRAL,-0.0007999999999999119,NO_DISPLACEMENT
7433,2026-04-21 18:15:00+00:00,M15:SELL_SIDE:7301,SELL_SIDE,M15,1.17465,1.0000000000065512e-05,1.6462347344558257,2.6070806732443415,True,1,CONFIRMED,NEUTRAL,-0.0012199999999999989,NO_DISPLACEMENT
7439,2026-04-21 19:45:00+00:00,M15:SELL_SIDE:7434,SELL_SIDE,M15,1.17408,0.000140000000000029,0.7034761435030362,0.9455984174085065,True,3,CONFIRMED,BEARISH,-0.0023299999999999432,NO_DISPLACEMENT
7440,2026-04-21 20:00:00+00:00,H4:SELL_SIDE:588,SELL_SIDE,H4,1.17289,0.0006699999999999484,2.3740442679097566,2.33189448441247,False,1,CONFIRMED,BEARISH,-0.004629999999999912,NO_DISPLACEMENT
7440,2026-04-21 20:00:00+00:00,M15:SELL_SIDE:7275,SELL_SIDE,M15,1.17357,0.0013499999999999623,2.3740442679097566,2.33189448441247,False,2,CONFIRMED,BEARISH,-0.004629999999999912,NO_DISPLACEMENT
7442,2026-04-21 20:30:00+00:00,M15:BUY_SIDE:7436,BUY_SIDE,M15,1.17557,0.0007800000000000029,3.0701469721050496,2.487781954887218,False,1,CONFIRMED,BEARISH,7.00000000000145e-05,NO_DISPLACEMENT
7450,2026-04-21 22:30:00+00:00,M15:SELL_SIDE:7441,SELL_SIDE,M15,1.17199,0.00013000000000018552,2.5756596004615506,1.9604200323101777,True,1,CONFIRMED,NEUTRAL,-9.999999999998899e-05,NO_DISPLACEMENT
7450,2026-04-21 22:30:00+00:00,M15:SELL_SIDE:7445,SELL_SIDE,M15,1.17289,0.0010300000000000864,2.5756596004615506,1.9604200323101777,False,2,CONFIRMED,NEUTRAL,-9.999999999998899e-05,NO_DISPLACEMENT
7452,2026-04-21 23:00:00+00:00,M15:BUY_SIDE:7448,BUY_SIDE,M15,1.17523,9.999999999998899e-05,2.3028828680196867,1.7007194244604316,True,1,CONFIRMED,BEARISH,-0.0013900000000000023,NO_DISPLACEMENT
7483,2026-04-22 06:45:00+00:00,M15:SELL_SIDE:7472,SELL_SIDE,M15,1.1738,7.00000000000145e-05,0.5548843333048512,0.6583953680727874,True,1,CONFIRMED,NEUTRAL,-0.0003300000000001635,NO_DISPLACEMENT
7489,2026-04-22 08:15:00+00:00,M15:BUY_SIDE:7452,BUY_SIDE,M15,1.17533,0.0009200000000000319,3.445313319344778,4.1260683760683765,False,1,CONFIRMED,BEARISH,0.0016499999999999293,NO_DISPLACEMENT
7489,2026-04-22 08:15:00+00:00,M15:BUY_SIDE:7456,BUY_SIDE,M15,1.17516,0.0010900000000000354,3.445313319344778,4.1260683760683765,False,2,CONFIRMED,BEARISH,0.0016499999999999293,NO_DISPLACEMENT
7489,2026-04-22 08:15:00+00:00,M15:BUY_SIDE:7468,BUY_SIDE,M15,1.17513,0.0011200000000000099,3.445313319344778,4.1260683760683765,False,2,CONFIRMED,BEARISH,0.0016499999999999293,NO_DISPLACEMENT
7489,2026-04-22 08:15:00+00:00,M15:BUY_SIDE:7476,BUY_SIDE,M15,1.17483,0.0014199999999999768,3.445313319344778,4.1260683760683765,False,-1,WEAK,BEARISH,0.0016499999999999293,NO_DISPLACEMENT
7499,2026-04-22 10:45:00+00:00,M15:BUY_SIDE:7494,BUY_SIDE,M15,1.1755,0.00012999999999996348,1.2198507414329969,1.6132478632478633,False,2,CONFIRMED,NEUTRAL,-0.00017000000000000348,NO_DISPLACEMENT
7507,2026-04-22 12:45:00+00:00,M15:SELL_SIDE:7502,SELL_SIDE,M15,1.17467,0.000140000000000029,1.1612462672283732,1.381139489194499,True,2,CONFIRMED,NEUTRAL,-0.00011999999999989797,NO_DISPLACEMENT
7508,2026-04-22 13:00:00+00:00,M15:SELL_SIDE:7492,SELL_SIDE,M15,1.17439,0.0001100000000000545,1.2640647261863345,2.268199233716475,True,1,CONFIRMED,NEUTRAL,-0.0006900000000000794,NO_DISPLACEMENT
7508,2026-04-22 13:00:00+00:00,M15:SELL_SIDE:7497,SELL_SIDE,M15,1.17448,0.00019999999999997797,1.2640647261863345,2.268199233716475,True,1,CONFIRMED,NEUTRAL,-0.0006900000000000794,NO_DISPLACEMENT
7513,2026-04-22 14:15:00+00:00,M15:SELL_SIDE:7508,SELL_SIDE,M15,1.17428,7.00000000000145e-05,0.9988291899349961,1.3919474116680361,True,-1,CONFIRMED,BEARISH,-0.0009399999999999409,NO_DISPLACEMENT
7514,2026-04-22 14:30:00+00:00,M15:SELL_SIDE:7484,SELL_SIDE,M15,1.17372,2.0000000000131024e-05,1.3888339329171189,1.5868544600938967,True,-1,CONFIRMED,BEARISH,-0.0017500000000001403,NO_DISPLACEMENT
7515,2026-04-22 14:45:00+00:00,M15:SELL_SIDE:7457,SELL_SIDE,M15,1.17338,0.000220000000000109,1.4078340455957834,1.9278587874136608,True,-1,CONFIRMED,BEARISH,-0.0017199999999999438,NO_DISPLACEMENT
7515,2026-04-22 14:45:00+00:00,M15:SELL_SIDE:7464,SELL_SIDE,M15,1.17365,0.0004900000000001015,1.4078340455957834,1.9278587874136608,False,-1,WEAK,BEARISH,-0.0017199999999999438,NO_DISPLACEMENT
7527,2026-04-22 17:45:00+00:00,H4:SELL_SIDE:599,SELL_SIDE,H4,1.17186,0.00015999999999993797,1.714082166841016,2.2413793103448274,False,1,CONFIRMED,BEARISH,-0.0009200000000000319,NO_DISPLACEMENT
7527,2026-04-22 17:45:00+00:00,M15:SELL_SIDE:7520,SELL_SIDE,M15,1.17232,0.0006200000000000649,1.714082166841016,2.2413793103448274,False,-1,WEAK,BEARISH,-0.0009200000000000319,NO_DISPLACEMENT
7540,2026-04-22 21:00:00+00:00,M15:SELL_SIDE:7533,SELL_SIDE,M15,1.17094,0.0001100000000000545,0.686860831885496,0.5599571734475375,True,2,CONFIRMED,BEARISH,-0.00021000000000004349,NO_DISPLACEMENT
7544,2026-04-22 22:00:00+00:00,M15:SELL_SIDE:7541,SELL_SIDE,M15,1.17065,0.000140000000000029,0.7736615382073582,0.7656334964654704,True,1,CONFIRMED,BEARISH,-0.00041000000000002146,NO_DISPLACEMENT
7547,2026-04-22 22:45:00+00:00,M15:SELL_SIDE:7544,SELL_SIDE,M15,1.17051,0.00012999999999996348,0.6936313850491591,0.6612289287656336,True,1,CONFIRMED,BEARISH,-0.0009299999999998754,NO_DISPLACEMENT
7555,2026-04-23 00:45:00+00:00,M15:BUY_SIDE:7551,BUY_SIDE,M15,1.17077,7.00000000000145e-05,0.652377161631534,0.3173531397704254,False,1,CONFIRMED,NEUTRAL,-0.00024999999999986144,NO_DISPLACEMENT
7564,2026-04-23 03:00:00+00:00,M15:SELL_SIDE:6858,SELL_SIDE,M15,1.17014,0.00046999999999997044,2.767462774438385,1.6257575757575757,False,1,CONFIRMED,BULLISH,-0.0007800000000000029,NO_DISPLACEMENT
7564,2026-04-23 03:00:00+00:00,M15:SELL_SIDE:7548,SELL_SIDE,M15,1.1702,0.0005299999999999194,2.767462774438385,1.6257575757575757,False,1,CONFIRMED,BULLISH,-0.0007800000000000029,NO_DISPLACEMENT
7564,2026-04-23 03:00:00+00:00,M15:SELL_SIDE:7552,SELL_SIDE,M15,1.17028,0.0006099999999999994,2.767462774438385,1.6257575757575757,False,1,CONFIRMED,BULLISH,-0.0007800000000000029,NO_DISPLACEMENT
7564,2026-04-23 03:00:00+00:00,M15:SELL_SIDE:7560,SELL_SIDE,M15,1.17043,0.0007600000000000939,2.767462774438385,1.6257575757575757,False,1,CONFIRMED,BULLISH,-0.0007800000000000029,NO_DISPLACEMENT
7565,2026-04-23 03:15:00+00:00,M15:BUY_SIDE:7543,BUY_SIDE,M15,1.17121,7.999999999985796e-05,4.044324571439265,4.174242424242424,True,1,CONFIRMED,BULLISH,0.00026999999999999247,NO_DISPLACEMENT
7565,2026-04-23 03:15:00+00:00,M15:BUY_SIDE:7556,BUY_SIDE,M15,1.17088,0.00041000000000002146,4.044324571439265,4.174242424242424,False,-1,WEAK,BULLISH,0.00026999999999999247,NO_DISPLACEMENT
7572,2026-04-23 05:00:00+00:00,M15:SELL_SIDE:7569,SELL_SIDE,M15,1.17065,0.000280000000000058,1.3303468107153258,1.1440397350993377,False,-1,WEAK,BULLISH,-0.000180000000000069,NO_DISPLACEMENT
7591,2026-04-23 09:45:00+00:00,M15:BUY_SIDE:7588,BUY_SIDE,M15,1.17079,0.00011999999999989797,1.4325502700390824,1.4768392370572208,True,1,CONFIRMED,NEUTRAL,0.0005399999999999849,NO_DISPLACEMENT
7600,2026-04-23 12:00:00+00:00,M15:SELL_SIDE:7579,SELL_SIDE,M15,1.1694,1.0000000000065512e-05,1.4334872521055344,1.7198443579766538,True,1,CONFIRMED,NEUTRAL,-0.0012600000000000389,NO_DISPLACEMENT
7600,2026-04-23 12:00:00+00:00,M15:SELL_SIDE:7594,SELL_SIDE,M15,1.16949,9.999999999998899e-05,1.4334872521055344,1.7198443579766538,True,2,CONFIRMED,NEUTRAL,-0.0012600000000000389,NO_DISPLACEMENT
7601,2026-04-23 12:15:00+00:00,M15:SELL_SIDE:7576,SELL_SIDE,M15,1.16939,8.999999999992347e-05,1.345549017764968,1.4341610233258089,True,1,CONFIRMED,NEUTRAL,-0.0008699999999999264,NO_DISPLACEMENT
7602,2026-04-23 12:30:00+00:00,H4:SELL_SIDE:606,SELL_SIDE,H4,1.16921,0.000300000000000189,1.224375303537085,1.508437270726339,True,1,CONFIRMED,NEUTRAL,-0.0007399999999999629,NO_DISPLACEMENT
7607,2026-04-23 13:45:00+00:00,M15:SELL_SIDE:6844,SELL_SIDE,M15,1.16801,9.999999999998899e-05,0.710302303831198,1.669247009148487,True,1,CONFIRMED,NEUTRAL,-0.0020299999999999763,NO_DISPLACEMENT
7621,2026-04-23 17:15:00+00:00,M15:BUY_SIDE:7597,BUY_SIDE,M15,1.17052,0.00021000000000004349,1.2661027583149578,1.7485286249331193,False,-1,WEAK,NEUTRAL,0.0015199999999999658,NO_DISPLACEMENT
7621,2026-04-23 17:15:00+00:00,M15:BUY_SIDE:7612,BUY_SIDE,M15,1.16981,0.0009200000000000319,1.2661027583149578,1.7485286249331193,False,-1,WEAK,NEUTRAL,0.0015199999999999658,NO_DISPLACEMENT
7623,2026-04-23 17:45:00+00:00,M15:BUY_SIDE:7566,BUY_SIDE,M15,1.17136,0.000280000000000058,1.0893992233598644,2.1474124411918454,True,1,CONFIRMED,NEUTRAL,0.0021700000000000053,NO_DISPLACEMENT
7623,2026-04-23 17:45:00+00:00,M15:BUY_SIDE:7592,BUY_SIDE,M15,1.17119,0.00045000000000006146,1.0893992233598644,2.1474124411918454,True,1,CONFIRMED,NEUTRAL,0.0021700000000000053,NO_DISPLACEMENT
7632,2026-04-23 20:00:00+00:00,M15:SELL_SIDE:7616,SELL_SIDE,M15,1.16831,0.00017000000000000348,2.494050104394359,2.2283464566929134,True,3,CONFIRMED,BULLISH,-0.0023299999999999432,NO_DISPLACEMENT
7632,2026-04-23 20:00:00+00:00,M15:SELL_SIDE:7629,SELL_SIDE,M15,1.16975,0.0016100000000001113,2.494050104394359,2.2283464566929134,False,-1,WEAK,BULLISH,-0.0023299999999999432,NO_DISPLACEMENT
7633,2026-04-23 20:15:00+00:00,M15:SELL_SIDE:7610,SELL_SIDE,M15,1.16781,5.999999999994898e-05,1.1991016649354955,1.9162348877374784,True,2,CONFIRMED,NEUTRAL,-0.0027700000000001612,NO_DISPLACEMENT
7634,2026-04-23 20:30:00+00:00,M15:SELL_SIDE:6823,SELL_SIDE,M15,1.16766,0.0006299999999999084,1.8530050845154042,2.3040339702760084,False,1,CONFIRMED,NEUTRAL,-0.003570000000000073,NO_DISPLACEMENT
7648,2026-04-24 00:00:00+00:00,M15:SELL_SIDE:7642,SELL_SIDE,M15,1.16796,0.00021000000000004349,1.2110578286038751,0.21608448415922016,True,1,CONFIRMED,NEUTRAL,-0.0009900000000000464,NO_DISPLACEMENT
7648,2026-04-24 00:00:00+00:00,M15:SELL_SIDE:7645,SELL_SIDE,M15,1.16799,0.00024000000000001798,1.2110578286038751,0.21608448415922016,True,1,CONFIRMED,NEUTRAL,-0.0009900000000000464,NO_DISPLACEMENT
7649,2026-04-24 00:15:00+00:00,M15:BUY_SIDE:7643,BUY_SIDE,M15,1.16878,9.000000000014552e-05,1.4348636618648751,0.6141348497156783,True,1,CONFIRMED,NEUTRAL,-0.00039999999999995595,NO_DISPLACEMENT
7660,2026-04-24 03:00:00+00:00,M15:BUY_SIDE:7655,BUY_SIDE,M15,1.16864,3.0000000000196536e-05,1.0474612883896466,0.627944760357433,False,2,CONFIRMED,NEUTRAL,0.000460000000000127,NO_DISPLACEMENT
7660,2026-04-24 03:00:00+00:00,M15:SELL_SIDE:7657,SELL_SIDE,M15,1.16818,5.999999999994898e-05,1.0474612883896466,0.627944760357433,True,1,CONFIRMED,NEUTRAL,0.000460000000000127,NO_DISPLACEMENT
7666,2026-04-24 04:30:00+00:00,M15:SELL_SIDE:7660,SELL_SIDE,M15,1.16812,1.0000000000065512e-05,1.3100017631442271,1.0306825297432687,True,1,CONFIRMED,NEUTRAL,8.999999999992347e-05,NO_DISPLACEMENT
7667,2026-04-24 04:45:00+00:00,M15:BUY_SIDE:7662,BUY_SIDE,M15,1.16885,1.0000000000065512e-05,1.0258070942893855,0.616677440206852,False,1,CONFIRMED,NEUTRAL,0.0005100000000000104,NO_DISPLACEMENT
7668,2026-04-24 05:00:00+00:00,M15:BUY_SIDE:7649,BUY_SIDE,M15,1.16887,7.00000000000145e-05,1.1710990619283175,0.5042345276872964,True,1,CONFIRMED,NEUTRAL,1.999999999990898e-05,NO_DISPLACEMENT
7669,2026-04-24 05:15:00+00:00,M15:SELL_SIDE:7666,SELL_SIDE,M15,1.16811,0.00015999999999993797,0.992991853873453,0.6126482213438735,False,-1,WEAK,NEUTRAL,-0.000300000000000189,NO_DISPLACEMENT
7671,2026-04-24 05:45:00+00:00,M15:SELL_SIDE:7649,SELL_SIDE,M15,1.16773,4.999999999988347e-05,0.7421402567994806,0.5105189340813464,True,-1,CONFIRMED,NEUTRAL,-0.0008199999999998209,NO_DISPLACEMENT
7679,2026-04-24 07:45:00+00:00,M15:BUY_SIDE:7676,BUY_SIDE,M15,1.168,0.0001500000000000945,0.8556816639196929,1.098814229249012,True,1,CONFIRMED,BEARISH,-0.00015999999999993797,NO_DISPLACEMENT
7682,2026-04-24 08:30:00+00:00,M15:BUY_SIDE:7679,BUY_SIDE,M15,1.16815,0.00015999999999993797,0.9313209035109368,1.1857707509881423,False,3,CONFIRMED,BULLISH,0.0005100000000000104,NO_DISPLACEMENT
7686,2026-04-24 09:30:00+00:00,M15:BUY_SIDE:7682,BUY_SIDE,M15,1.16831,5.999999999994898e-05,1.285285141165631,1.5483870967741935,True,1,CONFIRMED,BULLISH,0.00031000000000003247,NO_DISPLACEMENT
7690,2026-04-24 10:30:00+00:00,M15:BUY_SIDE:7686,BUY_SIDE,M15,1.16837,0.000140000000000029,1.6142206943908184,1.4068678459937565,False,-1,WEAK,BULLISH,0.0006699999999999484,NO_DISPLACEMENT
7691,2026-04-24 10:45:00+00:00,M15:BUY_SIDE:7668,BUY_SIDE,M15,1.16894,0.00042999999999993044,1.8330760411954887,2.7658688865764827,False,1,CONFIRMED,BULLISH,0.0011599999999998278,NO_DISPLACEMENT
7701,2026-04-24 13:15:00+00:00,M15:BUY_SIDE:7693,BUY_SIDE,M15,1.16958,4.0000000000040004e-05,1.5461424172833025,1.2916299559471365,False,-1,WEAK,BULLISH,0.000520000000000076,NO_DISPLACEMENT
7702,2026-04-24 13:30:00+00:00,M15:BUY_SIDE:7636,BUY_SIDE,M15,1.16999,0.00011999999999989797,1.28008734605003,1.134020618556701,False,-1,WEAK,BULLISH,0.0013099999999999223,NO_DISPLACEMENT
7704,2026-04-24 14:00:00+00:00,M15:BUY_SIDE:7631,BUY_SIDE,M15,1.17054,0.0006900000000000794,1.6350741959246116,3.6162117452440032,False,-1,WEAK,BULLISH,0.0020499999999998852,NO_DISPLACEMENT
7705,2026-04-24 14:15:00+00:00,H4:BUY_SIDE:610,BUY_SIDE,H4,1.17164,0.000180000000000069,2.1739268311913755,3.869067103109656,False,2,CONFIRMED,BULLISH,0.0028100000000002012,NO_DISPLACEMENT
7705,2026-04-24 14:15:00+00:00,M15:BUY_SIDE:7536,BUY_SIDE,M15,1.17168,0.000140000000000029,2.1739268311913755,3.869067103109656,False,1,CONFIRMED,BULLISH,0.0028100000000002012,NO_DISPLACEMENT
7714,2026-04-24 16:30:00+00:00,M15:SELL_SIDE:7711,SELL_SIDE,M15,1.17013,0.00027999999999983594,0.7876810762897781,2.435354273192111,True,1,CONFIRMED,BULLISH,-0.00038999999999989043,NO_DISPLACEMENT
7722,2026-04-24 18:30:00+00:00,M15:SELL_SIDE:7719,SELL_SIDE,M15,1.17023,0.000180000000000069,1.5042966398575996,1.656198347107438,True,1,CONFIRMED,NEUTRAL,0.00031000000000003247,NO_DISPLACEMENT
7723,2026-04-24 18:45:00+00:00,M15:BUY_SIDE:7707,BUY_SIDE,M15,1.17184,0.000140000000000029,1.3367878896430903,2.520822351080654,True,1,CONFIRMED,NEUTRAL,0.0014499999999999513,NO_DISPLACEMENT
7723,2026-04-24 18:45:00+00:00,M15:BUY_SIDE:7718,BUY_SIDE,M15,1.17168,0.00029999999999996696,1.3367878896430903,2.520822351080654,True,1,CONFIRMED,NEUTRAL,0.0014499999999999513,NO_DISPLACEMENT
7728,2026-04-24 20:00:00+00:00,M15:BUY_SIDE:7723,BUY_SIDE,M15,1.17198,0.00012999999999996348,0.5504356729335798,0.9948137670909948,True,1,CONFIRMED,NEUTRAL,0.0007500000000000284,NO_DISPLACEMENT
7743,2026-04-24 23:45:00+00:00,M15:BUY_SIDE:7728,BUY_SIDE,M15,1.17211,0.000180000000000069,1.3863595341395343,0.7876200640341515,True,1,CONFIRMED,NEUTRAL,0.000460000000000127,NO_DISPLACEMENT
7744,2026-04-27 00:00:00+00:00,M15:SELL_SIDE:7714,SELL_SIDE,M15,1.16985,0.0013300000000000534,2.0204901605628756,0.12593383137673425,False,1,CONFIRMED,NEUTRAL,-0.0019499999999998963,NO_DISPLACEMENT
7744,2026-04-27 00:00:00+00:00,M15:SELL_SIDE:7722,SELL_SIDE,M15,1.17005,0.0015300000000000313,2.0204901605628756,0.12593383137673425,False,1,CONFIRMED,NEUTRAL,-0.0019499999999998963,NO_DISPLACEMENT
7744,2026-04-27 00:00:00+00:00,M15:SELL_SIDE:7732,SELL_SIDE,M15,1.17105,0.002529999999999921,2.0204901605628756,0.12593383137673425,False,-1,WEAK,NEUTRAL,-0.0019499999999998963,NO_DISPLACEMENT
7744,2026-04-27 00:00:00+00:00,M15:SELL_SIDE:7739,SELL_SIDE,M15,1.17145,0.002930000000000099,2.0204901605628756,0.12593383137673425,False,-1,WEAK,NEUTRAL,-0.0019499999999998963,NO_DISPLACEMENT
7756,2026-04-27 03:00:00+00:00,M15:BUY_SIDE:7753,BUY_SIDE,M15,1.17094,7.00000000000145e-05,0.87464642872503,0.9609321453050035,False,-1,WEAK,NEUTRAL,0.0002900000000001235,NO_DISPLACEMENT
7758,2026-04-27 03:30:00+00:00,M15:BUY_SIDE:7748,BUY_SIDE,M15,1.1712,0.00018999999999991246,0.6527291981480181,0.5083333333333333,False,-1,WEAK,NEUTRAL,0.000700000000000145,NO_DISPLACEMENT
7760,2026-04-27 04:00:00+00:00,M15:BUY_SIDE:7530,BUY_SIDE,M15,1.17239,0.000280000000000058,2.034829923082948,2.1624649859943976,True,1,CONFIRMED,NEUTRAL,0.0012699999999998823,NO_DISPLACEMENT
7760,2026-04-27 04:00:00+00:00,M15:BUY_SIDE:7743,BUY_SIDE,M15,1.17229,0.00038000000000004697,2.034829923082948,2.1624649859943976,True,1,CONFIRMED,NEUTRAL,0.0012699999999998823,NO_DISPLACEMENT
7766,2026-04-27 05:30:00+00:00,M15:BUY_SIDE:7761,BUY_SIDE,M15,1.17268,0.00012999999999996348,0.8790101745284861,0.7531645569620253,True,1,CONFIRMED,BULLISH,0.0016700000000000603,NO_DISPLACEMENT
7780,2026-04-27 09:00:00+00:00,M15:SELL_SIDE:7764,SELL_SIDE,M15,1.17193,0.00017999999999984695,1.2268738277448836,1.532058492688414,False,3,CONFIRMED,NEUTRAL,-0.0011999999999998678,NO_DISPLACEMENT
7783,2026-04-27 09:45:00+00:00,M15:BUY_SIDE:7779,BUY_SIDE,M15,1.17269,0.000280000000000058,2.14198919633787,1.6782902137232847,False,-1,WEAK,BEARISH,-0.00012999999999996348,NO_DISPLACEMENT
7784,2026-04-27 10:00:00+00:00,M15:BUY_SIDE:7771,BUY_SIDE,M15,1.17325,0.00038000000000004697,1.5045483077906758,2.1214848143982,False,1,CONFIRMED,BEARISH,0.0003900000000001125,NO_DISPLACEMENT
7784,2026-04-27 10:00:00+00:00,M15:BUY_SIDE:7774,BUY_SIDE,M15,1.17315,0.00048000000000003595,1.5045483077906758,2.1214848143982,False,1,CONFIRMED,BEARISH,0.0003900000000001125,NO_DISPLACEMENT
7787,2026-04-27 10:45:00+00:00,M15:BUY_SIDE:7523,BUY_SIDE,M15,1.17432,0.000180000000000069,2.3174169443750516,2.7581552305961754,False,2,CONFIRMED,NEUTRAL,0.0018500000000001293,NO_DISPLACEMENT
7787,2026-04-27 10:45:00+00:00,M15:BUY_SIDE:7784,BUY_SIDE,M15,1.17363,0.0008700000000001484,2.3174169443750516,2.7581552305961754,False,-1,WEAK,NEUTRAL,0.0018500000000001293,NO_DISPLACEMENT
7791,2026-04-27 11:45:00+00:00,M15:BUY_SIDE:7788,BUY_SIDE,M15,1.17475,0.00032999999999994145,1.0260808821620173,2.4627363737486094,False,2,CONFIRMED,NEUTRAL,0.0029600000000000737,NO_DISPLACEMENT
7802,2026-04-27 14:30:00+00:00,M15:SELL_SIDE:7797,SELL_SIDE,M15,1.17383,4.0000000000040004e-05,1.1082388694689194,1.1334971334971335,True,1,CONFIRMED,NEUTRAL,-0.0009000000000001229,NO_DISPLACEMENT
7804,2026-04-27 15:00:00+00:00,M15:BUY_SIDE:7791,BUY_SIDE,M15,1.17508,9.000000000014552e-05,1.9178187971924443,1.8381322957198443,False,1,CONFIRMED,NEUTRAL,0.0008099999999999774,NO_DISPLACEMENT
7804,2026-04-27 15:00:00+00:00,M15:BUY_SIDE:7799,BUY_SIDE,M15,1.17477,0.00039999999999995595,1.9178187971924443,1.8381322957198443,False,3,CONFIRMED,NEUTRAL,0.0008099999999999774,NO_DISPLACEMENT
7805,2026-04-27 15:15:00+00:00,M15:BUY_SIDE:7511,BUY_SIDE,M15,1.17532,0.00017000000000000348,1.3657596837971429,1.8156892612338158,True,1,CONFIRMED,BEARISH,0.0007099999999999884,NO_DISPLACEMENT
7811,2026-04-27 16:45:00+00:00,M15:SELL_SIDE:7803,SELL_SIDE,M15,1.17369,0.00019999999999997797,1.3395072896426607,2.1048034934497815,True,1,CONFIRMED,BEARISH,-0.0003799999999998249,NO_DISPLACEMENT
7815,2026-04-27 17:45:00+00:00,M15:SELL_SIDE:7811,SELL_SIDE,M15,1.17349,0.00019999999999997797,2.09096485266852,2.5541358439811703,True,-1,CONFIRMED,BEARISH,-0.0013400000000001189,NO_DISPLACEMENT
7831,2026-04-27 21:45:00+00:00,M15:SELL_SIDE:7825,SELL_SIDE,M15,1.17194,0.0001100000000000545,0.8827197268940029,0.5229850746268657,True,1,CONFIRMED,NEUTRAL,-0.0008999999999999009,NO_DISPLACEMENT
7831,2026-04-27 21:45:00+00:00,M15:SELL_SIDE:7828,SELL_SIDE,M15,1.17204,0.00021000000000004349,0.8827197268940029,0.5229850746268657,False,1,CONFIRMED,NEUTRAL,-0.0008999999999999009,NO_DISPLACEMENT
7839,2026-04-27 23:45:00+00:00,M15:SELL_SIDE:7835,SELL_SIDE,M15,1.17196,1.999999999990898e-05,0.7882544716497489,0.4485344239945467,True,1,CONFIRMED,NEUTRAL,-0.000220000000000109,NO_DISPLACEMENT
7843,2026-04-28 00:45:00+00:00,M15:SELL_SIDE:7840,SELL_SIDE,M15,1.17193,4.999999999988347e-05,0.6128648323560767,0.18840579710144928,True,1,CONFIRMED,BEARISH,-0.00038999999999989043,NO_DISPLACEMENT
7852,2026-04-28 03:00:00+00:00,M15:BUY_SIDE:7835,BUY_SIDE,M15,1.17258,0.0001100000000000545,1.3573476301361949,0.900390625,True,1,CONFIRMED,NEUTRAL,0.00029999999999996696,NO_DISPLACEMENT
7852,2026-04-28 03:00:00+00:00,M15:BUY_SIDE:7840,BUY_SIDE,M15,1.17243,0.00025999999999992696,1.3573476301361949,0.900390625,True,1,CONFIRMED,NEUTRAL,0.00029999999999996696,NO_DISPLACEMENT
7852,2026-04-28 03:00:00+00:00,M15:BUY_SIDE:7847,BUY_SIDE,M15,1.17231,0.00038000000000004697,1.3573476301361949,0.900390625,False,1,CONFIRMED,NEUTRAL,0.00029999999999996696,NO_DISPLACEMENT
7853,2026-04-28 03:15:00+00:00,M15:SELL_SIDE:7831,SELL_SIDE,M15,1.17183,7.00000000000145e-05,1.859201309138647,1.1875,True,1,CONFIRMED,NEUTRAL,-9.000000000014552e-05,NO_DISPLACEMENT
7853,2026-04-28 03:15:00+00:00,M15:SELL_SIDE:7843,SELL_SIDE,M15,1.17188,0.00012000000000012001,1.859201309138647,1.1875,True,1,CONFIRMED,NEUTRAL,-9.000000000014552e-05,NO_DISPLACEMENT
7853,2026-04-28 03:15:00+00:00,M15:SELL_SIDE:7849,SELL_SIDE,M15,1.17199,0.0002300000000001745,1.859201309138647,1.1875,True,1,CONFIRMED,NEUTRAL,-9.000000000014552e-05,NO_DISPLACEMENT
7855,2026-04-28 03:45:00+00:00,M15:SELL_SIDE:7781,SELL_SIDE,M15,1.17165,8.000000000008001e-05,1.6215152480231774,1.1220472440944882,True,-1,CONFIRMED,BULLISH,-0.00031000000000003247,NO_DISPLACEMENT
7872,2026-04-28 08:00:00+00:00,M15:SELL_SIDE:7868,SELL_SIDE,M15,1.17105,0.00018999999999991246,1.2054164274936952,1.2593486127864897,False,1,CONFIRMED,NEUTRAL,9.999999999843467e-06,NO_DISPLACEMENT
7874,2026-04-28 08:30:00+00:00,M15:SELL_SIDE:7863,SELL_SIDE,M15,1.17076,0.00012000000000012001,1.5938613279773022,1.434889434889435,False,-1,WEAK,NEUTRAL,-0.0006099999999999994,NO_DISPLACEMENT
7875,2026-04-28 08:45:00+00:00,M15:SELL_SIDE:7754,SELL_SIDE,M15,1.17049,2.0000000000131024e-05,1.1273221642783438,1.2186732186732188,True,1,CONFIRMED,NEUTRAL,-0.0010900000000000354,NO_DISPLACEMENT
7890,2026-04-28 12:30:00+00:00,M15:SELL_SIDE:7883,SELL_SIDE,M15,1.16924,0.0006900000000000794,1.5796444896211714,2.166324435318275,False,-1,WEAK,NEUTRAL,-0.00021000000000004349,NO_DISPLACEMENT
7898,2026-04-28 14:30:00+00:00,M15:SELL_SIDE:7893,SELL_SIDE,M15,1.16895,0.00021999999999988695,1.2016857812618122,1.8932038834951457,True,-1,CONFIRMED,NEUTRAL,-0.0009900000000000464,NO_DISPLACEMENT
7899,2026-04-28 14:45:00+00:00,H4:SELL_SIDE:618,SELL_SIDE,H4,1.16852,0.00035999999999991594,1.3892628898383665,2.469961977186312,False,2,CONFIRMED,NEUTRAL,-0.0012299999999998423,NO_DISPLACEMENT
7899,2026-04-28 14:45:00+00:00,M15:SELL_SIDE:7697,SELL_SIDE,M15,1.16832,0.00015999999999993797,1.3892628898383665,2.469961977186312,False,2,CONFIRMED,NEUTRAL,-0.0012299999999998423,NO_DISPLACEMENT
7899,2026-04-28 14:45:00+00:00,M15:SELL_SIDE:7890,SELL_SIDE,M15,1.16855,0.00038999999999989043,1.3892628898383665,2.469961977186312,False,2,CONFIRMED,NEUTRAL,-0.0012299999999998423,NO_DISPLACEMENT
7903,2026-04-28 15:45:00+00:00,M15:BUY_SIDE:7896,BUY_SIDE,M15,1.16993,5.0000000000105516e-05,0.8276207986879404,1.5820895522388059,True,1,CONFIRMED,BEARISH,0.0005399999999999849,NO_DISPLACEMENT
7906,2026-04-28 16:30:00+00:00,M15:BUY_SIDE:7903,BUY_SIDE,M15,1.16998,0.00038999999999989043,1.7255269555122952,2.7710144927536233,False,1,CONFIRMED,NEUTRAL,0.0005599999999998939,NO_DISPLACEMENT
7912,2026-04-28 18:00:00+00:00,M15:BUY_SIDE:7885,BUY_SIDE,M15,1.17077,0.00017999999999984695,1.1220538977551575,2.044221105527638,True,-1,CONFIRMED,BULLISH,0.0009799999999999809,NO_DISPLACEMENT
7912,2026-04-28 18:00:00+00:00,M15:BUY_SIDE:7906,BUY_SIDE,M15,1.17037,0.0005800000000000249,1.1220538977551575,2.044221105527638,False,-1,WEAK,BULLISH,0.0009799999999999809,NO_DISPLACEMENT
7916,2026-04-28 19:00:00+00:00,M15:BUY_SIDE:7871,BUY_SIDE,M15,1.17163,5.999999999994898e-05,0.743369694758925,0.9440459110473458,True,1,CONFIRMED,BULLISH,0.0011700000000001154,NO_DISPLACEMENT
7923,2026-04-28 20:45:00+00:00,M15:BUY_SIDE:7916,BUY_SIDE,M15,1.17169,7.00000000000145e-05,0.8740108708220417,0.7833572453371592,True,1,CONFIRMED,BULLISH,0.00028999999999990145,NO_DISPLACEMENT
7940,2026-04-29 01:00:00+00:00,M15:BUY_SIDE:7866,BUY_SIDE,M15,1.17178,1.999999999990898e-05,1.109387721122752,0.4321608040201005,True,1,CONFIRMED,NEUTRAL,0.0008299999999998864,NO_DISPLACEMENT
7940,2026-04-29 01:00:00+00:00,M15:BUY_SIDE:7923,BUY_SIDE,M15,1.17176,4.0000000000040004e-05,1.109387721122752,0.4321608040201005,True,1,CONFIRMED,NEUTRAL,0.0008299999999998864,NO_DISPLACEMENT
7940,2026-04-29 01:00:00+00:00,M15:BUY_SIDE:7927,BUY_SIDE,M15,1.17161,0.00018999999999991246,1.109387721122752,0.4321608040201005,False,1,CONFIRMED,NEUTRAL,0.0008299999999998864,NO_DISPLACEMENT
7940,2026-04-29 01:00:00+00:00,M15:BUY_SIDE:7936,BUY_SIDE,M15,1.17152,0.000280000000000058,1.109387721122752,0.4321608040201005,False,1,CONFIRMED,NEUTRAL,0.0008299999999998864,NO_DISPLACEMENT
7948,2026-04-29 03:00:00+00:00,M15:BUY_SIDE:7940,BUY_SIDE,M15,1.1718,0.0002500000000000835,0.8465753083977081,0.5738858483189992,False,1,CONFIRMED,BULLISH,0.0005399999999999849,NO_DISPLACEMENT
7952,2026-04-29 04:00:00+00:00,M15:SELL_SIDE:7939,SELL_SIDE,M15,1.17097,0.000360000000000138,2.429647837260895,1.834877843302443,False,1,CONFIRMED,BULLISH,-0.0007899999999998464,NO_DISPLACEMENT
7952,2026-04-29 04:00:00+00:00,M15:SELL_SIDE:7943,SELL_SIDE,M15,1.1714,0.0007900000000000684,2.429647837260895,1.834877843302443,False,2,CONFIRMED,BULLISH,-0.0007899999999998464,NO_DISPLACEMENT
7962,2026-04-29 06:30:00+00:00,M15:SELL_SIDE:7952,SELL_SIDE,M15,1.17061,3.999999999981796e-05,0.8624052499883,0.7074527252502781,True,2,CONFIRMED,NEUTRAL,-9.000000000014552e-05,NO_DISPLACEMENT
7963,2026-04-29 06:45:00+00:00,M15:SELL_SIDE:7917,SELL_SIDE,M15,1.17047,8.999999999992347e-05,0.6692361347702291,0.6438356164383562,True,1,CONFIRMED,NEUTRAL,-0.0005699999999999594,NO_DISPLACEMENT
7963,2026-04-29 06:45:00+00:00,M15:SELL_SIDE:7921,SELL_SIDE,M15,1.17053,0.0001500000000000945,0.6692361347702291,0.6438356164383562,False,1,CONFIRMED,NEUTRAL,-0.0005699999999999594,NO_DISPLACEMENT
7963,2026-04-29 06:45:00+00:00,M15:SELL_SIDE:7931,SELL_SIDE,M15,1.17057,0.0001900000000001345,0.6692361347702291,0.6438356164383562,False,1,CONFIRMED,NEUTRAL,-0.0005699999999999594,NO_DISPLACEMENT
7967,2026-04-29 07:45:00+00:00,M15:SELL_SIDE:7963,SELL_SIDE,M15,1.17038,4.0000000000040004e-05,0.7369277230533186,0.56575682382134,True,-1,CONFIRMED,BEARISH,-0.0007300000000001194,NO_DISPLACEMENT
7976,2026-04-29 10:00:00+00:00,M15:BUY_SIDE:7972,BUY_SIDE,M15,1.1704,0.00031999999999987594,2.0473354355129727,2.731707317073171,False,-1,WEAK,BEARISH,2.999999999997449e-05,NO_DISPLACEMENT
7979,2026-04-29 10:45:00+00:00,M15:BUY_SIDE:7966,BUY_SIDE,M15,1.17076,5.999999999994898e-05,0.8831045950146617,1.9178433889602053,True,1,CONFIRMED,BEARISH,0.00034000000000000696,NO_DISPLACEMENT
7980,2026-04-29 11:00:00+00:00,M15:SELL_SIDE:7974,SELL_SIDE,M15,1.16958,0.00026999999999999247,2.417920522367347,3.5198973042362,False,1,CONFIRMED,BEARISH,-0.000520000000000076,NO_DISPLACEMENT
7991,2026-04-29 13:45:00+00:00,M15:BUY_SIDE:7979,BUY_SIDE,M15,1.17082,0.0001100000000000545,1.724666957926282,1.4840637450199203,False,1,CONFIRMED,NEUTRAL,0.0009600000000000719,NO_DISPLACEMENT
7991,2026-04-29 13:45:00+00:00,M15:BUY_SIDE:7986,BUY_SIDE,M15,1.17044,0.0004900000000001015,1.724666957926282,1.4840637450199203,False,3,CONFIRMED,NEUTRAL,0.0009600000000000719,NO_DISPLACEMENT
7998,2026-04-29 15:30:00+00:00,M15:SELL_SIDE:7995,SELL_SIDE,M15,1.16988,0.0002900000000001235,1.4451191855074494,1.8644338118022328,True,1,CONFIRMED,BULLISH,-0.00019999999999997797,NO_DISPLACEMENT
7999,2026-04-29 15:45:00+00:00,M15:SELL_SIDE:7987,SELL_SIDE,M15,1.16957,0.0002500000000000835,1.2688314437617891,2.151702786377709,True,1,CONFIRMED,BULLISH,-0.00020999999999982144,NO_DISPLACEMENT
8001,2026-04-29 16:15:00+00:00,M15:SELL_SIDE:7908,SELL_SIDE,M15,1.16894,5.0000000000105516e-05,1.564234974389776,2.3637724550898205,True,-1,CONFIRMED,BULLISH,-0.0017500000000001403,NO_DISPLACEMENT
8001,2026-04-29 16:15:00+00:00,M15:SELL_SIDE:7911,SELL_SIDE,M15,1.1692,0.00031000000000003247,1.564234974389776,2.3637724550898205,False,-1,WEAK,BULLISH,-0.0017500000000001403,NO_DISPLACEMENT
8001,2026-04-29 16:15:00+00:00,M15:SELL_SIDE:7980,SELL_SIDE,M15,1.16931,0.00042000000000008697,1.564234974389776,2.3637724550898205,False,-1,WEAK,BULLISH,-0.0017500000000001403,NO_DISPLACEMENT
8002,2026-04-29 16:30:00+00:00,M15:SELL_SIDE:7905,SELL_SIDE,M15,1.16878,0.0005499999999998284,1.449717478758855,2.6691616766467066,False,1,CONFIRMED,BULLISH,-0.0017899999999999583,NO_DISPLACEMENT
8011,2026-04-29 18:45:00+00:00,M15:BUY_SIDE:8007,BUY_SIDE,M15,1.1703,0.00010000000000021103,2.0905195964019496,2.888888888888889,True,1,CONFIRMED,BEARISH,0.0003900000000001125,NO_DISPLACEMENT
8014,2026-04-29 19:30:00+00:00,M15:SELL_SIDE:8011,SELL_SIDE,M15,1.16874,0.00011999999999989797,0.8591943715257084,1.6062900407687828,False,-1,WEAK,BULLISH,-8.999999999992347e-05,NO_DISPLACEMENT
8016,2026-04-29 20:00:00+00:00,M15:SELL_SIDE:8002,SELL_SIDE,M15,1.16823,0.000280000000000058,0.7129413015705932,0.9431626336522229,False,2,CONFIRMED,BULLISH,-0.0009300000000000974,NO_DISPLACEMENT
8020,2026-04-29 21:00:00+00:00,H4:SELL_SIDE:627,SELL_SIDE,H4,1.16773,0.0006899999999998574,2.508540831714141,2.5559071729957807,False,-1,WEAK,NEUTRAL,-0.0023900000000001143,NO_DISPLACEMENT
8020,2026-04-29 21:00:00+00:00,M15:SELL_SIDE:7674,SELL_SIDE,M15,1.16716,0.00011999999999989797,2.508540831714141,2.5559071729957807,True,1,CONFIRMED,NEUTRAL,-0.0023900000000001143,NO_DISPLACEMENT
8020,2026-04-29 21:00:00+00:00,M15:SELL_SIDE:7680,SELL_SIDE,M15,1.16753,0.0004899999999998794,2.508540831714141,2.5559071729957807,False,1,CONFIRMED,NEUTRAL,-0.0023900000000001143,NO_DISPLACEMENT
8020,2026-04-29 21:00:00+00:00,M15:SELL_SIDE:7688,SELL_SIDE,M15,1.16758,0.0005399999999999849,2.508540831714141,2.5559071729957807,False,-1,WEAK,NEUTRAL,-0.0023900000000001143,NO_DISPLACEMENT
8020,2026-04-29 21:00:00+00:00,M15:SELL_SIDE:8017,SELL_SIDE,M15,1.16794,0.0008999999999999009,2.508540831714141,2.5559071729957807,False,-1,WEAK,NEUTRAL,-0.0023900000000001143,NO_DISPLACEMENT
8022,2026-04-29 21:30:00+00:00,H4:SELL_SIDE:558,SELL_SIDE,H4,1.16635,4.0000000000040004e-05,2.338278503048274,2.5359342915811087,True,1,CONFIRMED,BEARISH,-0.00279000000000007,NO_DISPLACEMENT
8022,2026-04-29 21:30:00+00:00,H4:SELL_SIDE:611,SELL_SIDE,H4,1.16687,0.000560000000000116,2.338278503048274,2.5359342915811087,False,1,CONFIRMED,BEARISH,-0.00279000000000007,NO_DISPLACEMENT
8022,2026-04-29 21:30:00+00:00,M15:SELL_SIDE:6793,SELL_SIDE,M15,1.16639,8.000000000008001e-05,2.338278503048274,2.5359342915811087,False,1,CONFIRMED,BEARISH,-0.00279000000000007,NO_DISPLACEMENT
8032,2026-04-30 00:00:00+00:00,M15:SELL_SIDE:8023,SELL_SIDE,M15,1.166,1.999999999990898e-05,2.127468467663874,0.11526794742163801,True,1,CONFIRMED,BEARISH,0.001000000000000112,NO_DISPLACEMENT
8032,2026-04-30 00:00:00+00:00,M15:BUY_SIDE:8028,BUY_SIDE,M15,1.16774,5.999999999994898e-05,2.127468467663874,0.11526794742163801,True,1,CONFIRMED,BEARISH,0.001000000000000112,NO_DISPLACEMENT
8041,2026-04-30 02:15:00+00:00,M15:BUY_SIDE:8034,BUY_SIDE,M15,1.16788,4.999999999988347e-05,0.32617593347183743,0.16751977664029782,False,-1,WEAK,BEARISH,0.0004999999999999449,NO_DISPLACEMENT
8041,2026-04-30 02:15:00+00:00,M15:BUY_SIDE:8038,BUY_SIDE,M15,1.16785,7.999999999985796e-05,0.32617593347183743,0.16751977664029782,False,-1,WEAK,BEARISH,0.0004999999999999449,NO_DISPLACEMENT
8042,2026-04-30 02:30:00+00:00,M15:BUY_SIDE:8025,BUY_SIDE,M15,1.16804,0.0005399999999999849,1.1513516155628882,0.3434155421126105,False,-1,WEAK,NEUTRAL,0.0011900000000000244,NO_DISPLACEMENT
8050,2026-04-30 04:30:00+00:00,M15:SELL_SIDE:8040,SELL_SIDE,M15,1.16755,0.0001500000000000945,1.309936716125814,0.920863309352518,False,2,CONFIRMED,BULLISH,-0.00020000000000020002,NO_DISPLACEMENT
8061,2026-04-30 07:15:00+00:00,M15:SELL_SIDE:8032,SELL_SIDE,M15,1.16598,0.00031000000000003247,1.4371357435442575,0.9319148936170213,False,2,CONFIRMED,NEUTRAL,-0.0015000000000000568,NO_DISPLACEMENT
8061,2026-04-30 07:15:00+00:00,M15:SELL_SIDE:8055,SELL_SIDE,M15,1.16618,0.0005100000000000104,1.4371357435442575,0.9319148936170213,False,3,CONFIRMED,NEUTRAL,-0.0015000000000000568,NO_DISPLACEMENT
8062,2026-04-30 07:30:00+00:00,M15:SELL_SIDE:6634,SELL_SIDE,M15,1.16549,5.999999999994898e-05,0.943732783987426,1.1177304964539008,True,1,CONFIRMED,NEUTRAL,-0.0017199999999999438,NO_DISPLACEMENT
8068,2026-04-30 09:00:00+00:00,M15:BUY_SIDE:8064,BUY_SIDE,M15,1.16646,5.999999999994898e-05,1.4225623231196771,1.2850877192982457,True,-1,CONFIRMED,BEARISH,-0.0006199999999998429,NO_DISPLACEMENT
8076,2026-04-30 11:00:00+00:00,M15:BUY_SIDE:8020,BUY_SIDE,M15,1.16905,0.0006900000000000794,2.7255401559905263,3.1271929824561404,True,1,CONFIRMED,NEUTRAL,0.0028799999999999937,NO_DISPLACEMENT
8076,2026-04-30 11:00:00+00:00,M15:BUY_SIDE:8044,BUY_SIDE,M15,1.16892,0.0008200000000000429,2.7255401559905263,3.1271929824561404,False,1,CONFIRMED,NEUTRAL,0.0028799999999999937,NO_DISPLACEMENT
8085,2026-04-30 13:15:00+00:00,M15:BUY_SIDE:8011,BUY_SIDE,M15,1.1704,0.00031999999999987594,2.121542932756987,2.335180055401662,False,-1,WEAK,BULLISH,0.00266999999999995,NO_DISPLACEMENT
8085,2026-04-30 13:15:00+00:00,M15:BUY_SIDE:8076,BUY_SIDE,M15,1.16974,0.0009799999999999809,2.121542932756987,2.335180055401662,False,-1,WEAK,BULLISH,0.00266999999999995,NO_DISPLACEMENT
8086,2026-04-30 13:30:00+00:00,M15:BUY_SIDE:7992,BUY_SIDE,M15,1.17097,0.00018999999999991246,1.110210658467587,4.770341207349081,True,2,CONFIRMED,BULLISH,0.0018299999999999983,NO_DISPLACEMENT
8088,2026-04-30 14:00:00+00:00,M15:BUY_SIDE:7956,BUY_SIDE,M15,1.17167,0.000280000000000058,1.7567418651831317,3.4245049504950495,True,2,CONFIRMED,BULLISH,0.0021999999999999797,NO_DISPLACEMENT
8103,2026-04-30 17:45:00+00:00,H4:BUY_SIDE:630,BUY_SIDE,H4,1.17205,0.0012699999999998823,1.6822109651408084,2.0439872295140122,False,-1,WEAK,BULLISH,0.0027300000000001212,NO_DISPLACEMENT
8103,2026-04-30 17:45:00+00:00,M15:BUY_SIDE:7826,BUY_SIDE,M15,1.17299,0.00032999999999994145,1.6822109651408084,2.0439872295140122,True,2,CONFIRMED,BULLISH,0.0027300000000001212,NO_DISPLACEMENT
8103,2026-04-30 17:45:00+00:00,M15:BUY_SIDE:7852,BUY_SIDE,M15,1.17269,0.0006299999999999084,1.6822109651408084,2.0439872295140122,False,2,CONFIRMED,BULLISH,0.0027300000000001212,NO_DISPLACEMENT
8103,2026-04-30 17:45:00+00:00,M15:BUY_SIDE:8088,BUY_SIDE,M15,1.17195,0.0013699999999998713,1.6822109651408084,2.0439872295140122,False,-1,WEAK,BULLISH,0.0027300000000001212,NO_DISPLACEMENT
8113,2026-04-30 20:15:00+00:00,M15:SELL_SIDE:8107,SELL_SIDE,M15,1.17221,4.0000000000040004e-05,0.7158815473313951,0.7027208599261001,True,1,CONFIRMED,NEUTRAL,-9.999999999998899e-05,NO_DISPLACEMENT
8117,2026-04-30 21:15:00+00:00,M15:BUY_SIDE:8114,BUY_SIDE,M15,1.17323,2.999999999997449e-05,0.8420260675792397,0.5649983204568357,True,-1,CONFIRMED,BEARISH,0.000180000000000069,NO_DISPLACEMENT
8118,2026-04-30 21:30:00+00:00,M15:BUY_SIDE:8104,BUY_SIDE,M15,1.17357,0.00012999999999996348,0.8509546878852622,0.636210950621431,False,3,CONFIRMED,BEARISH,0.00042999999999993044,NO_DISPLACEMENT
8124,2026-04-30 23:00:00+00:00,M15:SELL_SIDE:8121,SELL_SIDE,M15,1.17315,0.00024000000000001798,0.8846398680293179,0.6597245549210615,True,1,CONFIRMED,BULLISH,0.00034999999999985043,NO_DISPLACEMENT
8128,2026-05-01 00:00:00+00:00,M15:SELL_SIDE:8124,SELL_SIDE,M15,1.17291,0.00026999999999999247,0.8241692711176699,0.12262872628726287,True,1,CONFIRMED,NEUTRAL,-0.00043999999999999595,NO_DISPLACEMENT
8139,2026-05-01 02:45:00+00:00,M15:SELL_SIDE:8134,SELL_SIDE,M15,1.17284,5.0000000000105516e-05,0.5983340913302175,0.5660964230171073,True,3,CONFIRMED,NEUTRAL,-0.0001500000000000945,NO_DISPLACEMENT
8140,2026-05-01 03:00:00+00:00,M15:SELL_SIDE:8128,SELL_SIDE,M15,1.17264,0.00026999999999999247,1.2172452927042132,1.0596163815448418,False,1,CONFIRMED,NEUTRAL,-0.00043999999999999595,NO_DISPLACEMENT
8148,2026-05-01 05:00:00+00:00,M15:BUY_SIDE:8136,BUY_SIDE,M15,1.17329,0.0001100000000000545,0.9728858205021397,0.5322271857051691,True,1,CONFIRMED,NEUTRAL,0.000280000000000058,NO_DISPLACEMENT
8152,2026-05-01 06:00:00+00:00,M15:BUY_SIDE:8148,BUY_SIDE,M15,1.1734,5.0000000000105516e-05,0.6461330760702563,0.6842490842490843,False,2,CONFIRMED,BULLISH,0.0005399999999999849,NO_DISPLACEMENT
8153,2026-05-01 06:15:00+00:00,M15:BUY_SIDE:8132,BUY_SIDE,M15,1.17359,4.0000000000040004e-05,0.8474110979877513,0.5628834355828221,True,1,CONFIRMED,BULLISH,0.0007699999999999374,NO_DISPLACEMENT
8156,2026-05-01 07:00:00+00:00,M15:SELL_SIDE:8151,SELL_SIDE,M15,1.17289,0.00012999999999996348,1.127381267368889,1.020122484689414,True,-1,CONFIRMED,BULLISH,-0.00017000000000000348,NO_DISPLACEMENT
8161,2026-05-01 08:15:00+00:00,M15:SELL_SIDE:8144,SELL_SIDE,M15,1.17243,0.0001100000000000545,0.6261005184788874,0.7368421052631579,True,1,CONFIRMED,BULLISH,-0.0009099999999999664,NO_DISPLACEMENT
8163,2026-05-01 08:45:00+00:00,M15:SELL_SIDE:8113,SELL_SIDE,M15,1.17217,8.999999999992347e-05,1.2290510379774857,0.9641025641025641,True,1,CONFIRMED,BULLISH,-0.0012900000000000134,NO_DISPLACEMENT
8163,2026-05-01 08:45:00+00:00,M15:SELL_SIDE:8141,SELL_SIDE,M15,1.1723,0.00021999999999988695,1.2290510379774857,0.9641025641025641,False,-1,WEAK,BULLISH,-0.0012900000000000134,NO_DISPLACEMENT
8167,2026-05-01 09:45:00+00:00,H4:BUY_SIDE:641,BUY_SIDE,H4,1.17416,0.00032999999999994145,4.718385242738161,6.9169230769230765,True,1,CONFIRMED,BULLISH,0.0009000000000001229,NO_DISPLACEMENT
8167,2026-05-01 09:45:00+00:00,M15:BUY_SIDE:8153,BUY_SIDE,M15,1.17363,0.0008600000000000829,4.718385242738161,6.9169230769230765,True,1,CONFIRMED,BULLISH,0.0009000000000001229,NO_DISPLACEMENT
8173,2026-05-01 11:15:00+00:00,M15:BUY_SIDE:8167,BUY_SIDE,M15,1.17449,0.00031000000000003247,2.415909803145177,2.7651282051282053,True,1,CONFIRMED,BULLISH,0.0021900000000001363,NO_DISPLACEMENT
8184,2026-05-01 14:00:00+00:00,M15:BUY_SIDE:7815,BUY_SIDE,M15,1.17481,0.000280000000000058,1.115753842863551,1.4416,False,2,CONFIRMED,BULLISH,0.0006199999999998429,NO_DISPLACEMENT
8185,2026-05-01 14:15:00+00:00,H4:BUY_SIDE:621,BUY_SIDE,H4,1.17549,0.0003300000000001635,1.3204143337502297,1.7755102040816326,False,1,CONFIRMED,BULLISH,0.0012000000000000899,NO_DISPLACEMENT
8185,2026-05-01 14:15:00+00:00,M15:BUY_SIDE:7504,BUY_SIDE,M15,1.17573,9.000000000014552e-05,1.3204143337502297,1.7755102040816326,True,1,CONFIRMED,BULLISH,0.0012000000000000899,NO_DISPLACEMENT
8185,2026-05-01 14:15:00+00:00,M15:BUY_SIDE:7809,BUY_SIDE,M15,1.17539,0.0004300000000001525,1.3204143337502297,1.7755102040816326,False,1,CONFIRMED,BULLISH,0.0012000000000000899,NO_DISPLACEMENT
8188,2026-05-01 15:00:00+00:00,M15:BUY_SIDE:7501,BUY_SIDE,M15,1.1759,0.00024000000000001798,1.8712319255443735,2.3571955719557196,True,3,CONFIRMED,BULLISH,0.002160000000000162,NO_DISPLACEMENT
8188,2026-05-01 15:00:00+00:00,M15:BUY_SIDE:8185,BUY_SIDE,M15,1.17582,0.00031999999999987594,1.8712319255443735,2.3571955719557196,False,3,CONFIRMED,BULLISH,0.002160000000000162,NO_DISPLACEMENT
8189,2026-05-01 15:15:00+00:00,H4:BUY_SIDE:602,BUY_SIDE,H4,1.17625,0.0006399999999999739,1.4823353186378028,3.0454545454545454,False,1,CONFIRMED,BULLISH,0.003409999999999913,NO_DISPLACEMENT
8189,2026-05-01 15:15:00+00:00,M15:BUY_SIDE:7442,BUY_SIDE,M15,1.17635,0.0005399999999999849,1.4823353186378028,3.0454545454545454,False,1,CONFIRMED,BULLISH,0.003409999999999913,NO_DISPLACEMENT
8195,2026-05-01 16:45:00+00:00,M15:SELL_SIDE:8187,SELL_SIDE,M15,1.1745,0.00016000000000016001,2.4048502517681345,3.636259323006311,True,1,CONFIRMED,BULLISH,0.0006599999999998829,NO_DISPLACEMENT
8196,2026-05-01 17:00:00+00:00,M15:BUY_SIDE:7393,BUY_SIDE,M15,1.17822,9.999999999998899e-05,2.425857607664899,3.1510791366906474,True,1,CONFIRMED,BULLISH,0.0030799999999999716,NO_DISPLACEMENT
8196,2026-05-01 17:00:00+00:00,M15:BUY_SIDE:7400,BUY_SIDE,M15,1.17769,0.0006300000000001305,2.425857607664899,3.1510791366906474,False,2,CONFIRMED,BULLISH,0.0030799999999999716,NO_DISPLACEMENT
8196,2026-05-01 17:00:00+00:00,M15:BUY_SIDE:7430,BUY_SIDE,M15,1.17759,0.0007300000000001194,2.425857607664899,3.1510791366906474,False,2,CONFIRMED,BULLISH,0.0030799999999999716,NO_DISPLACEMENT
8196,2026-05-01 17:00:00+00:00,M15:BUY_SIDE:8189,BUY_SIDE,M15,1.17689,0.0014300000000000423,2.425857607664899,3.1510791366906474,False,3,CONFIRMED,BULLISH,0.0030799999999999716,NO_DISPLACEMENT
8206,2026-05-01 19:30:00+00:00,M15:SELL_SIDE:8195,SELL_SIDE,M15,1.17434,0.00021000000000004349,0.7958384595668813,1.0025773195876289,True,-1,CONFIRMED,NEUTRAL,-0.0033400000000001207,NO_DISPLACEMENT
8210,2026-05-01 20:30:00+00:00,M15:SELL_SIDE:8171,SELL_SIDE,M15,1.173,9.000000000014552e-05,0.992338992819896,0.7671821305841925,True,1,CONFIRMED,NEUTRAL,-0.00391000000000008,NO_DISPLACEMENT
8210,2026-05-01 20:30:00+00:00,M15:SELL_SIDE:8179,SELL_SIDE,M15,1.17303,0.00012000000000012001,0.992338992819896,0.7671821305841925,True,1,CONFIRMED,NEUTRAL,-0.00391000000000008,NO_DISPLACEMENT
8218,2026-05-01 22:30:00+00:00,M15:SELL_SIDE:8214,SELL_SIDE,M15,1.17193,4.999999999988347e-05,0.6073155975267222,0.5161854768153981,True,1,CONFIRMED,BEARISH,-0.0016499999999999293,NO_DISPLACEMENT
8219,2026-05-01 22:45:00+00:00,H4:SELL_SIDE:644,SELL_SIDE,H4,1.17179,0.00013000000000018552,0.5988367244463159,0.4993348115299335,True,1,CONFIRMED,BEARISH,-0.0016899999999999693,NO_DISPLACEMENT
8224,2026-05-04 00:00:00+00:00,M15:BUY_SIDE:8215,BUY_SIDE,M15,1.17292,0.0018899999999999473,1.1729956958671957,0.18580276322058123,False,-1,WEAK,BEARISH,0.0021899999999999142,NO_DISPLACEMENT
8234,2026-05-04 02:30:00+00:00,M15:SELL_SIDE:8229,SELL_SIDE,M15,1.17266,5.999999999994898e-05,0.8929849589676782,0.3244962884411453,False,-1,WEAK,BULLISH,-0.0021999999999999797,NO_DISPLACEMENT
8240,2026-05-04 04:00:00+00:00,M15:SELL_SIDE:8237,SELL_SIDE,M15,1.17206,6.000000000017103e-05,1.145600878934345,0.8691588785046729,True,1,CONFIRMED,NEUTRAL,-0.0012699999999998823,NO_DISPLACEMENT
8247,2026-05-04 05:45:00+00:00,M15:BUY_SIDE:8244,BUY_SIDE,M15,1.17279,7.00000000000145e-05,0.569277481779948,0.5877494838265658,True,1,CONFIRMED,BEARISH,0.00038999999999989043,NO_DISPLACEMENT
8251,2026-05-04 06:45:00+00:00,M15:BUY_SIDE:8241,BUY_SIDE,M15,1.17291,0.000980000000000203,2.3558308947798596,3.8116788321167885,False,2,CONFIRMED,BULLISH,0.0015000000000000568,NO_DISPLACEMENT
8251,2026-05-04 06:45:00+00:00,M15:BUY_SIDE:8247,BUY_SIDE,M15,1.17286,0.0010300000000000864,2.3558308947798596,3.8116788321167885,False,2,CONFIRMED,BULLISH,0.0015000000000000568,NO_DISPLACEMENT
8260,2026-05-04 09:00:00+00:00,M15:BUY_SIDE:8257,BUY_SIDE,M15,1.17323,0.00032999999999994145,1.0850588742794105,1.6993006993006994,False,2,CONFIRMED,NEUTRAL,0.0008899999999998354,NO_DISPLACEMENT
8263,2026-05-04 09:45:00+00:00,M15:SELL_SIDE:8246,SELL_SIDE,M15,1.17224,0.00017999999999984695,1.8705963343874112,2.195804195804196,True,1,CONFIRMED,BULLISH,5.999999999994898e-05,NO_DISPLACEMENT
8263,2026-05-04 09:45:00+00:00,M15:SELL_SIDE:8250,SELL_SIDE,M15,1.17238,0.00031999999999987594,1.8705963343874112,2.195804195804196,True,1,CONFIRMED,BULLISH,5.999999999994898e-05,NO_DISPLACEMENT
8263,2026-05-04 09:45:00+00:00,M15:SELL_SIDE:8258,SELL_SIDE,M15,1.17254,0.0004799999999998139,1.8705963343874112,2.195804195804196,True,1,CONFIRMED,BULLISH,5.999999999994898e-05,NO_DISPLACEMENT
8266,2026-05-04 10:30:00+00:00,M15:SELL_SIDE:8240,SELL_SIDE,M15,1.172,0.00019999999999997797,1.0603063552007572,1.5419580419580419,False,-1,WEAK,BULLISH,-0.0010099999999999554,NO_DISPLACEMENT
8267,2026-05-04 10:45:00+00:00,H4:SELL_SIDE:647,SELL_SIDE,H4,1.17152,6.999999999979245e-05,1.1616507393135915,1.613733905579399,True,1,CONFIRMED,BULLISH,-0.0008799999999999919,NO_DISPLACEMENT
8276,2026-05-04 13:00:00+00:00,M15:SELL_SIDE:8268,SELL_SIDE,M15,1.17113,0.0018400000000000638,3.3972998387949174,4.183041722745626,False,-1,WEAK,NEUTRAL,-0.0022200000000001108,NO_DISPLACEMENT
8276,2026-05-04 13:00:00+00:00,M15:SELL_SIDE:8273,SELL_SIDE,M15,1.1715,0.0022100000000000453,3.3972998387949174,4.183041722745626,False,-1,WEAK,NEUTRAL,-0.0022200000000001108,NO_DISPLACEMENT
8297,2026-05-04 18:15:00+00:00,M15:SELL_SIDE:8288,SELL_SIDE,M15,1.17019,0.0005800000000000249,2.0960835381463694,2.6259877085162424,False,-1,WEAK,NEUTRAL,-0.0007299999999998974,NO_DISPLACEMENT
8300,2026-05-04 19:00:00+00:00,M15:SELL_SIDE:8277,SELL_SIDE,M15,1.16878,0.00031999999999987594,1.709469711582463,2.117161716171617,False,1,CONFIRMED,NEUTRAL,-0.003030000000000088,NO_DISPLACEMENT
8300,2026-05-04 19:00:00+00:00,M15:SELL_SIDE:8284,SELL_SIDE,M15,1.1691,0.0006399999999999739,1.709469711582463,2.117161716171617,False,-1,WEAK,NEUTRAL,-0.003030000000000088,NO_DISPLACEMENT
8303,2026-05-04 19:45:00+00:00,M15:SELL_SIDE:8097,SELL_SIDE,M15,1.16817,7.999999999985796e-05,0.4859445601820569,0.9453662484823958,True,1,CONFIRMED,NEUTRAL,-0.0031600000000000517,NO_DISPLACEMENT
8311,2026-05-04 21:45:00+00:00,M15:BUY_SIDE:8306,BUY_SIDE,M15,1.16971,5.999999999994898e-05,1.1624014757564418,0.8829745596868884,False,-1,WEAK,NEUTRAL,0.000660000000000105,NO_DISPLACEMENT
8317,2026-05-04 23:15:00+00:00,M15:SELL_SIDE:8309,SELL_SIDE,M15,1.1688,0.0001900000000001345,0.6965116771539382,0.28024439918533606,True,1,CONFIRMED,BULLISH,-0.0003900000000001125,NO_DISPLACEMENT
8320,2026-05-05 00:00:00+00:00,M15:SELL_SIDE:8317,SELL_SIDE,M15,1.16861,0.000140000000000029,1.8648309460064516,0.11784095591264936,True,1,CONFIRMED,NEUTRAL,-0.000180000000000069,NO_DISPLACEMENT
8330,2026-05-05 02:30:00+00:00,M15:BUY_SIDE:8324,BUY_SIDE,M15,1.16924,2.999999999997449e-05,0.4706349043514404,0.14210061782877317,True,1,CONFIRMED,NEUTRAL,0.00032999999999994145,NO_DISPLACEMENT
8333,2026-05-05 03:15:00+00:00,M15:SELL_SIDE:8324,SELL_SIDE,M15,1.16879,0.00019999999999997797,1.5239538147127267,0.44128440366972477,False,-1,WEAK,NEUTRAL,-0.0002900000000001235,NO_DISPLACEMENT
8333,2026-05-05 03:15:00+00:00,M15:SELL_SIDE:8328,SELL_SIDE,M15,1.1689,0.00031000000000003247,1.5239538147127267,0.44128440366972477,False,-1,WEAK,NEUTRAL,-0.0002900000000001235,NO_DISPLACEMENT
8334,2026-05-05 03:30:00+00:00,M15:SELL_SIDE:8320,SELL_SIDE,M15,1.16847,8.999999999992347e-05,0.7331809281436311,0.3145853193517636,True,1,CONFIRMED,BULLISH,-0.00041000000000002146,NO_DISPLACEMENT
8337,2026-05-05 04:15:00+00:00,M15:SELL_SIDE:8304,SELL_SIDE,M15,1.16807,0.00018999999999991246,1.4344483630295228,0.5336249316566429,True,1,CONFIRMED,NEUTRAL,-0.0008399999999999519,NO_DISPLACEMENT
8337,2026-05-05 04:15:00+00:00,M15:SELL_SIDE:8334,SELL_SIDE,M15,1.16838,0.0004999999999999449,1.4344483630295228,0.5336249316566429,False,1,CONFIRMED,NEUTRAL,-0.0008399999999999519,NO_DISPLACEMENT
8347,2026-05-05 06:45:00+00:00,M15:SELL_SIDE:8344,SELL_SIDE,M15,1.16838,0.00011999999999989797,0.7612402029756389,0.7308641975308642,True,1,CONFIRMED,NEUTRAL,0.00022999999999995246,NO_DISPLACEMENT
8351,2026-05-05 07:45:00+00:00,M15:SELL_SIDE:8337,SELL_SIDE,M15,1.16788,0.00022999999999995246,1.8786031886725605,1.511111111111111,False,1,CONFIRMED,BEARISH,-0.0012100000000001554,NO_DISPLACEMENT
8351,2026-05-05 07:45:00+00:00,M15:SELL_SIDE:8347,SELL_SIDE,M15,1.16826,0.0006099999999999994,1.8786031886725605,1.511111111111111,False,3,CONFIRMED,BEARISH,-0.0012100000000001554,NO_DISPLACEMENT
8358,2026-05-05 09:30:00+00:00,M15:BUY_SIDE:8350,BUY_SIDE,M15,1.16873,0.00021999999999988695,1.2014021100657952,2.2718954248366012,True,1,CONFIRMED,BEARISH,0.00021000000000004349,NO_DISPLACEMENT
8360,2026-05-05 10:00:00+00:00,M15:BUY_SIDE:8343,BUY_SIDE,M15,1.16915,0.00016000000000016001,1.5839162941750438,3.2026143790849675,True,1,CONFIRMED,NEUTRAL,0.0005399999999999849,NO_DISPLACEMENT
8362,2026-05-05 10:30:00+00:00,M15:BUY_SIDE:8332,BUY_SIDE,M15,1.16939,0.00026999999999999247,2.137187164818775,3.4248366013071894,True,1,CONFIRMED,NEUTRAL,0.0012900000000000134,NO_DISPLACEMENT
8374,2026-05-05 13:30:00+00:00,M15:BUY_SIDE:8320,BUY_SIDE,M15,1.16975,9.999999999843467e-06,1.5790345175901066,2.267961165048544,True,1,CONFIRMED,NEUTRAL,-0.000220000000000109,NO_DISPLACEMENT
8374,2026-05-05 13:30:00+00:00,M15:BUY_SIDE:8362,BUY_SIDE,M15,1.16966,9.999999999998899e-05,1.5790345175901066,2.267961165048544,True,1,CONFIRMED,NEUTRAL,-0.000220000000000109,NO_DISPLACEMENT
8381,2026-05-05 15:15:00+00:00,M15:BUY_SIDE:8374,BUY_SIDE,M15,1.16976,1.0000000000065512e-05,1.1197423467063645,2.288,True,1,CONFIRMED,NEUTRAL,0.0005999999999999339,NO_DISPLACEMENT
8381,2026-05-05 15:15:00+00:00,M15:BUY_SIDE:8378,BUY_SIDE,M15,1.16945,0.00031999999999987594,1.1197423467063645,2.288,False,1,CONFIRMED,NEUTRAL,0.0005999999999999339,NO_DISPLACEMENT
8384,2026-05-05 16:00:00+00:00,M15:BUY_SIDE:8313,BUY_SIDE,M15,1.17022,0.000140000000000029,1.7857178883291147,1.7529411764705882,True,1,CONFIRMED,BULLISH,0.0011499999999999844,NO_DISPLACEMENT
8384,2026-05-05 16:00:00+00:00,M15:BUY_SIDE:8381,BUY_SIDE,M15,1.16977,0.0005900000000000905,1.7857178883291147,1.7529411764705882,False,3,CONFIRMED,BULLISH,0.0011499999999999844,NO_DISPLACEMENT
8388,2026-05-05 17:00:00+00:00,M15:BUY_SIDE:8385,BUY_SIDE,M15,1.17046,0.00011999999999989797,1.6300689913794923,2.3024830699774266,True,1,CONFIRMED,BULLISH,0.0007699999999999374,NO_DISPLACEMENT
8392,2026-05-05 18:00:00+00:00,M15:BUY_SIDE:8388,BUY_SIDE,M15,1.17058,0.00046999999999997044,0.8868676321632664,1.5581162324649298,False,-1,WEAK,BULLISH,0.0015300000000000313,NO_DISPLACEMENT
8402,2026-05-05 20:30:00+00:00,M15:BUY_SIDE:8399,BUY_SIDE,M15,1.17034,7.00000000000145e-05,0.9588521329489516,0.9018348623853211,True,1,CONFIRMED,NEUTRAL,-0.0006300000000001305,NO_DISPLACEMENT
8409,2026-05-05 22:15:00+00:00,M15:SELL_SIDE:8400,SELL_SIDE,M15,1.16954,7.00000000000145e-05,0.5757070431430226,0.27706422018348625,False,1,CONFIRMED,BULLISH,-0.00039999999999995595,NO_DISPLACEMENT
8409,2026-05-05 22:15:00+00:00,M15:SELL_SIDE:8406,SELL_SIDE,M15,1.16961,0.000140000000000029,0.5757070431430226,0.27706422018348625,False,-1,WEAK,BULLISH,-0.00039999999999995595,NO_DISPLACEMENT
8414,2026-05-05 23:30:00+00:00,M15:SELL_SIDE:8411,SELL_SIDE,M15,1.16932,7.999999999985796e-05,0.4848137681138042,0.14800759013282733,False,-1,WEAK,BEARISH,-0.0006199999999998429,NO_DISPLACEMENT
8416,2026-05-06 00:00:00+00:00,M15:SELL_SIDE:8383,SELL_SIDE,M15,1.16894,0.000180000000000069,1.3473182594662876,0.10656142081894425,True,1,CONFIRMED,BEARISH,-0.000660000000000105,NO_DISPLACEMENT
8416,2026-05-06 00:00:00+00:00,M15:SELL_SIDE:8389,SELL_SIDE,M15,1.16912,0.00035999999999991594,1.3473182594662876,0.10656142081894425,True,1,CONFIRMED,BEARISH,-0.000660000000000105,NO_DISPLACEMENT
8423,2026-05-06 01:45:00+00:00,M15:BUY_SIDE:8402,BUY_SIDE,M15,1.17041,0.0005300000000001415,3.6788005255590477,1.3502415458937198,False,-1,WEAK,BEARISH,0.0010599999999998388,NO_DISPLACEMENT
8423,2026-05-06 01:45:00+00:00,M15:BUY_SIDE:8408,BUY_SIDE,M15,1.17011,0.0008300000000001084,3.6788005255590477,1.3502415458937198,False,-1,WEAK,BEARISH,0.0010599999999998388,NO_DISPLACEMENT
8423,2026-05-06 01:45:00+00:00,M15:BUY_SIDE:8420,BUY_SIDE,M15,1.16951,0.0014300000000000423,3.6788005255590477,1.3502415458937198,False,-1,WEAK,BEARISH,0.0010599999999998388,NO_DISPLACEMENT
8424,2026-05-06 02:00:00+00:00,M15:BUY_SIDE:8272,BUY_SIDE,M15,1.17237,7.00000000000145e-05,3.5489754889672405,1.4492753623188406,True,1,CONFIRMED,NEUTRAL,0.003069999999999906,NO_DISPLACEMENT
8424,2026-05-06 02:00:00+00:00,M15:BUY_SIDE:8290,BUY_SIDE,M15,1.17178,0.0006599999999998829,3.5489754889672405,1.4492753623188406,False,1,CONFIRMED,NEUTRAL,0.003069999999999906,NO_DISPLACEMENT
8424,2026-05-06 02:00:00+00:00,M15:BUY_SIDE:8294,BUY_SIDE,M15,1.17163,0.0008099999999999774,3.5489754889672405,1.4492753623188406,False,3,CONFIRMED,NEUTRAL,0.003069999999999906,NO_DISPLACEMENT
8424,2026-05-06 02:00:00+00:00,M15:BUY_SIDE:8395,BUY_SIDE,M15,1.17135,0.0010900000000000354,3.5489754889672405,1.4492753623188406,False,-1,WEAK,NEUTRAL,0.003069999999999906,NO_DISPLACEMENT
8435,2026-05-06 04:45:00+00:00,M15:BUY_SIDE:8425,BUY_SIDE,M15,1.17253,5.999999999994898e-05,0.9402749710682674,1.0509164969450102,True,1,CONFIRMED,BULLISH,0.00036999999999998145,NO_DISPLACEMENT
8445,2026-05-06 07:15:00+00:00,M15:BUY_SIDE:8435,BUY_SIDE,M15,1.17259,0.00024000000000001798,2.116243553344296,1.7194719471947195,False,-1,WEAK,NEUTRAL,0.0006999999999999229,NO_DISPLACEMENT
8445,2026-05-06 07:15:00+00:00,M15:BUY_SIDE:8442,BUY_SIDE,M15,1.1723,0.0005300000000001415,2.116243553344296,1.7194719471947195,False,-1,WEAK,NEUTRAL,0.0006999999999999229,NO_DISPLACEMENT
8447,2026-05-06 07:45:00+00:00,M15:BUY_SIDE:8251,BUY_SIDE,M15,1.17389,0.00038999999999989043,1.9162210757057723,4.207920792079208,True,1,CONFIRMED,NEUTRAL,0.0018599999999999728,NO_DISPLACEMENT
8447,2026-05-06 07:45:00+00:00,M15:BUY_SIDE:8261,BUY_SIDE,M15,1.17371,0.0005699999999999594,1.9162210757057723,4.207920792079208,True,1,CONFIRMED,NEUTRAL,0.0018599999999999728,NO_DISPLACEMENT
8454,2026-05-06 09:30:00+00:00,M15:SELL_SIDE:8449,SELL_SIDE,M15,1.17299,0.0002500000000000835,1.1554047076666443,1.5115894039735098,True,1,CONFIRMED,NEUTRAL,0.0013399999999998968,NO_DISPLACEMENT
8455,2026-05-06 09:45:00+00:00,M15:BUY_SIDE:8452,BUY_SIDE,M15,1.17351,4.999999999988347e-05,0.8790978170413567,1.2742200328407225,True,1,CONFIRMED,NEUTRAL,0.0005100000000000104,NO_DISPLACEMENT
8457,2026-05-06 10:15:00+00:00,M15:SELL_SIDE:8454,SELL_SIDE,M15,1.17274,0.00010999999999983245,0.8016442161807529,1.6108527131782946,True,1,CONFIRMED,BEARISH,-0.0007199999999998319,NO_DISPLACEMENT
8459,2026-05-06 10:45:00+00:00,M15:BUY_SIDE:8456,BUY_SIDE,M15,1.17368,0.000140000000000029,1.7588506037474982,2.204724409448819,False,1,CONFIRMED,NEUTRAL,0.00045999999999990493,NO_DISPLACEMENT
8462,2026-05-06 11:30:00+00:00,M15:BUY_SIDE:8225,BUY_SIDE,M15,1.1749,5.999999999994898e-05,1.8488242998373006,1.5611038107752957,True,-1,CONFIRMED,NEUTRAL,0.0015300000000000313,NO_DISPLACEMENT
8462,2026-05-06 11:30:00+00:00,M15:BUY_SIDE:8447,BUY_SIDE,M15,1.17428,0.0006800000000000139,1.8488242998373006,1.5611038107752957,False,-1,WEAK,NEUTRAL,0.0015300000000000313,NO_DISPLACEMENT
8466,2026-05-06 12:30:00+00:00,M15:BUY_SIDE:8463,BUY_SIDE,M15,1.17705,0.000320000000000098,1.1515695471605507,1.7330290929834569,False,2,CONFIRMED,NEUTRAL,0.0042999999999999705,NO_DISPLACEMENT
8470,2026-05-06 13:30:00+00:00,M15:BUY_SIDE:8467,BUY_SIDE,M15,1.1777,0.0006999999999999229,1.7545181129211544,1.8094725511302476,False,-1,WEAK,NEUTRAL,0.0049799999999999844,NO_DISPLACEMENT
8471,2026-05-06 13:45:00+00:00,H4:BUY_SIDE:594,BUY_SIDE,H4,1.17908,0.0005800000000000249,1.8901070214490603,2.928609201480698,True,1,CONFIRMED,BULLISH,0.005109999999999948,NO_DISPLACEMENT
8471,2026-05-06 13:45:00+00:00,H4:BUY_SIDE:646,BUY_SIDE,H4,1.17852,0.0011399999999999189,1.8901070214490603,2.928609201480698,False,1,CONFIRMED,BULLISH,0.005109999999999948,NO_DISPLACEMENT
8471,2026-05-06 13:45:00+00:00,M15:BUY_SIDE:7377,BUY_SIDE,M15,1.17861,0.0010499999999999954,1.8901070214490603,2.928609201480698,False,1,CONFIRMED,BULLISH,0.005109999999999948,NO_DISPLACEMENT
8476,2026-05-06 15:00:00+00:00,M15:SELL_SIDE:8469,SELL_SIDE,M15,1.17657,0.0013399999999998968,1.7960111831216483,2.130693069306931,False,-1,WEAK,BULLISH,-0.0014600000000000168,NO_DISPLACEMENT
8480,2026-05-06 16:00:00+00:00,M15:SELL_SIDE:8477,SELL_SIDE,M15,1.17517,0.0005800000000000249,1.3198365272069348,2.3470562195661797,True,-1,CONFIRMED,NEUTRAL,-0.002729999999999899,NO_DISPLACEMENT
8484,2026-05-06 17:00:00+00:00,M15:SELL_SIDE:8480,SELL_SIDE,M15,1.17459,0.0001500000000000945,0.8057178716869859,1.5989032510771641,True,1,CONFIRMED,NEUTRAL,-0.002829999999999888,NO_DISPLACEMENT
8495,2026-05-06 19:45:00+00:00,M15:SELL_SIDE:8484,SELL_SIDE,M15,1.17444,0.00031999999999987594,1.1517845899832906,0.9625668449197861,False,1,CONFIRMED,NEUTRAL,-0.00024000000000001798,NO_DISPLACEMENT
8495,2026-05-06 19:45:00+00:00,M15:SELL_SIDE:8492,SELL_SIDE,M15,1.17484,0.0007200000000000539,1.1517845899832906,0.9625668449197861,False,1,CONFIRMED,NEUTRAL,-0.00024000000000001798,NO_DISPLACEMENT
8512,2026-05-07 00:00:00+00:00,M15:SELL_SIDE:8499,SELL_SIDE,M15,1.17438,9.999999999998899e-05,0.8098409414114108,0.10262436349392871,True,1,CONFIRMED,NEUTRAL,1.999999999990898e-05,NO_DISPLACEMENT
8517,2026-05-07 01:15:00+00:00,M15:BUY_SIDE:8514,BUY_SIDE,M15,1.17507,4.0000000000040004e-05,0.37443484611523015,0.1681212677997244,True,2,CONFIRMED,BEARISH,0.00021999999999988695,NO_DISPLACEMENT
8524,2026-05-07 03:00:00+00:00,M15:BUY_SIDE:8520,BUY_SIDE,M15,1.17519,0.00021000000000004349,1.9680161089227992,1.6940160394818014,False,1,CONFIRMED,NEUTRAL,0.0004199999999998649,NO_DISPLACEMENT
8528,2026-05-07 04:00:00+00:00,M15:BUY_SIDE:8497,BUY_SIDE,M15,1.17555,3.999999999981796e-05,2.115691934071714,1.186556927297668,True,-1,CONFIRMED,BULLISH,0.00029999999999996696,NO_DISPLACEMENT
8528,2026-05-07 04:00:00+00:00,M15:BUY_SIDE:8524,BUY_SIDE,M15,1.1754,0.00018999999999991246,2.115691934071714,1.186556927297668,False,-1,WEAK,BULLISH,0.00029999999999996696,NO_DISPLACEMENT
8530,2026-05-07 04:30:00+00:00,M15:BUY_SIDE:8490,BUY_SIDE,M15,1.17584,0.00042999999999993044,1.5501866748777708,1.0631001371742113,False,2,CONFIRMED,BULLISH,0.001140000000000141,NO_DISPLACEMENT
8531,2026-05-07 04:45:00+00:00,M15:BUY_SIDE:8487,BUY_SIDE,M15,1.17628,5.0000000000105516e-05,1.0824145331018482,0.9227436823104693,True,1,CONFIRMED,BULLISH,0.0010300000000000864,NO_DISPLACEMENT
8536,2026-05-07 06:00:00+00:00,M15:SELL_SIDE:8533,SELL_SIDE,M15,1.17544,0.00019999999999997797,0.9371654243132151,0.7807660961695192,False,-1,WEAK,BULLISH,0.0005399999999999849,NO_DISPLACEMENT
8547,2026-05-07 08:45:00+00:00,M15:BUY_SIDE:8542,BUY_SIDE,M15,1.17535,2.0000000000131024e-05,0.9810146434025595,1.1046511627906976,True,1,CONFIRMED,NEUTRAL,-7.00000000000145e-05,NO_DISPLACEMENT
8548,2026-05-07 09:00:00+00:00,M15:SELL_SIDE:8545,SELL_SIDE,M15,1.17488,9.999999999843467e-06,0.9576129259158908,1.501937984496124,True,2,CONFIRMED,NEUTRAL,-0.00011999999999989797,NO_DISPLACEMENT
8549,2026-05-07 09:15:00+00:00,M15:SELL_SIDE:8540,SELL_SIDE,M15,1.1747,2.999999999997449e-05,1.346364943341958,1.3992248062015504,True,1,CONFIRMED,BULLISH,-9.999999999998899e-05,NO_DISPLACEMENT
8550,2026-05-07 09:30:00+00:00,M15:SELL_SIDE:8523,SELL_SIDE,M15,1.17459,0.00015999999999993797,2.718696623088422,3.0329457364341086,True,1,CONFIRMED,BULLISH,0.0005999999999999339,NO_DISPLACEMENT
8550,2026-05-07 09:30:00+00:00,M15:SELL_SIDE:8528,SELL_SIDE,M15,1.17462,0.00018999999999991246,2.718696623088422,3.0329457364341086,True,1,CONFIRMED,BULLISH,0.0005999999999999339,NO_DISPLACEMENT
8550,2026-05-07 09:30:00+00:00,M15:BUY_SIDE:8547,BUY_SIDE,M15,1.17537,0.00026999999999999247,2.718696623088422,3.0329457364341086,False,1,CONFIRMED,BULLISH,0.0005999999999999339,NO_DISPLACEMENT
8552,2026-05-07 10:00:00+00:00,M15:BUY_SIDE:8531,BUY_SIDE,M15,1.17633,0.00036999999999998145,3.177492007258909,4.0852713178294575,False,-1,WEAK,NEUTRAL,0.0015300000000000313,NO_DISPLACEMENT
8552,2026-05-07 10:00:00+00:00,M15:BUY_SIDE:8535,BUY_SIDE,M15,1.17578,0.0009200000000000319,3.177492007258909,4.0852713178294575,False,-1,WEAK,NEUTRAL,0.0015300000000000313,NO_DISPLACEMENT
8557,2026-05-07 11:15:00+00:00,M15:BUY_SIDE:8553,BUY_SIDE,M15,1.17686,0.00028999999999990145,1.377271114851497,2.614341085271318,False,3,CONFIRMED,NEUTRAL,0.0017800000000001148,NO_DISPLACEMENT
8562,2026-05-07 12:30:00+00:00,M15:BUY_SIDE:8559,BUY_SIDE,M15,1.17741,0.00029999999999996696,1.584504563199904,1.991150442477876,False,1,CONFIRMED,NEUTRAL,0.0009799999999999809,NO_DISPLACEMENT
8567,2026-05-07 13:45:00+00:00,M15:SELL_SIDE:8561,SELL_SIDE,M15,1.17655,9.999999999998899e-05,1.2207488153883224,1.6435087719298245,True,3,CONFIRMED,BULLISH,-0.00025999999999992696,NO_DISPLACEMENT
8585,2026-05-07 18:15:00+00:00,M15:SELL_SIDE:8580,SELL_SIDE,M15,1.17631,5.999999999994898e-05,1.8811913493052743,1.7363028953229398,True,1,CONFIRMED,NEUTRAL,-0.0008200000000000429,NO_DISPLACEMENT
8588,2026-05-07 19:00:00+00:00,M15:SELL_SIDE:8569,SELL_SIDE,M15,1.17619,0.0003500000000000725,1.0801902004407518,1.5608108108108107,False,1,CONFIRMED,NEUTRAL,-0.0013700000000000934,NO_DISPLACEMENT
8593,2026-05-07 20:15:00+00:00,M15:SELL_SIDE:8589,SELL_SIDE,M15,1.17559,0.0009599999999998499,1.8754656287166367,1.5142392188771359,False,-1,WEAK,BEARISH,-0.0028600000000000847,NO_DISPLACEMENT
8594,2026-05-07 20:30:00+00:00,M15:SELL_SIDE:8495,SELL_SIDE,M15,1.17412,0.0005900000000000905,1.8817183350464257,2.136779324055666,True,1,CONFIRMED,BEARISH,-0.002930000000000099,NO_DISPLACEMENT
8594,2026-05-07 20:30:00+00:00,M15:SELL_SIDE:8512,SELL_SIDE,M15,1.17428,0.0007500000000000284,1.8817183350464257,2.136779324055666,True,1,CONFIRMED,BEARISH,-0.002930000000000099,NO_DISPLACEMENT
8594,2026-05-07 20:30:00+00:00,M15:SELL_SIDE:8550,SELL_SIDE,M15,1.17443,0.0009000000000001229,1.8817183350464257,2.136779324055666,False,1,CONFIRMED,BEARISH,-0.002930000000000099,NO_DISPLACEMENT
8601,2026-05-07 22:15:00+00:00,M15:SELL_SIDE:8598,SELL_SIDE,M15,1.17399,0.0003500000000000725,1.6605641122760844,1.6045454545454545,True,1,CONFIRMED,NEUTRAL,-0.0019099999999998563,NO_DISPLACEMENT
8603,2026-05-07 22:45:00+00:00,M15:SELL_SIDE:8594,SELL_SIDE,M15,1.17353,0.00029999999999996696,1.5748690034529707,1.0781547845977888,False,1,CONFIRMED,NEUTRAL,-0.0013600000000000279,NO_DISPLACEMENT
8606,2026-05-07 23:30:00+00:00,M15:SELL_SIDE:8603,SELL_SIDE,M15,1.17323,0.000320000000000098,0.7685314508414859,0.633358954650269,False,-1,WEAK,BEARISH,-0.0018799999999998818,NO_DISPLACEMENT
8607,2026-05-07 23:45:00+00:00,M15:SELL_SIDE:8458,SELL_SIDE,M15,1.17237,0.00010999999999983245,0.8828294668158068,0.5667701863354038,False,1,CONFIRMED,BEARISH,-0.0027999999999999137,NO_DISPLACEMENT
8620,2026-05-08 03:00:00+00:00,M15:BUY_SIDE:8613,BUY_SIDE,M15,1.17315,0.000320000000000098,1.0519451441093688,0.8095049504950496,False,1,CONFIRMED,NEUTRAL,0.00048000000000003595,NO_DISPLACEMENT
8630,2026-05-08 05:30:00+00:00,M15:SELL_SIDE:8616,SELL_SIDE,M15,1.17239,1.0000000000065512e-05,1.3059175742162474,0.9729411764705882,True,1,CONFIRMED,NEUTRAL,-0.0006900000000000794,NO_DISPLACEMENT
8630,2026-05-08 05:30:00+00:00,M15:SELL_SIDE:8621,SELL_SIDE,M15,1.17261,0.00022999999999995246,1.3059175742162474,0.9729411764705882,False,1,CONFIRMED,NEUTRAL,-0.0006900000000000794,NO_DISPLACEMENT
8635,2026-05-08 06:45:00+00:00,M15:BUY_SIDE:8625,BUY_SIDE,M15,1.17336,1.0000000000065512e-05,1.244572754272579,0.5950633755837225,True,1,CONFIRMED,BEARISH,-0.00035999999999991594,NO_DISPLACEMENT
8639,2026-05-08 07:45:00+00:00,M15:BUY_SIDE:8620,BUY_SIDE,M15,1.17347,0.0001100000000000545,0.7955733327304995,0.9680759275237274,False,1,CONFIRMED,BULLISH,0.0005699999999999594,NO_DISPLACEMENT
8639,2026-05-08 07:45:00+00:00,M15:BUY_SIDE:8635,BUY_SIDE,M15,1.17337,0.00021000000000004349,0.7955733327304995,0.9680759275237274,False,-1,WEAK,BULLISH,0.0005699999999999594,NO_DISPLACEMENT
8653,2026-05-08 11:15:00+00:00,M15:BUY_SIDE:8600,BUY_SIDE,M15,1.17542,9.999999999998899e-05,1.9445417267220075,2.0107238605898123,False,-1,WEAK,BULLISH,0.0017700000000000493,NO_DISPLACEMENT
8653,2026-05-08 11:15:00+00:00,M15:BUY_SIDE:8646,BUY_SIDE,M15,1.17482,0.0006999999999999229,1.9445417267220075,2.0107238605898123,False,-1,WEAK,BULLISH,0.0017700000000000493,NO_DISPLACEMENT
8663,2026-05-08 13:45:00+00:00,M15:SELL_SIDE:8659,SELL_SIDE,M15,1.17656,0.00045000000000006146,1.3232664862840315,1.3857729138166894,False,2,CONFIRMED,NEUTRAL,0.0008399999999999519,NO_DISPLACEMENT
8668,2026-05-08 15:00:00+00:00,M15:SELL_SIDE:8663,SELL_SIDE,M15,1.17611,0.00025999999999992696,1.266734756114334,1.5785953177257526,False,1,CONFIRMED,BEARISH,-0.0009700000000001374,NO_DISPLACEMENT
8670,2026-05-08 15:30:00+00:00,H4:BUY_SIDE:669,BUY_SIDE,H4,1.17783,4.0000000000040004e-05,3.1623540698092496,3.4376657824933687,True,1,CONFIRMED,BEARISH,0.0006399999999999739,NO_DISPLACEMENT
8670,2026-05-08 15:30:00+00:00,M15:BUY_SIDE:8575,BUY_SIDE,M15,1.17779,8.000000000008001e-05,3.1623540698092496,3.4376657824933687,True,1,CONFIRMED,BEARISH,0.0006399999999999739,NO_DISPLACEMENT
8670,2026-05-08 15:30:00+00:00,M15:BUY_SIDE:8657,BUY_SIDE,M15,1.17734,0.0005299999999999194,3.1623540698092496,3.4376657824933687,False,2,CONFIRMED,BEARISH,0.0006399999999999739,NO_DISPLACEMENT
8670,2026-05-08 15:30:00+00:00,M15:BUY_SIDE:8660,BUY_SIDE,M15,1.17724,0.0006299999999999084,3.1623540698092496,3.4376657824933687,False,2,CONFIRMED,BEARISH,0.0006399999999999739,NO_DISPLACEMENT
8670,2026-05-08 15:30:00+00:00,M15:BUY_SIDE:8666,BUY_SIDE,M15,1.17688,0.0009900000000000464,3.1623540698092496,3.4376657824933687,False,2,CONFIRMED,BEARISH,0.0006399999999999739,NO_DISPLACEMENT
8673,2026-05-08 16:15:00+00:00,M15:BUY_SIDE:8670,BUY_SIDE,M15,1.17787,1.0000000000065512e-05,1.768304892717653,2.007561436672968,True,3,CONFIRMED,NEUTRAL,0.0014300000000000423,NO_DISPLACEMENT
8684,2026-05-08 19:00:00+00:00,M15:BUY_SIDE:8680,BUY_SIDE,M15,1.17784,1.0000000000065512e-05,0.9640553362558452,1.0458984375,True,1,CONFIRMED,NEUTRAL,-0.0007099999999999884,NO_DISPLACEMENT
8692,2026-05-08 21:00:00+00:00,M15:BUY_SIDE:8684,BUY_SIDE,M15,1.17785,0.00029999999999996696,1.6556860266524693,1.228203906622201,False,1,CONFIRMED,BULLISH,0.0006699999999999484,NO_DISPLACEMENT
8696,2026-05-08 22:00:00+00:00,M15:BUY_SIDE:8692,BUY_SIDE,M15,1.17815,4.999999999988347e-05,0.7677801882721097,0.7001953125,True,3,CONFIRMED,BULLISH,0.0008699999999999264,NO_DISPLACEMENT
8703,2026-05-08 23:45:00+00:00,M15:BUY_SIDE:8674,BUY_SIDE,M15,1.1787,7.00000000000145e-05,0.9752959590532354,0.581270182992465,True,1,CONFIRMED,BULLISH,0.00041000000000002146,NO_DISPLACEMENT
8704,2026-05-11 00:00:00+00:00,M15:SELL_SIDE:8649,SELL_SIDE,M15,1.17412,0.0001900000000001345,2.006238108708675,0.3029960429621255,True,1,CONFIRMED,BULLISH,-0.002610000000000001,NO_DISPLACEMENT
8704,2026-05-11 00:00:00+00:00,M15:SELL_SIDE:8670,SELL_SIDE,M15,1.17574,0.0018100000000000893,2.006238108708675,0.3029960429621255,False,2,CONFIRMED,BULLISH,-0.002610000000000001,NO_DISPLACEMENT
8704,2026-05-11 00:00:00+00:00,M15:SELL_SIDE:8676,SELL_SIDE,M15,1.17661,0.0026800000000000157,2.006238108708675,0.3029960429621255,False,2,CONFIRMED,BULLISH,-0.002610000000000001,NO_DISPLACEMENT
8704,2026-05-11 00:00:00+00:00,M15:SELL_SIDE:8681,SELL_SIDE,M15,1.17663,0.0027000000000001467,2.006238108708675,0.3029960429621255,False,2,CONFIRMED,BULLISH,-0.002610000000000001,NO_DISPLACEMENT
8704,2026-05-11 00:00:00+00:00,M15:SELL_SIDE:8688,SELL_SIDE,M15,1.17697,0.0030400000000001537,2.006238108708675,0.3029960429621255,False,-1,WEAK,BULLISH,-0.002610000000000001,NO_DISPLACEMENT
8704,2026-05-11 00:00:00+00:00,M15:SELL_SIDE:8692,SELL_SIDE,M15,1.17702,0.003090000000000037,2.006238108708675,0.3029960429621255,False,-1,WEAK,BULLISH,-0.002610000000000001,NO_DISPLACEMENT
8704,2026-05-11 00:00:00+00:00,M15:SELL_SIDE:8695,SELL_SIDE,M15,1.17742,0.003489999999999993,2.006238108708675,0.3029960429621255,False,-1,WEAK,BULLISH,-0.002610000000000001,NO_DISPLACEMENT
8704,2026-05-11 00:00:00+00:00,M15:SELL_SIDE:8699,SELL_SIDE,M15,1.17764,0.003710000000000102,2.006238108708675,0.3029960429621255,False,-1,WEAK,BULLISH,-0.002610000000000001,NO_DISPLACEMENT
8714,2026-05-11 02:30:00+00:00,M15:BUY_SIDE:8706,BUY_SIDE,M15,1.17689,4.0000000000040004e-05,0.5244055031656193,0.3464684014869889,False,1,CONFIRMED,BEARISH,0.0017000000000000348,NO_DISPLACEMENT
8720,2026-05-11 04:00:00+00:00,M15:SELL_SIDE:8716,SELL_SIDE,M15,1.17655,8.999999999992347e-05,1.0965250867494367,1.1836065573770491,True,1,CONFIRMED,BULLISH,0.00039999999999995595,NO_DISPLACEMENT
8727,2026-05-11 05:45:00+00:00,M15:SELL_SIDE:8723,SELL_SIDE,M15,1.17607,0.00018999999999991246,0.6509264867259632,0.8446351931330472,False,-1,WEAK,NEUTRAL,-0.0011299999999998533,NO_DISPLACEMENT
8739,2026-05-11 08:45:00+00:00,M15:SELL_SIDE:8736,SELL_SIDE,M15,1.17494,0.0001900000000001345,0.9444861526581081,1.204733727810651,True,1,CONFIRMED,BEARISH,-0.0007099999999999884,NO_DISPLACEMENT
8743,2026-05-11 09:45:00+00:00,M15:BUY_SIDE:8726,BUY_SIDE,M15,1.17662,0.00018999999999991246,1.6174484018056612,1.696174863387978,False,-1,WEAK,BEARISH,0.0013199999999999878,NO_DISPLACEMENT
8745,2026-05-11 10:15:00+00:00,M15:BUY_SIDE:8718,BUY_SIDE,M15,1.17719,0.00026999999999999247,1.7286789772639415,2.445901639344262,True,1,CONFIRMED,BEARISH,0.0020799999999998597,NO_DISPLACEMENT
8748,2026-05-11 11:00:00+00:00,M15:BUY_SIDE:8745,BUY_SIDE,M15,1.17746,0.00017000000000000348,1.0449619768050031,1.8938775510204082,False,3,CONFIRMED,NEUTRAL,0.0025100000000000122,NO_DISPLACEMENT
8763,2026-05-11 14:45:00+00:00,M15:SELL_SIDE:8756,SELL_SIDE,M15,1.1764,9.999999999998899e-05,2.1598621976832857,1.6104746317512275,True,1,CONFIRMED,NEUTRAL,-0.00026999999999999247,NO_DISPLACEMENT
8768,2026-05-11 16:00:00+00:00,M15:BUY_SIDE:8749,BUY_SIDE,M15,1.17821,0.00031000000000003247,1.857634155282293,2.08,False,-1,WEAK,BEARISH,0.0011700000000001154,NO_DISPLACEMENT
8768,2026-05-11 16:00:00+00:00,M15:BUY_SIDE:8761,BUY_SIDE,M15,1.17746,0.001060000000000061,1.857634155282293,2.08,False,-1,WEAK,BEARISH,0.0011700000000001154,NO_DISPLACEMENT
8774,2026-05-11 17:30:00+00:00,H4:BUY_SIDE:677,BUY_SIDE,H4,1.17877,9.999999999843467e-06,1.189083982721157,1.8194993412384717,True,1,CONFIRMED,NEUTRAL,0.0019900000000001583,NO_DISPLACEMENT
8779,2026-05-11 18:45:00+00:00,M15:SELL_SIDE:8775,SELL_SIDE,M15,1.17778,0.0001500000000000945,0.8888157403381318,1.8879415347137638,True,1,CONFIRMED,BULLISH,-0.00034000000000000696,NO_DISPLACEMENT
8797,2026-05-11 23:15:00+00:00,M15:BUY_SIDE:8789,BUY_SIDE,M15,1.17804,5.0000000000105516e-05,0.876472477869317,0.5331724969843185,True,-1,CONFIRMED,NEUTRAL,0.00024000000000001798,NO_DISPLACEMENT
8800,2026-05-12 00:00:00+00:00,M15:SELL_SIDE:8792,SELL_SIDE,M15,1.17731,0.00021000000000004349,2.7244123719401614,0.15773259396179914,True,1,CONFIRMED,NEUTRAL,0.000700000000000145,NO_DISPLACEMENT
8800,2026-05-12 00:00:00+00:00,M15:SELL_SIDE:8796,SELL_SIDE,M15,1.17738,0.000280000000000058,2.7244123719401614,0.15773259396179914,True,1,CONFIRMED,NEUTRAL,0.000700000000000145,NO_DISPLACEMENT
8815,2026-05-12 03:45:00+00:00,M15:SELL_SIDE:8784,SELL_SIDE,M15,1.17703,0.0005100000000000104,1.9555425491664826,1.2420091324200913,False,-1,WEAK,NEUTRAL,-0.0019899999999999363,NO_DISPLACEMENT
8815,2026-05-12 03:45:00+00:00,M15:SELL_SIDE:8800,SELL_SIDE,M15,1.1771,0.0005800000000000249,1.9555425491664826,1.2420091324200913,False,-1,WEAK,NEUTRAL,-0.0019899999999999363,NO_DISPLACEMENT
8817,2026-05-12 04:15:00+00:00,M15:SELL_SIDE:8763,SELL_SIDE,M15,1.1763,0.00017000000000000348,1.019804305742416,1.2876712328767124,False,-1,WEAK,NEUTRAL,-0.0023100000000000342,NO_DISPLACEMENT
8824,2026-05-12 06:00:00+00:00,M15:SELL_SIDE:8821,SELL_SIDE,M15,1.17589,0.000140000000000029,1.2629002765555934,0.8662790697674418,False,-1,WEAK,BULLISH,-0.0012899999999997913,NO_DISPLACEMENT
8825,2026-05-12 06:15:00+00:00,M15:SELL_SIDE:8818,SELL_SIDE,M15,1.17572,0.00012000000000012001,0.7489670776945316,0.671219512195122,False,1,CONFIRMED,NEUTRAL,-0.0010099999999999554,NO_DISPLACEMENT
8832,2026-05-12 08:00:00+00:00,M15:SELL_SIDE:8827,SELL_SIDE,M15,1.17537,0.0001900000000001345,1.5897144287499065,1.4769921436588103,False,1,CONFIRMED,BEARISH,-0.0006800000000000139,NO_DISPLACEMENT
8835,2026-05-12 08:45:00+00:00,M15:BUY_SIDE:8823,BUY_SIDE,M15,1.17645,0.0003500000000000725,2.6594794327413767,2.053872053872054,True,1,CONFIRMED,BEARISH,0.0005500000000000504,NO_DISPLACEMENT
8835,2026-05-12 08:45:00+00:00,M15:BUY_SIDE:8831,BUY_SIDE,M15,1.17597,0.0008300000000001084,2.6594794327413767,2.053872053872054,False,1,CONFIRMED,BEARISH,0.0005500000000000504,NO_DISPLACEMENT
8837,2026-05-12 09:15:00+00:00,M15:SELL_SIDE:8833,SELL_SIDE,M15,1.17516,1.999999999990898e-05,1.3506218389404097,2.084726867335563,True,1,CONFIRMED,NEUTRAL,-6.000000000017103e-05,NO_DISPLACEMENT
8840,2026-05-12 10:00:00+00:00,M15:SELL_SIDE:8739,SELL_SIDE,M15,1.17475,0.00034000000000000696,1.1918041528122367,2.918617614269788,False,1,CONFIRMED,NEUTRAL,-0.0012399999999999078,NO_DISPLACEMENT
8843,2026-05-12 10:45:00+00:00,M15:SELL_SIDE:8840,SELL_SIDE,M15,1.17441,0.00011999999999989797,0.9154443854365919,2.515846994535519,True,2,CONFIRMED,NEUTRAL,-0.000700000000000145,NO_DISPLACEMENT
8846,2026-05-12 11:30:00+00:00,H4:SELL_SIDE:678,SELL_SIDE,H4,1.17393,7.00000000000145e-05,1.5267398394963605,2.3515541264737405,True,1,CONFIRMED,NEUTRAL,-0.0015400000000000968,NO_DISPLACEMENT
8850,2026-05-12 12:30:00+00:00,M15:BUY_SIDE:8845,BUY_SIDE,M15,1.17504,0.00011999999999989797,1.2654773578527894,2.5902578796561606,True,1,CONFIRMED,BEARISH,-0.00021000000000004349,NO_DISPLACEMENT
8856,2026-05-12 14:00:00+00:00,M15:SELL_SIDE:8846,SELL_SIDE,M15,1.17386,0.00043999999999999595,1.7398606189395762,2.0319535221496006,True,1,CONFIRMED,BEARISH,-7.00000000000145e-05,NO_DISPLACEMENT
8863,2026-05-12 15:45:00+00:00,M15:BUY_SIDE:8854,BUY_SIDE,M15,1.1749,7.999999999985796e-05,1.0466756002157005,1.7589073634204275,True,1,CONFIRMED,BEARISH,-3.999999999981796e-05,NO_DISPLACEMENT
8863,2026-05-12 15:45:00+00:00,M15:BUY_SIDE:8859,BUY_SIDE,M15,1.17482,0.00015999999999993797,1.0466756002157005,1.7589073634204275,True,1,CONFIRMED,BEARISH,-3.999999999981796e-05,NO_DISPLACEMENT
8865,2026-05-12 16:15:00+00:00,M15:SELL_SIDE:8856,SELL_SIDE,M15,1.17342,0.00013999999999980695,1.1736066532535132,1.7044444444444444,True,1,CONFIRMED,NEUTRAL,-0.00010000000000021103,NO_DISPLACEMENT
8865,2026-05-12 16:15:00+00:00,M15:SELL_SIDE:8862,SELL_SIDE,M15,1.17358,0.00029999999999996696,1.1736066532535132,1.7044444444444444,True,1,CONFIRMED,NEUTRAL,-0.00010000000000021103,NO_DISPLACEMENT
8867,2026-05-12 16:45:00+00:00,M15:SELL_SIDE:8637,SELL_SIDE,M15,1.17264,2.999999999997449e-05,1.7760552320610115,1.651175505740842,True,1,CONFIRMED,BULLISH,-0.0011600000000000499,NO_DISPLACEMENT
8873,2026-05-12 18:15:00+00:00,H4:SELL_SIDE:671,SELL_SIDE,H4,1.17226,0.00016000000000016001,1.0672077699155493,1.5,True,1,CONFIRMED,NEUTRAL,-0.0023699999999999832,NO_DISPLACEMENT
8873,2026-05-12 18:15:00+00:00,M15:SELL_SIDE:8610,SELL_SIDE,M15,1.1723,0.00019999999999997797,1.0672077699155493,1.5,True,1,CONFIRMED,NEUTRAL,-0.0023699999999999832,NO_DISPLACEMENT
8873,2026-05-12 18:15:00+00:00,M15:SELL_SIDE:8630,SELL_SIDE,M15,1.17238,0.000280000000000058,1.0672077699155493,1.5,True,1,CONFIRMED,NEUTRAL,-0.0023699999999999832,NO_DISPLACEMENT
8873,2026-05-12 18:15:00+00:00,M15:SELL_SIDE:8867,SELL_SIDE,M15,1.17261,0.0005100000000000104,1.0672077699155493,1.5,False,1,CONFIRMED,NEUTRAL,-0.0023699999999999832,NO_DISPLACEMENT
8876,2026-05-12 19:00:00+00:00,M15:BUY_SIDE:8872,BUY_SIDE,M15,1.17365,7.999999999985796e-05,0.8817155781736778,1.1072088724584104,False,1,CONFIRMED,BEARISH,5.999999999994898e-05,NO_DISPLACEMENT
8886,2026-05-12 21:30:00+00:00,M15:BUY_SIDE:8877,BUY_SIDE,M15,1.17386,3.0000000000196536e-05,0.5798566217765307,0.6442396313364055,False,-1,WEAK,BULLISH,0.00015999999999993797,NO_DISPLACEMENT
8904,2026-05-13 02:00:00+00:00,M15:BUY_SIDE:8895,BUY_SIDE,M15,1.17407,4.0000000000040004e-05,0.7138540559425817,0.21366459627329193,True,1,CONFIRMED,NEUTRAL,5.999999999994898e-05,NO_DISPLACEMENT
8904,2026-05-13 02:00:00+00:00,M15:BUY_SIDE:8899,BUY_SIDE,M15,1.17402,8.999999999992347e-05,0.7138540559425817,0.21366459627329193,True,1,CONFIRMED,NEUTRAL,5.999999999994898e-05,NO_DISPLACEMENT
8908,2026-05-13 03:00:00+00:00,M15:SELL_SIDE:8896,SELL_SIDE,M15,1.1733,0.00012000000000012001,1.5896712245076488,0.9869186046511628,True,1,CONFIRMED,BULLISH,-0.00041000000000002146,NO_DISPLACEMENT
8913,2026-05-13 04:15:00+00:00,M15:SELL_SIDE:8908,SELL_SIDE,M15,1.17318,0.00011999999999989797,1.7837578094761446,0.962278675904542,True,1,CONFIRMED,NEUTRAL,-0.00017999999999984695,NO_DISPLACEMENT
8915,2026-05-13 04:45:00+00:00,M15:BUY_SIDE:8904,BUY_SIDE,M15,1.17411,5.999999999994898e-05,1.1503675066753216,0.8170829975825947,True,1,CONFIRMED,NEUTRAL,2.999999999997449e-05,NO_DISPLACEMENT
8926,2026-05-13 07:30:00+00:00,M15:SELL_SIDE:8920,SELL_SIDE,M15,1.17316,2.999999999997449e-05,0.7928399519824763,0.8710059171597633,True,1,CONFIRMED,NEUTRAL,-0.00042999999999993044,NO_DISPLACEMENT
8932,2026-05-13 09:00:00+00:00,M15:SELL_SIDE:8880,SELL_SIDE,M15,1.17262,1.0000000000065512e-05,2.0914230647901975,1.9107611548556431,True,1,CONFIRMED,BEARISH,-0.0008999999999999009,NO_DISPLACEMENT
8932,2026-05-13 09:00:00+00:00,M15:SELL_SIDE:8884,SELL_SIDE,M15,1.17284,0.0002300000000001745,2.0914230647901975,1.9107611548556431,False,-1,WEAK,BEARISH,-0.0008999999999999009,NO_DISPLACEMENT
8932,2026-05-13 09:00:00+00:00,M15:SELL_SIDE:8913,SELL_SIDE,M15,1.17306,0.00045000000000006146,2.0914230647901975,1.9107611548556431,False,-1,WEAK,BEARISH,-0.0008999999999999009,NO_DISPLACEMENT
8932,2026-05-13 09:00:00+00:00,M15:SELL_SIDE:8926,SELL_SIDE,M15,1.17313,0.000520000000000076,2.0914230647901975,1.9107611548556431,False,-1,WEAK,BEARISH,-0.0008999999999999009,NO_DISPLACEMENT
8935,2026-05-13 09:45:00+00:00,H4:SELL_SIDE:688,SELL_SIDE,H4,1.1721,0.00035999999999991594,1.7901547977520933,2.215223097112861,False,-1,WEAK,BEARISH,-0.0013900000000000023,NO_DISPLACEMENT
8938,2026-05-13 10:30:00+00:00,M15:SELL_SIDE:8429,SELL_SIDE,M15,1.17103,2.999999999997449e-05,1.6520383300690245,1.9973753280839894,True,3,CONFIRMED,BEARISH,-0.0022899999999999032,NO_DISPLACEMENT
8938,2026-05-13 10:30:00+00:00,M15:SELL_SIDE:8439,SELL_SIDE,M15,1.17148,0.00048000000000003595,1.6520383300690245,1.9973753280839894,False,-1,WEAK,BEARISH,-0.0022899999999999032,NO_DISPLACEMENT
8938,2026-05-13 10:30:00+00:00,M15:SELL_SIDE:8444,SELL_SIDE,M15,1.17153,0.0005299999999999194,1.6520383300690245,1.9973753280839894,False,-1,WEAK,BEARISH,-0.0022899999999999032,NO_DISPLACEMENT
8943,2026-05-13 11:45:00+00:00,M15:SELL_SIDE:8940,SELL_SIDE,M15,1.17043,0.00042000000000008697,1.270863926501954,2.624203821656051,False,-1,WEAK,BEARISH,-0.0023500000000000743,NO_DISPLACEMENT
8969,2026-05-13 18:15:00+00:00,M15:BUY_SIDE:8964,BUY_SIDE,M15,1.17125,8.000000000008001e-05,1.032966059926013,1.0356926799758015,True,2,CONFIRMED,NEUTRAL,0.0009200000000000319,NO_DISPLACEMENT
8973,2026-05-13 19:15:00+00:00,M15:BUY_SIDE:8954,BUY_SIDE,M15,1.17172,2.999999999997449e-05,1.368089543799318,1.2999417588817705,True,1,CONFIRMED,BULLISH,0.0006499999999998174,NO_DISPLACEMENT
8973,2026-05-13 19:15:00+00:00,M15:BUY_SIDE:8970,BUY_SIDE,M15,1.17162,0.00012999999999996348,1.368089543799318,1.2999417588817705,False,1,CONFIRMED,BULLISH,0.0006499999999998174,NO_DISPLACEMENT
8978,2026-05-13 20:30:00+00:00,M15:SELL_SIDE:8975,SELL_SIDE,M15,1.1707,9.000000000014552e-05,0.6589096160095826,0.7370838117106774,True,-1,CONFIRMED,BULLISH,-0.0001500000000000945,NO_DISPLACEMENT
8989,2026-05-13 23:15:00+00:00,M15:BUY_SIDE:8986,BUY_SIDE,M15,1.1713,1.999999999990898e-05,0.5230952911253723,0.39667458432304037,True,-1,CONFIRMED,NEUTRAL,0.0007900000000000684,NO_DISPLACEMENT
8992,2026-05-14 00:00:00+00:00,M15:SELL_SIDE:8983,SELL_SIDE,M15,1.17035,2.999999999997449e-05,2.587242526888065,0.31732522796352586,True,1,CONFIRMED,NEUTRAL,0.0006999999999999229,NO_DISPLACEMENT
8992,2026-05-14 00:00:00+00:00,M15:SELL_SIDE:8988,SELL_SIDE,M15,1.1708,0.00048000000000003595,2.587242526888065,0.31732522796352586,True,1,CONFIRMED,NEUTRAL,0.0006999999999999229,NO_DISPLACEMENT
8997,2026-05-14 01:15:00+00:00,M15:BUY_SIDE:8974,BUY_SIDE,M15,1.17179,1.999999999990898e-05,0.4370450971270657,0.31708991077556625,True,2,CONFIRMED,BEARISH,0.0007900000000000684,NO_DISPLACEMENT
9011,2026-05-14 04:45:00+00:00,M15:SELL_SIDE:9004,SELL_SIDE,M15,1.17136,0.00017000000000000348,1.596574986620984,0.7537878787878788,True,2,CONFIRMED,NEUTRAL,-0.00028999999999990145,NO_DISPLACEMENT
9011,2026-05-14 04:45:00+00:00,M15:SELL_SIDE:9008,SELL_SIDE,M15,1.17139,0.00019999999999997797,1.596574986620984,0.7537878787878788,False,-1,WEAK,NEUTRAL,-0.00028999999999990145,NO_DISPLACEMENT
9023,2026-05-14 07:45:00+00:00,M15:BUY_SIDE:9020,BUY_SIDE,M15,1.17166,6.000000000017103e-05,1.127111930657905,1.0133333333333334,True,1,CONFIRMED,NEUTRAL,5.0000000000105516e-05,NO_DISPLACEMENT
9027,2026-05-14 08:45:00+00:00,M15:SELL_SIDE:9020,SELL_SIDE,M15,1.17109,8.999999999992347e-05,1.8072412737073569,1.651022864019254,False,2,CONFIRMED,BULLISH,-0.0003900000000001125,NO_DISPLACEMENT
9028,2026-05-14 09:00:00+00:00,M15:SELL_SIDE:9016,SELL_SIDE,M15,1.1709,0.0002500000000000835,1.6332476877258246,1.4296028880866427,False,1,CONFIRMED,BULLISH,-0.0006399999999999739,NO_DISPLACEMENT
9031,2026-05-14 09:45:00+00:00,M15:BUY_SIDE:8998,BUY_SIDE,M15,1.17185,0.00028999999999990145,1.755431481816167,3.11913357400722,True,1,CONFIRMED,BEARISH,0.000300000000000189,NO_DISPLACEMENT
9031,2026-05-14 09:45:00+00:00,M15:BUY_SIDE:9010,BUY_SIDE,M15,1.17176,0.00038000000000004697,1.755431481816167,3.11913357400722,False,1,CONFIRMED,BEARISH,0.000300000000000189,NO_DISPLACEMENT
9031,2026-05-14 09:45:00+00:00,M15:BUY_SIDE:9023,BUY_SIDE,M15,1.17172,0.0004199999999998649,1.755431481816167,3.11913357400722,False,1,CONFIRMED,BEARISH,0.000300000000000189,NO_DISPLACEMENT
9031,2026-05-14 09:45:00+00:00,M15:BUY_SIDE:9027,BUY_SIDE,M15,1.1716,0.0005399999999999849,1.755431481816167,3.11913357400722,False,1,CONFIRMED,BEARISH,0.000300000000000189,NO_DISPLACEMENT
9035,2026-05-14 10:45:00+00:00,M15:SELL_SIDE:9028,SELL_SIDE,M15,1.17065,0.00011999999999989797,2.134270793550266,1.9350180505415162,True,1,CONFIRMED,NEUTRAL,-0.0005699999999999594,NO_DISPLACEMENT
9046,2026-05-14 13:30:00+00:00,M15:SELL_SIDE:9042,SELL_SIDE,M15,1.17051,8.999999999992347e-05,1.3316868883364776,1.3871983210912906,True,1,CONFIRMED,NEUTRAL,-9.000000000014552e-05,NO_DISPLACEMENT
9048,2026-05-14 14:00:00+00:00,M15:SELL_SIDE:9036,SELL_SIDE,M15,1.17042,7.00000000000145e-05,1.0512308593648327,1.7124658780709736,True,1,CONFIRMED,NEUTRAL,-0.00019999999999997797,NO_DISPLACEMENT
9050,2026-05-14 14:30:00+00:00,M15:SELL_SIDE:8967,SELL_SIDE,M15,1.17021,0.000280000000000058,1.2051826393108935,1.2908777969018932,False,2,CONFIRMED,NEUTRAL,-0.0010599999999998388,NO_DISPLACEMENT
9050,2026-05-14 14:30:00+00:00,M15:SELL_SIDE:8980,SELL_SIDE,M15,1.17028,0.0003500000000000725,1.2051826393108935,1.2908777969018932,False,2,CONFIRMED,NEUTRAL,-0.0010599999999998388,NO_DISPLACEMENT
9050,2026-05-14 14:30:00+00:00,M15:SELL_SIDE:8992,SELL_SIDE,M15,1.17032,0.0003900000000001125,1.2051826393108935,1.2908777969018932,False,2,CONFIRMED,NEUTRAL,-0.0010599999999998388,NO_DISPLACEMENT
9054,2026-05-14 15:30:00+00:00,M15:SELL_SIDE:8958,SELL_SIDE,M15,1.16971,0.0001900000000001345,1.8385001579915774,1.461187214611872,False,2,CONFIRMED,BEARISH,-0.0013299999999998313,NO_DISPLACEMENT
9054,2026-05-14 15:30:00+00:00,M15:SELL_SIDE:9050,SELL_SIDE,M15,1.16993,0.00041000000000002146,1.8385001579915774,1.461187214611872,False,-1,WEAK,BEARISH,-0.0013299999999998313,NO_DISPLACEMENT
9056,2026-05-14 16:00:00+00:00,H4:SELL_SIDE:693,SELL_SIDE,H4,1.16948,0.000180000000000069,1.0725284132946447,1.5584604212055193,True,-1,CONFIRMED,BEARISH,-0.0008599999999998609,NO_DISPLACEMENT
9058,2026-05-14 16:30:00+00:00,H4:SELL_SIDE:660,SELL_SIDE,H4,1.16876,0.00024000000000001798,1.696269001325821,2.1425689307330194,True,1,CONFIRMED,BEARISH,-0.0014199999999999768,NO_DISPLACEMENT
9058,2026-05-14 16:30:00+00:00,M15:SELL_SIDE:8422,SELL_SIDE,M15,1.16914,0.0006200000000000649,1.696269001325821,2.1425689307330194,True,2,CONFIRMED,BEARISH,-0.0014199999999999768,NO_DISPLACEMENT
9063,2026-05-14 17:45:00+00:00,M15:SELL_SIDE:8357,SELL_SIDE,M15,1.16794,0.000140000000000029,2.568318510123286,2.623969562460368,False,-1,WEAK,BEARISH,-0.0025900000000000922,NO_DISPLACEMENT
9063,2026-05-14 17:45:00+00:00,M15:SELL_SIDE:8369,SELL_SIDE,M15,1.1681,0.00029999999999996696,2.568318510123286,2.623969562460368,False,-1,WEAK,BEARISH,-0.0025900000000000922,NO_DISPLACEMENT
9063,2026-05-14 17:45:00+00:00,M15:SELL_SIDE:8377,SELL_SIDE,M15,1.16823,0.0004300000000001525,2.568318510123286,2.623969562460368,False,-1,WEAK,BEARISH,-0.0025900000000000922,NO_DISPLACEMENT
9063,2026-05-14 17:45:00+00:00,M15:SELL_SIDE:8380,SELL_SIDE,M15,1.16843,0.0006300000000001305,2.568318510123286,2.623969562460368,False,-1,WEAK,BEARISH,-0.0025900000000000922,NO_DISPLACEMENT
9063,2026-05-14 17:45:00+00:00,M15:SELL_SIDE:9058,SELL_SIDE,M15,1.16852,0.0007200000000000539,2.568318510123286,2.623969562460368,False,-1,WEAK,BEARISH,-0.0025900000000000922,NO_DISPLACEMENT
9064,2026-05-14 18:00:00+00:00,H4:SELL_SIDE:656,SELL_SIDE,H4,1.16761,0.000360000000000138,1.1582228328231379,2.3252032520325203,False,3,CONFIRMED,BEARISH,-0.0020700000000000163,NO_DISPLACEMENT
9064,2026-05-14 18:00:00+00:00,M15:SELL_SIDE:8080,SELL_SIDE,M15,1.16732,7.00000000000145e-05,1.1582228328231379,2.3252032520325203,True,1,CONFIRMED,BEARISH,-0.0020700000000000163,NO_DISPLACEMENT
9070,2026-05-14 19:30:00+00:00,M15:SELL_SIDE:9065,SELL_SIDE,M15,1.16705,8.999999999992347e-05,0.8719444679533626,1.1553344389165285,True,1,CONFIRMED,BEARISH,-0.0022999999999999687,NO_DISPLACEMENT
9081,2026-05-14 22:15:00+00:00,M15:SELL_SIDE:9078,SELL_SIDE,M15,1.1673,1.999999999990898e-05,0.8674691845748068,0.5395245992260918,True,-1,CONFIRMED,NEUTRAL,-0.00031999999999987594,NO_DISPLACEMENT
9082,2026-05-14 22:30:00+00:00,M15:SELL_SIDE:9070,SELL_SIDE,M15,1.16696,2.999999999997449e-05,1.0778435143780443,0.6927811975377728,True,1,CONFIRMED,NEUTRAL,-0.0006399999999999739,NO_DISPLACEMENT
9088,2026-05-15 00:00:00+00:00,M15:SELL_SIDE:9085,SELL_SIDE,M15,1.16649,2.999999999997449e-05,1.1392055940843124,0.17925591882750846,True,1,CONFIRMED,BEARISH,-0.0008099999999999774,NO_DISPLACEMENT
9096,2026-05-15 02:00:00+00:00,M15:SELL_SIDE:9088,SELL_SIDE,M15,1.16646,0.0001900000000001345,1.6806367776106035,0.3594847775175644,False,-1,WEAK,NEUTRAL,-0.00041000000000002146,NO_DISPLACEMENT
9096,2026-05-15 02:00:00+00:00,M15:SELL_SIDE:9093,SELL_SIDE,M15,1.16675,0.00048000000000003595,1.6806367776106035,0.3594847775175644,False,-1,WEAK,NEUTRAL,-0.00041000000000002146,NO_DISPLACEMENT
9100,2026-05-15 03:00:00+00:00,M15:SELL_SIDE:8068,SELL_SIDE,M15,1.16577,0.0001100000000000545,1.5027395367847027,1.1001939237233356,True,1,CONFIRMED,NEUTRAL,-0.0009500000000000064,NO_DISPLACEMENT
9102,2026-05-15 03:30:00+00:00,H4:SELL_SIDE:637,SELL_SIDE,H4,1.16543,0.00018999999999991246,1.549659529228364,0.9922915206727401,False,1,CONFIRMED,NEUTRAL,-0.0014700000000000824,NO_DISPLACEMENT
9102,2026-05-15 03:30:00+00:00,M15:SELL_SIDE:6629,SELL_SIDE,M15,1.1654,0.00015999999999993797,1.549659529228364,0.9922915206727401,True,1,CONFIRMED,NEUTRAL,-0.0014700000000000824,NO_DISPLACEMENT
9105,2026-05-15 04:15:00+00:00,M15:SELL_SIDE:6609,SELL_SIDE,M15,1.16498,0.00010999999999983245,1.4892785464770237,1.308868501529052,False,1,CONFIRMED,NEUTRAL,-0.0020500000000001073,NO_DISPLACEMENT
9118,2026-05-15 07:30:00+00:00,M15:SELL_SIDE:9114,SELL_SIDE,M15,1.16489,1.999999999990898e-05,0.8049569444916989,0.9305019305019305,True,-1,CONFIRMED,NEUTRAL,0.00012999999999996348,NO_DISPLACEMENT
9119,2026-05-15 07:45:00+00:00,M15:SELL_SIDE:9106,SELL_SIDE,M15,1.16455,1.0000000000065512e-05,1.0290466758491754,1.083011583011583,True,2,CONFIRMED,NEUTRAL,-0.0003900000000001125,NO_DISPLACEMENT
9120,2026-05-15 08:00:00+00:00,H4:SELL_SIDE:545,SELL_SIDE,H4,1.16434,9.999999999998899e-05,1.232491738753841,1.9324324324324325,True,1,CONFIRMED,NEUTRAL,-0.0008500000000000174,NO_DISPLACEMENT
9123,2026-05-15 08:45:00+00:00,M15:SELL_SIDE:9120,SELL_SIDE,M15,1.16424,0.0010900000000000354,2.6403679377159546,2.942084942084942,False,-1,WEAK,BEARISH,-0.0019700000000000273,NO_DISPLACEMENT
9128,2026-05-15 10:00:00+00:00,M15:SELL_SIDE:9123,SELL_SIDE,M15,1.16315,5.999999999994898e-05,2.3323651665904386,3.2823418319169027,True,1,CONFIRMED,BEARISH,-0.0005899999999998684,NO_DISPLACEMENT
9133,2026-05-15 11:15:00+00:00,M15:SELL_SIDE:9128,SELL_SIDE,M15,1.16309,0.00011999999999989797,0.8308483284388049,2.237676056338028,True,1,CONFIRMED,BEARISH,0.0,NO_DISPLACEMENT
9141,2026-05-15 13:15:00+00:00,M15:BUY_SIDE:9135,BUY_SIDE,M15,1.16364,0.00042000000000008697,1.1841993678223925,1.5625427204374573,False,-1,WEAK,BEARISH,7.00000000000145e-05,NO_DISPLACEMENT
9143,2026-05-15 13:45:00+00:00,M15:BUY_SIDE:9129,BUY_SIDE,M15,1.16489,0.0006500000000000394,1.568673614867047,2.6830697129466903,False,1,CONFIRMED,BEARISH,0.0016399999999998638,NO_DISPLACEMENT
9157,2026-05-15 17:15:00+00:00,M15:BUY_SIDE:9153,BUY_SIDE,M15,1.16322,0.0005500000000000504,1.4691194022218257,1.8087986463620982,False,1,CONFIRMED,BEARISH,7.00000000000145e-05,NO_DISPLACEMENT
9174,2026-05-15 21:30:00+00:00,M15:SELL_SIDE:9137,SELL_SIDE,M15,1.16168,1.0000000000065512e-05,0.8249567074214614,0.6637096774193548,True,1,CONFIRMED,NEUTRAL,-0.00041000000000002146,NO_DISPLACEMENT
9174,2026-05-15 21:30:00+00:00,M15:SELL_SIDE:9151,SELL_SIDE,M15,1.1618,0.00012999999999996348,0.8249567074214614,0.6637096774193548,True,1,CONFIRMED,NEUTRAL,-0.00041000000000002146,NO_DISPLACEMENT
9174,2026-05-15 21:30:00+00:00,M15:SELL_SIDE:9161,SELL_SIDE,M15,1.162,0.00032999999999994145,0.8249567074214614,0.6637096774193548,True,1,CONFIRMED,NEUTRAL,-0.00041000000000002146,NO_DISPLACEMENT
9182,2026-05-15 23:30:00+00:00,M15:BUY_SIDE:9178,BUY_SIDE,M15,1.1623,0.00016999999999978144,0.7450806806719388,0.21145745577085087,False,2,CONFIRMED,NEUTRAL,-2.999999999997449e-05,NO_DISPLACEMENT
9184,2026-05-18 00:00:00+00:00,M15:SELL_SIDE:9174,SELL_SIDE,M15,1.16167,0.0007200000000000539,2.1860320132018196,0.1437282229965157,True,1,CONFIRMED,NEUTRAL,-9.999999999998899e-05,NO_DISPLACEMENT
9184,2026-05-18 00:00:00+00:00,M15:SELL_SIDE:9180,SELL_SIDE,M15,1.16181,0.0008600000000000829,2.1860320132018196,0.1437282229965157,True,1,CONFIRMED,NEUTRAL,-9.999999999998899e-05,NO_DISPLACEMENT
9198,2026-05-18 03:30:00+00:00,M15:SELL_SIDE:9194,SELL_SIDE,M15,1.16113,0.000140000000000029,1.2323453200588856,1.0819277108433736,False,1,CONFIRMED,NEUTRAL,-0.0012500000000001954,NO_DISPLACEMENT
9199,2026-05-18 03:45:00+00:00,M15:SELL_SIDE:9184,SELL_SIDE,M15,1.16095,0.00020999999999982144,1.0653442746930417,1.1313253012048192,True,1,CONFIRMED,NEUTRAL,-0.0009099999999999664,NO_DISPLACEMENT
9206,2026-05-18 05:30:00+00:00,M15:BUY_SIDE:9203,BUY_SIDE,M15,1.16188,8.000000000008001e-05,0.8912774484522656,0.7003841229193342,True,1,CONFIRMED,BEARISH,0.00012999999999996348,NO_DISPLACEMENT
9209,2026-05-18 06:15:00+00:00,M15:BUY_SIDE:9206,BUY_SIDE,M15,1.16196,8.999999999992347e-05,0.914064163692744,0.7822410147991543,False,-1,WEAK,BULLISH,0.0008500000000000174,NO_DISPLACEMENT
9210,2026-05-18 06:30:00+00:00,M15:BUY_SIDE:9196,BUY_SIDE,M15,1.1621,5.0000000000105516e-05,0.9605005887709852,1.0200286123032904,False,-1,WEAK,BULLISH,0.0010300000000000864,NO_DISPLACEMENT
9212,2026-05-18 07:00:00+00:00,M15:BUY_SIDE:9183,BUY_SIDE,M15,1.16255,5.999999999994898e-05,1.0891610063018993,1.0894428152492668,False,1,CONFIRMED,BULLISH,0.0011099999999999444,NO_DISPLACEMENT
9212,2026-05-18 07:00:00+00:00,M15:BUY_SIDE:9188,BUY_SIDE,M15,1.16241,0.00019999999999997797,1.0891610063018993,1.0894428152492668,False,1,CONFIRMED,BULLISH,0.0011099999999999444,NO_DISPLACEMENT
9220,2026-05-18 09:00:00+00:00,M15:BUY_SIDE:9212,BUY_SIDE,M15,1.16261,0.00019999999999997797,1.3524589307109245,1.7415384615384615,False,-1,WEAK,BULLISH,0.0006599999999998829,NO_DISPLACEMENT
9222,2026-05-18 09:30:00+00:00,M15:BUY_SIDE:9169,BUY_SIDE,M15,1.16356,6.000000000017103e-05,1.475939088523686,1.75018698578908,True,2,CONFIRMED,BULLISH,0.0009399999999999409,NO_DISPLACEMENT
9225,2026-05-18 10:15:00+00:00,M15:BUY_SIDE:9157,BUY_SIDE,M15,1.16377,0.00017000000000000348,1.6317400392967525,1.7531787584143605,True,1,CONFIRMED,BULLISH,0.0016199999999999548,NO_DISPLACEMENT
9230,2026-05-18 11:30:00+00:00,M15:BUY_SIDE:9226,BUY_SIDE,M15,1.164,0.0005100000000000104,1.5795914804173983,1.4035812672176309,True,2,CONFIRMED,BULLISH,0.0009200000000000319,NO_DISPLACEMENT
9235,2026-05-18 12:45:00+00:00,M15:SELL_SIDE:9232,SELL_SIDE,M15,1.16364,0.00018999999999991246,0.8497416716905359,0.8199083169613621,False,-1,WEAK,BULLISH,-0.00018999999999991246,NO_DISPLACEMENT
9239,2026-05-18 13:45:00+00:00,M15:SELL_SIDE:9228,SELL_SIDE,M15,1.16284,0.000260000000000149,1.578986854053703,1.0359897172236503,False,1,CONFIRMED,BULLISH,-0.0010200000000000209,NO_DISPLACEMENT
9242,2026-05-18 14:30:00+00:00,M15:BUY_SIDE:9231,BUY_SIDE,M15,1.16452,0.00043999999999999595,3.0722491465285455,3.092489137181875,False,1,CONFIRMED,NEUTRAL,0.0010299999999998644,NO_DISPLACEMENT
9246,2026-05-18 15:30:00+00:00,M15:BUY_SIDE:9242,BUY_SIDE,M15,1.16496,0.0004999999999999449,1.2900269899260888,2.73421926910299,False,-1,WEAK,NEUTRAL,0.0018200000000001548,NO_DISPLACEMENT
9247,2026-05-18 15:45:00+00:00,M15:BUY_SIDE:9143,BUY_SIDE,M15,1.16554,0.000180000000000069,1.3147407827827493,2.242024202420242,True,1,CONFIRMED,NEUTRAL,0.0015300000000000313,NO_DISPLACEMENT
9261,2026-05-18 19:15:00+00:00,M15:BUY_SIDE:9251,BUY_SIDE,M15,1.1656,2.0000000000131024e-05,1.0285705420078735,1.4833693304535638,True,1,CONFIRMED,NEUTRAL,-0.0001100000000000545,NO_DISPLACEMENT
9271,2026-05-18 21:45:00+00:00,M15:SELL_SIDE:9256,SELL_SIDE,M15,1.16324,0.0005100000000000104,1.4305879709395695,0.7839453458582408,False,1,CONFIRMED,BULLISH,-0.0020299999999999763,NO_DISPLACEMENT
9272,2026-05-18 22:00:00+00:00,M15:BUY_SIDE:9261,BUY_SIDE,M15,1.16562,9.999999999843467e-06,3.277627568476665,2.482059940903335,True,1,CONFIRMED,BULLISH,-0.00045999999999990493,NO_DISPLACEMENT
9276,2026-05-18 23:00:00+00:00,M15:BUY_SIDE:9247,BUY_SIDE,M15,1.16572,9.999999999843467e-06,0.853379434239215,0.45692883895131087,True,3,CONFIRMED,NEUTRAL,0.000560000000000116,NO_DISPLACEMENT
9276,2026-05-18 23:00:00+00:00,M15:BUY_SIDE:9272,BUY_SIDE,M15,1.16563,9.999999999998899e-05,0.853379434239215,0.45692883895131087,False,3,CONFIRMED,NEUTRAL,0.000560000000000116,NO_DISPLACEMENT
9277,2026-05-18 23:15:00+00:00,M15:BUY_SIDE:9111,BUY_SIDE,M15,1.16575,0.00031000000000003247,0.5025277594970878,0.3196004993757803,False,2,CONFIRMED,NEUTRAL,0.0010999999999998789,NO_DISPLACEMENT
9283,2026-05-19 00:45:00+00:00,M15:BUY_SIDE:9277,BUY_SIDE,M15,1.16606,1.999999999990898e-05,0.6187779435901922,0.22055763628797337,True,1,CONFIRMED,BULLISH,0.0011899999999998023,NO_DISPLACEMENT
9292,2026-05-19 03:00:00+00:00,M15:SELL_SIDE:9280,SELL_SIDE,M15,1.16489,4.0000000000040004e-05,1.4563249866800143,0.9822280017338535,True,1,CONFIRMED,BULLISH,-0.0006099999999999994,NO_DISPLACEMENT
9300,2026-05-19 05:00:00+00:00,M15:SELL_SIDE:9296,SELL_SIDE,M15,1.16421,0.00021000000000004349,1.1367938259280526,1.0654095462581026,True,1,CONFIRMED,BEARISH,-0.0014199999999999768,NO_DISPLACEMENT
9304,2026-05-19 06:00:00+00:00,M15:SELL_SIDE:9300,SELL_SIDE,M15,1.164,9.999999999843467e-06,0.7197722203712523,0.8404040404040404,True,1,CONFIRMED,BEARISH,-0.0002900000000001235,NO_DISPLACEMENT
9308,2026-05-19 07:00:00+00:00,M15:SELL_SIDE:9304,SELL_SIDE,M15,1.16399,4.0000000000040004e-05,0.7538966514568667,0.7658536585365854,True,1,CONFIRMED,BEARISH,-0.0009999999999998899,NO_DISPLACEMENT
9317,2026-05-19 09:15:00+00:00,M15:BUY_SIDE:9305,BUY_SIDE,M15,1.16456,1.0000000000065512e-05,1.3528511267859602,1.321848081440877,True,1,CONFIRMED,BEARISH,0.00017000000000000348,NO_DISPLACEMENT
9320,2026-05-19 10:00:00+00:00,M15:SELL_SIDE:9313,SELL_SIDE,M15,1.16326,0.00031000000000003247,1.2989308866655516,2.3335943617854347,True,3,CONFIRMED,NEUTRAL,-0.0003300000000001635,NO_DISPLACEMENT
9324,2026-05-19 11:00:00+00:00,M15:SELL_SIDE:9239,SELL_SIDE,M15,1.16258,7.999999999985796e-05,1.8824043040418637,1.8042286609240408,True,1,CONFIRMED,NEUTRAL,-0.0010399999999999299,NO_DISPLACEMENT
9324,2026-05-19 11:00:00+00:00,M15:SELL_SIDE:9271,SELL_SIDE,M15,1.16273,0.00022999999999995246,1.8824043040418637,1.8042286609240408,True,1,CONFIRMED,NEUTRAL,-0.0010399999999999299,NO_DISPLACEMENT
9324,2026-05-19 11:00:00+00:00,M15:SELL_SIDE:9321,SELL_SIDE,M15,1.16291,0.00041000000000002146,1.8824043040418637,1.8042286609240408,False,1,CONFIRMED,NEUTRAL,-0.0010399999999999299,NO_DISPLACEMENT
9327,2026-05-19 11:45:00+00:00,M15:SELL_SIDE:9324,SELL_SIDE,M15,1.1625,0.000300000000000189,1.0657259308559883,1.5522388059701493,False,-1,WEAK,BEARISH,-0.0019499999999998963,NO_DISPLACEMENT
9328,2026-05-19 12:00:00+00:00,M15:SELL_SIDE:9217,SELL_SIDE,M15,1.16156,3.999999999981796e-05,1.3349181862416013,1.791483113069016,True,1,CONFIRMED,BEARISH,-0.0024500000000000632,NO_DISPLACEMENT
9334,2026-05-19 13:30:00+00:00,M15:SELL_SIDE:9207,SELL_SIDE,M15,1.16135,0.0002900000000001235,2.2550498148478084,1.8004807692307692,False,1,CONFIRMED,BEARISH,-0.0015600000000000058,NO_DISPLACEMENT
9343,2026-05-19 15:45:00+00:00,M15:SELL_SIDE:9339,SELL_SIDE,M15,1.1615,1.999999999990898e-05,1.0644669705143148,1.3267543859649122,True,-1,CONFIRMED,NEUTRAL,-0.0008099999999999774,NO_DISPLACEMENT
9344,2026-05-19 16:00:00+00:00,M15:SELL_SIDE:9334,SELL_SIDE,M15,1.16106,1.999999999990898e-05,1.1581894340759828,1.9762931034482758,True,3,CONFIRMED,NEUTRAL,0.00017999999999984695,NO_DISPLACEMENT
9345,2026-05-19 16:15:00+00:00,H4:SELL_SIDE:708,SELL_SIDE,H4,1.16074,0.0003300000000001635,1.5990769130835274,2.047244094488189,False,1,CONFIRMED,NEUTRAL,-0.0016000000000000458,NO_DISPLACEMENT
9349,2026-05-19 17:15:00+00:00,M15:SELL_SIDE:9346,SELL_SIDE,M15,1.16008,0.0006800000000000139,1.5750148588620545,2.181086519114688,False,-1,WEAK,BEARISH,-0.0015899999999999803,NO_DISPLACEMENT
9352,2026-05-19 18:00:00+00:00,M15:SELL_SIDE:9349,SELL_SIDE,M15,1.1594,0.00031000000000003247,0.9252197012477923,1.7784342688330872,True,1,CONFIRMED,BEARISH,-0.0023200000000000998,NO_DISPLACEMENT
9357,2026-05-19 19:15:00+00:00,M15:BUY_SIDE:9354,BUY_SIDE,M15,1.16029,0.00028999999999990145,1.1812905715192212,0.9950958537672759,False,-1,WEAK,BEARISH,-0.0008600000000000829,NO_DISPLACEMENT
9364,2026-05-19 21:00:00+00:00,M15:BUY_SIDE:9360,BUY_SIDE,M15,1.16122,0.0002500000000000835,0.7879039274623669,0.6938775510204082,False,1,CONFIRMED,NEUTRAL,0.0012399999999999078,NO_DISPLACEMENT
9376,2026-05-20 00:00:00+00:00,M15:SELL_SIDE:9368,SELL_SIDE,M15,1.16014,0.00038999999999989043,1.646233299123379,0.14482758620689656,True,1,CONFIRMED,NEUTRAL,-0.000540000000000207,NO_DISPLACEMENT
9376,2026-05-20 00:00:00+00:00,M15:SELL_SIDE:9373,SELL_SIDE,M15,1.16023,0.00048000000000003595,1.646233299123379,0.14482758620689656,True,1,CONFIRMED,NEUTRAL,-0.000540000000000207,NO_DISPLACEMENT
9377,2026-05-20 00:15:00+00:00,M15:BUY_SIDE:9374,BUY_SIDE,M15,1.16067,7.999999999985796e-05,0.7970826221408376,0.10426065162907268,False,1,CONFIRMED,NEUTRAL,0.00042999999999993044,NO_DISPLACEMENT
9378,2026-05-20 00:30:00+00:00,M15:BUY_SIDE:9370,BUY_SIDE,M15,1.1608,4.0000000000040004e-05,0.48506650484259695,0.23138832997987926,True,1,CONFIRMED,BEARISH,0.00012000000000012001,NO_DISPLACEMENT
9382,2026-05-20 01:30:00+00:00,M15:BUY_SIDE:9378,BUY_SIDE,M15,1.16084,1.999999999990898e-05,0.5211261503060288,0.19850586979722518,True,-1,CONFIRMED,BULLISH,0.000280000000000058,NO_DISPLACEMENT
9388,2026-05-20 03:00:00+00:00,M15:SELL_SIDE:9380,SELL_SIDE,M15,1.16056,0.00031000000000003247,1.1009007952723031,1.4168201350521792,False,1,CONFIRMED,BULLISH,-0.000180000000000069,NO_DISPLACEMENT
9388,2026-05-20 03:00:00+00:00,M15:SELL_SIDE:9383,SELL_SIDE,M15,1.16061,0.00035999999999991594,1.1009007952723031,1.4168201350521792,False,1,CONFIRMED,BULLISH,-0.000180000000000069,NO_DISPLACEMENT
9391,2026-05-20 03:45:00+00:00,M15:SELL_SIDE:9388,SELL_SIDE,M15,1.16025,0.00025999999999992696,1.3737514763583405,0.9109811565951916,False,-1,WEAK,NEUTRAL,-0.0007200000000000539,NO_DISPLACEMENT
9393,2026-05-20 04:15:00+00:00,M15:SELL_SIDE:9376,SELL_SIDE,M15,1.15975,0.000360000000000138,1.4095620116909364,1.100714749837557,False,3,CONFIRMED,BEARISH,-0.0012900000000000134,NO_DISPLACEMENT
9402,2026-05-20 06:30:00+00:00,M15:BUY_SIDE:9397,BUY_SIDE,M15,1.16029,0.00024000000000001798,1.002761386608726,0.9735525375268048,False,1,CONFIRMED,NEUTRAL,0.0006099999999999994,NO_DISPLACEMENT
9409,2026-05-20 08:15:00+00:00,M15:SELL_SIDE:9406,SELL_SIDE,M15,1.1596,0.00022999999999995246,1.4127637976424672,1.01875,False,3,CONFIRMED,BULLISH,-0.00032999999999994145,NO_DISPLACEMENT
9411,2026-05-20 08:45:00+00:00,H4:SELL_SIDE:718,SELL_SIDE,H4,1.15909,4.0000000000040004e-05,1.004796702375561,1.1454965357967668,True,1,CONFIRMED,BULLISH,-0.0006900000000000794,NO_DISPLACEMENT
9411,2026-05-20 08:45:00+00:00,M15:SELL_SIDE:9394,SELL_SIDE,M15,1.1592,0.0001500000000000945,1.004796702375561,1.1454965357967668,True,1,CONFIRMED,BULLISH,-0.0006900000000000794,NO_DISPLACEMENT
9411,2026-05-20 08:45:00+00:00,M15:SELL_SIDE:9398,SELL_SIDE,M15,1.15935,0.000300000000000189,1.004796702375561,1.1454965357967668,True,1,CONFIRMED,BULLISH,-0.0006900000000000794,NO_DISPLACEMENT
9419,2026-05-20 10:45:00+00:00,M15:SELL_SIDE:9415,SELL_SIDE,M15,1.15925,0.00017999999999984695,0.734629713913759,1.2020573108008816,True,3,CONFIRMED,NEUTRAL,-0.00012999999999996348,NO_DISPLACEMENT
9420,2026-05-20 11:00:00+00:00,M15:SELL_SIDE:6502,SELL_SIDE,M15,1.15883,0.00021000000000004349,1.548050644872266,1.7847730600292826,False,1,CONFIRMED,NEUTRAL,-0.0007999999999999119,NO_DISPLACEMENT
9420,2026-05-20 11:00:00+00:00,M15:SELL_SIDE:9411,SELL_SIDE,M15,1.15905,0.00042999999999993044,1.548050644872266,1.7847730600292826,False,2,CONFIRMED,NEUTRAL,-0.0007999999999999119,NO_DISPLACEMENT
9429,2026-05-20 13:15:00+00:00,M15:BUY_SIDE:9424,BUY_SIDE,M15,1.15944,0.00021000000000004349,0.8799526634975258,0.8649760109664153,False,-1,WEAK,BEARISH,0.00017999999999984695,NO_DISPLACEMENT
9434,2026-05-20 14:30:00+00:00,M15:BUY_SIDE:9431,BUY_SIDE,M15,1.16028,0.00026999999999999247,0.9335348134632375,1.1461391193363115,True,1,CONFIRMED,BULLISH,0.0009300000000000974,NO_DISPLACEMENT
9437,2026-05-20 15:15:00+00:00,M15:SELL_SIDE:9433,SELL_SIDE,M15,1.15955,2.999999999997449e-05,1.285733715617777,1.158354114713217,True,1,CONFIRMED,BULLISH,0.0011399999999999189,NO_DISPLACEMENT
9444,2026-05-20 17:00:00+00:00,M15:SELL_SIDE:9421,SELL_SIDE,M15,1.1583,0.00016000000000016001,1.6249332772334708,2.2187311178247735,True,1,CONFIRMED,BULLISH,-0.0013300000000000534,NO_DISPLACEMENT
9444,2026-05-20 17:00:00+00:00,M15:SELL_SIDE:9428,SELL_SIDE,M15,1.15868,0.0005399999999999849,1.6249332772334708,2.2187311178247735,True,1,CONFIRMED,BULLISH,-0.0013300000000000534,NO_DISPLACEMENT
9445,2026-05-20 17:15:00+00:00,M15:BUY_SIDE:9348,BUY_SIDE,M15,1.16168,0.00034000000000000696,4.021700483132584,4.804833836858006,True,1,CONFIRMED,BULLISH,0.0012199999999999989,NO_DISPLACEMENT
9445,2026-05-20 17:15:00+00:00,M15:BUY_SIDE:9364,BUY_SIDE,M15,1.16147,0.0005500000000000504,4.021700483132584,4.804833836858006,True,-1,CONFIRMED,BULLISH,0.0012199999999999989,NO_DISPLACEMENT
9445,2026-05-20 17:15:00+00:00,M15:BUY_SIDE:9386,BUY_SIDE,M15,1.16128,0.0007399999999999629,4.021700483132584,4.804833836858006,False,-1,WEAK,BULLISH,0.0012199999999999989,NO_DISPLACEMENT
9445,2026-05-20 17:15:00+00:00,M15:BUY_SIDE:9390,BUY_SIDE,M15,1.16105,0.0009700000000001374,4.021700483132584,4.804833836858006,False,-1,WEAK,BULLISH,0.0012199999999999989,NO_DISPLACEMENT
9445,2026-05-20 17:15:00+00:00,M15:BUY_SIDE:9404,BUY_SIDE,M15,1.16067,0.0013499999999999623,4.021700483132584,4.804833836858006,False,-1,WEAK,BULLISH,0.0012199999999999989,NO_DISPLACEMENT
9445,2026-05-20 17:15:00+00:00,M15:BUY_SIDE:9413,BUY_SIDE,M15,1.16059,0.0014300000000000423,4.021700483132584,4.804833836858006,False,-1,WEAK,BULLISH,0.0012199999999999989,NO_DISPLACEMENT
9445,2026-05-20 17:15:00+00:00,M15:BUY_SIDE:9434,BUY_SIDE,M15,1.16055,0.0014700000000000824,4.021700483132584,4.804833836858006,False,-1,WEAK,BULLISH,0.0012199999999999989,NO_DISPLACEMENT
9446,2026-05-20 17:30:00+00:00,M15:BUY_SIDE:9341,BUY_SIDE,M15,1.16238,2.0000000000131024e-05,1.5698089551237875,3.237358715050565,True,1,CONFIRMED,NEUTRAL,0.0015099999999999003,NO_DISPLACEMENT
9449,2026-05-20 18:15:00+00:00,M15:BUY_SIDE:9323,BUY_SIDE,M15,1.16375,0.0007699999999999374,3.0612112522880772,4.54017094017094,True,1,CONFIRMED,NEUTRAL,0.0030200000000000227,NO_DISPLACEMENT
9449,2026-05-20 18:15:00+00:00,M15:BUY_SIDE:9333,BUY_SIDE,M15,1.16265,0.0018700000000000383,3.0612112522880772,4.54017094017094,True,2,CONFIRMED,NEUTRAL,0.0030200000000000227,NO_DISPLACEMENT
9449,2026-05-20 18:15:00+00:00,M15:BUY_SIDE:9446,BUY_SIDE,M15,1.1624,0.0021199999999998997,3.0612112522880772,4.54017094017094,False,2,CONFIRMED,NEUTRAL,0.0030200000000000227,NO_DISPLACEMENT
9460,2026-05-20 21:00:00+00:00,M15:SELL_SIDE:9456,SELL_SIDE,M15,1.16177,0.000180000000000069,0.8919216091484867,0.9665567593028733,True,1,CONFIRMED,NEUTRAL,-0.000320000000000098,NO_DISPLACEMENT
9461,2026-05-20 21:15:00+00:00,M15:BUY_SIDE:9458,BUY_SIDE,M15,1.16269,8.999999999992347e-05,0.5424469901721405,1.0271957200178332,False,1,CONFIRMED,NEUTRAL,0.0008600000000000829,NO_DISPLACEMENT
9462,2026-05-20 21:30:00+00:00,M15:BUY_SIDE:9453,BUY_SIDE,M15,1.16308,0.00020000000000020002,0.719232183756005,0.8525671219971738,True,2,CONFIRMED,BEARISH,-0.00017999999999984695,NO_DISPLACEMENT
9487,2026-05-21 03:45:00+00:00,M15:BUY_SIDE:9476,BUY_SIDE,M15,1.16278,0.0001100000000000545,0.7351801892403274,0.6705002875215641,False,-1,WEAK,NEUTRAL,0.000220000000000109,NO_DISPLACEMENT
9487,2026-05-21 03:45:00+00:00,M15:BUY_SIDE:9480,BUY_SIDE,M15,1.16274,0.00014999999999987246,0.7351801892403274,0.6705002875215641,False,-1,WEAK,NEUTRAL,0.000220000000000109,NO_DISPLACEMENT
9493,2026-05-21 05:15:00+00:00,M15:SELL_SIDE:9482,SELL_SIDE,M15,1.16216,0.0001900000000001345,1.1682852231796483,0.7482900136798906,False,-1,WEAK,BULLISH,-0.00034000000000000696,NO_DISPLACEMENT
9493,2026-05-21 05:15:00+00:00,M15:SELL_SIDE:9485,SELL_SIDE,M15,1.16222,0.0002500000000000835,1.1682852231796483,0.7482900136798906,False,-1,WEAK,BULLISH,-0.00034000000000000696,NO_DISPLACEMENT
9495,2026-05-21 05:45:00+00:00,M15:SELL_SIDE:9460,SELL_SIDE,M15,1.16159,3.999999999981796e-05,0.934777647159328,0.9173372348207754,True,1,CONFIRMED,BULLISH,-0.0008799999999999919,NO_DISPLACEMENT
9503,2026-05-21 07:45:00+00:00,M15:BUY_SIDE:9497,BUY_SIDE,M15,1.16226,8.999999999992347e-05,0.7758673121333948,0.9184466019417475,True,1,CONFIRMED,BEARISH,8.999999999992347e-05,NO_DISPLACEMENT
9508,2026-05-21 09:00:00+00:00,M15:BUY_SIDE:9503,BUY_SIDE,M15,1.16235,0.00029999999999996696,1.4920247168053236,1.5779427359490987,False,2,CONFIRMED,NEUTRAL,0.00046999999999997044,NO_DISPLACEMENT
9510,2026-05-21 09:30:00+00:00,M15:SELL_SIDE:9495,SELL_SIDE,M15,1.16155,2.999999999997449e-05,2.1372470547817057,1.9342523860021208,True,1,CONFIRMED,BULLISH,-0.00034999999999985043,NO_DISPLACEMENT
9510,2026-05-21 09:30:00+00:00,M15:SELL_SIDE:9507,SELL_SIDE,M15,1.16175,0.00022999999999995246,2.1372470547817057,1.9342523860021208,False,1,CONFIRMED,BULLISH,-0.00034999999999985043,NO_DISPLACEMENT
9513,2026-05-21 10:15:00+00:00,M15:SELL_SIDE:9510,SELL_SIDE,M15,1.16152,0.0022400000000000198,3.9306333788705095,5.832449628844114,False,3,CONFIRMED,NEUTRAL,-0.0024699999999999722,NO_DISPLACEMENT
9517,2026-05-21 11:15:00+00:00,M15:BUY_SIDE:9466,BUY_SIDE,M15,1.16353,1.0000000000065512e-05,1.5709926817001785,4.769883351007423,True,1,CONFIRMED,NEUTRAL,0.0012000000000000899,NO_DISPLACEMENT
9517,2026-05-21 11:15:00+00:00,M15:BUY_SIDE:9508,BUY_SIDE,M15,1.16265,0.0008900000000000574,1.5709926817001785,4.769883351007423,False,1,CONFIRMED,NEUTRAL,0.0012000000000000899,NO_DISPLACEMENT
9525,2026-05-21 13:15:00+00:00,M15:SELL_SIDE:9520,SELL_SIDE,M15,1.16199,0.001140000000000141,2.0420360440864505,2.5529061102831596,False,-1,WEAK,NEUTRAL,0.0005899999999998684,NO_DISPLACEMENT
9531,2026-05-21 14:45:00+00:00,M15:SELL_SIDE:9526,SELL_SIDE,M15,1.15995,0.00042000000000008697,1.445915544383289,1.2489296636085627,False,3,CONFIRMED,BEARISH,-0.003290000000000015,NO_DISPLACEMENT
9537,2026-05-21 16:15:00+00:00,M15:SELL_SIDE:9513,SELL_SIDE,M15,1.15928,0.0005500000000000504,0.9570280140424192,1.167464114832536,False,2,CONFIRMED,BEARISH,-0.0017899999999999583,NO_DISPLACEMENT
9538,2026-05-21 16:30:00+00:00,H4:SELL_SIDE:724,SELL_SIDE,H4,1.15814,0.0005100000000000104,1.510516821450869,1.626721060683325,False,1,CONFIRMED,BEARISH,-0.003069999999999906,NO_DISPLACEMENT
9552,2026-05-21 20:00:00+00:00,M15:BUY_SIDE:9539,BUY_SIDE,M15,1.1601,0.000140000000000029,1.2121675155205334,1.2771784232365144,False,-1,WEAK,NEUTRAL,0.0011600000000000499,NO_DISPLACEMENT
9552,2026-05-21 20:00:00+00:00,M15:BUY_SIDE:9543,BUY_SIDE,M15,1.15965,0.0005899999999998684,1.2121675155205334,1.2771784232365144,False,-1,WEAK,NEUTRAL,0.0011600000000000499,NO_DISPLACEMENT
9553,2026-05-21 20:15:00+00:00,M15:BUY_SIDE:9529,BUY_SIDE,M15,1.1616,0.00042999999999993044,2.1137934837622505,2.23746918652424,False,-1,WEAK,NEUTRAL,0.0025399999999999867,NO_DISPLACEMENT
9553,2026-05-21 20:15:00+00:00,M15:BUY_SIDE:9535,BUY_SIDE,M15,1.1609,0.0011299999999998533,2.1137934837622505,2.23746918652424,False,-1,WEAK,NEUTRAL,0.0025399999999999867,NO_DISPLACEMENT
9579,2026-05-22 02:45:00+00:00,M15:BUY_SIDE:9575,BUY_SIDE,M15,1.16189,9.999999999843467e-06,0.49243403670953123,0.18546637744034708,True,1,CONFIRMED,NEUTRAL,-0.0002900000000001235,NO_DISPLACEMENT
9580,2026-05-22 03:00:00+00:00,M15:SELL_SIDE:9563,SELL_SIDE,M15,1.16141,8.000000000008001e-05,1.0481237778943304,0.5672451193058569,False,2,CONFIRMED,NEUTRAL,-0.00039999999999995595,NO_DISPLACEMENT
9580,2026-05-22 03:00:00+00:00,M15:SELL_SIDE:9568,SELL_SIDE,M15,1.1615,0.00017000000000000348,1.0481237778943304,0.5672451193058569,False,-1,WEAK,NEUTRAL,-0.00039999999999995595,NO_DISPLACEMENT
9580,2026-05-22 03:00:00+00:00,M15:SELL_SIDE:9577,SELL_SIDE,M15,1.16158,0.0002500000000000835,1.0481237778943304,0.5672451193058569,False,-1,WEAK,NEUTRAL,-0.00039999999999995595,NO_DISPLACEMENT
9585,2026-05-22 04:15:00+00:00,M15:SELL_SIDE:9582,SELL_SIDE,M15,1.16123,1.999999999990898e-05,0.9063163541825191,0.5484120836560805,True,1,CONFIRMED,BEARISH,-0.0003300000000001635,NO_DISPLACEMENT
9592,2026-05-22 06:00:00+00:00,M15:SELL_SIDE:9588,SELL_SIDE,M15,1.16095,7.00000000000145e-05,1.0930512889016704,0.6189320388349514,False,1,CONFIRMED,BEARISH,-0.000560000000000116,NO_DISPLACEMENT
9596,2026-05-22 07:00:00+00:00,M15:BUY_SIDE:9590,BUY_SIDE,M15,1.16142,1.0000000000065512e-05,0.931526535624663,0.685131195335277,True,1,CONFIRMED,BEARISH,1.0000000000065512e-05,NO_DISPLACEMENT
9600,2026-05-22 08:00:00+00:00,M15:BUY_SIDE:9583,BUY_SIDE,M15,1.16161,5.999999999994898e-05,0.6817505077008649,0.8778761061946903,True,1,CONFIRMED,BEARISH,0.00015999999999993797,NO_DISPLACEMENT
9603,2026-05-22 08:45:00+00:00,M15:SELL_SIDE:9593,SELL_SIDE,M15,1.16086,0.0001500000000000945,3.011274232344008,2.1702127659574466,True,1,CONFIRMED,NEUTRAL,-9.999999999998899e-05,NO_DISPLACEMENT
9603,2026-05-22 08:45:00+00:00,M15:BUY_SIDE:9600,BUY_SIDE,M15,1.16167,1.999999999990898e-05,3.011274232344008,2.1702127659574466,True,1,CONFIRMED,NEUTRAL,-9.999999999998899e-05,NO_DISPLACEMENT
9606,2026-05-22 09:30:00+00:00,M15:SELL_SIDE:9559,SELL_SIDE,M15,1.16071,0.00018999999999991246,1.896483525704747,2.5802707930367506,True,1,CONFIRMED,NEUTRAL,-0.00045000000000006146,NO_DISPLACEMENT
9616,2026-05-22 12:00:00+00:00,M15:SELL_SIDE:9608,SELL_SIDE,M15,1.16013,0.00021000000000004349,1.6548969745026794,2.07787610619469,False,2,CONFIRMED,BEARISH,-0.0009799999999999809,NO_DISPLACEMENT
9623,2026-05-22 13:45:00+00:00,M15:SELL_SIDE:9617,SELL_SIDE,M15,1.1596,8.999999999992347e-05,0.853878875208365,1.616,True,3,CONFIRMED,BEARISH,-0.0013900000000000023,NO_DISPLACEMENT
9632,2026-05-22 16:00:00+00:00,M15:BUY_SIDE:9603,BUY_SIDE,M15,1.16169,0.000140000000000029,2.305416998890732,3.4433862433862434,True,1,CONFIRMED,BEARISH,0.0014400000000001079,NO_DISPLACEMENT
9632,2026-05-22 16:00:00+00:00,M15:BUY_SIDE:9613,BUY_SIDE,M15,1.16157,0.00025999999999992696,2.305416998890732,3.4433862433862434,True,1,CONFIRMED,BEARISH,0.0014400000000001079,NO_DISPLACEMENT
9632,2026-05-22 16:00:00+00:00,M15:BUY_SIDE:9620,BUY_SIDE,M15,1.16078,0.0010499999999999954,2.305416998890732,3.4433862433862434,False,2,CONFIRMED,BEARISH,0.0014400000000001079,NO_DISPLACEMENT
9632,2026-05-22 16:00:00+00:00,M15:BUY_SIDE:9629,BUY_SIDE,M15,1.1607,0.0011299999999998533,2.305416998890732,3.4433862433862434,False,2,CONFIRMED,BEARISH,0.0014400000000001079,NO_DISPLACEMENT
9636,2026-05-22 17:00:00+00:00,M15:SELL_SIDE:9624,SELL_SIDE,M15,1.15933,0.0004199999999998649,2.077145483409515,3.086222222222222,False,1,CONFIRMED,NEUTRAL,-0.0008200000000000429,NO_DISPLACEMENT
9644,2026-05-22 19:00:00+00:00,M15:BUY_SIDE:9641,BUY_SIDE,M15,1.16055,0.000220000000000109,1.17515305390573,1.3770491803278688,False,-1,WEAK,BEARISH,0.00026999999999999247,NO_DISPLACEMENT
9650,2026-05-22 20:30:00+00:00,M15:BUY_SIDE:9579,BUY_SIDE,M15,1.1619,1.0000000000065512e-05,1.2036262882399515,1.6973293768545994,True,1,CONFIRMED,BEARISH,0.0009799999999999809,NO_DISPLACEMENT
9650,2026-05-22 20:30:00+00:00,M15:BUY_SIDE:9632,BUY_SIDE,M15,1.16183,8.000000000008001e-05,1.2036262882399515,1.6973293768545994,True,1,CONFIRMED,BEARISH,0.0009799999999999809,NO_DISPLACEMENT
9656,2026-05-22 22:00:00+00:00,M15:SELL_SIDE:9652,SELL_SIDE,M15,1.16093,0.00012999999999996348,0.9847795434320861,1.026745913818722,False,-1,WEAK,NEUTRAL,0.00017999999999984695,NO_DISPLACEMENT
9664,2026-05-25 00:00:00+00:00,H4:BUY_SIDE:728,BUY_SIDE,H4,1.16354,0.0005100000000000104,0.5901808763842035,0.24512099921935987,False,2,CONFIRMED,NEUTRAL,0.002650000000000041,NO_DISPLACEMENT
9664,2026-05-25 00:00:00+00:00,M15:BUY_SIDE:9522,BUY_SIDE,M15,1.16334,0.0007099999999999884,0.5901808763842035,0.24512099921935987,False,2,CONFIRMED,NEUTRAL,0.002650000000000041,NO_DISPLACEMENT
9664,2026-05-25 00:00:00+00:00,M15:BUY_SIDE:9555,BUY_SIDE,M15,1.16299,0.001060000000000061,0.5901808763842035,0.24512099921935987,False,-1,WEAK,NEUTRAL,0.002650000000000041,NO_DISPLACEMENT
9664,2026-05-25 00:00:00+00:00,M15:BUY_SIDE:9563,BUY_SIDE,M15,1.16241,0.0016400000000000858,0.5901808763842035,0.24512099921935987,False,-1,WEAK,NEUTRAL,0.002650000000000041,NO_DISPLACEMENT
9664,2026-05-25 00:00:00+00:00,M15:BUY_SIDE:9568,BUY_SIDE,M15,1.16224,0.0018100000000000893,0.5901808763842035,0.24512099921935987,False,-1,WEAK,NEUTRAL,0.002650000000000041,NO_DISPLACEMENT
9664,2026-05-25 00:00:00+00:00,M15:BUY_SIDE:9572,BUY_SIDE,M15,1.16214,0.0019100000000000783,0.5901808763842035,0.24512099921935987,False,-1,WEAK,NEUTRAL,0.002650000000000041,NO_DISPLACEMENT
9664,2026-05-25 00:00:00+00:00,M15:BUY_SIDE:9650,BUY_SIDE,M15,1.16191,0.0021400000000000308,0.5901808763842035,0.24512099921935987,False,-1,WEAK,NEUTRAL,0.002650000000000041,NO_DISPLACEMENT
9664,2026-05-25 00:00:00+00:00,M15:BUY_SIDE:9654,BUY_SIDE,M15,1.16151,0.0025399999999999867,0.5901808763842035,0.24512099921935987,False,-1,WEAK,NEUTRAL,0.002650000000000041,NO_DISPLACEMENT
9669,2026-05-25 01:15:00+00:00,M15:BUY_SIDE:9664,BUY_SIDE,M15,1.16405,0.00011999999999989797,1.1099083622004542,0.5199063231850117,False,-1,WEAK,BULLISH,0.003470000000000084,NO_DISPLACEMENT
9672,2026-05-25 02:00:00+00:00,H4:BUY_SIDE:724,BUY_SIDE,H4,1.16452,7.00000000000145e-05,0.48554885805681025,0.43871975019516,True,1,CONFIRMED,BULLISH,0.0043200000000001015,NO_DISPLACEMENT
9672,2026-05-25 02:00:00+00:00,M15:BUY_SIDE:9317,BUY_SIDE,M15,1.16457,1.999999999990898e-05,0.48554885805681025,0.43871975019516,True,1,CONFIRMED,BULLISH,0.0043200000000001015,NO_DISPLACEMENT
9679,2026-05-25 03:45:00+00:00,M15:BUY_SIDE:9672,BUY_SIDE,M15,1.16459,0.00029999999999996696,2.3969899269132258,1.706618962432916,True,1,CONFIRMED,BULLISH,-0.000400000000000178,NO_DISPLACEMENT
9679,2026-05-25 03:45:00+00:00,M15:SELL_SIDE:9676,SELL_SIDE,M15,1.16379,0.00026999999999999247,2.3969899269132258,1.706618962432916,False,1,CONFIRMED,BULLISH,-0.000400000000000178,NO_DISPLACEMENT
9687,2026-05-25 05:45:00+00:00,M15:SELL_SIDE:9683,SELL_SIDE,M15,1.16383,0.00017000000000000348,0.8339163489236926,0.5600882028665931,False,-1,WEAK,BULLISH,-0.00042999999999993044,NO_DISPLACEMENT
9691,2026-05-25 06:45:00+00:00,M15:SELL_SIDE:9688,SELL_SIDE,M15,1.1636,1.0000000000065512e-05,0.38652621781490215,0.8025157232704403,True,1,CONFIRMED,NEUTRAL,-0.0008899999999998354,NO_DISPLACEMENT
9694,2026-05-25 07:30:00+00:00,M15:BUY_SIDE:9690,BUY_SIDE,M15,1.16397,2.999999999997449e-05,0.7819292257865955,0.7978723404255319,False,-1,WEAK,BEARISH,-2.999999999997449e-05,NO_DISPLACEMENT
9705,2026-05-25 10:15:00+00:00,M15:SELL_SIDE:9667,SELL_SIDE,M15,1.16302,7.00000000000145e-05,1.7234377046174958,2.5446559297218156,True,1,CONFIRMED,BEARISH,-0.0008299999999998864,NO_DISPLACEMENT
9705,2026-05-25 10:15:00+00:00,M15:SELL_SIDE:9679,SELL_SIDE,M15,1.16352,0.0005700000000001815,1.7234377046174958,2.5446559297218156,False,1,CONFIRMED,BEARISH,-0.0008299999999998864,NO_DISPLACEMENT
9705,2026-05-25 10:15:00+00:00,M15:SELL_SIDE:9692,SELL_SIDE,M15,1.16355,0.000600000000000156,1.7234377046174958,2.5446559297218156,False,2,CONFIRMED,BEARISH,-0.0008299999999998864,NO_DISPLACEMENT
9712,2026-05-25 12:00:00+00:00,M15:BUY_SIDE:9703,BUY_SIDE,M15,1.16447,5.0000000000105516e-05,0.952937994784249,0.8512396694214877,True,1,CONFIRMED,NEUTRAL,8.000000000008001e-05,NO_DISPLACEMENT
9722,2026-05-25 14:30:00+00:00,H4:BUY_SIDE:738,BUY_SIDE,H4,1.16489,9.999999999998899e-05,1.5543976226270928,1.5132605304212168,False,1,CONFIRMED,BULLISH,0.0008200000000000429,NO_DISPLACEMENT
9722,2026-05-25 14:30:00+00:00,M15:BUY_SIDE:9696,BUY_SIDE,M15,1.16452,0.00046999999999997044,1.5543976226270928,1.5132605304212168,False,1,CONFIRMED,BULLISH,0.0008200000000000429,NO_DISPLACEMENT
9727,2026-05-25 15:45:00+00:00,M15:BUY_SIDE:9723,BUY_SIDE,M15,1.16506,0.00021000000000004349,1.28244193407514,1.2513089005235603,True,1,CONFIRMED,BULLISH,0.0006299999999999084,NO_DISPLACEMENT
9730,2026-05-25 16:30:00+00:00,M15:SELL_SIDE:9724,SELL_SIDE,M15,1.16426,0.00012000000000012001,0.7567615320184198,1.3481675392670156,False,-1,WEAK,BULLISH,0.0,NO_DISPLACEMENT
9731,2026-05-25 16:45:00+00:00,M15:SELL_SIDE:9713,SELL_SIDE,M15,1.16401,0.000140000000000029,1.0549850097277054,0.8469945355191257,False,2,CONFIRMED,BULLISH,-0.0005699999999999594,NO_DISPLACEMENT
9740,2026-05-25 19:00:00+00:00,M15:SELL_SIDE:9732,SELL_SIDE,M15,1.16383,4.999999999988347e-05,1.1321963465289706,0.9724238026124818,True,3,CONFIRMED,NEUTRAL,-0.00018999999999991246,NO_DISPLACEMENT
9740,2026-05-25 19:00:00+00:00,M15:SELL_SIDE:9736,SELL_SIDE,M15,1.16395,0.00017000000000000348,1.1321963465289706,0.9724238026124818,True,3,CONFIRMED,NEUTRAL,-0.00018999999999991246,NO_DISPLACEMENT
9750,2026-05-25 21:30:00+00:00,M15:SELL_SIDE:9747,SELL_SIDE,M15,1.16416,2.0000000000131024e-05,0.5579456575263689,0.22664624808575803,True,1,CONFIRMED,NEUTRAL,0.00021999999999988695,NO_DISPLACEMENT
9758,2026-05-25 23:30:00+00:00,M15:SELL_SIDE:9750,SELL_SIDE,M15,1.16414,9.999999999843467e-06,0.8621540680576982,0.5776965265082267,True,1,CONFIRMED,NEUTRAL,-9.999999999998899e-05,NO_DISPLACEMENT
9758,2026-05-25 23:30:00+00:00,M15:SELL_SIDE:9755,SELL_SIDE,M15,1.16417,3.999999999981796e-05,0.8621540680576982,0.5776965265082267,True,1,CONFIRMED,NEUTRAL,-9.999999999998899e-05,NO_DISPLACEMENT
9762,2026-05-26 00:30:00+00:00,M15:BUY_SIDE:9745,BUY_SIDE,M15,1.16441,7.00000000000145e-05,2.198027538832026,0.7958762886597938,True,1,CONFIRMED,NEUTRAL,-0.0003300000000001635,NO_DISPLACEMENT
9762,2026-05-26 00:30:00+00:00,M15:BUY_SIDE:9751,BUY_SIDE,M15,1.16438,9.999999999998899e-05,2.198027538832026,0.7958762886597938,True,1,CONFIRMED,NEUTRAL,-0.0003300000000001635,NO_DISPLACEMENT
9762,2026-05-26 00:30:00+00:00,M15:BUY_SIDE:9759,BUY_SIDE,M15,1.16434,0.000140000000000029,2.198027538832026,0.7958762886597938,True,1,CONFIRMED,NEUTRAL,-0.0003300000000001635,NO_DISPLACEMENT
9763,2026-05-26 00:45:00+00:00,M15:SELL_SIDE:9742,SELL_SIDE,M15,1.16366,7.00000000000145e-05,1.4397766291068197,0.7068607068607069,True,1,CONFIRMED,NEUTRAL,-0.00034000000000000696,NO_DISPLACEMENT
9771,2026-05-26 02:45:00+00:00,M15:SELL_SIDE:9763,SELL_SIDE,M15,1.16359,3.999999999981796e-05,1.4868564815114858,1.2658823529411765,False,1,CONFIRMED,BEARISH,-0.00045999999999990493,NO_DISPLACEMENT
9778,2026-05-26 04:30:00+00:00,M15:SELL_SIDE:9708,SELL_SIDE,M15,1.1633,0.000280000000000058,1.9178824164113002,2.3811764705882354,False,1,CONFIRMED,BEARISH,-0.0011099999999999444,NO_DISPLACEMENT
9778,2026-05-26 04:30:00+00:00,M15:SELL_SIDE:9773,SELL_SIDE,M15,1.16338,0.000360000000000138,1.9178824164113002,2.3811764705882354,False,-1,WEAK,BEARISH,-0.0011099999999999444,NO_DISPLACEMENT
9791,2026-05-26 07:45:00+00:00,H4:SELL_SIDE:740,SELL_SIDE,H4,1.16295,2.999999999997449e-05,1.3613434247379428,1.0670241286863271,False,3,CONFIRMED,NEUTRAL,-0.00034000000000000696,NO_DISPLACEMENT
9791,2026-05-26 07:45:00+00:00,M15:SELL_SIDE:9778,SELL_SIDE,M15,1.16302,9.999999999998899e-05,1.3613434247379428,1.0670241286863271,False,-1,WEAK,NEUTRAL,-0.00034000000000000696,NO_DISPLACEMENT
9791,2026-05-26 07:45:00+00:00,M15:SELL_SIDE:9783,SELL_SIDE,M15,1.16311,0.0001900000000001345,1.3613434247379428,1.0670241286863271,False,-1,WEAK,NEUTRAL,-0.00034000000000000696,NO_DISPLACEMENT
9797,2026-05-26 09:15:00+00:00,M15:BUY_SIDE:9794,BUY_SIDE,M15,1.16306,0.0004900000000001015,2.309213720924985,3.2551020408163267,False,3,CONFIRMED,NEUTRAL,-0.00031000000000003247,NO_DISPLACEMENT
9799,2026-05-26 09:45:00+00:00,M15:BUY_SIDE:9785,BUY_SIDE,M15,1.16372,1.999999999990898e-05,1.183577716691928,2.5156626506024096,True,1,CONFIRMED,BEARISH,0.00019999999999997797,NO_DISPLACEMENT
9800,2026-05-26 10:00:00+00:00,M15:SELL_SIDE:9796,SELL_SIDE,M15,1.16271,0.00030999999999981043,3.321686873195939,3.9491916859122402,True,1,CONFIRMED,BEARISH,-0.00025999999999992696,NO_DISPLACEMENT
9802,2026-05-26 10:30:00+00:00,M15:BUY_SIDE:9776,BUY_SIDE,M15,1.16397,5.999999999994898e-05,1.889815458750857,3.7956521739130435,True,1,CONFIRMED,NEUTRAL,0.0006699999999999484,NO_DISPLACEMENT
9802,2026-05-26 10:30:00+00:00,M15:BUY_SIDE:9799,BUY_SIDE,M15,1.16374,0.00028999999999990145,1.889815458750857,3.7956521739130435,True,1,CONFIRMED,NEUTRAL,0.0006699999999999484,NO_DISPLACEMENT
9809,2026-05-26 12:15:00+00:00,M15:BUY_SIDE:9805,BUY_SIDE,M15,1.1642,2.0000000000131024e-05,1.1119944167865936,1.718840579710145,True,1,CONFIRMED,NEUTRAL,0.0006599999999998829,NO_DISPLACEMENT
9810,2026-05-26 12:30:00+00:00,M15:BUY_SIDE:9769,BUY_SIDE,M15,1.16431,2.0000000000131024e-05,0.75528459401967,1.272463768115942,True,1,CONFIRMED,BULLISH,0.0010799999999999699,NO_DISPLACEMENT
9814,2026-05-26 13:30:00+00:00,M15:BUY_SIDE:9762,BUY_SIDE,M15,1.16448,2.999999999997449e-05,1.584571943288282,2.138114209827357,True,1,CONFIRMED,BULLISH,0.000180000000000069,NO_DISPLACEMENT
9814,2026-05-26 13:30:00+00:00,M15:BUY_SIDE:9811,BUY_SIDE,M15,1.1644,0.00010999999999983245,1.584571943288282,2.138114209827357,True,1,CONFIRMED,BULLISH,0.000180000000000069,NO_DISPLACEMENT
9818,2026-05-26 14:30:00+00:00,M15:SELL_SIDE:9814,SELL_SIDE,M15,1.16376,0.00027999999999983594,1.4825253834204466,1.6577415599534342,False,-1,WEAK,BULLISH,-0.000300000000000189,NO_DISPLACEMENT
9820,2026-05-26 15:00:00+00:00,M15:SELL_SIDE:9808,SELL_SIDE,M15,1.16323,0.00012999999999996348,1.0540335640680645,1.7603583426651737,True,1,CONFIRMED,BULLISH,-0.0007200000000000539,NO_DISPLACEMENT
9824,2026-05-26 16:00:00+00:00,M15:SELL_SIDE:9820,SELL_SIDE,M15,1.1631,0.00025999999999992696,1.0160167550520744,1.401025641025641,False,-1,WEAK,BEARISH,-0.0009600000000000719,NO_DISPLACEMENT
9827,2026-05-26 16:45:00+00:00,M15:SELL_SIDE:9800,SELL_SIDE,M15,1.1624,0.0006800000000000139,2.662499628042432,2.6495901639344264,True,1,CONFIRMED,BEARISH,-0.0014499999999999513,NO_DISPLACEMENT
9834,2026-05-26 18:30:00+00:00,M15:SELL_SIDE:9827,SELL_SIDE,M15,1.16172,9.999999999998899e-05,1.0889673365372443,1.6822966507177033,True,1,CONFIRMED,BEARISH,-0.0011099999999999444,NO_DISPLACEMENT
9842,2026-05-26 20:30:00+00:00,M15:SELL_SIDE:9839,SELL_SIDE,M15,1.16224,1.999999999990898e-05,0.7671467051081255,0.7483870967741936,True,1,CONFIRMED,NEUTRAL,1.999999999990898e-05,NO_DISPLACEMENT
9846,2026-05-26 21:30:00+00:00,M15:BUY_SIDE:9841,BUY_SIDE,M15,1.16276,9.999999999998899e-05,0.530449941322019,0.6193548387096774,False,-1,WEAK,BEARISH,0.00028999999999990145,NO_DISPLACEMENT
9847,2026-05-26 21:45:00+00:00,M15:BUY_SIDE:9838,BUY_SIDE,M15,1.16295,0.000140000000000029,0.7298135718290611,0.5469924812030075,True,1,CONFIRMED,BEARISH,0.0002300000000001745,NO_DISPLACEMENT
9850,2026-05-26 22:30:00+00:00,M15:BUY_SIDE:9847,BUY_SIDE,M15,1.16309,8.000000000008001e-05,0.6157292990928475,0.39575289575289574,False,3,CONFIRMED,NEUTRAL,0.0004700000000001925,NO_DISPLACEMENT
9856,2026-05-27 00:00:00+00:00,M15:SELL_SIDE:9853,SELL_SIDE,M15,1.16302,0.0006699999999999484,1.7890340176456383,0.7466666666666667,False,1,CONFIRMED,BULLISH,0.000180000000000069,NO_DISPLACEMENT
9860,2026-05-27 01:00:00+00:00,M15:BUY_SIDE:9852,BUY_SIDE,M15,1.16327,2.999999999997449e-05,0.7561430726416233,0.5951115834218916,True,1,CONFIRMED,NEUTRAL,7.00000000000145e-05,NO_DISPLACEMENT
9863,2026-05-27 01:45:00+00:00,M15:BUY_SIDE:9860,BUY_SIDE,M15,1.1633,1.999999999990898e-05,0.21822278240912182,0.1594048884165781,False,-1,WEAK,NEUTRAL,0.0002900000000001235,NO_DISPLACEMENT
9865,2026-05-27 02:15:00+00:00,M15:BUY_SIDE:9822,BUY_SIDE,M15,1.16366,2.0000000000131024e-05,1.1660783472087424,0.2638105975197294,False,2,CONFIRMED,NEUTRAL,0.00048000000000003595,NO_DISPLACEMENT
9874,2026-05-27 04:30:00+00:00,M15:SELL_SIDE:9868,SELL_SIDE,M15,1.16359,0.00032999999999994145,1.5744894724572636,1.6104252400548698,False,-1,WEAK,BULLISH,8.999999999992347e-05,NO_DISPLACEMENT
9879,2026-05-27 05:45:00+00:00,M15:BUY_SIDE:9876,BUY_SIDE,M15,1.16382,1.999999999990898e-05,1.4448937522371397,0.8840125391849529,False,3,CONFIRMED,BEARISH,-9.000000000014552e-05,NO_DISPLACEMENT
9880,2026-05-27 06:00:00+00:00,M15:BUY_SIDE:9871,BUY_SIDE,M15,1.16404,0.00019999999999997797,1.4003919224520052,0.9823434991974318,True,1,CONFIRMED,BEARISH,1.999999999990898e-05,NO_DISPLACEMENT
9888,2026-05-27 08:00:00+00:00,M15:BUY_SIDE:9880,BUY_SIDE,M15,1.16424,9.999999999998899e-05,1.0197085873332143,1.216931216931217,False,2,CONFIRMED,BULLISH,0.0008500000000000174,NO_DISPLACEMENT
9894,2026-05-27 09:30:00+00:00,H4:BUY_SIDE:747,BUY_SIDE,H4,1.16451,0.00012000000000012001,2.3381858478955646,2.567901234567901,False,2,CONFIRMED,BULLISH,0.0006500000000000394,NO_DISPLACEMENT
9894,2026-05-27 09:30:00+00:00,M15:BUY_SIDE:9889,BUY_SIDE,M15,1.16444,0.0001900000000001345,2.3381858478955646,2.567901234567901,False,-1,WEAK,BULLISH,0.0006500000000000394,NO_DISPLACEMENT
9895,2026-05-27 09:45:00+00:00,M15:BUY_SIDE:9736,BUY_SIDE,M15,1.16485,7.00000000000145e-05,1.4640991936118872,2.5625,True,1,CONFIRMED,BULLISH,0.0005899999999998684,NO_DISPLACEMENT
9909,2026-05-27 13:15:00+00:00,M15:SELL_SIDE:9882,SELL_SIDE,M15,1.16367,2.999999999997449e-05,1.9138932033092189,1.4141414141414141,True,1,CONFIRMED,NEUTRAL,-0.00029999999999996696,NO_DISPLACEMENT
9909,2026-05-27 13:15:00+00:00,M15:SELL_SIDE:9892,SELL_SIDE,M15,1.16372,8.000000000008001e-05,1.9138932033092189,1.4141414141414141,True,1,CONFIRMED,NEUTRAL,-0.00029999999999996696,NO_DISPLACEMENT
9909,2026-05-27 13:15:00+00:00,M15:SELL_SIDE:9900,SELL_SIDE,M15,1.16381,0.00017000000000000348,1.9138932033092189,1.4141414141414141,False,1,CONFIRMED,NEUTRAL,-0.00029999999999996696,NO_DISPLACEMENT
9909,2026-05-27 13:15:00+00:00,M15:SELL_SIDE:9904,SELL_SIDE,M15,1.16424,0.0005999999999999339,1.9138932033092189,1.4141414141414141,False,-1,WEAK,NEUTRAL,-0.00029999999999996696,NO_DISPLACEMENT
9914,2026-05-27 14:30:00+00:00,M15:SELL_SIDE:9911,SELL_SIDE,M15,1.16359,1.999999999990898e-05,0.8843634159159173,1.3818181818181818,True,1,CONFIRMED,BEARISH,-0.0005299999999999194,NO_DISPLACEMENT
9917,2026-05-27 15:15:00+00:00,H4:BUY_SIDE:741,BUY_SIDE,H4,1.16527,0.0007299999999998974,4.46125528378549,6.410094637223975,False,2,CONFIRMED,BEARISH,0.0011499999999999844,NO_DISPLACEMENT
9917,2026-05-27 15:15:00+00:00,M15:BUY_SIDE:9895,BUY_SIDE,M15,1.16492,0.0010799999999999699,4.46125528378549,6.410094637223975,False,2,CONFIRMED,BEARISH,0.0011499999999999844,NO_DISPLACEMENT
9917,2026-05-27 15:15:00+00:00,M15:BUY_SIDE:9907,BUY_SIDE,M15,1.16485,0.0011499999999999844,4.46125528378549,6.410094637223975,False,2,CONFIRMED,BEARISH,0.0011499999999999844,NO_DISPLACEMENT
9917,2026-05-27 15:15:00+00:00,M15:BUY_SIDE:9913,BUY_SIDE,M15,1.16418,0.0018199999999999328,4.46125528378549,6.410094637223975,False,-1,WEAK,BEARISH,0.0011499999999999844,NO_DISPLACEMENT
9927,2026-05-27 17:45:00+00:00,M15:SELL_SIDE:9874,SELL_SIDE,M15,1.16326,0.0007699999999999374,2.977030965477484,3.3228476821192054,False,1,CONFIRMED,NEUTRAL,-0.003070000000000128,NO_DISPLACEMENT
9927,2026-05-27 17:45:00+00:00,M15:SELL_SIDE:9915,SELL_SIDE,M15,1.16328,0.0007900000000000684,2.977030965477484,3.3228476821192054,False,1,CONFIRMED,NEUTRAL,-0.003070000000000128,NO_DISPLACEMENT
9927,2026-05-27 17:45:00+00:00,M15:SELL_SIDE:9924,SELL_SIDE,M15,1.16365,0.0011600000000000499,2.977030965477484,3.3228476821192054,False,-1,WEAK,NEUTRAL,-0.003070000000000128,NO_DISPLACEMENT
9928,2026-05-27 18:00:00+00:00,M15:SELL_SIDE:9856,SELL_SIDE,M15,1.16235,0.0001100000000000545,1.2966869353397288,2.539344262295082,True,1,CONFIRMED,NEUTRAL,-0.0020299999999999763,NO_DISPLACEMENT
9936,2026-05-27 20:00:00+00:00,M15:SELL_SIDE:9932,SELL_SIDE,M15,1.16241,0.00011999999999989797,1.3302768502789633,1.351605324980423,False,2,CONFIRMED,NEUTRAL,-0.0025500000000000522,NO_DISPLACEMENT
9937,2026-05-27 20:15:00+00:00,M15:SELL_SIDE:9928,SELL_SIDE,M15,1.16224,2.999999999997449e-05,0.48407483277119634,0.8128425998433829,True,1,CONFIRMED,NEUTRAL,-0.00018999999999991246,NO_DISPLACEMENT
9943,2026-05-27 21:45:00+00:00,M15:BUY_SIDE:9939,BUY_SIDE,M15,1.16285,0.00017000000000000348,0.6246228031052291,0.5884218873909596,False,-1,WEAK,NEUTRAL,8.999999999992347e-05,NO_DISPLACEMENT
9950,2026-05-27 23:30:00+00:00,M15:SELL_SIDE:9947,SELL_SIDE,M15,1.16267,4.0000000000040004e-05,0.5696481701441267,0.2928452579034942,True,2,CONFIRMED,BULLISH,0.00036999999999998145,NO_DISPLACEMENT
9956,2026-05-28 01:00:00+00:00,M15:BUY_SIDE:9952,BUY_SIDE,M15,1.16299,1.0000000000065512e-05,0.7759003418196904,0.3127962085308057,True,1,CONFIRMED,BEARISH,9.999999999998899e-05,NO_DISPLACEMENT
9961,2026-05-28 02:15:00+00:00,M15:SELL_SIDE:9937,SELL_SIDE,M15,1.16221,7.00000000000145e-05,1.8869219385355465,0.5555555555555556,False,-1,WEAK,NEUTRAL,-0.00039999999999995595,NO_DISPLACEMENT
9961,2026-05-28 02:15:00+00:00,M15:SELL_SIDE:9941,SELL_SIDE,M15,1.16225,0.0001100000000000545,1.8869219385355465,0.5555555555555556,False,-1,WEAK,NEUTRAL,-0.00039999999999995595,NO_DISPLACEMENT
9961,2026-05-28 02:15:00+00:00,M15:SELL_SIDE:9951,SELL_SIDE,M15,1.16253,0.0003900000000001125,1.8869219385355465,0.5555555555555556,False,-1,WEAK,NEUTRAL,-0.00039999999999995595,NO_DISPLACEMENT
9962,2026-05-28 02:30:00+00:00,M15:SELL_SIDE:9843,SELL_SIDE,M15,1.16213,0.00010000000000021103,0.6025552681131213,0.44881075491209926,True,3,CONFIRMED,NEUTRAL,-0.0007200000000000539,NO_DISPLACEMENT
9963,2026-05-28 02:45:00+00:00,H4:SELL_SIDE:748,SELL_SIDE,H4,1.16162,3.0000000000196536e-05,1.5711352326373742,0.6127659574468085,True,1,CONFIRMED,BEARISH,-0.001140000000000141,NO_DISPLACEMENT
9970,2026-05-28 04:30:00+00:00,M15:SELL_SIDE:9967,SELL_SIDE,M15,1.16167,8.000000000008001e-05,0.9992471295176583,0.9177057356608479,False,-1,WEAK,NEUTRAL,-0.0011499999999999844,NO_DISPLACEMENT
9971,2026-05-28 04:45:00+00:00,M15:SELL_SIDE:9963,SELL_SIDE,M15,1.16159,0.0006699999999999484,1.7552071031333754,1.2069825436408979,False,-1,WEAK,NEUTRAL,-0.0011700000000001154,NO_DISPLACEMENT
9976,2026-05-28 06:00:00+00:00,M15:SELL_SIDE:9971,SELL_SIDE,M15,1.16092,0.00035999999999991594,2.034201154118466,1.198931909212283,False,-1,WEAK,BEARISH,-0.0014099999999999113,NO_DISPLACEMENT
9978,2026-05-28 06:30:00+00:00,M15:SELL_SIDE:9663,SELL_SIDE,M15,1.15978,0.000520000000000076,1.9530098368895552,2.878504672897196,False,-1,WEAK,BEARISH,-0.0026399999999999757,NO_DISPLACEMENT
9979,2026-05-28 06:45:00+00:00,H4:SELL_SIDE:736,SELL_SIDE,H4,1.15881,9.999999999998899e-05,1.5609459215829509,1.8504672897196262,False,1,CONFIRMED,BEARISH,-0.003130000000000077,NO_DISPLACEMENT
9992,2026-05-28 10:00:00+00:00,M15:BUY_SIDE:9974,BUY_SIDE,M15,1.16151,0.00024999999999986144,1.525675413326059,2.3311081441922563,False,1,CONFIRMED,BEARISH,0.0025399999999999867,NO_DISPLACEMENT
9999,2026-05-28 11:45:00+00:00,M15:BUY_SIDE:9996,BUY_SIDE,M15,1.16159,9.000000000014552e-05,1.3345288817179652,1.0653804930332262,True,-1,CONFIRMED,NEUTRAL,0.0008699999999999264,NO_DISPLACEMENT
10000,2026-05-28 12:00:00+00:00,M15:BUY_SIDE:9992,BUY_SIDE,M15,1.16176,5.0000000000105516e-05,0.7729240814857573,1.0905263157894738,False,2,CONFIRMED,NEUTRAL,0.0010299999999998644,NO_DISPLACEMENT
10006,2026-05-28 13:30:00+00:00,M15:SELL_SIDE:9997,SELL_SIDE,M15,1.16065,7.999999999985796e-05,1.7568387965947418,0.9274770173646578,False,2,CONFIRMED,BULLISH,-0.0004900000000001015,NO_DISPLACEMENT
10011,2026-05-28 14:45:00+00:00,M15:BUY_SIDE:10001,BUY_SIDE,M15,1.16191,0.00035999999999991594,2.236054219946602,1.72007722007722,True,-1,CONFIRMED,NEUTRAL,-9.000000000014552e-05,NO_DISPLACEMENT
10013,2026-05-28 15:15:00+00:00,M15:BUY_SIDE:9966,BUY_SIDE,M15,1.16234,0.000220000000000109,1.2362161383864647,1.360377358490566,False,-1,WEAK,NEUTRAL,0.001100000000000101,NO_DISPLACEMENT
10014,2026-05-28 15:30:00+00:00,M15:BUY_SIDE:9936,BUY_SIDE,M15,1.16329,0.000140000000000029,1.8073639641622297,2.7226415094339624,True,2,CONFIRMED,NEUTRAL,0.0019699999999998052,NO_DISPLACEMENT
10014,2026-05-28 15:30:00+00:00,M15:BUY_SIDE:9945,BUY_SIDE,M15,1.16319,0.00024000000000001798,1.8073639641622297,2.7226415094339624,False,-1,WEAK,NEUTRAL,0.0019699999999998052,NO_DISPLACEMENT
10014,2026-05-28 15:30:00+00:00,M15:BUY_SIDE:9957,BUY_SIDE,M15,1.16302,0.00041000000000002146,1.8073639641622297,2.7226415094339624,False,-1,WEAK,NEUTRAL,0.0019699999999998052,NO_DISPLACEMENT
10014,2026-05-28 15:30:00+00:00,M15:BUY_SIDE:9961,BUY_SIDE,M15,1.16285,0.0005800000000000249,1.8073639641622297,2.7226415094339624,False,-1,WEAK,NEUTRAL,0.0019699999999998052,NO_DISPLACEMENT
10015,2026-05-28 15:45:00+00:00,M15:BUY_SIDE:9930,BUY_SIDE,M15,1.16363,0.000180000000000069,1.052840514194649,2.1159420289855073,False,1,CONFIRMED,NEUTRAL,0.0021899999999999142,NO_DISPLACEMENT
10020,2026-05-28 17:00:00+00:00,M15:BUY_SIDE:9925,BUY_SIDE,M15,1.16522,0.00017000000000000348,3.502674024714215,2.974939369442199,True,2,CONFIRMED,NEUTRAL,0.003510000000000124,NO_DISPLACEMENT
10020,2026-05-28 17:00:00+00:00,M15:BUY_SIDE:10016,BUY_SIDE,M15,1.16431,0.0010799999999999699,3.502674024714215,2.974939369442199,False,-1,WEAK,NEUTRAL,0.003510000000000124,NO_DISPLACEMENT
10029,2026-05-28 19:15:00+00:00,M15:BUY_SIDE:10021,BUY_SIDE,M15,1.16578,0.00032999999999994145,1.4590413548280696,1.580158159597412,True,1,CONFIRMED,NEUTRAL,0.0026700000000001722,NO_DISPLACEMENT
10029,2026-05-28 19:15:00+00:00,M15:BUY_SIDE:10026,BUY_SIDE,M15,1.16568,0.00042999999999993044,1.4590413548280696,1.580158159597412,False,1,CONFIRMED,NEUTRAL,0.0026700000000001722,NO_DISPLACEMENT
10036,2026-05-28 21:00:00+00:00,M15:SELL_SIDE:10033,SELL_SIDE,M15,1.16508,7.999999999985796e-05,0.7319098404766579,0.8779110797459422,True,-1,CONFIRMED,BULLISH,9.999999999998899e-05,NO_DISPLACEMENT
10044,2026-05-28 23:00:00+00:00,M15:SELL_SIDE:10028,SELL_SIDE,M15,1.16454,7.00000000000145e-05,0.5870341869610102,0.45603112840466925,True,1,CONFIRMED,BEARISH,-0.0004199999999998649,NO_DISPLACEMENT
10044,2026-05-28 23:00:00+00:00,M15:SELL_SIDE:10040,SELL_SIDE,M15,1.16463,0.00016000000000016001,0.5870341869610102,0.45603112840466925,True,1,CONFIRMED,BEARISH,-0.0004199999999998649,NO_DISPLACEMENT
10048,2026-05-29 00:00:00+00:00,M15:BUY_SIDE:10043,BUY_SIDE,M15,1.16515,7.00000000000145e-05,0.7323229782291054,0.16530278232405893,True,1,CONFIRMED,BEARISH,0.00035999999999991594,NO_DISPLACEMENT
10055,2026-05-29 01:45:00+00:00,M15:SELL_SIDE:10052,SELL_SIDE,M15,1.16502,4.0000000000040004e-05,0.5153007113400658,0.2078559738134206,False,1,CONFIRMED,NEUTRAL,0.00034000000000000696,NO_DISPLACEMENT
10056,2026-05-29 02:00:00+00:00,M15:BUY_SIDE:10048,BUY_SIDE,M15,1.16522,6.000000000017103e-05,0.9384076313691447,0.3011456628477905,True,1,CONFIRMED,NEUTRAL,0.0003900000000001125,NO_DISPLACEMENT
10056,2026-05-29 02:00:00+00:00,M15:BUY_SIDE:10052,BUY_SIDE,M15,1.16519,9.000000000014552e-05,0.9384076313691447,0.3011456628477905,True,1,CONFIRMED,NEUTRAL,0.0003900000000001125,NO_DISPLACEMENT
10059,2026-05-29 02:45:00+00:00,M15:BUY_SIDE:10056,BUY_SIDE,M15,1.16528,1.999999999990898e-05,0.6464769014916498,0.2979094076655052,True,3,CONFIRMED,NEUTRAL,0.00017000000000000348,NO_DISPLACEMENT
10061,2026-05-29 03:15:00+00:00,M15:BUY_SIDE:10037,BUY_SIDE,M15,1.16553,2.999999999997449e-05,1.177604851072483,0.6274881516587678,True,1,CONFIRMED,NEUTRAL,0.0002500000000000835,NO_DISPLACEMENT
10062,2026-05-29 03:30:00+00:00,M15:SELL_SIDE:10055,SELL_SIDE,M15,1.16498,9.999999999843467e-06,1.4162391821396612,0.7760891590678825,True,2,CONFIRMED,NEUTRAL,-4.0000000000040004e-05,NO_DISPLACEMENT
10064,2026-05-29 04:00:00+00:00,M15:BUY_SIDE:10061,BUY_SIDE,M15,1.16556,2.0000000000131024e-05,2.371971347212787,1.1346351490236382,True,1,CONFIRMED,NEUTRAL,0.000460000000000127,NO_DISPLACEMENT
10067,2026-05-29 04:45:00+00:00,M15:SELL_SIDE:10044,SELL_SIDE,M15,1.16447,0.00013999999999980695,1.7121055950685042,1.2363636363636363,False,1,CONFIRMED,NEUTRAL,-0.0006900000000000794,NO_DISPLACEMENT
10067,2026-05-29 04:45:00+00:00,M15:SELL_SIDE:10063,SELL_SIDE,M15,1.16473,0.00039999999999995595,1.7121055950685042,1.2363636363636363,False,3,CONFIRMED,NEUTRAL,-0.0006900000000000794,NO_DISPLACEMENT
10072,2026-05-29 06:00:00+00:00,M15:SELL_SIDE:10067,SELL_SIDE,M15,1.16433,0.000300000000000189,1.2721382946771125,0.8319018404907975,False,-1,WEAK,BEARISH,-0.001060000000000061,NO_DISPLACEMENT
10084,2026-05-29 09:00:00+00:00,M15:BUY_SIDE:10081,BUY_SIDE,M15,1.16436,0.0004199999999998649,1.639253770847908,2.1068702290076335,False,-1,WEAK,BEARISH,0.0009400000000001629,NO_DISPLACEMENT
10086,2026-05-29 09:30:00+00:00,M15:BUY_SIDE:10070,BUY_SIDE,M15,1.16493,8.000000000008001e-05,1.4283220246303285,2.354198473282443,False,2,CONFIRMED,BEARISH,0.0012000000000000899,NO_DISPLACEMENT
10092,2026-05-29 11:00:00+00:00,M15:SELL_SIDE:10078,SELL_SIDE,M15,1.16341,1.0000000000065512e-05,1.693486301546676,3.499236641221374,True,1,CONFIRMED,NEUTRAL,-0.0004999999999999449,NO_DISPLACEMENT
10095,2026-05-29 11:45:00+00:00,M15:SELL_SIDE:10020,SELL_SIDE,M15,1.16268,0.00018999999999991246,2.3605136215122378,2.6003016591251886,True,1,CONFIRMED,NEUTRAL,-0.0017199999999999438,NO_DISPLACEMENT
10106,2026-05-29 14:30:00+00:00,M15:BUY_SIDE:10100,BUY_SIDE,M15,1.16451,0.00017000000000000348,1.2254346932824642,1.1316062176165802,False,-1,WEAK,BEARISH,0.0009399999999999409,NO_DISPLACEMENT
10111,2026-05-29 15:45:00+00:00,M15:BUY_SIDE:10108,BUY_SIDE,M15,1.16486,2.999999999997449e-05,1.0013631797423046,1.2466607301869992,False,1,CONFIRMED,BULLISH,0.0006299999999999084,NO_DISPLACEMENT
10118,2026-05-29 17:30:00+00:00,M15:SELL_SIDE:10110,SELL_SIDE,M15,1.16414,0.0001100000000000545,1.4402422562493078,2.3476112026359144,True,1,CONFIRMED,BULLISH,0.00018999999999991246,NO_DISPLACEMENT
10119,2026-05-29 17:45:00+00:00,H4:BUY_SIDE:714,BUY_SIDE,H4,1.16614,0.0013000000000000789,3.9529147623750487,4.668292682926829,False,-1,WEAK,BULLISH,0.0022100000000000453,NO_DISPLACEMENT
10119,2026-05-29 17:45:00+00:00,H4:BUY_SIDE:760,BUY_SIDE,H4,1.16611,0.0013300000000000534,3.9529147623750487,4.668292682926829,False,-1,WEAK,BULLISH,0.0022100000000000453,NO_DISPLACEMENT
10119,2026-05-29 17:45:00+00:00,M15:BUY_SIDE:9090,BUY_SIDE,M15,1.16733,0.0001100000000000545,3.9529147623750487,4.668292682926829,True,-1,CONFIRMED,BULLISH,0.0022100000000000453,NO_DISPLACEMENT
10119,2026-05-29 17:45:00+00:00,M15:BUY_SIDE:9099,BUY_SIDE,M15,1.16649,0.0009500000000000064,3.9529147623750487,4.668292682926829,False,-1,WEAK,BULLISH,0.0022100000000000453,NO_DISPLACEMENT
10119,2026-05-29 17:45:00+00:00,M15:BUY_SIDE:10065,BUY_SIDE,M15,1.16564,0.0018000000000000238,3.9529147623750487,4.668292682926829,False,-1,WEAK,BULLISH,0.0022100000000000453,NO_DISPLACEMENT
10119,2026-05-29 17:45:00+00:00,M15:BUY_SIDE:10087,BUY_SIDE,M15,1.16543,0.0020100000000000673,3.9529147623750487,4.668292682926829,False,-1,WEAK,BULLISH,0.0022100000000000453,NO_DISPLACEMENT
10119,2026-05-29 17:45:00+00:00,M15:BUY_SIDE:10113,BUY_SIDE,M15,1.16531,0.0021299999999999653,3.9529147623750487,4.668292682926829,False,-1,WEAK,BULLISH,0.0022100000000000453,NO_DISPLACEMENT
10121,2026-05-29 18:15:00+00:00,M15:BUY_SIDE:9069,BUY_SIDE,M15,1.16815,2.999999999997449e-05,1.0671764438796423,2.2754203362690153,True,1,CONFIRMED,NEUTRAL,0.0026300000000001322,NO_DISPLACEMENT
10121,2026-05-29 18:15:00+00:00,M15:BUY_SIDE:9075,BUY_SIDE,M15,1.16807,0.0001100000000000545,1.0671764438796423,2.2754203362690153,True,1,CONFIRMED,NEUTRAL,0.0026300000000001322,NO_DISPLACEMENT
10121,2026-05-29 18:15:00+00:00,M15:BUY_SIDE:9080,BUY_SIDE,M15,1.1679,0.000280000000000058,1.0671764438796423,2.2754203362690153,True,1,CONFIRMED,NEUTRAL,0.0026300000000001322,NO_DISPLACEMENT
10129,2026-05-29 20:15:00+00:00,M15:SELL_SIDE:10126,SELL_SIDE,M15,1.16666,8.000000000008001e-05,0.7010306101983065,0.8587570621468926,True,-1,CONFIRMED,BULLISH,-7.999999999985796e-05,NO_DISPLACEMENT
10135,2026-05-29 21:45:00+00:00,M15:SELL_SIDE:10132,SELL_SIDE,M15,1.16615,0.0001100000000000545,1.2525845255779884,1.0811554332874829,True,1,CONFIRMED,NEUTRAL,-0.000560000000000116,NO_DISPLACEMENT
10142,2026-05-29 23:30:00+00:00,M15:SELL_SIDE:10135,SELL_SIDE,M15,1.16604,1.999999999990898e-05,0.437283558344919,0.35583796664019063,True,1,CONFIRMED,BEARISH,-0.00022999999999995246,NO_DISPLACEMENT
10148,2026-06-01 01:00:00+00:00,M15:SELL_SIDE:10144,SELL_SIDE,M15,1.16516,2.999999999997449e-05,1.7642182815572298,0.9509001636661211,True,1,CONFIRMED,BEARISH,-0.0013499999999999623,NO_DISPLACEMENT
10155,2026-06-01 02:45:00+00:00,M15:SELL_SIDE:10148,SELL_SIDE,M15,1.16513,0.00029999999999996696,1.5647479155199373,1.4849715678310318,False,-1,WEAK,BEARISH,-0.0006899999999998574,NO_DISPLACEMENT
10169,2026-06-01 06:15:00+00:00,M15:SELL_SIDE:10166,SELL_SIDE,M15,1.16435,1.999999999990898e-05,1.3905530428465562,0.75,True,2,CONFIRMED,NEUTRAL,-2.0000000000131024e-05,NO_DISPLACEMENT
10170,2026-06-01 06:30:00+00:00,M15:SELL_SIDE:10163,SELL_SIDE,M15,1.16419,4.0000000000040004e-05,1.8786934112671936,0.6025641025641025,False,1,CONFIRMED,NEUTRAL,-0.00041000000000002146,NO_DISPLACEMENT
10176,2026-06-01 08:00:00+00:00,M15:BUY_SIDE:10168,BUY_SIDE,M15,1.1649,0.00032999999999994145,1.3098283272683104,1.0754017305315204,False,-1,WEAK,BEARISH,0.0007299999999998974,NO_DISPLACEMENT
10179,2026-06-01 08:45:00+00:00,M15:BUY_SIDE:10176,BUY_SIDE,M15,1.16523,8.999999999992347e-05,0.8182540989705629,0.823841059602649,True,2,CONFIRMED,NEUTRAL,0.00038000000000004697,NO_DISPLACEMENT
10180,2026-06-01 09:00:00+00:00,M15:BUY_SIDE:10154,BUY_SIDE,M15,1.16557,2.999999999997449e-05,1.4183211366656079,2.3496688741721856,True,1,CONFIRMED,NEUTRAL,0.0012900000000000134,NO_DISPLACEMENT
10183,2026-06-01 09:45:00+00:00,M15:BUY_SIDE:10147,BUY_SIDE,M15,1.16604,0.00042999999999993044,3.09318678005467,3.0887417218543045,False,1,CONFIRMED,BULLISH,0.0017300000000000093,NO_DISPLACEMENT
10183,2026-06-01 09:45:00+00:00,M15:BUY_SIDE:10180,BUY_SIDE,M15,1.1656,0.0008699999999999264,3.09318678005467,3.0887417218543045,False,3,CONFIRMED,BULLISH,0.0017300000000000093,NO_DISPLACEMENT
10192,2026-06-01 12:00:00+00:00,M15:SELL_SIDE:10187,SELL_SIDE,M15,1.16517,5.999999999994898e-05,1.8537849013154306,1.4892086330935252,True,-1,CONFIRMED,NEUTRAL,-0.000180000000000069,NO_DISPLACEMENT
10192,2026-06-01 12:00:00+00:00,M15:BUY_SIDE:10189,BUY_SIDE,M15,1.16601,4.0000000000040004e-05,1.8537849013154306,1.4892086330935252,True,1,CONFIRMED,NEUTRAL,-0.000180000000000069,NO_DISPLACEMENT
10193,2026-06-01 12:15:00+00:00,M15:SELL_SIDE:10181,SELL_SIDE,M15,1.165,0.000180000000000069,1.2212820363419397,1.184652278177458,False,2,CONFIRMED,NEUTRAL,-0.0014799999999999258,NO_DISPLACEMENT
10197,2026-06-01 13:15:00+00:00,M15:SELL_SIDE:10193,SELL_SIDE,M15,1.16482,9.999999999998899e-05,0.5133662286745668,0.9955947136563876,True,1,CONFIRMED,NEUTRAL,-0.0008099999999999774,NO_DISPLACEMENT
10208,2026-06-01 16:00:00+00:00,H4:SELL_SIDE:769,SELL_SIDE,H4,1.16415,0.0013700000000000934,3.8281985617318464,4.410372040586246,False,-1,WEAK,BEARISH,-0.0017300000000000093,NO_DISPLACEMENT
10208,2026-06-01 16:00:00+00:00,M15:SELL_SIDE:10105,SELL_SIDE,M15,1.16398,0.0012000000000000899,3.8281985617318464,4.410372040586246,False,-1,WEAK,BEARISH,-0.0017300000000000093,NO_DISPLACEMENT
10208,2026-06-01 16:00:00+00:00,M15:SELL_SIDE:10118,SELL_SIDE,M15,1.16403,0.0012499999999999734,3.8281985617318464,4.410372040586246,False,-1,WEAK,BEARISH,-0.0017300000000000093,NO_DISPLACEMENT
10210,2026-06-01 16:30:00+00:00,H4:SELL_SIDE:764,SELL_SIDE,H4,1.16249,0.000460000000000127,1.4965846320652245,4.728297632468997,False,-1,WEAK,BEARISH,-0.002409999999999801,NO_DISPLACEMENT
10223,2026-06-01 19:45:00+00:00,M15:BUY_SIDE:10218,BUY_SIDE,M15,1.16286,0.000180000000000069,1.4461463935027594,1.4254237288135594,False,1,CONFIRMED,NEUTRAL,0.0015500000000001624,NO_DISPLACEMENT
10235,2026-06-01 22:45:00+00:00,M15:SELL_SIDE:10232,SELL_SIDE,M15,1.16295,0.00029999999999996696,1.1959559524989933,1.306711979609176,True,1,CONFIRMED,BULLISH,-2.999999999997449e-05,NO_DISPLACEMENT
10241,2026-06-02 00:15:00+00:00,M15:BUY_SIDE:10236,BUY_SIDE,M15,1.16336,0.00012000000000012001,1.3940825885058439,0.2538860103626943,False,-1,WEAK,BEARISH,0.00035999999999991594,NO_DISPLACEMENT
10250,2026-06-02 02:30:00+00:00,M15:BUY_SIDE:10243,BUY_SIDE,M15,1.16358,1.999999999990898e-05,1.0653363549417905,0.4299465240641711,False,1,CONFIRMED,BULLISH,0.0006800000000000139,NO_DISPLACEMENT
10252,2026-06-02 03:00:00+00:00,M15:SELL_SIDE:10244,SELL_SIDE,M15,1.16323,0.0002500000000000835,1.7812495761347564,0.9049951028403526,True,1,CONFIRMED,BULLISH,-0.00024999999999986144,NO_DISPLACEMENT
10255,2026-06-02 03:45:00+00:00,M15:SELL_SIDE:10252,SELL_SIDE,M15,1.16298,5.999999999994898e-05,1.1466563417233107,1.085133418043202,True,1,CONFIRMED,NEUTRAL,-0.00017000000000000348,NO_DISPLACEMENT
10256,2026-06-02 04:00:00+00:00,M15:BUY_SIDE:10250,BUY_SIDE,M15,1.1636,8.000000000008001e-05,1.6891338346078537,1.2147395171537485,True,1,CONFIRMED,NEUTRAL,0.00021999999999988695,NO_DISPLACEMENT
10259,2026-06-02 04:45:00+00:00,M15:SELL_SIDE:10255,SELL_SIDE,M15,1.16292,7.999999999985796e-05,1.3371837341437292,1.1956856702619414,True,1,CONFIRMED,NEUTRAL,-0.00041000000000002146,NO_DISPLACEMENT
10267,2026-06-02 06:45:00+00:00,M15:BUY_SIDE:10262,BUY_SIDE,M15,1.16345,5.999999999994898e-05,0.6242104575556295,0.5278276481149012,True,-1,CONFIRMED,BEARISH,5.999999999994898e-05,NO_DISPLACEMENT
10270,2026-06-02 07:30:00+00:00,M15:BUY_SIDE:10256,BUY_SIDE,M15,1.16368,4.0000000000040004e-05,0.5436690640942294,0.5762081784386617,True,-1,CONFIRMED,BEARISH,0.0004999999999999449,NO_DISPLACEMENT
10271,2026-06-02 07:45:00+00:00,M15:BUY_SIDE:10226,BUY_SIDE,M15,1.16377,9.999999999998899e-05,0.9365528057094578,0.9980879541108987,False,2,CONFIRMED,BEARISH,0.00039999999999995595,NO_DISPLACEMENT
10276,2026-06-02 09:00:00+00:00,M15:BUY_SIDE:10273,BUY_SIDE,M15,1.16396,0.0007399999999999629,3.459699378580245,2.977272727272727,False,-1,WEAK,NEUTRAL,0.0011100000000001664,NO_DISPLACEMENT
10278,2026-06-02 09:30:00+00:00,M15:BUY_SIDE:10206,BUY_SIDE,M15,1.16504,0.00017999999999984695,1.3275668936493314,3.2545454545454544,True,2,CONFIRMED,BULLISH,0.0012899999999997913,NO_DISPLACEMENT
10284,2026-06-02 11:00:00+00:00,M15:BUY_SIDE:10278,BUY_SIDE,M15,1.16522,2.999999999997449e-05,1.8767747951150744,2.6946902654867255,True,1,CONFIRMED,BULLISH,0.0008500000000000174,NO_DISPLACEMENT
10287,2026-06-02 11:45:00+00:00,M15:SELL_SIDE:10281,SELL_SIDE,M15,1.16447,0.00027999999999983594,1.0421061091537624,1.5793499043977055,False,-1,WEAK,BULLISH,-0.0005399999999999849,NO_DISPLACEMENT
10293,2026-06-02 13:15:00+00:00,M15:SELL_SIDE:10288,SELL_SIDE,M15,1.16401,0.000180000000000069,1.6167320500475917,1.302547770700637,True,1,CONFIRMED,NEUTRAL,-0.0005999999999999339,NO_DISPLACEMENT
10295,2026-06-02 13:45:00+00:00,M15:BUY_SIDE:10292,BUY_SIDE,M15,1.16454,6.000000000017103e-05,1.0892513393893215,1.430359937402191,True,1,CONFIRMED,BEARISH,-0.00025999999999992696,NO_DISPLACEMENT
10299,2026-06-02 14:45:00+00:00,M15:BUY_SIDE:10284,BUY_SIDE,M15,1.16525,2.0000000000131024e-05,1.016682979436389,0.992462311557789,True,1,CONFIRMED,BEARISH,0.0005999999999999339,NO_DISPLACEMENT
10305,2026-06-02 16:15:00+00:00,M15:SELL_SIDE:10301,SELL_SIDE,M15,1.16473,0.000180000000000069,1.2223376484718094,1.6941457586618878,False,-1,WEAK,BULLISH,0.00018999999999991246,NO_DISPLACEMENT
10308,2026-06-02 17:00:00+00:00,M15:SELL_SIDE:10275,SELL_SIDE,M15,1.16362,1.0000000000065512e-05,1.6863986431343434,2.579247434435576,True,1,CONFIRMED,BULLISH,-0.0008599999999998609,NO_DISPLACEMENT
10308,2026-06-02 17:00:00+00:00,M15:SELL_SIDE:10293,SELL_SIDE,M15,1.16383,0.00021999999999988695,1.6863986431343434,2.579247434435576,True,1,CONFIRMED,BULLISH,-0.0008599999999998609,NO_DISPLACEMENT
10313,2026-06-02 18:15:00+00:00,M15:SELL_SIDE:10308,SELL_SIDE,M15,1.16361,5.999999999994898e-05,1.810238748991608,1.5263702171664943,True,1,CONFIRMED,BEARISH,-0.0013499999999999623,NO_DISPLACEMENT
10317,2026-06-02 19:15:00+00:00,M15:SELL_SIDE:10313,SELL_SIDE,M15,1.16355,0.000520000000000076,1.4937790341005412,0.9883040935672515,False,-1,WEAK,BEARISH,-0.0012600000000000389,NO_DISPLACEMENT
10318,2026-06-02 19:30:00+00:00,M15:SELL_SIDE:10240,SELL_SIDE,M15,1.1628,0.00012000000000012001,0.9065667785392291,0.8050682261208577,True,1,CONFIRMED,BEARISH,-0.0013300000000000534,NO_DISPLACEMENT
10318,2026-06-02 19:30:00+00:00,M15:SELL_SIDE:10259,SELL_SIDE,M15,1.16284,0.00016000000000016001,0.9065667785392291,0.8050682261208577,False,-1,WEAK,BEARISH,-0.0013300000000000534,NO_DISPLACEMENT
10320,2026-06-02 20:00:00+00:00,M15:SELL_SIDE:10235,SELL_SIDE,M15,1.16265,0.00017000000000000348,0.9814394071216794,0.9766081871345029,False,-1,WEAK,BEARISH,-0.0020700000000000163,NO_DISPLACEMENT
10325,2026-06-02 21:15:00+00:00,M15:SELL_SIDE:10221,SELL_SIDE,M15,1.16164,0.00029999999999996696,1.5783246640043798,1.1177033492822968,True,1,CONFIRMED,BEARISH,-0.0019899999999999363,NO_DISPLACEMENT
10332,2026-06-02 23:00:00+00:00,M15:BUY_SIDE:10329,BUY_SIDE,M15,1.1633,0.00015999999999993797,0.6214439120134945,0.4662576687116564,False,1,CONFIRMED,BEARISH,0.0010499999999999954,NO_DISPLACEMENT
10339,2026-06-03 00:45:00+00:00,M15:SELL_SIDE:10336,SELL_SIDE,M15,1.16289,9.999999999998899e-05,1.3041826945444124,0.34983498349834985,False,-1,WEAK,BULLISH,-0.0002900000000001235,NO_DISPLACEMENT
10343,2026-06-03 01:45:00+00:00,M15:SELL_SIDE:10340,SELL_SIDE,M15,1.16268,4.999999999988347e-05,0.776400869201672,0.502283105022831,False,-1,WEAK,BEARISH,-0.000520000000000076,NO_DISPLACEMENT
10353,2026-06-03 04:15:00+00:00,M15:BUY_SIDE:10350,BUY_SIDE,M15,1.16306,2.999999999997449e-05,1.2019204296772679,1.1133250311332503,True,2,CONFIRMED,BEARISH,0.00039999999999995595,NO_DISPLACEMENT
10355,2026-06-03 04:45:00+00:00,M15:BUY_SIDE:10339,BUY_SIDE,M15,1.16324,8.999999999992347e-05,1.6647326601922643,0.954954954954955,True,1,CONFIRMED,NEUTRAL,0.000660000000000105,NO_DISPLACEMENT
10359,2026-06-03 05:45:00+00:00,M15:SELL_SIDE:10352,SELL_SIDE,M15,1.16261,0.00012999999999996348,1.115666481163048,1.4106412005457025,True,1,CONFIRMED,BULLISH,9.999999999998899e-05,NO_DISPLACEMENT
10365,2026-06-03 07:15:00+00:00,M15:SELL_SIDE:10359,SELL_SIDE,M15,1.16248,1.0000000000065512e-05,0.5747336020952691,0.5660377358490566,False,1,CONFIRMED,NEUTRAL,-0.0004700000000001925,NO_DISPLACEMENT
10371,2026-06-03 08:45:00+00:00,M15:SELL_SIDE:10347,SELL_SIDE,M15,1.16196,0.0001100000000000545,1.550113537948914,1.439344262295082,False,-1,WEAK,BEARISH,-0.0008300000000001084,NO_DISPLACEMENT
10373,2026-06-03 09:15:00+00:00,H4:SELL_SIDE:779,SELL_SIDE,H4,1.16134,0.00012000000000012001,1.724876815406317,2.273615635179153,True,1,CONFIRMED,BEARISH,-0.0011500000000002064,NO_DISPLACEMENT
10381,2026-06-03 11:15:00+00:00,M15:SELL_SIDE:10215,SELL_SIDE,M15,1.16109,1.0000000000065512e-05,0.5884412531024391,2.933534743202417,True,3,CONFIRMED,NEUTRAL,-0.0005799999999998029,NO_DISPLACEMENT
10381,2026-06-03 11:15:00+00:00,M15:SELL_SIDE:10373,SELL_SIDE,M15,1.16122,0.000140000000000029,0.5884412531024391,2.933534743202417,True,3,CONFIRMED,NEUTRAL,-0.0005799999999998029,NO_DISPLACEMENT
10381,2026-06-03 11:15:00+00:00,M15:SELL_SIDE:10378,SELL_SIDE,M15,1.16128,0.00020000000000020002,0.5884412531024391,2.933534743202417,False,-1,WEAK,NEUTRAL,-0.0005799999999998029,NO_DISPLACEMENT
10388,2026-06-03 13:00:00+00:00,M15:BUY_SIDE:10385,BUY_SIDE,M15,1.16159,0.000700000000000145,1.988246315205703,3.6183006535947713,True,1,CONFIRMED,BEARISH,-0.0006399999999999739,NO_DISPLACEMENT
10398,2026-06-03 15:30:00+00:00,H4:SELL_SIDE:772,SELL_SIDE,H4,1.16068,0.0010200000000000209,1.977204790607228,2.109559613319012,False,-1,WEAK,BEARISH,-0.0010099999999999554,NO_DISPLACEMENT
10398,2026-06-03 15:30:00+00:00,M15:SELL_SIDE:10008,SELL_SIDE,M15,1.16033,0.0006700000000001705,1.977204790607228,2.109559613319012,True,3,CONFIRMED,BEARISH,-0.0010099999999999554,NO_DISPLACEMENT
10406,2026-06-03 17:30:00+00:00,M15:SELL_SIDE:10398,SELL_SIDE,M15,1.15966,7.00000000000145e-05,1.3994081860944583,1.8843648208469055,False,1,CONFIRMED,NEUTRAL,-0.0018399999999998418,NO_DISPLACEMENT
10406,2026-06-03 17:30:00+00:00,M15:SELL_SIDE:10401,SELL_SIDE,M15,1.15973,0.000140000000000029,1.3994081860944583,1.8843648208469055,False,1,CONFIRMED,NEUTRAL,-0.0018399999999998418,NO_DISPLACEMENT
10407,2026-06-03 17:45:00+00:00,M15:BUY_SIDE:10404,BUY_SIDE,M15,1.16086,0.00035999999999991594,2.5645592077380996,3.1328,False,1,CONFIRMED,NEUTRAL,0.000520000000000076,NO_DISPLACEMENT
10433,2026-06-04 00:15:00+00:00,M15:SELL_SIDE:10428,SELL_SIDE,M15,1.15969,1.0000000000065512e-05,0.7209483170918204,0.10765349032800672,True,1,CONFIRMED,NEUTRAL,8.000000000008001e-05,NO_DISPLACEMENT
10434,2026-06-04 00:30:00+00:00,M15:BUY_SIDE:10429,BUY_SIDE,M15,1.16003,6.000000000017103e-05,1.024065643134048,0.5560382276281495,False,1,CONFIRMED,NEUTRAL,0.0002900000000001235,NO_DISPLACEMENT
10436,2026-06-04 01:00:00+00:00,M15:SELL_SIDE:10414,SELL_SIDE,M15,1.15951,2.999999999997449e-05,1.1370081120071676,0.4149043303121853,True,1,CONFIRMED,BULLISH,-0.00022999999999995246,NO_DISPLACEMENT
10437,2026-06-04 01:15:00+00:00,M15:SELL_SIDE:10407,SELL_SIDE,M15,1.15947,1.999999999990898e-05,0.7452568898325461,0.3572241183162685,True,1,CONFIRMED,BULLISH,-0.00012999999999996348,NO_DISPLACEMENT
10439,2026-06-04 01:45:00+00:00,M15:BUY_SIDE:10416,BUY_SIDE,M15,1.16035,0.0008799999999999919,3.552085943944352,1.3831775700934579,False,-1,WEAK,NEUTRAL,0.0006500000000000394,NO_DISPLACEMENT
10439,2026-06-04 01:45:00+00:00,M15:BUY_SIDE:10425,BUY_SIDE,M15,1.16009,0.0011399999999999189,3.552085943944352,1.3831775700934579,False,-1,WEAK,NEUTRAL,0.0006500000000000394,NO_DISPLACEMENT
10445,2026-06-04 03:15:00+00:00,M15:BUY_SIDE:10439,BUY_SIDE,M15,1.16123,2.999999999997449e-05,1.163550826684345,1.2294887039239002,True,1,CONFIRMED,NEUTRAL,0.0011900000000000244,NO_DISPLACEMENT
10455,2026-06-04 05:45:00+00:00,M15:BUY_SIDE:10452,BUY_SIDE,M15,1.16103,8.000000000008001e-05,0.5049896833085312,0.7256857855361596,True,1,CONFIRMED,NEUTRAL,5.999999999994898e-05,NO_DISPLACEMENT
10456,2026-06-04 06:00:00+00:00,M15:SELL_SIDE:10453,SELL_SIDE,M15,1.16062,0.00021999999999988695,1.6049652949484936,0.7256410256410256,False,-1,WEAK,NEUTRAL,-0.000700000000000145,NO_DISPLACEMENT
10457,2026-06-04 06:15:00+00:00,M15:SELL_SIDE:10448,SELL_SIDE,M15,1.16039,0.000140000000000029,0.9904552673850564,0.7377892030848329,False,2,CONFIRMED,BULLISH,-0.000320000000000098,NO_DISPLACEMENT
10462,2026-06-04 07:30:00+00:00,M15:BUY_SIDE:10445,BUY_SIDE,M15,1.16126,2.999999999997449e-05,1.9241312382500764,1.7682020802377414,True,1,CONFIRMED,NEUTRAL,0.0003500000000000725,NO_DISPLACEMENT
10462,2026-06-04 07:30:00+00:00,M15:BUY_SIDE:10455,BUY_SIDE,M15,1.16111,0.00017999999999984695,1.9241312382500764,1.7682020802377414,False,1,CONFIRMED,NEUTRAL,0.0003500000000000725,NO_DISPLACEMENT
10470,2026-06-04 09:30:00+00:00,M15:BUY_SIDE:10408,BUY_SIDE,M15,1.16129,0.00019999999999997797,1.6093984446621137,2.7044410413476263,False,1,CONFIRMED,BULLISH,0.0008600000000000829,NO_DISPLACEMENT
10473,2026-06-04 10:15:00+00:00,M15:SELL_SIDE:10466,SELL_SIDE,M15,1.16052,0.0001500000000000945,1.8406810751849831,2.2748091603053435,True,-1,CONFIRMED,BULLISH,-0.00034000000000000696,NO_DISPLACEMENT
10473,2026-06-04 10:15:00+00:00,M15:SELL_SIDE:10469,SELL_SIDE,M15,1.1607,0.0003300000000001635,1.8406810751849831,2.2748091603053435,False,-1,WEAK,BULLISH,-0.00034000000000000696,NO_DISPLACEMENT
10474,2026-06-04 10:30:00+00:00,M15:SELL_SIDE:10457,SELL_SIDE,M15,1.16025,0.00041000000000002146,1.9094409311447764,2.366412213740458,False,1,CONFIRMED,BULLISH,-0.0006900000000000794,NO_DISPLACEMENT
10480,2026-06-04 12:00:00+00:00,M15:BUY_SIDE:10470,BUY_SIDE,M15,1.16149,0.000500000000000167,1.346967231415047,2.348051948051948,False,-1,WEAK,NEUTRAL,0.0005800000000000249,NO_DISPLACEMENT
10482,2026-06-04 12:30:00+00:00,M15:BUY_SIDE:10369,BUY_SIDE,M15,1.1627,1.999999999990898e-05,1.5375926976632528,1.8839907192575407,True,1,CONFIRMED,NEUTRAL,0.0016300000000000203,NO_DISPLACEMENT
10482,2026-06-04 12:30:00+00:00,M15:BUY_SIDE:10378,BUY_SIDE,M15,1.16244,0.000280000000000058,1.5375926976632528,1.8839907192575407,False,-1,WEAK,NEUTRAL,0.0016300000000000203,NO_DISPLACEMENT
10482,2026-06-04 12:30:00+00:00,M15:BUY_SIDE:10388,BUY_SIDE,M15,1.16229,0.00042999999999993044,1.5375926976632528,1.8839907192575407,False,-1,WEAK,NEUTRAL,0.0016300000000000203,NO_DISPLACEMENT
10482,2026-06-04 12:30:00+00:00,M15:BUY_SIDE:10395,BUY_SIDE,M15,1.16225,0.00046999999999997044,1.5375926976632528,1.8839907192575407,False,-1,WEAK,NEUTRAL,0.0016300000000000203,NO_DISPLACEMENT
10486,2026-06-04 13:30:00+00:00,M15:BUY_SIDE:10355,BUY_SIDE,M15,1.16333,1.0000000000065512e-05,1.072546854589386,1.3161157024793388,True,1,CONFIRMED,NEUTRAL,0.00270999999999999,NO_DISPLACEMENT
10488,2026-06-04 14:00:00+00:00,M15:BUY_SIDE:10332,BUY_SIDE,M15,1.16346,0.000220000000000109,1.2396399529459208,1.6405797101449275,False,-1,WEAK,NEUTRAL,0.0027600000000000957,NO_DISPLACEMENT
10496,2026-06-04 16:00:00+00:00,M15:SELL_SIDE:10492,SELL_SIDE,M15,1.16344,2.999999999997449e-05,1.012656618035459,1.2604908946951703,True,1,CONFIRMED,BULLISH,0.00024000000000001798,NO_DISPLACEMENT
10500,2026-06-04 17:00:00+00:00,M15:SELL_SIDE:10497,SELL_SIDE,M15,1.16339,0.00017000000000000348,1.37065714044805,1.528604118993135,False,-1,WEAK,BEARISH,-0.0010299999999998644,NO_DISPLACEMENT
10512,2026-06-04 20:00:00+00:00,M15:SELL_SIDE:10505,SELL_SIDE,M15,1.16223,0.00013000000000018552,0.6491938487791583,0.461642905634759,False,-1,WEAK,BEARISH,-0.0009900000000000464,NO_DISPLACEMENT
10528,2026-06-05 00:00:00+00:00,M15:BUY_SIDE:10524,BUY_SIDE,M15,1.16133,0.00015999999999993797,1.6545500094286094,0.2913806254767353,True,2,CONFIRMED,BEARISH,-0.0004199999999998649,NO_DISPLACEMENT
10540,2026-06-05 03:00:00+00:00,M15:BUY_SIDE:10537,BUY_SIDE,M15,1.16136,5.0000000000105516e-05,1.2683014286668737,1.9568567026194146,True,1,CONFIRMED,NEUTRAL,-9.999999999998899e-05,NO_DISPLACEMENT
10545,2026-06-05 04:15:00+00:00,M15:SELL_SIDE:10535,SELL_SIDE,M15,1.16107,9.999999999998899e-05,1.4018156613618735,1.9537750385208013,True,1,CONFIRMED,BULLISH,-2.999999999997449e-05,NO_DISPLACEMENT
10547,2026-06-05 04:45:00+00:00,M15:BUY_SIDE:10540,BUY_SIDE,M15,1.16141,7.999999999985796e-05,0.7824217575989714,1.3836671802773497,True,-1,CONFIRMED,NEUTRAL,7.00000000000145e-05,NO_DISPLACEMENT
10548,2026-06-05 05:00:00+00:00,M15:BUY_SIDE:10530,BUY_SIDE,M15,1.16156,4.0000000000040004e-05,1.3684436976832375,1.189522342064715,True,2,CONFIRMED,NEUTRAL,0.00029999999999996696,NO_DISPLACEMENT
10557,2026-06-05 07:15:00+00:00,M15:BUY_SIDE:10553,BUY_SIDE,M15,1.16156,9.000000000014552e-05,1.2633376679850192,1.041237113402062,True,1,CONFIRMED,NEUTRAL,1.999999999990898e-05,NO_DISPLACEMENT
10559,2026-06-05 07:45:00+00:00,M15:BUY_SIDE:10549,BUY_SIDE,M15,1.16166,4.0000000000040004e-05,0.9936322766151477,0.7508771929824561,True,1,CONFIRMED,NEUTRAL,-1.0000000000065512e-05,NO_DISPLACEMENT
10562,2026-06-05 08:30:00+00:00,M15:BUY_SIDE:10559,BUY_SIDE,M15,1.1617,0.00022999999999995246,1.554577077536937,1.0036764705882353,True,1,CONFIRMED,BULLISH,0.00026999999999999247,NO_DISPLACEMENT
10564,2026-06-05 09:00:00+00:00,M15:SELL_SIDE:10555,SELL_SIDE,M15,1.16136,7.999999999985796e-05,1.3519701329751457,2.0433212996389893,True,1,CONFIRMED,BULLISH,0.0001100000000000545,NO_DISPLACEMENT
10566,2026-06-05 09:30:00+00:00,M15:BUY_SIDE:10562,BUY_SIDE,M15,1.16193,0.0002500000000000835,1.7152573252171788,2.1228070175438596,False,-1,WEAK,NEUTRAL,0.0006999999999999229,NO_DISPLACEMENT
10567,2026-06-05 09:45:00+00:00,M15:BUY_SIDE:10516,BUY_SIDE,M15,1.16224,2.999999999997449e-05,1.5350208015550613,1.8144329896907216,True,-1,CONFIRMED,NEUTRAL,0.0008500000000000174,NO_DISPLACEMENT
10569,2026-06-05 10:15:00+00:00,M15:BUY_SIDE:10507,BUY_SIDE,M15,1.16299,2.0000000000131024e-05,1.4217174252063203,2.845360824742268,True,-1,CONFIRMED,NEUTRAL,0.0013900000000000023,NO_DISPLACEMENT
10576,2026-06-05 12:00:00+00:00,M15:BUY_SIDE:10495,BUY_SIDE,M15,1.16433,5.999999999994898e-05,2.457228420019602,3.260096930533118,True,1,CONFIRMED,NEUTRAL,0.0020299999999999763,NO_DISPLACEMENT
10576,2026-06-05 12:00:00+00:00,M15:BUY_SIDE:10500,BUY_SIDE,M15,1.16398,0.00041000000000002146,2.457228420019602,3.260096930533118,False,1,CONFIRMED,NEUTRAL,0.0020299999999999763,NO_DISPLACEMENT
10584,2026-06-05 14:00:00+00:00,M15:SELL_SIDE:10579,SELL_SIDE,M15,1.16363,0.00019999999999997797,1.443412375937911,1.7300884955752212,False,1,CONFIRMED,NEUTRAL,-0.000180000000000069,NO_DISPLACEMENT
10586,2026-06-05 14:30:00+00:00,M15:SELL_SIDE:10576,SELL_SIDE,M15,1.16335,3.0000000000196536e-05,1.4066686373861592,1.4679284963196635,True,1,CONFIRMED,NEUTRAL,-0.0006199999999998429,NO_DISPLACEMENT
10590,2026-06-05 15:30:00+00:00,H4:SELL_SIDE:791,SELL_SIDE,H4,1.16079,0.00026999999999999247,4.532781131794068,6.020389249304912,False,-1,WEAK,BEARISH,-0.0032799999999999496,NO_DISPLACEMENT
10590,2026-06-05 15:30:00+00:00,M15:SELL_SIDE:10545,SELL_SIDE,M15,1.16097,0.00045000000000006146,4.532781131794068,6.020389249304912,False,-1,WEAK,BEARISH,-0.0032799999999999496,NO_DISPLACEMENT
10590,2026-06-05 15:30:00+00:00,M15:SELL_SIDE:10564,SELL_SIDE,M15,1.16128,0.0007600000000000939,4.532781131794068,6.020389249304912,False,-1,WEAK,BEARISH,-0.0032799999999999496,NO_DISPLACEMENT
10590,2026-06-05 15:30:00+00:00,M15:SELL_SIDE:10586,SELL_SIDE,M15,1.16332,0.0027999999999999137,4.532781131794068,6.020389249304912,False,-1,WEAK,BEARISH,-0.0032799999999999496,NO_DISPLACEMENT
10591,2026-06-05 15:45:00+00:00,H4:SELL_SIDE:786,SELL_SIDE,H4,1.15945,0.0008300000000001084,2.8507988456311373,4.271897810218978,False,1,CONFIRMED,BEARISH,-0.005560000000000009,NO_DISPLACEMENT
10591,2026-06-05 15:45:00+00:00,M15:SELL_SIDE:10474,SELL_SIDE,M15,1.15984,0.0012199999999999989,2.8507988456311373,4.271897810218978,False,-1,WEAK,BEARISH,-0.005560000000000009,NO_DISPLACEMENT
10592,2026-06-05 16:00:00+00:00,H4:SELL_SIDE:757,SELL_SIDE,H4,1.15862,0.00024000000000001798,1.9152875533371239,6.0321428571428575,True,-1,CONFIRMED,BEARISH,-0.004549999999999832,NO_DISPLACEMENT
10594,2026-06-05 16:30:00+00:00,H4:SELL_SIDE:730,SELL_SIDE,H4,1.15763,1.999999999990898e-05,1.1793867200638577,3.915807560137457,True,-1,CONFIRMED,BEARISH,-0.005509999999999904,NO_DISPLACEMENT
10594,2026-06-05 16:30:00+00:00,M15:SELL_SIDE:9544,SELL_SIDE,M15,1.15821,0.0005999999999999339,1.1793867200638577,3.915807560137457,False,-1,WEAK,BEARISH,-0.005509999999999904,NO_DISPLACEMENT
10596,2026-06-05 17:00:00+00:00,M15:SELL_SIDE:6472,SELL_SIDE,M15,1.15652,0.00045000000000006146,1.9761731398115019,4.552315608919383,False,-1,WEAK,BEARISH,-0.007360000000000033,NO_DISPLACEMENT
10596,2026-06-05 17:00:00+00:00,M15:SELL_SIDE:6481,SELL_SIDE,M15,1.15663,0.000560000000000116,1.9761731398115019,4.552315608919383,False,-1,WEAK,BEARISH,-0.007360000000000033,NO_DISPLACEMENT
10596,2026-06-05 17:00:00+00:00,M15:SELL_SIDE:6487,SELL_SIDE,M15,1.15714,0.0010700000000001264,1.9761731398115019,4.552315608919383,False,-1,WEAK,BEARISH,-0.007360000000000033,NO_DISPLACEMENT
10597,2026-06-05 17:15:00+00:00,M15:SELL_SIDE:6466,SELL_SIDE,M15,1.1555,0.00014999999999987246,0.8860011066193231,3.362655601659751,True,2,CONFIRMED,BEARISH,-0.008569999999999967,NO_DISPLACEMENT
10597,2026-06-05 17:15:00+00:00,M15:SELL_SIDE:6469,SELL_SIDE,M15,1.15571,0.00035999999999991594,0.8860011066193231,3.362655601659751,False,2,CONFIRMED,BEARISH,-0.008569999999999967,NO_DISPLACEMENT
10600,2026-06-05 18:00:00+00:00,M15:SELL_SIDE:6453,SELL_SIDE,M15,1.15457,4.0000000000040004e-05,1.408531180486809,2.6519337016574585,True,1,CONFIRMED,BEARISH,-0.006050000000000111,NO_DISPLACEMENT
10604,2026-06-05 19:00:00+00:00,M15:SELL_SIDE:6425,SELL_SIDE,M15,1.15285,0.00031000000000003247,0.7072677959361988,2.1525851197982346,False,3,CONFIRMED,BEARISH,-0.005279999999999951,NO_DISPLACEMENT
10604,2026-06-05 19:00:00+00:00,M15:SELL_SIDE:6435,SELL_SIDE,M15,1.15293,0.0003900000000001125,0.7072677959361988,2.1525851197982346,False,3,CONFIRMED,BEARISH,-0.005279999999999951,NO_DISPLACEMENT
10605,2026-06-05 19:15:00+00:00,H4:SELL_SIDE:535,SELL_SIDE,H4,1.15242,0.00019999999999997797,0.8371625520031364,2.0568252007411982,True,2,CONFIRMED,BEARISH,-0.0045599999999998975,NO_DISPLACEMENT
10611,2026-06-05 20:45:00+00:00,M15:SELL_SIDE:6342,SELL_SIDE,M15,1.15215,0.00034000000000000696,0.8340902455965375,1.1473899692937564,True,2,CONFIRMED,BEARISH,-0.0021800000000000708,NO_DISPLACEMENT
10617,2026-06-05 22:15:00+00:00,M15:SELL_SIDE:10611,SELL_SIDE,M15,1.15181,4.0000000000040004e-05,0.6008404813842797,0.7354577642893273,True,1,CONFIRMED,BEARISH,-0.0010399999999999299,NO_DISPLACEMENT
10620,2026-06-05 23:00:00+00:00,M15:SELL_SIDE:10617,SELL_SIDE,M15,1.15177,7.999999999985796e-05,1.1317485334973414,0.47196738022426094,True,1,CONFIRMED,BEARISH,-0.00045000000000006146,NO_DISPLACEMENT
10624,2026-06-08 00:00:00+00:00,H4:SELL_SIDE:522,SELL_SIDE,H4,1.15019,9.999999999998899e-05,1.5158822331749635,0.24260958205912334,True,1,CONFIRMED,BEARISH,-0.0011300000000000754,NO_DISPLACEMENT
10624,2026-06-08 00:00:00+00:00,H4:SELL_SIDE:528,SELL_SIDE,H4,1.1505,0.00041000000000002146,1.5158822331749635,0.24260958205912334,True,1,CONFIRMED,BEARISH,-0.0011300000000000754,NO_DISPLACEMENT
10624,2026-06-08 00:00:00+00:00,M15:SELL_SIDE:6331,SELL_SIDE,M15,1.15167,0.0015799999999999148,1.5158822331749635,0.24260958205912334,False,-1,WEAK,BEARISH,-0.0011300000000000754,NO_DISPLACEMENT
10624,2026-06-08 00:00:00+00:00,M15:SELL_SIDE:10620,SELL_SIDE,M15,1.15169,0.0016000000000000458,1.5158822331749635,0.24260958205912334,False,-1,WEAK,BEARISH,-0.0011300000000000754,NO_DISPLACEMENT
10633,2026-06-08 02:15:00+00:00,M15:BUY_SIDE:10629,BUY_SIDE,M15,1.15186,0.00014999999999987246,0.4866413279038013,0.36670071501532175,True,-1,CONFIRMED,NEUTRAL,-0.000180000000000069,NO_DISPLACEMENT
10638,2026-06-08 03:30:00+00:00,M15:BUY_SIDE:10619,BUY_SIDE,M15,1.15273,8.999999999992347e-05,1.0131147185442047,0.7291781577495863,False,3,CONFIRMED,NEUTRAL,0.0011299999999998533,NO_DISPLACEMENT
10638,2026-06-08 03:30:00+00:00,M15:BUY_SIDE:10622,BUY_SIDE,M15,1.15261,0.00021000000000004349,1.0131147185442047,0.7291781577495863,False,3,CONFIRMED,NEUTRAL,0.0011299999999998533,NO_DISPLACEMENT
10639,2026-06-08 03:45:00+00:00,M15:BUY_SIDE:10607,BUY_SIDE,M15,1.1533,5.0000000000105516e-05,1.0121665557229071,0.8555825242718447,True,1,CONFIRMED,NEUTRAL,0.0019400000000000528,NO_DISPLACEMENT
10639,2026-06-08 03:45:00+00:00,M15:BUY_SIDE:10615,BUY_SIDE,M15,1.15289,0.000460000000000127,1.0121665557229071,0.8555825242718447,False,2,CONFIRMED,NEUTRAL,0.0019400000000000528,NO_DISPLACEMENT
10651,2026-06-08 06:45:00+00:00,M15:BUY_SIDE:10647,BUY_SIDE,M15,1.15315,9.000000000014552e-05,0.7306068747108054,0.6249139710942877,False,3,CONFIRMED,NEUTRAL,0.0012900000000000134,NO_DISPLACEMENT
10656,2026-06-08 08:00:00+00:00,M15:BUY_SIDE:10640,BUY_SIDE,M15,1.15347,8.000000000008001e-05,1.004361505693282,1.0805270863836018,True,1,CONFIRMED,NEUTRAL,0.0003700000000002035,NO_DISPLACEMENT
10658,2026-06-08 08:30:00+00:00,M15:SELL_SIDE:10649,SELL_SIDE,M15,1.15255,0.0001100000000000545,1.809840936647732,2.1376281112737923,True,-1,CONFIRMED,NEUTRAL,5.999999999994898e-05,NO_DISPLACEMENT
10658,2026-06-08 08:30:00+00:00,M15:SELL_SIDE:10655,SELL_SIDE,M15,1.15291,0.0004700000000001925,1.809840936647732,2.1376281112737923,False,-1,WEAK,NEUTRAL,5.999999999994898e-05,NO_DISPLACEMENT
10663,2026-06-08 09:45:00+00:00,M15:SELL_SIDE:10660,SELL_SIDE,M15,1.15154,0.00032999999999994145,1.439212564589688,1.4758418740849195,False,1,CONFIRMED,NEUTRAL,-0.0018099999999998673,NO_DISPLACEMENT
10670,2026-06-08 11:30:00+00:00,M15:SELL_SIDE:10642,SELL_SIDE,M15,1.15114,8.000000000008001e-05,1.3758855716710363,1.5731448763250884,True,-1,CONFIRMED,BEARISH,-0.000320000000000098,NO_DISPLACEMENT
10670,2026-06-08 11:30:00+00:00,M15:SELL_SIDE:10663,SELL_SIDE,M15,1.15121,0.0001500000000000945,1.3758855716710363,1.5731448763250884,True,-1,CONFIRMED,BEARISH,-0.000320000000000098,NO_DISPLACEMENT
10671,2026-06-08 11:45:00+00:00,M15:SELL_SIDE:10627,SELL_SIDE,M15,1.15072,1.0000000000065512e-05,1.2926796515878685,1.955462769659012,True,-1,CONFIRMED,BEARISH,-0.0015300000000000313,NO_DISPLACEMENT
10671,2026-06-08 11:45:00+00:00,M15:SELL_SIDE:10631,SELL_SIDE,M15,1.15099,0.000280000000000058,1.2926796515878685,1.955462769659012,False,-1,WEAK,BEARISH,-0.0015300000000000313,NO_DISPLACEMENT
10673,2026-06-08 12:15:00+00:00,H4:SELL_SIDE:798,SELL_SIDE,H4,1.15009,1.0000000000065512e-05,0.8909766788228238,1.3674164962508522,True,1,CONFIRMED,BEARISH,-0.0013500000000001844,NO_DISPLACEMENT
10674,2026-06-08 12:30:00+00:00,M15:SELL_SIDE:5984,SELL_SIDE,M15,1.15006,0.0001500000000000945,1.473577791646577,2.263906856403622,True,1,CONFIRMED,BEARISH,-0.0018599999999999728,NO_DISPLACEMENT
10678,2026-06-08 13:30:00+00:00,M15:BUY_SIDE:10665,BUY_SIDE,M15,1.15268,0.000500000000000167,1.9502794055972108,1.7511261261261262,True,1,CONFIRMED,BEARISH,0.0005699999999999594,NO_DISPLACEMENT
10681,2026-06-08 14:15:00+00:00,M15:BUY_SIDE:10657,BUY_SIDE,M15,1.15398,0.00022999999999995246,1.3600301447524494,2.3460964694182,False,1,CONFIRMED,BEARISH,0.0032200000000000006,NO_DISPLACEMENT
10688,2026-06-08 16:00:00+00:00,M15:BUY_SIDE:10682,BUY_SIDE,M15,1.15438,0.0002900000000001235,0.7743181813552871,1.4863577306193156,False,3,CONFIRMED,NEUTRAL,0.0019199999999999218,NO_DISPLACEMENT
10693,2026-06-08 17:15:00+00:00,M15:SELL_SIDE:10687,SELL_SIDE,M15,1.15346,0.00036999999999998145,1.0080216360386418,1.3285044737963358,True,1,CONFIRMED,BULLISH,0.0,NO_DISPLACEMENT
10706,2026-06-08 20:30:00+00:00,M15:SELL_SIDE:10698,SELL_SIDE,M15,1.15356,4.999999999988347e-05,0.7092241166430702,0.6631219141663501,True,1,CONFIRMED,NEUTRAL,-0.0006099999999999994,NO_DISPLACEMENT
10711,2026-06-08 21:45:00+00:00,M15:SELL_SIDE:10693,SELL_SIDE,M15,1.15309,0.00032999999999994145,1.4279782988529812,0.7399442453205894,False,2,CONFIRMED,BEARISH,-0.0012699999999998823,NO_DISPLACEMENT
10711,2026-06-08 21:45:00+00:00,M15:SELL_SIDE:10706,SELL_SIDE,M15,1.15351,0.0007500000000000284,1.4279782988529812,0.7399442453205894,False,-1,WEAK,BEARISH,-0.0012699999999998823,NO_DISPLACEMENT
10720,2026-06-09 00:00:00+00:00,M15:BUY_SIDE:10714,BUY_SIDE,M15,1.15342,0.0005500000000000504,1.2501759078706232,0.2295964125560538,True,1,CONFIRMED,NEUTRAL,-0.00024000000000001798,NO_DISPLACEMENT
10720,2026-06-09 00:00:00+00:00,M15:BUY_SIDE:10717,BUY_SIDE,M15,1.15335,0.0006199999999998429,1.2501759078706232,0.2295964125560538,False,-1,WEAK,NEUTRAL,-0.00024000000000001798,NO_DISPLACEMENT
10729,2026-06-09 02:15:00+00:00,M15:SELL_SIDE:10725,SELL_SIDE,M15,1.15319,0.00021000000000004349,1.0269270928333025,0.22709818979703786,False,-1,WEAK,NEUTRAL,-0.00014999999999987246,NO_DISPLACEMENT
10731,2026-06-09 02:45:00+00:00,M15:SELL_SIDE:10711,SELL_SIDE,M15,1.15276,1.999999999990898e-05,0.780523642683215,0.47716346153846156,True,1,CONFIRMED,NEUTRAL,-0.0005900000000000905,NO_DISPLACEMENT
10731,2026-06-09 02:45:00+00:00,M15:SELL_SIDE:10715,SELL_SIDE,M15,1.15288,0.00013999999999980695,0.780523642683215,0.47716346153846156,False,3,CONFIRMED,NEUTRAL,-0.0005900000000000905,NO_DISPLACEMENT
10736,2026-06-09 04:00:00+00:00,M15:BUY_SIDE:10728,BUY_SIDE,M15,1.1534,1.999999999990898e-05,1.0260591664089307,0.9474393530997305,True,-1,CONFIRMED,BEARISH,0.000140000000000029,NO_DISPLACEMENT
10739,2026-06-09 04:45:00+00:00,M15:BUY_SIDE:10723,BUY_SIDE,M15,1.15381,0.0001500000000000945,0.8521937345263653,0.9928057553956835,False,-1,WEAK,NEUTRAL,0.0008900000000000574,NO_DISPLACEMENT
10740,2026-06-09 05:00:00+00:00,M15:BUY_SIDE:10720,BUY_SIDE,M15,1.15397,5.999999999994898e-05,0.7296092791619754,0.8986975397973951,True,1,CONFIRMED,NEUTRAL,0.0009300000000000974,NO_DISPLACEMENT
10745,2026-06-09 06:15:00+00:00,M15:SELL_SIDE:10741,SELL_SIDE,M15,1.15356,0.00019999999999997797,1.713024236822572,0.7457627118644068,True,1,CONFIRMED,BULLISH,0.0005299999999999194,NO_DISPLACEMENT
10749,2026-06-09 07:15:00+00:00,M15:BUY_SIDE:10740,BUY_SIDE,M15,1.15403,0.0001500000000000945,1.1388290299870916,0.8091603053435115,False,3,CONFIRMED,BEARISH,0.00020999999999982144,NO_DISPLACEMENT
10749,2026-06-09 07:15:00+00:00,M15:BUY_SIDE:10745,BUY_SIDE,M15,1.15399,0.00018999999999991246,1.1388290299870916,0.8091603053435115,False,3,CONFIRMED,BEARISH,0.00020999999999982144,NO_DISPLACEMENT
10750,2026-06-09 07:30:00+00:00,M15:BUY_SIDE:10708,BUY_SIDE,M15,1.1542,0.00045000000000006146,1.844071684276674,1.133587786259542,False,2,CONFIRMED,BEARISH,0.0006399999999999739,NO_DISPLACEMENT
10751,2026-06-09 07:45:00+00:00,M15:BUY_SIDE:10696,BUY_SIDE,M15,1.15478,2.999999999997449e-05,1.0360339224097617,1.0196463654223968,True,1,CONFIRMED,BEARISH,0.0006499999999998174,NO_DISPLACEMENT
10756,2026-06-09 09:00:00+00:00,M15:BUY_SIDE:10751,BUY_SIDE,M15,1.15481,0.0001900000000001345,1.6694541616572567,2.086444007858546,False,2,CONFIRMED,BULLISH,0.0012499999999999734,NO_DISPLACEMENT
10761,2026-06-09 10:15:00+00:00,M15:SELL_SIDE:10752,SELL_SIDE,M15,1.15389,0.0001900000000001345,1.1523298618690754,1.9214145383104126,True,1,CONFIRMED,BULLISH,-0.0005699999999999594,NO_DISPLACEMENT
10764,2026-06-09 11:00:00+00:00,M15:SELL_SIDE:10761,SELL_SIDE,M15,1.1537,0.00012999999999996348,1.3782516765116106,2.2337917485265226,True,1,CONFIRMED,NEUTRAL,-0.0005999999999999339,NO_DISPLACEMENT
10768,2026-06-09 12:00:00+00:00,H4:BUY_SIDE:802,BUY_SIDE,H4,1.15547,0.00019999999999997797,1.2236862103667423,1.5152057245080501,False,-1,WEAK,NEUTRAL,0.0009699999999999154,NO_DISPLACEMENT
10768,2026-06-09 12:00:00+00:00,M15:BUY_SIDE:10757,BUY_SIDE,M15,1.15534,0.00032999999999994145,1.2236862103667423,1.5152057245080501,False,-1,WEAK,NEUTRAL,0.0009699999999999154,NO_DISPLACEMENT
10784,2026-06-09 16:00:00+00:00,M15:BUY_SIDE:10780,BUY_SIDE,M15,1.15749,0.000300000000000189,1.0454683468604737,1.5952063914780292,False,1,CONFIRMED,BULLISH,0.0008299999999998864,NO_DISPLACEMENT
10786,2026-06-09 16:30:00+00:00,M15:SELL_SIDE:10782,SELL_SIDE,M15,1.15685,0.0005899999999998684,1.7610543778077674,1.7621758380771664,False,-1,WEAK,BULLISH,-0.0003500000000000725,NO_DISPLACEMENT
10789,2026-06-09 17:15:00+00:00,M15:SELL_SIDE:10786,SELL_SIDE,M15,1.15626,0.000460000000000127,1.3535993273554525,2.5075528700906347,True,3,CONFIRMED,NEUTRAL,-0.0009699999999999154,NO_DISPLACEMENT
10793,2026-06-09 18:15:00+00:00,M15:SELL_SIDE:10789,SELL_SIDE,M15,1.1558,9.999999999998899e-05,1.1355855221879276,2.059233449477352,True,-1,CONFIRMED,NEUTRAL,-0.0015300000000000313,NO_DISPLACEMENT
10797,2026-06-09 19:15:00+00:00,M15:SELL_SIDE:10794,SELL_SIDE,M15,1.15449,0.0004900000000001015,0.9650346317388345,1.7556270096463023,True,-1,CONFIRMED,NEUTRAL,-0.0020400000000000418,NO_DISPLACEMENT
10798,2026-06-09 19:30:00+00:00,M15:SELL_SIDE:10745,SELL_SIDE,M15,1.15336,0.0005899999999998684,2.3365269869686043,3.153039832285115,True,1,CONFIRMED,NEUTRAL,-0.0027400000000001867,NO_DISPLACEMENT
10798,2026-06-09 19:30:00+00:00,M15:SELL_SIDE:10764,SELL_SIDE,M15,1.15357,0.0007999999999999119,2.3365269869686043,3.153039832285115,False,1,CONFIRMED,NEUTRAL,-0.0027400000000001867,NO_DISPLACEMENT
10809,2026-06-09 22:15:00+00:00,M15:SELL_SIDE:10804,SELL_SIDE,M15,1.15449,0.00029999999999996696,0.7041408112292676,0.8826979472140762,False,-1,WEAK,NEUTRAL,0.00021000000000004349,NO_DISPLACEMENT
10818,2026-06-10 00:30:00+00:00,M15:SELL_SIDE:10811,SELL_SIDE,M15,1.15391,0.00038000000000004697,0.9116844297789829,0.1483739837398374,False,3,CONFIRMED,BEARISH,-0.0011300000000000754,NO_DISPLACEMENT
10825,2026-06-10 02:15:00+00:00,M15:SELL_SIDE:10819,SELL_SIDE,M15,1.15351,9.999999999998899e-05,0.9680165442186912,0.2693089430894309,False,1,CONFIRMED,BEARISH,-0.0007800000000000029,NO_DISPLACEMENT
10828,2026-06-10 03:00:00+00:00,M15:BUY_SIDE:10822,BUY_SIDE,M15,1.15403,0.00010000000000021103,1.7534443949320566,0.9939024390243902,False,2,CONFIRMED,BEARISH,0.0005599999999998939,NO_DISPLACEMENT
10831,2026-06-10 03:45:00+00:00,M15:SELL_SIDE:10827,SELL_SIDE,M15,1.15329,4.999999999988347e-05,2.15160846268519,1.1400394477317555,True,1,CONFIRMED,BEARISH,0.00021000000000004349,NO_DISPLACEMENT
10838,2026-06-10 05:30:00+00:00,M15:BUY_SIDE:10831,BUY_SIDE,M15,1.15435,5.999999999994898e-05,0.5490400580612361,0.6507177033492823,False,1,CONFIRMED,BULLISH,0.000300000000000189,NO_DISPLACEMENT
10839,2026-06-10 05:45:00+00:00,M15:BUY_SIDE:10816,BUY_SIDE,M15,1.15444,5.0000000000105516e-05,0.8340717692585176,0.6172701949860724,True,-1,CONFIRMED,BULLISH,0.0001100000000000545,NO_DISPLACEMENT
10840,2026-06-10 06:00:00+00:00,M15:BUY_SIDE:10813,BUY_SIDE,M15,1.15453,0.00026999999999999247,1.238638268078008,0.6881217086015213,False,2,CONFIRMED,BULLISH,0.0013099999999999223,NO_DISPLACEMENT
10850,2026-06-10 08:30:00+00:00,M15:BUY_SIDE:10801,BUY_SIDE,M15,1.1553,0.0002500000000000835,1.4193947076662892,1.7152156224572823,False,-1,WEAK,BULLISH,0.0006900000000000794,NO_DISPLACEMENT
10850,2026-06-10 08:30:00+00:00,M15:BUY_SIDE:10843,BUY_SIDE,M15,1.15521,0.00034000000000000696,1.4193947076662892,1.7152156224572823,False,-1,WEAK,BULLISH,0.0006900000000000794,NO_DISPLACEMENT
10857,2026-06-10 10:15:00+00:00,M15:BUY_SIDE:10852,BUY_SIDE,M15,1.15582,4.0000000000040004e-05,1.157709984920197,1.4759967453213996,True,1,CONFIRMED,BULLISH,0.0007200000000000539,NO_DISPLACEMENT
10867,2026-06-10 12:45:00+00:00,M15:BUY_SIDE:10857,BUY_SIDE,M15,1.15586,9.999999999998899e-05,0.8195210991345231,1.228673835125448,True,1,CONFIRMED,BULLISH,0.00042999999999993044,NO_DISPLACEMENT
10872,2026-06-10 14:00:00+00:00,M15:SELL_SIDE:10847,SELL_SIDE,M15,1.15435,0.0008299999999998864,3.011331937523621,3.1405940594059407,True,-1,CONFIRMED,BULLISH,-0.00031000000000003247,NO_DISPLACEMENT
10872,2026-06-10 14:00:00+00:00,M15:SELL_SIDE:10856,SELL_SIDE,M15,1.15454,0.0010199999999997988,3.011331937523621,3.1405940594059407,True,-1,CONFIRMED,BULLISH,-0.00031000000000003247,NO_DISPLACEMENT
10872,2026-06-10 14:00:00+00:00,M15:SELL_SIDE:10860,SELL_SIDE,M15,1.1548,0.0012799999999999478,3.011331937523621,3.1405940594059407,False,-1,WEAK,BULLISH,-0.00031000000000003247,NO_DISPLACEMENT
10874,2026-06-10 14:30:00+00:00,M15:SELL_SIDE:10835,SELL_SIDE,M15,1.15346,2.999999999997449e-05,1.6565796831156847,1.8434782608695652,True,1,CONFIRMED,BULLISH,-0.0013399999999998968,NO_DISPLACEMENT
10879,2026-06-10 15:45:00+00:00,M15:BUY_SIDE:10867,BUY_SIDE,M15,1.15596,0.0004999999999999449,2.1213466857758307,2.442622950819672,True,1,CONFIRMED,NEUTRAL,-0.0007599999999998719,NO_DISPLACEMENT
10882,2026-06-10 16:30:00+00:00,M15:BUY_SIDE:10879,BUY_SIDE,M15,1.15646,0.0005999999999999339,1.7721760384881724,2.593063583815029,False,1,CONFIRMED,NEUTRAL,0.0023299999999999432,NO_DISPLACEMENT
10891,2026-06-10 18:45:00+00:00,M15:SELL_SIDE:10888,SELL_SIDE,M15,1.15462,0.0011699999999998933,2.0486372750677218,2.8440885539331133,True,1,CONFIRMED,BULLISH,-0.0008000000000001339,NO_DISPLACEMENT
10904,2026-06-10 22:00:00+00:00,M15:SELL_SIDE:10898,SELL_SIDE,M15,1.15442,0.000140000000000029,0.8601188578673866,0.8022130013831259,False,2,CONFIRMED,NEUTRAL,-0.0011500000000002064,NO_DISPLACEMENT
10911,2026-06-10 23:45:00+00:00,M15:SELL_SIDE:10874,SELL_SIDE,M15,1.15343,1.0000000000065512e-05,0.48260474783687707,0.3764239722634968,True,1,CONFIRMED,NEUTRAL,-0.0015600000000000058,NO_DISPLACEMENT
10911,2026-06-10 23:45:00+00:00,M15:SELL_SIDE:10891,SELL_SIDE,M15,1.15345,3.0000000000196536e-05,0.48260474783687707,0.3764239722634968,True,1,CONFIRMED,NEUTRAL,-0.0015600000000000058,NO_DISPLACEMENT
10916,2026-06-11 01:00:00+00:00,H4:SELL_SIDE:808,SELL_SIDE,H4,1.15277,2.0000000000131024e-05,1.4924495337499895,0.4014084507042254,True,1,CONFIRMED,BEARISH,-0.0016500000000001513,NO_DISPLACEMENT
10916,2026-06-11 01:00:00+00:00,M15:SELL_SIDE:10831,SELL_SIDE,M15,1.15324,0.0004900000000001015,1.4924495337499895,0.4014084507042254,False,2,CONFIRMED,BEARISH,-0.0016500000000001513,NO_DISPLACEMENT
10916,2026-06-11 01:00:00+00:00,M15:SELL_SIDE:10911,SELL_SIDE,M15,1.15342,0.0006699999999999484,1.4924495337499895,0.4014084507042254,False,-1,WEAK,BEARISH,-0.0016500000000001513,NO_DISPLACEMENT
10920,2026-06-11 02:00:00+00:00,H4:SELL_SIDE:804,SELL_SIDE,H4,1.15257,4.0000000000040004e-05,0.9024880617404804,0.607645875251509,True,1,CONFIRMED,BEARISH,-0.0009799999999999809,NO_DISPLACEMENT
10920,2026-06-11 02:00:00+00:00,M15:SELL_SIDE:10735,SELL_SIDE,M15,1.15266,0.00012999999999996348,0.9024880617404804,0.607645875251509,False,1,CONFIRMED,BEARISH,-0.0009799999999999809,NO_DISPLACEMENT
10920,2026-06-11 02:00:00+00:00,M15:SELL_SIDE:10916,SELL_SIDE,M15,1.15275,0.00021999999999988695,0.9024880617404804,0.607645875251509,False,1,CONFIRMED,BEARISH,-0.0009799999999999809,NO_DISPLACEMENT
10922,2026-06-11 02:30:00+00:00,M15:BUY_SIDE:10919,BUY_SIDE,M15,1.15366,0.0001100000000000545,0.9956432161618364,0.7323943661971831,True,1,CONFIRMED,BEARISH,-0.00024999999999986144,NO_DISPLACEMENT
10924,2026-06-11 03:00:00+00:00,M15:BUY_SIDE:10913,BUY_SIDE,M15,1.15396,0.00013999999999980695,1.0109478981764837,1.3865979381443299,True,-1,CONFIRMED,BEARISH,0.0001900000000001345,NO_DISPLACEMENT
10939,2026-06-11 06:45:00+00:00,M15:SELL_SIDE:10936,SELL_SIDE,M15,1.15437,1.999999999990898e-05,0.7701845011904777,0.7219973009446694,True,1,CONFIRMED,NEUTRAL,-0.0009799999999999809,NO_DISPLACEMENT
10943,2026-06-11 07:45:00+00:00,M15:BUY_SIDE:10936,BUY_SIDE,M15,1.1549,0.00011999999999989797,0.7546873286974648,0.8223350253807107,True,-1,CONFIRMED,BEARISH,4.999999999988347e-05,NO_DISPLACEMENT
10948,2026-06-11 09:00:00+00:00,M15:SELL_SIDE:10940,SELL_SIDE,M15,1.15417,1.999999999990898e-05,1.3078652853443957,1.4367469879518073,True,1,CONFIRMED,NEUTRAL,-5.0000000000105516e-05,NO_DISPLACEMENT
10951,2026-06-11 09:45:00+00:00,M15:SELL_SIDE:10948,SELL_SIDE,M15,1.15415,0.00015999999999993797,1.2874277378248,1.1822289156626506,False,1,CONFIRMED,NEUTRAL,-0.000520000000000076,NO_DISPLACEMENT
10953,2026-06-11 10:15:00+00:00,M15:BUY_SIDE:10946,BUY_SIDE,M15,1.15513,0.00042000000000008697,1.9736985014641186,1.552710843373494,False,1,CONFIRMED,NEUTRAL,0.0004900000000001015,NO_DISPLACEMENT
10956,2026-06-11 11:00:00+00:00,M15:SELL_SIDE:10951,SELL_SIDE,M15,1.15399,1.0000000000065512e-05,1.0401174422324058,1.3987730061349692,True,-1,CONFIRMED,NEUTRAL,-0.0007800000000000029,NO_DISPLACEMENT
10964,2026-06-11 13:00:00+00:00,H4:SELL_SIDE:816,SELL_SIDE,H4,1.15253,8.000000000008001e-05,1.7427679094793649,1.1484480431848854,True,2,CONFIRMED,NEUTRAL,-0.0020900000000001473,NO_DISPLACEMENT
10964,2026-06-11 13:00:00+00:00,M15:SELL_SIDE:10960,SELL_SIDE,M15,1.15286,0.00041000000000002146,1.7427679094793649,1.1484480431848854,False,3,CONFIRMED,NEUTRAL,-0.0020900000000001473,NO_DISPLACEMENT
10968,2026-06-11 14:00:00+00:00,M15:BUY_SIDE:10963,BUY_SIDE,M15,1.15371,0.00022999999999995246,1.4632184452842172,1.4242038216560509,False,-1,WEAK,BEARISH,6.000000000017103e-05,NO_DISPLACEMENT
10973,2026-06-11 15:15:00+00:00,M15:SELL_SIDE:10965,SELL_SIDE,M15,1.15221,0.0006299999999999084,3.2947254216743724,3.3972602739726026,True,1,CONFIRMED,NEUTRAL,-0.0005800000000000249,NO_DISPLACEMENT
10975,2026-06-11 15:45:00+00:00,M15:BUY_SIDE:10970,BUY_SIDE,M15,1.15417,0.000180000000000069,1.8509828410779836,3.4296388542963885,True,1,CONFIRMED,NEUTRAL,0.0014400000000001079,NO_DISPLACEMENT
10982,2026-06-11 17:30:00+00:00,M15:SELL_SIDE:10973,SELL_SIDE,M15,1.15158,0.0001900000000001345,0.9035160232240569,1.6103590347263097,True,1,CONFIRMED,NEUTRAL,-0.0015899999999999803,NO_DISPLACEMENT
10982,2026-06-11 17:30:00+00:00,M15:SELL_SIDE:10977,SELL_SIDE,M15,1.15167,0.000280000000000058,0.9035160232240569,1.6103590347263097,True,1,CONFIRMED,NEUTRAL,-0.0015899999999999803,NO_DISPLACEMENT
10988,2026-06-11 19:00:00+00:00,M15:SELL_SIDE:10984,SELL_SIDE,M15,1.15129,0.0006199999999998429,1.1105853438755604,1.202812330989724,False,-1,WEAK,BEARISH,-0.0022299999999999542,NO_DISPLACEMENT
10992,2026-06-11 20:00:00+00:00,M15:SELL_SIDE:10988,SELL_SIDE,M15,1.15067,0.0004300000000001525,0.9022794400314532,1.120079720976582,False,1,CONFIRMED,BEARISH,-0.0013400000000001189,NO_DISPLACEMENT
10994,2026-06-11 20:30:00+00:00,M15:BUY_SIDE:10894,BUY_SIDE,M15,1.15593,0.0007200000000000539,3.9308855448586817,5.0772163965681605,False,1,CONFIRMED,BEARISH,0.0043400000000000105,NO_DISPLACEMENT
10994,2026-06-11 20:30:00+00:00,M15:BUY_SIDE:10900,BUY_SIDE,M15,1.15576,0.0008900000000000574,3.9308855448586817,5.0772163965681605,False,1,CONFIRMED,BEARISH,0.0043400000000000105,NO_DISPLACEMENT
10994,2026-06-11 20:30:00+00:00,M15:BUY_SIDE:10930,BUY_SIDE,M15,1.1556,0.0010499999999999954,3.9308855448586817,5.0772163965681605,False,1,CONFIRMED,BEARISH,0.0043400000000000105,NO_DISPLACEMENT
10994,2026-06-11 20:30:00+00:00,M15:BUY_SIDE:10953,BUY_SIDE,M15,1.15555,0.0010999999999998789,3.9308855448586817,5.0772163965681605,False,1,CONFIRMED,BEARISH,0.0043400000000000105,NO_DISPLACEMENT
10994,2026-06-11 20:30:00+00:00,M15:BUY_SIDE:10975,BUY_SIDE,M15,1.15435,0.0022999999999999687,3.9308855448586817,5.0772163965681605,False,-1,WEAK,BEARISH,0.0043400000000000105,NO_DISPLACEMENT
10994,2026-06-11 20:30:00+00:00,M15:BUY_SIDE:10979,BUY_SIDE,M15,1.15396,0.002689999999999859,3.9308855448586817,5.0772163965681605,False,-1,WEAK,BEARISH,0.0043400000000000105,NO_DISPLACEMENT
10994,2026-06-11 20:30:00+00:00,M15:BUY_SIDE:10985,BUY_SIDE,M15,1.15242,0.004229999999999956,3.9308855448586817,5.0772163965681605,False,-1,WEAK,BEARISH,0.0043400000000000105,NO_DISPLACEMENT
10999,2026-06-11 21:45:00+00:00,M15:BUY_SIDE:10994,BUY_SIDE,M15,1.15665,1.0000000000065512e-05,0.8610881065468114,1.4924039320822162,True,-1,CONFIRMED,NEUTRAL,0.0048600000000000865,NO_DISPLACEMENT
11000,2026-06-11 22:00:00+00:00,H4:BUY_SIDE:814,BUY_SIDE,H4,1.1573,0.000180000000000069,1.456168514978368,1.8529411764705883,False,-1,WEAK,NEUTRAL,0.006440000000000001,NO_DISPLACEMENT
11001,2026-06-11 22:15:00+00:00,H4:BUY_SIDE:808,BUY_SIDE,H4,1.15779,0.00034000000000000696,0.7837373314594341,1.6149176062445794,False,-1,WEAK,NEUTRAL,0.00714999999999999,NO_DISPLACEMENT
11013,2026-06-12 01:15:00+00:00,M15:SELL_SIDE:11008,SELL_SIDE,M15,1.15739,0.00019999999999997797,0.5824233508874564,0.38179800221975585,True,1,CONFIRMED,BULLISH,-0.00038000000000004697,NO_DISPLACEMENT
11015,2026-06-12 01:45:00+00:00,M15:BUY_SIDE:11012,BUY_SIDE,M15,1.15817,0.00031000000000003247,0.7921052335305573,0.389937106918239,False,2,CONFIRMED,BEARISH,0.00045000000000006146,NO_DISPLACEMENT
11020,2026-06-12 03:00:00+00:00,M15:SELL_SIDE:11013,SELL_SIDE,M15,1.15719,0.00034999999999985043,1.1666790152900863,1.0,False,-1,WEAK,NEUTRAL,-0.00038000000000004697,NO_DISPLACEMENT
11033,2026-06-12 06:15:00+00:00,M15:BUY_SIDE:11028,BUY_SIDE,M15,1.15704,7.00000000000145e-05,0.859288596403983,0.9715698393077874,False,-1,WEAK,BEARISH,8.000000000008001e-05,NO_DISPLACEMENT
11040,2026-06-12 08:00:00+00:00,M15:SELL_SIDE:11036,SELL_SIDE,M15,1.15683,0.00017000000000000348,1.3813168023565217,1.1728813559322033,True,-1,CONFIRMED,NEUTRAL,0.00035999999999991594,NO_DISPLACEMENT
11043,2026-06-12 08:45:00+00:00,M15:SELL_SIDE:11025,SELL_SIDE,M15,1.15612,0.00046999999999997044,1.4147556659509188,1.1553836234687298,False,1,CONFIRMED,NEUTRAL,-0.0013100000000001444,NO_DISPLACEMENT
11053,2026-06-12 11:15:00+00:00,M15:BUY_SIDE:11034,BUY_SIDE,M15,1.15751,0.0010499999999999954,2.3531552325983927,2.938749194068343,False,-1,WEAK,NEUTRAL,0.0018700000000000383,NO_DISPLACEMENT
11053,2026-06-12 11:15:00+00:00,M15:BUY_SIDE:11047,BUY_SIDE,M15,1.15741,0.0011499999999999844,2.3531552325983927,2.938749194068343,False,-1,WEAK,NEUTRAL,0.0018700000000000383,NO_DISPLACEMENT
11057,2026-06-12 12:15:00+00:00,M15:BUY_SIDE:11016,BUY_SIDE,M15,1.15864,0.00031000000000003247,1.6529093233807053,2.5603015075376883,False,1,CONFIRMED,BULLISH,0.0014799999999999258,NO_DISPLACEMENT
11057,2026-06-12 12:15:00+00:00,M15:BUY_SIDE:11053,BUY_SIDE,M15,1.15856,0.00038999999999989043,1.6529093233807053,2.5603015075376883,False,2,CONFIRMED,BULLISH,0.0014799999999999258,NO_DISPLACEMENT
11061,2026-06-12 13:15:00+00:00,M15:SELL_SIDE:11056,SELL_SIDE,M15,1.15729,0.00045999999999990493,2.012694989512262,1.932609937178755,True,1,CONFIRMED,BULLISH,0.0007699999999999374,NO_DISPLACEMENT
11068,2026-06-12 15:00:00+00:00,M15:SELL_SIDE:11061,SELL_SIDE,M15,1.15683,0.000280000000000058,0.9214373596398941,1.2228342513770656,False,-1,WEAK,BEARISH,-0.0017599999999999838,NO_DISPLACEMENT
11081,2026-06-12 18:15:00+00:00,M15:BUY_SIDE:11066,BUY_SIDE,M15,1.15793,0.0004300000000001525,0.9106336370759389,4.293170943888647,False,1,CONFIRMED,NEUTRAL,0.0019099999999998563,NO_DISPLACEMENT
11081,2026-06-12 18:15:00+00:00,M15:BUY_SIDE:11074,BUY_SIDE,M15,1.1579,0.000460000000000127,0.9106336370759389,4.293170943888647,False,1,CONFIRMED,NEUTRAL,0.0019099999999998563,NO_DISPLACEMENT
11094,2026-06-12 21:30:00+00:00,M15:BUY_SIDE:11088,BUY_SIDE,M15,1.15775,0.00010999999999983245,0.5646806340843115,1.5491404476159585,False,1,CONFIRMED,NEUTRAL,0.0005299999999999194,NO_DISPLACEMENT
11098,2026-06-12 22:30:00+00:00,M15:SELL_SIDE:11088,SELL_SIDE,M15,1.15715,7.999999999985796e-05,0.8261359044223622,1.3066209556460253,False,-1,WEAK,BULLISH,-0.00027999999999983594,NO_DISPLACEMENT
11098,2026-06-12 22:30:00+00:00,M15:SELL_SIDE:11092,SELL_SIDE,M15,1.15722,0.00014999999999987246,0.8261359044223622,1.3066209556460253,False,-1,WEAK,BULLISH,-0.00027999999999983594,NO_DISPLACEMENT
11099,2026-06-12 22:45:00+00:00,M15:SELL_SIDE:11084,SELL_SIDE,M15,1.15694,7.00000000000145e-05,0.7130259168319045,1.229580112805515,True,-1,CONFIRMED,BULLISH,-0.00041000000000002146,NO_DISPLACEMENT
11103,2026-06-12 23:45:00+00:00,M15:SELL_SIDE:11077,SELL_SIDE,M15,1.1566,6.000000000017103e-05,0.844506844954492,1.2901748542880933,False,1,CONFIRMED,BULLISH,-0.0009299999999998754,NO_DISPLACEMENT
11105,2026-06-15 00:15:00+00:00,H4:BUY_SIDE:821,BUY_SIDE,H4,1.15897,0.00026999999999999247,2.960757144703089,0.11115736885928393,False,-1,WEAK,NEUTRAL,0.0017199999999999438,NO_DISPLACEMENT
11105,2026-06-15 00:15:00+00:00,H4:BUY_SIDE:825,BUY_SIDE,H4,1.15895,0.0002900000000001235,2.960757144703089,0.11115736885928393,False,-1,WEAK,NEUTRAL,0.0017199999999999438,NO_DISPLACEMENT
11105,2026-06-15 00:15:00+00:00,M15:BUY_SIDE:11082,BUY_SIDE,M15,1.15837,0.0008700000000001484,2.960757144703089,0.11115736885928393,False,-1,WEAK,NEUTRAL,0.0017199999999999438,NO_DISPLACEMENT
11105,2026-06-15 00:15:00+00:00,M15:BUY_SIDE:11094,BUY_SIDE,M15,1.15786,0.0013800000000001589,2.960757144703089,0.11115736885928393,False,-1,WEAK,NEUTRAL,0.0017199999999999438,NO_DISPLACEMENT
11119,2026-06-15 03:45:00+00:00,M15:SELL_SIDE:11115,SELL_SIDE,M15,1.16022,0.00042000000000008697,1.332848920790414,0.9204211979975833,False,-1,WEAK,NEUTRAL,-0.0009699999999999154,NO_DISPLACEMENT
11125,2026-06-15 05:15:00+00:00,M15:SELL_SIDE:11120,SELL_SIDE,M15,1.15943,1.999999999990898e-05,0.7384902379117674,0.6062643779861971,True,1,CONFIRMED,BEARISH,-0.0004900000000001015,NO_DISPLACEMENT
11129,2026-06-15 06:15:00+00:00,M15:BUY_SIDE:11123,BUY_SIDE,M15,1.16018,2.999999999997449e-05,0.8088643686813732,0.5731217740393806,True,-1,CONFIRMED,BEARISH,0.00027999999999983594,NO_DISPLACEMENT
11129,2026-06-15 06:15:00+00:00,M15:BUY_SIDE:11126,BUY_SIDE,M15,1.16015,5.999999999994898e-05,0.8088643686813732,0.5731217740393806,False,-1,WEAK,BEARISH,0.00027999999999983594,NO_DISPLACEMENT
11135,2026-06-15 07:45:00+00:00,M15:BUY_SIDE:11117,BUY_SIDE,M15,1.16118,0.00017999999999984695,0.7605069065963255,0.5430297978745572,False,-1,WEAK,BEARISH,0.0014499999999999513,NO_DISPLACEMENT
11136,2026-06-15 08:00:00+00:00,M15:BUY_SIDE:11108,BUY_SIDE,M15,1.16176,0.000460000000000127,2.0541601213965888,0.8067683308961772,False,2,CONFIRMED,BEARISH,0.0020599999999999508,NO_DISPLACEMENT
11150,2026-06-15 11:30:00+00:00,M15:SELL_SIDE:11142,SELL_SIDE,M15,1.16006,8.000000000008001e-05,1.841127135450437,1.290519877675841,True,2,CONFIRMED,NEUTRAL,-0.0008599999999998609,NO_DISPLACEMENT
11157,2026-06-15 13:15:00+00:00,M15:BUY_SIDE:11145,BUY_SIDE,M15,1.16106,9.999999999998899e-05,0.9224801976652115,0.9518401682439538,True,-1,CONFIRMED,BEARISH,0.00041000000000002146,NO_DISPLACEMENT
11165,2026-06-15 15:15:00+00:00,M15:SELL_SIDE:11162,SELL_SIDE,M15,1.16056,0.00012000000000012001,0.9999869508185038,1.3525269262634632,True,1,CONFIRMED,NEUTRAL,0.000280000000000058,NO_DISPLACEMENT
11166,2026-06-15 15:30:00+00:00,M15:BUY_SIDE:11158,BUY_SIDE,M15,1.16146,1.0000000000065512e-05,1.1336624969201692,1.2236951118475559,True,-1,CONFIRMED,NEUTRAL,0.0007600000000000939,NO_DISPLACEMENT
11166,2026-06-15 15:30:00+00:00,M15:BUY_SIDE:11163,BUY_SIDE,M15,1.16141,5.999999999994898e-05,1.1336624969201692,1.2236951118475559,False,-1,WEAK,NEUTRAL,0.0007600000000000939,NO_DISPLACEMENT
11170,2026-06-15 16:30:00+00:00,M15:BUY_SIDE:11167,BUY_SIDE,M15,1.16199,7.00000000000145e-05,1.3511545130707692,2.07369287772746,True,1,CONFIRMED,NEUTRAL,0.0004900000000001015,NO_DISPLACEMENT
11176,2026-06-15 18:00:00+00:00,M15:SELL_SIDE:11165,SELL_SIDE,M15,1.16044,2.999999999997449e-05,0.6396389455038906,1.286526122823098,True,-1,CONFIRMED,NEUTRAL,-0.0009799999999999809,NO_DISPLACEMENT
11177,2026-06-15 18:15:00+00:00,M15:SELL_SIDE:11156,SELL_SIDE,M15,1.16032,0.00018999999999991246,0.8891803213531237,1.049319427258264,False,-1,WEAK,NEUTRAL,-0.0012199999999999989,NO_DISPLACEMENT
11179,2026-06-15 18:45:00+00:00,M15:SELL_SIDE:11151,SELL_SIDE,M15,1.15969,4.0000000000040004e-05,0.45382148829382996,0.8186954288649204,True,1,CONFIRMED,NEUTRAL,-0.0018400000000000638,NO_DISPLACEMENT
11189,2026-06-15 21:15:00+00:00,M15:SELL_SIDE:11186,SELL_SIDE,M15,1.15979,3.0000000000196536e-05,0.9005458822882614,0.6560520458825544,False,-1,WEAK,NEUTRAL,-7.00000000000145e-05,NO_DISPLACEMENT
11190,2026-06-15 21:30:00+00:00,M15:SELL_SIDE:11179,SELL_SIDE,M15,1.15965,0.00017000000000000348,0.6436396171313674,0.8471169105977782,True,-1,CONFIRMED,NEUTRAL,-0.0006200000000000649,NO_DISPLACEMENT
11191,2026-06-15 21:45:00+00:00,M15:SELL_SIDE:11125,SELL_SIDE,M15,1.15941,2.0000000000131024e-05,0.9490506670607258,0.8876741315464645,True,-1,CONFIRMED,NEUTRAL,-0.0010099999999999554,NO_DISPLACEMENT
11195,2026-06-15 22:45:00+00:00,M15:SELL_SIDE:11192,SELL_SIDE,M15,1.15899,0.0005500000000000504,1.8862415913353523,1.0378554609672161,False,-1,WEAK,BEARISH,-0.0015199999999999658,NO_DISPLACEMENT
11200,2026-06-16 00:00:00+00:00,M15:SELL_SIDE:11196,SELL_SIDE,M15,1.15836,0.00021000000000004349,2.9995718543419847,0.1867917155138726,True,1,CONFIRMED,BEARISH,-0.0005500000000000504,NO_DISPLACEMENT
11216,2026-06-16 04:00:00+00:00,M15:BUY_SIDE:11203,BUY_SIDE,M15,1.15944,8.000000000008001e-05,1.0653174790328972,1.3805549289420258,True,1,CONFIRMED,NEUTRAL,0.00041000000000002146,NO_DISPLACEMENT
11216,2026-06-16 04:00:00+00:00,M15:BUY_SIDE:11211,BUY_SIDE,M15,1.15939,0.00013000000000018552,1.0653174790328972,1.3805549289420258,True,1,CONFIRMED,NEUTRAL,0.00041000000000002146,NO_DISPLACEMENT
11218,2026-06-16 04:30:00+00:00,M15:SELL_SIDE:11213,SELL_SIDE,M15,1.15878,7.00000000000145e-05,1.3010340562584695,0.9835762202174416,True,-1,CONFIRMED,BULLISH,-0.00012000000000012001,NO_DISPLACEMENT
11220,2026-06-16 05:00:00+00:00,M15:SELL_SIDE:11205,SELL_SIDE,M15,1.15847,1.0000000000065512e-05,0.8190734544511685,0.9502463054187192,True,1,CONFIRMED,BULLISH,-0.0007800000000000029,NO_DISPLACEMENT
11228,2026-06-16 07:00:00+00:00,M15:SELL_SIDE:11200,SELL_SIDE,M15,1.15815,0.0002900000000001235,2.025751542602309,1.0444444444444445,False,-1,WEAK,NEUTRAL,-0.0009399999999999409,NO_DISPLACEMENT
11228,2026-06-16 07:00:00+00:00,M15:SELL_SIDE:11221,SELL_SIDE,M15,1.15827,0.00041000000000002146,2.025751542602309,1.0444444444444445,False,-1,WEAK,NEUTRAL,-0.0009399999999999409,NO_DISPLACEMENT
11228,2026-06-16 07:00:00+00:00,M15:SELL_SIDE:11225,SELL_SIDE,M15,1.1584,0.000540000000000207,2.025751542602309,1.0444444444444445,False,-1,WEAK,NEUTRAL,-0.0009399999999999409,NO_DISPLACEMENT
11235,2026-06-16 08:45:00+00:00,M15:SELL_SIDE:11229,SELL_SIDE,M15,1.15757,4.0000000000040004e-05,0.6914269604205224,1.1453043744264302,False,1,CONFIRMED,BEARISH,-0.001000000000000112,NO_DISPLACEMENT
11238,2026-06-16 09:30:00+00:00,M15:BUY_SIDE:11232,BUY_SIDE,M15,1.15811,0.000460000000000127,1.9229128141715823,1.928418476598348,False,-1,WEAK,BEARISH,0.00019999999999997797,NO_DISPLACEMENT
11240,2026-06-16 10:00:00+00:00,M15:BUY_SIDE:11222,BUY_SIDE,M15,1.15895,9.000000000014552e-05,1.207205113046651,2.236157846436219,True,-1,CONFIRMED,BEARISH,0.0009199999999998099,NO_DISPLACEMENT
11240,2026-06-16 10:00:00+00:00,M15:BUY_SIDE:11227,BUY_SIDE,M15,1.15888,0.00016000000000016001,1.207205113046651,2.236157846436219,True,-1,CONFIRMED,BEARISH,0.0009199999999998099,NO_DISPLACEMENT
11243,2026-06-16 10:45:00+00:00,M15:BUY_SIDE:11216,BUY_SIDE,M15,1.15952,3.999999999981796e-05,0.8721674353450241,1.6139492199449372,False,-1,WEAK,BEARISH,0.0016100000000001113,NO_DISPLACEMENT
11244,2026-06-16 11:00:00+00:00,M15:BUY_SIDE:11200,BUY_SIDE,M15,1.15982,0.000140000000000029,1.4213085141061381,2.1015601101254204,False,-1,WEAK,BEARISH,0.0021499999999998742,NO_DISPLACEMENT
11247,2026-06-16 11:45:00+00:00,M15:BUY_SIDE:11183,BUY_SIDE,M15,1.16053,0.000140000000000029,1.672195541339757,1.3623962040332147,False,2,CONFIRMED,BEARISH,0.002690000000000081,NO_DISPLACEMENT
11247,2026-06-16 11:45:00+00:00,M15:BUY_SIDE:11188,BUY_SIDE,M15,1.16032,0.0003500000000000725,1.672195541339757,1.3623962040332147,False,2,CONFIRMED,BEARISH,0.002690000000000081,NO_DISPLACEMENT
11253,2026-06-16 13:15:00+00:00,M15:BUY_SIDE:11248,BUY_SIDE,M15,1.16095,0.0003500000000000725,1.236063318221898,1.2857894736842106,True,3,CONFIRMED,BULLISH,0.0013799999999999368,NO_DISPLACEMENT
11258,2026-06-16 14:30:00+00:00,M15:SELL_SIDE:11251,SELL_SIDE,M15,1.15998,0.00028999999999990145,1.842428908472291,1.4392796300803115,False,-1,WEAK,BULLISH,-0.0007300000000001194,NO_DISPLACEMENT
11267,2026-06-16 16:45:00+00:00,M15:SELL_SIDE:11261,SELL_SIDE,M15,1.15913,1.0000000000065512e-05,1.47062968739432,1.6691146470828233,True,1,CONFIRMED,NEUTRAL,-0.0011399999999999189,NO_DISPLACEMENT
11271,2026-06-16 17:45:00+00:00,M15:BUY_SIDE:11266,BUY_SIDE,M15,1.16036,0.0004899999999998794,1.899487350932725,1.8301852191454246,False,1,CONFIRMED,BEARISH,0.0012100000000001554,NO_DISPLACEMENT
11274,2026-06-16 18:30:00+00:00,M15:BUY_SIDE:11271,BUY_SIDE,M15,1.16085,2.0000000000131024e-05,1.0954526792431614,1.2404526166902405,True,-1,CONFIRMED,NEUTRAL,0.0006800000000000139,NO_DISPLACEMENT
11275,2026-06-16 18:45:00+00:00,M15:BUY_SIDE:11253,BUY_SIDE,M15,1.1613,0.0005900000000000905,2.1014245808965897,1.8003496503496503,False,-1,WEAK,NEUTRAL,0.0016300000000000203,NO_DISPLACEMENT
11284,2026-06-16 21:00:00+00:00,M15:SELL_SIDE:11280,SELL_SIDE,M15,1.16104,1.0000000000065512e-05,0.7138904121482014,0.8693397856895956,True,-1,CONFIRMED,BULLISH,0.000460000000000127,NO_DISPLACEMENT
11295,2026-06-16 23:45:00+00:00,M15:SELL_SIDE:11291,SELL_SIDE,M15,1.16058,1.999999999990898e-05,0.8081992151590363,0.862180640518172,True,1,CONFIRMED,NEUTRAL,-0.00021999999999988695,NO_DISPLACEMENT
11296,2026-06-17 00:00:00+00:00,M15:SELL_SIDE:11287,SELL_SIDE,M15,1.16056,0.000140000000000029,1.8739037915571721,0.12236673383403554,True,1,CONFIRMED,NEUTRAL,0.00034999999999985043,NO_DISPLACEMENT
11296,2026-06-17 00:00:00+00:00,M15:BUY_SIDE:11293,BUY_SIDE,M15,1.16098,0.00031000000000003247,1.8739037915571721,0.12236673383403554,False,2,CONFIRMED,NEUTRAL,0.00034999999999985043,NO_DISPLACEMENT
11303,2026-06-17 01:45:00+00:00,M15:BUY_SIDE:11296,BUY_SIDE,M15,1.16129,2.999999999997449e-05,0.41971143322685056,0.2776182270725637,True,-1,CONFIRMED,NEUTRAL,0.00026999999999999247,NO_DISPLACEMENT
11304,2026-06-17 02:00:00+00:00,M15:BUY_SIDE:11284,BUY_SIDE,M15,1.16142,2.0000000000131024e-05,0.7233361789507353,0.30174229370093814,True,2,CONFIRMED,NEUTRAL,0.0006399999999999739,NO_DISPLACEMENT
11304,2026-06-17 02:00:00+00:00,M15:BUY_SIDE:11288,BUY_SIDE,M15,1.16138,5.999999999994898e-05,0.7233361789507353,0.30174229370093814,True,2,CONFIRMED,NEUTRAL,0.0006399999999999739,NO_DISPLACEMENT
11309,2026-06-17 03:15:00+00:00,M15:BUY_SIDE:11306,BUY_SIDE,M15,1.16149,0.000180000000000069,1.0252972584461801,0.9767995240928019,False,2,CONFIRMED,NEUTRAL,0.0006999999999999229,NO_DISPLACEMENT
11319,2026-06-17 05:45:00+00:00,M15:SELL_SIDE:11314,SELL_SIDE,M15,1.16102,8.999999999992347e-05,1.0866855861288798,0.5380875202593193,False,1,CONFIRMED,NEUTRAL,-0.0006099999999999994,NO_DISPLACEMENT
11320,2026-06-17 06:00:00+00:00,M15:SELL_SIDE:11308,SELL_SIDE,M15,1.16087,9.000000000014552e-05,1.0799984221118066,0.5336459554513482,True,1,CONFIRMED,NEUTRAL,-0.00043999999999999595,NO_DISPLACEMENT
11328,2026-06-17 08:00:00+00:00,M15:BUY_SIDE:11325,BUY_SIDE,M15,1.16137,1.999999999990898e-05,0.946975209523103,0.8316546762589928,True,1,CONFIRMED,BEARISH,-8.000000000008001e-05,NO_DISPLACEMENT
11333,2026-06-17 09:15:00+00:00,M15:SELL_SIDE:11320,SELL_SIDE,M15,1.16078,0.00019999999999997797,1.7921217361156943,1.7281405116456663,False,2,CONFIRMED,NEUTRAL,-0.00042000000000008697,NO_DISPLACEMENT
11334,2026-06-17 09:30:00+00:00,M15:SELL_SIDE:11296,SELL_SIDE,M15,1.16042,2.999999999997449e-05,1.05330857046564,1.9014891179839633,True,1,CONFIRMED,NEUTRAL,-0.0005299999999999194,NO_DISPLACEMENT
11340,2026-06-17 11:00:00+00:00,M15:SELL_SIDE:11334,SELL_SIDE,M15,1.16039,0.00038000000000004697,1.920481493441861,2.263459335624284,True,-1,CONFIRMED,BEARISH,-0.0009399999999999409,NO_DISPLACEMENT
11349,2026-06-17 13:15:00+00:00,M15:SELL_SIDE:11341,SELL_SIDE,M15,1.1598,0.00032999999999994145,2.117087094900553,1.5808592385609501,False,1,CONFIRMED,BEARISH,-0.0012199999999999989,NO_DISPLACEMENT
11352,2026-06-17 14:00:00+00:00,M15:SELL_SIDE:11349,SELL_SIDE,M15,1.15947,0.00036999999999998145,1.3357680696314893,1.5559502664298401,False,-1,WEAK,BEARISH,-0.0009600000000000719,NO_DISPLACEMENT
11354,2026-06-17 14:30:00+00:00,M15:SELL_SIDE:11270,SELL_SIDE,M15,1.15878,0.00028999999999990145,1.0958158354721952,1.3650364766279384,False,1,CONFIRMED,BEARISH,-0.0014899999999999913,NO_DISPLACEMENT
11367,2026-06-17 17:45:00+00:00,M15:SELL_SIDE:11354,SELL_SIDE,M15,1.15849,0.0003900000000001125,2.196697946765144,2.789184436139811,True,1,CONFIRMED,BEARISH,-0.0007099999999999884,NO_DISPLACEMENT
11379,2026-06-17 20:45:00+00:00,M15:BUY_SIDE:11369,BUY_SIDE,M15,1.15941,0.00022999999999995246,0.9715302613000588,0.8757653565079992,False,1,CONFIRMED,NEUTRAL,0.000280000000000058,NO_DISPLACEMENT
11380,2026-06-17 21:00:00+00:00,H4:SELL_SIDE:824,SELL_SIDE,H4,1.15565,0.0014899999999999913,6.612669047284644,5.292198860286893,False,2,CONFIRMED,NEUTRAL,-0.00478999999999985,NO_DISPLACEMENT
11380,2026-06-17 21:00:00+00:00,H4:SELL_SIDE:836,SELL_SIDE,H4,1.15746,0.0032999999999998586,6.612669047284644,5.292198860286893,False,-1,WEAK,NEUTRAL,-0.00478999999999985,NO_DISPLACEMENT
11380,2026-06-17 21:00:00+00:00,M15:SELL_SIDE:11069,SELL_SIDE,M15,1.15598,0.0018199999999999328,6.612669047284644,5.292198860286893,False,2,CONFIRMED,NEUTRAL,-0.00478999999999985,NO_DISPLACEMENT
11380,2026-06-17 21:00:00+00:00,M15:SELL_SIDE:11103,SELL_SIDE,M15,1.15654,0.0023799999999998267,6.612669047284644,5.292198860286893,False,-1,WEAK,NEUTRAL,-0.00478999999999985,NO_DISPLACEMENT
11380,2026-06-17 21:00:00+00:00,M15:SELL_SIDE:11367,SELL_SIDE,M15,1.1581,0.0039399999999998325,6.612669047284644,5.292198860286893,False,-1,WEAK,NEUTRAL,-0.00478999999999985,NO_DISPLACEMENT
11380,2026-06-17 21:00:00+00:00,M15:SELL_SIDE:11376,SELL_SIDE,M15,1.15878,0.0046199999999998465,6.612669047284644,5.292198860286893,False,-1,WEAK,NEUTRAL,-0.00478999999999985,NO_DISPLACEMENT
11385,2026-06-17 22:15:00+00:00,H4:SELL_SIDE:801,SELL_SIDE,H4,1.14991,0.0003500000000000725,1.5408525440295981,4.352441613588111,False,-1,WEAK,BULLISH,-0.00959000000000021,NO_DISPLACEMENT
11385,2026-06-17 22:15:00+00:00,H4:SELL_SIDE:821,SELL_SIDE,H4,1.15015,0.0005900000000000905,1.5408525440295981,4.352441613588111,False,-1,WEAK,BULLISH,-0.00959000000000021,NO_DISPLACEMENT
11396,2026-06-18 01:00:00+00:00,M15:BUY_SIDE:11393,BUY_SIDE,M15,1.15043,7.999999999985796e-05,0.5087029866097361,0.9628506444275967,True,1,CONFIRMED,BEARISH,0.0019299999999999873,NO_DISPLACEMENT
11399,2026-06-18 01:45:00+00:00,M15:BUY_SIDE:11390,BUY_SIDE,M15,1.15056,1.0000000000065512e-05,0.32962328243429373,0.8786959818043972,True,-1,CONFIRMED,NEUTRAL,0.0004899999999998794,NO_DISPLACEMENT
11404,2026-06-18 03:00:00+00:00,M15:BUY_SIDE:11401,BUY_SIDE,M15,1.15087,0.0012099999999999334,1.8492010053639043,1.7143392689784442,False,-1,WEAK,BULLISH,0.0010399999999999299,NO_DISPLACEMENT
11409,2026-06-18 04:15:00+00:00,M15:BUY_SIDE:11404,BUY_SIDE,M15,1.15208,0.00011999999999989797,0.5469629670488689,0.6991988346686089,False,2,CONFIRMED,BULLISH,0.0016700000000000603,NO_DISPLACEMENT
11417,2026-06-18 06:15:00+00:00,M15:BUY_SIDE:11410,BUY_SIDE,M15,1.15225,8.999999999992347e-05,0.9402551117548273,0.8013906996957845,False,3,CONFIRMED,BULLISH,0.000700000000000145,NO_DISPLACEMENT
11425,2026-06-18 08:15:00+00:00,M15:SELL_SIDE:11420,SELL_SIDE,M15,1.152,0.00024000000000001798,1.0394139362745736,0.6954751131221719,False,3,CONFIRMED,BULLISH,1.999999999990898e-05,NO_DISPLACEMENT
11427,2026-06-18 08:45:00+00:00,M15:SELL_SIDE:11413,SELL_SIDE,M15,1.1513,0.00026999999999999247,1.5484163695856492,0.790639780931043,False,1,CONFIRMED,BULLISH,-0.0011900000000000244,NO_DISPLACEMENT
11429,2026-06-18 09:15:00+00:00,M15:BUY_SIDE:11420,BUY_SIDE,M15,1.15264,8.999999999992347e-05,1.4241252777470792,1.8098083146626835,False,1,CONFIRMED,NEUTRAL,0.00036999999999998145,NO_DISPLACEMENT
11433,2026-06-18 10:15:00+00:00,M15:SELL_SIDE:11427,SELL_SIDE,M15,1.15103,0.00031000000000003247,1.2651452648982073,1.8725416977844163,True,1,CONFIRMED,NEUTRAL,-0.0012700000000001044,NO_DISPLACEMENT
11437,2026-06-18 11:15:00+00:00,M15:SELL_SIDE:11402,SELL_SIDE,M15,1.15037,0.00026999999999999247,0.9739848611266755,2.1284540702016432,False,-1,WEAK,BEARISH,-0.0008300000000001084,NO_DISPLACEMENT
11438,2026-06-18 11:30:00+00:00,M15:SELL_SIDE:11396,SELL_SIDE,M15,1.15001,0.0007699999999999374,1.5458619444517685,2.492905153099328,False,-1,WEAK,BEARISH,-0.003009999999999957,NO_DISPLACEMENT
11440,2026-06-18 12:00:00+00:00,H4:SELL_SIDE:845,SELL_SIDE,H4,1.14779,0.000320000000000098,1.4622059033680432,3.3183968135424444,False,2,CONFIRMED,BEARISH,-0.0049399999999999444,NO_DISPLACEMENT
11447,2026-06-18 13:45:00+00:00,M15:SELL_SIDE:11444,SELL_SIDE,M15,1.1462,0.0002500000000000835,0.7777708836894027,1.7283789656671014,False,2,CONFIRMED,BEARISH,-0.0041599999999999415,NO_DISPLACEMENT
11449,2026-06-18 14:15:00+00:00,H4:SELL_SIDE:507,SELL_SIDE,H4,1.14571,0.0003500000000000725,1.3793425108154274,1.8253138075313808,True,1,CONFIRMED,BEARISH,-0.0020100000000000673,NO_DISPLACEMENT
11452,2026-06-18 15:00:00+00:00,M15:SELL_SIDE:11449,SELL_SIDE,M15,1.14536,4.0000000000040004e-05,1.8815513252223859,1.5184859154929577,True,1,CONFIRMED,BEARISH,-0.0012299999999998423,NO_DISPLACEMENT
11458,2026-06-18 16:30:00+00:00,M15:BUY_SIDE:11453,BUY_SIDE,M15,1.14818,0.00022999999999995246,1.4119862786017885,1.806248359149383,True,1,CONFIRMED,BEARISH,0.0016400000000000858,NO_DISPLACEMENT
11463,2026-06-18 17:45:00+00:00,M15:BUY_SIDE:11458,BUY_SIDE,M15,1.14841,0.00034000000000000696,1.7957107347019143,1.347852536804964,False,1,CONFIRMED,BULLISH,0.0015199999999999658,NO_DISPLACEMENT
11468,2026-06-18 19:00:00+00:00,M15:SELL_SIDE:11460,SELL_SIDE,M15,1.14672,0.000180000000000069,0.7833940901840698,1.1936471922858765,False,1,CONFIRMED,BULLISH,-0.0009100000000001884,NO_DISPLACEMENT
11471,2026-06-18 19:45:00+00:00,M15:SELL_SIDE:11457,SELL_SIDE,M15,1.14629,0.00012999999999996348,0.7112217920885509,0.719909245604084,True,1,CONFIRMED,BULLISH,-0.0009399999999999409,NO_DISPLACEMENT
11476,2026-06-18 21:00:00+00:00,M15:SELL_SIDE:11471,SELL_SIDE,M15,1.14616,0.00012999999999996348,0.6902964450479461,0.7448667044809983,True,1,CONFIRMED,BEARISH,-0.0010099999999999554,NO_DISPLACEMENT
11479,2026-06-18 21:45:00+00:00,M15:SELL_SIDE:11476,SELL_SIDE,M15,1.14603,0.000140000000000029,0.8422036991042708,0.6670448099829835,False,-1,WEAK,BEARISH,-0.0010200000000000209,NO_DISPLACEMENT
11480,2026-06-18 22:00:00+00:00,M15:SELL_SIDE:11452,SELL_SIDE,M15,1.14532,3.999999999981796e-05,1.0688452407466384,0.8458309699376063,True,2,CONFIRMED,BEARISH,-0.0010900000000000354,NO_DISPLACEMENT
11488,2026-06-19 00:00:00+00:00,M15:BUY_SIDE:11485,BUY_SIDE,M15,1.14633,0.00041000000000002146,1.8199510811052337,0.06107799002311717,True,1,CONFIRMED,BEARISH,-0.0005299999999999194,NO_DISPLACEMENT
11499,2026-06-19 02:45:00+00:00,M15:SELL_SIDE:11494,SELL_SIDE,M15,1.1458,0.00011999999999989797,0.7308322720026064,0.39700484510350903,True,1,CONFIRMED,NEUTRAL,2.999999999997449e-05,NO_DISPLACEMENT
11500,2026-06-19 03:00:00+00:00,M15:BUY_SIDE:11491,BUY_SIDE,M15,1.14637,0.00010000000000021103,1.3050231266939403,0.7715355805243446,True,1,CONFIRMED,NEUTRAL,0.00010000000000021103,NO_DISPLACEMENT
11507,2026-06-19 04:45:00+00:00,M15:SELL_SIDE:11488,SELL_SIDE,M15,1.14555,0.0003500000000000725,1.411331937653591,0.6089965397923875,False,2,CONFIRMED,NEUTRAL,-0.0007399999999999629,NO_DISPLACEMENT
11507,2026-06-19 04:45:00+00:00,M15:SELL_SIDE:11499,SELL_SIDE,M15,1.14568,0.00048000000000003595,1.411331937653591,0.6089965397923875,False,2,CONFIRMED,NEUTRAL,-0.0007399999999999629,NO_DISPLACEMENT
11512,2026-06-19 06:00:00+00:00,M15:SELL_SIDE:11481,SELL_SIDE,M15,1.14508,0.00012000000000012001,1.1742777245678668,0.7741480611045829,False,-1,WEAK,BEARISH,-0.0012399999999999078,NO_DISPLACEMENT
11512,2026-06-19 06:00:00+00:00,M15:SELL_SIDE:11508,SELL_SIDE,M15,1.14512,0.00015999999999993797,1.1742777245678668,0.7741480611045829,False,-1,WEAK,BEARISH,-0.0012399999999999078,NO_DISPLACEMENT
11513,2026-06-19 06:15:00+00:00,M15:SELL_SIDE:5933,SELL_SIDE,M15,1.14462,0.000280000000000058,1.575524145269046,1.3607520564042304,False,-1,WEAK,BEARISH,-0.0018099999999998673,NO_DISPLACEMENT
11515,2026-06-19 06:45:00+00:00,H4:SELL_SIDE:458,SELL_SIDE,H4,1.14428,0.0001100000000000545,1.0300321705722884,0.8953934740882917,False,-1,WEAK,BEARISH,-0.0018900000000001693,NO_DISPLACEMENT
11528,2026-06-19 10:00:00+00:00,M15:BUY_SIDE:11518,BUY_SIDE,M15,1.14435,0.0005800000000000249,1.1484946075988163,1.7731153939985362,False,-1,WEAK,NEUTRAL,0.0008400000000001739,NO_DISPLACEMENT
11532,2026-06-19 11:00:00+00:00,M15:BUY_SIDE:11528,BUY_SIDE,M15,1.14493,0.0006200000000000649,1.4341510675160398,1.5745303732617713,False,-1,WEAK,BULLISH,0.00266999999999995,NO_DISPLACEMENT
11533,2026-06-19 11:15:00+00:00,M15:BUY_SIDE:11510,BUY_SIDE,M15,1.14579,0.00025999999999992696,1.683645837452965,1.6462551841912663,False,-1,WEAK,BULLISH,0.0027199999999998337,NO_DISPLACEMENT
11534,2026-06-19 11:30:00+00:00,M15:BUY_SIDE:11502,BUY_SIDE,M15,1.14657,2.999999999997449e-05,1.2724214868047572,1.5706269821907783,True,1,CONFIRMED,BULLISH,0.002969999999999917,NO_DISPLACEMENT
11544,2026-06-19 14:00:00+00:00,M15:BUY_SIDE:11538,BUY_SIDE,M15,1.14649,8.000000000008001e-05,0.717596939220717,1.1302221316486651,True,1,CONFIRMED,NEUTRAL,2.0000000000131024e-05,NO_DISPLACEMENT
11545,2026-06-19 14:15:00+00:00,M15:BUY_SIDE:11488,BUY_SIDE,M15,1.14674,7.00000000000145e-05,0.8794480991427446,0.7377216221724068,True,1,CONFIRMED,NEUTRAL,-0.00012999999999996348,NO_DISPLACEMENT
11545,2026-06-19 14:15:00+00:00,M15:BUY_SIDE:11534,BUY_SIDE,M15,1.1466,0.00021000000000004349,0.8794480991427446,0.7377216221724068,True,1,CONFIRMED,NEUTRAL,-0.00012999999999996348,NO_DISPLACEMENT
11548,2026-06-19 15:00:00+00:00,M15:BUY_SIDE:11545,BUY_SIDE,M15,1.14681,3.999999999981796e-05,1.2009114764620525,1.2320353271778401,True,1,CONFIRMED,BULLISH,0.0003300000000001635,NO_DISPLACEMENT
11551,2026-06-19 15:45:00+00:00,M15:BUY_SIDE:11473,BUY_SIDE,M15,1.14736,0.000140000000000029,1.8784680652842534,2.23243677238057,True,1,CONFIRMED,BULLISH,0.0014799999999999258,NO_DISPLACEMENT
11551,2026-06-19 15:45:00+00:00,M15:BUY_SIDE:11548,BUY_SIDE,M15,1.14685,0.0006500000000000394,1.8784680652842534,2.23243677238057,False,1,CONFIRMED,BULLISH,0.0014799999999999258,NO_DISPLACEMENT
11554,2026-06-19 16:30:00+00:00,M15:SELL_SIDE:11547,SELL_SIDE,M15,1.1458,0.00014999999999987246,1.3488939396933661,1.2580706781279847,True,1,CONFIRMED,BULLISH,-0.0002900000000001235,NO_DISPLACEMENT
11558,2026-06-19 17:30:00+00:00,M15:BUY_SIDE:11555,BUY_SIDE,M15,1.14662,5.0000000000105516e-05,0.9592448321331694,1.0412053004174986,True,-1,CONFIRMED,BEARISH,-9.000000000014552e-05,NO_DISPLACEMENT
11560,2026-06-19 18:00:00+00:00,M15:BUY_SIDE:11551,BUY_SIDE,M15,1.1475,0.00012000000000012001,1.247649209839172,1.4260010583877227,True,1,CONFIRMED,NEUTRAL,0.0005499999999998284,NO_DISPLACEMENT
11571,2026-06-19 20:45:00+00:00,M15:BUY_SIDE:11560,BUY_SIDE,M15,1.14762,2.999999999997449e-05,1.074323797872852,0.4342710056995771,True,1,CONFIRMED,BULLISH,0.0005999999999999339,NO_DISPLACEMENT
11584,2026-06-22 00:00:00+00:00,M15:SELL_SIDE:11541,SELL_SIDE,M15,1.14524,5.0000000000105516e-05,1.9973730211741378,0.08715139442231076,True,1,CONFIRMED,BULLISH,-0.0021799999999998487,NO_DISPLACEMENT
11584,2026-06-22 00:00:00+00:00,M15:SELL_SIDE:11554,SELL_SIDE,M15,1.14565,0.000460000000000127,1.9973730211741378,0.08715139442231076,True,1,CONFIRMED,BULLISH,-0.0021799999999998487,NO_DISPLACEMENT
11584,2026-06-22 00:00:00+00:00,M15:SELL_SIDE:11557,SELL_SIDE,M15,1.14579,0.000600000000000156,1.9973730211741378,0.08715139442231076,True,1,CONFIRMED,BULLISH,-0.0021799999999998487,NO_DISPLACEMENT
11584,2026-06-22 00:00:00+00:00,M15:SELL_SIDE:11563,SELL_SIDE,M15,1.14616,0.0009700000000001374,1.9973730211741378,0.08715139442231076,False,1,CONFIRMED,BULLISH,-0.0021799999999998487,NO_DISPLACEMENT
11595,2026-06-22 02:45:00+00:00,M15:SELL_SIDE:11588,SELL_SIDE,M15,1.14574,1.999999999990898e-05,0.9853959723381274,1.64750093949643,True,1,CONFIRMED,NEUTRAL,-1.999999999990898e-05,NO_DISPLACEMENT
11599,2026-06-22 03:45:00+00:00,M15:SELL_SIDE:11595,SELL_SIDE,M15,1.14572,9.999999999998899e-05,1.849263855437375,2.0473506200676437,True,1,CONFIRMED,BEARISH,0.00026999999999999247,NO_DISPLACEMENT
11599,2026-06-22 03:45:00+00:00,M15:BUY_SIDE:11596,BUY_SIDE,M15,1.14655,0.00012000000000012001,1.849263855437375,2.0473506200676437,False,-1,WEAK,BEARISH,0.00026999999999999247,NO_DISPLACEMENT
11600,2026-06-22 04:00:00+00:00,M15:BUY_SIDE:11586,BUY_SIDE,M15,1.14702,0.000360000000000138,1.2756553999435636,3.3829387448327695,False,1,CONFIRMED,BEARISH,0.0009399999999999409,NO_DISPLACEMENT
11600,2026-06-22 04:00:00+00:00,M15:BUY_SIDE:11592,BUY_SIDE,M15,1.14667,0.0007099999999999884,1.2756553999435636,3.3829387448327695,False,3,CONFIRMED,BEARISH,0.0009399999999999409,NO_DISPLACEMENT
11610,2026-06-22 06:30:00+00:00,M15:SELL_SIDE:11605,SELL_SIDE,M15,1.14601,0.00021000000000004349,1.1124321997641748,1.2934782608695652,False,-1,WEAK,NEUTRAL,-0.0012499999999999734,NO_DISPLACEMENT
11611,2026-06-22 06:45:00+00:00,M15:SELL_SIDE:11599,SELL_SIDE,M15,1.14562,0.0001900000000001345,1.5011231395859885,1.3408385093167703,False,-1,WEAK,NEUTRAL,-0.0012199999999999989,NO_DISPLACEMENT
11612,2026-06-22 07:00:00+00:00,M15:SELL_SIDE:11584,SELL_SIDE,M15,1.14519,4.999999999988347e-05,1.0296670041814049,1.5900621118012421,True,1,CONFIRMED,NEUTRAL,-0.0012600000000000389,NO_DISPLACEMENT
11623,2026-06-22 09:45:00+00:00,M15:BUY_SIDE:11618,BUY_SIDE,M15,1.1463,4.999999999988347e-05,2.037023556916134,1.9575051405071968,True,1,CONFIRMED,NEUTRAL,0.00046999999999997044,NO_DISPLACEMENT
11623,2026-06-22 09:45:00+00:00,M15:SELL_SIDE:11620,SELL_SIDE,M15,1.14526,2.999999999997449e-05,2.037023556916134,1.9575051405071968,True,1,CONFIRMED,NEUTRAL,0.00046999999999997044,NO_DISPLACEMENT
11626,2026-06-22 10:30:00+00:00,M15:SELL_SIDE:11612,SELL_SIDE,M15,1.14514,0.0006800000000000139,1.269101158739288,1.9662162162162162,False,-1,WEAK,BULLISH,-0.001100000000000101,NO_DISPLACEMENT
11632,2026-06-22 12:00:00+00:00,M15:BUY_SIDE:11629,BUY_SIDE,M15,1.14534,0.0009799999999999809,1.9085675019428312,1.8587319243604004,False,-1,WEAK,BEARISH,0.00041000000000002146,NO_DISPLACEMENT
11636,2026-06-22 13:00:00+00:00,M15:BUY_SIDE:11623,BUY_SIDE,M15,1.14635,1.999999999990898e-05,1.0903467583835238,1.4784569138276553,True,1,CONFIRMED,NEUTRAL,0.0015300000000000313,NO_DISPLACEMENT
11636,2026-06-22 13:00:00+00:00,M15:BUY_SIDE:11632,BUY_SIDE,M15,1.14632,4.999999999988347e-05,1.0903467583835238,1.4784569138276553,True,1,CONFIRMED,NEUTRAL,0.0015300000000000313,NO_DISPLACEMENT
11648,2026-06-22 16:00:00+00:00,M15:SELL_SIDE:11628,SELL_SIDE,M15,1.14414,0.0005899999999998684,2.6118384109305133,2.7696087696087694,True,-1,CONFIRMED,NEUTRAL,-0.0013799999999999368,NO_DISPLACEMENT
11648,2026-06-22 16:00:00+00:00,M15:SELL_SIDE:11644,SELL_SIDE,M15,1.14468,0.0011299999999998533,2.6118384109305133,2.7696087696087694,False,-1,WEAK,NEUTRAL,-0.0013799999999999368,NO_DISPLACEMENT
11651,2026-06-22 16:45:00+00:00,M15:SELL_SIDE:11526,SELL_SIDE,M15,1.1429,0.00012999999999996348,1.2695015085138914,1.748404740200547,False,1,CONFIRMED,NEUTRAL,-0.0023400000000000087,NO_DISPLACEMENT
11662,2026-06-22 19:30:00+00:00,M15:SELL_SIDE:11652,SELL_SIDE,M15,1.14257,5.0000000000105516e-05,0.7498615306383771,0.8053520229372412,True,1,CONFIRMED,BEARISH,-0.0007900000000000684,NO_DISPLACEMENT
11669,2026-06-22 21:15:00+00:00,M15:SELL_SIDE:11666,SELL_SIDE,M15,1.14271,1.999999999990898e-05,0.6388517327817734,0.5852182223638102,True,-1,CONFIRMED,NEUTRAL,-0.00042999999999993044,NO_DISPLACEMENT
11670,2026-06-22 21:30:00+00:00,M15:SELL_SIDE:11662,SELL_SIDE,M15,1.14252,4.999999999988347e-05,0.526308531347049,0.6032158518759136,True,-1,CONFIRMED,NEUTRAL,-0.0002300000000001745,NO_DISPLACEMENT
11680,2026-06-23 00:00:00+00:00,H4:SELL_SIDE:854,SELL_SIDE,H4,1.14177,0.00015999999999993797,2.530846551160936,0.06147934678194044,True,1,CONFIRMED,BEARISH,0.00016000000000016001,NO_DISPLACEMENT
11680,2026-06-23 00:00:00+00:00,M15:SELL_SIDE:11674,SELL_SIDE,M15,1.1419,0.00028999999999990145,2.530846551160936,0.06147934678194044,True,1,CONFIRMED,BEARISH,0.00016000000000016001,NO_DISPLACEMENT
11680,2026-06-23 00:00:00+00:00,M15:BUY_SIDE:11676,BUY_SIDE,M15,1.14294,5.999999999994898e-05,2.530846551160936,0.06147934678194044,True,1,CONFIRMED,BEARISH,0.00016000000000016001,NO_DISPLACEMENT
11692,2026-06-23 03:00:00+00:00,M15:SELL_SIDE:11686,SELL_SIDE,M15,1.14252,0.00026999999999999247,1.1719549978315396,0.9880534082923401,False,1,CONFIRMED,NEUTRAL,-0.000520000000000076,NO_DISPLACEMENT
11698,2026-06-23 04:30:00+00:00,M15:SELL_SIDE:11692,SELL_SIDE,M15,1.14225,1.999999999990898e-05,0.9274427943763469,0.9815085158150851,True,1,CONFIRMED,BEARISH,-0.00021999999999988695,NO_DISPLACEMENT
11699,2026-06-23 04:45:00+00:00,M15:BUY_SIDE:11696,BUY_SIDE,M15,1.1428,4.0000000000040004e-05,1.3293345448358558,1.2919708029197081,True,-1,CONFIRMED,BEARISH,2.0000000000131024e-05,NO_DISPLACEMENT
11700,2026-06-23 05:00:00+00:00,M15:BUY_SIDE:11680,BUY_SIDE,M15,1.143,0.0001100000000000545,1.2514748242574596,1.0253041362530413,False,2,CONFIRMED,BEARISH,0.00042999999999993044,NO_DISPLACEMENT
11700,2026-06-23 05:00:00+00:00,M15:BUY_SIDE:11688,BUY_SIDE,M15,1.14295,0.00016000000000016001,1.2514748242574596,1.0253041362530413,False,2,CONFIRMED,BEARISH,0.00042999999999993044,NO_DISPLACEMENT
11701,2026-06-23 05:15:00+00:00,M15:BUY_SIDE:11668,BUY_SIDE,M15,1.14317,2.999999999997449e-05,0.7191620621096299,0.5857142857142857,True,1,CONFIRMED,BEARISH,0.00031000000000003247,NO_DISPLACEMENT
11705,2026-06-23 06:15:00+00:00,M15:SELL_SIDE:11698,SELL_SIDE,M15,1.14223,0.00036999999999998145,1.9364449501261414,1.0654998674091753,True,1,CONFIRMED,NEUTRAL,-0.00015999999999993797,NO_DISPLACEMENT
11719,2026-06-23 09:45:00+00:00,M15:SELL_SIDE:11712,SELL_SIDE,M15,1.1419,3.999999999981796e-05,1.3378441393010705,1.573113854595336,True,1,CONFIRMED,NEUTRAL,-0.00025999999999992696,NO_DISPLACEMENT
11719,2026-06-23 09:45:00+00:00,M15:SELL_SIDE:11715,SELL_SIDE,M15,1.14193,6.999999999979245e-05,1.3378441393010705,1.573113854595336,True,1,CONFIRMED,NEUTRAL,-0.00025999999999992696,NO_DISPLACEMENT
11720,2026-06-23 10:00:00+00:00,M15:BUY_SIDE:11664,BUY_SIDE,M15,1.14336,0.00019999999999997797,2.516128106272364,2.5607681755829903,True,2,CONFIRMED,NEUTRAL,0.0005599999999998939,NO_DISPLACEMENT
11720,2026-06-23 10:00:00+00:00,M15:BUY_SIDE:11701,BUY_SIDE,M15,1.1432,0.00035999999999991594,2.516128106272364,2.5607681755829903,True,2,CONFIRMED,NEUTRAL,0.0005599999999998939,NO_DISPLACEMENT
11720,2026-06-23 10:00:00+00:00,M15:BUY_SIDE:11708,BUY_SIDE,M15,1.14303,0.0005299999999999194,2.516128106272364,2.5607681755829903,False,2,CONFIRMED,NEUTRAL,0.0005599999999998939,NO_DISPLACEMENT
11722,2026-06-23 10:30:00+00:00,H4:SELL_SIDE:440,SELL_SIDE,H4,1.1414,0.00019999999999997797,3.694572413305797,2.419753086419753,True,-1,CONFIRMED,BEARISH,-0.0005099999999997884,NO_DISPLACEMENT
11722,2026-06-23 10:30:00+00:00,M15:SELL_SIDE:11680,SELL_SIDE,M15,1.14161,0.00041000000000002146,3.694572413305797,2.419753086419753,False,-1,WEAK,BEARISH,-0.0005099999999997884,NO_DISPLACEMENT
11722,2026-06-23 10:30:00+00:00,M15:SELL_SIDE:11705,SELL_SIDE,M15,1.14186,0.000660000000000105,3.694572413305797,2.419753086419753,False,-1,WEAK,BEARISH,-0.0005099999999997884,NO_DISPLACEMENT
11723,2026-06-23 10:45:00+00:00,H4:SELL_SIDE:437,SELL_SIDE,H4,1.14108,0.00020000000000020002,1.3356352740697135,1.8606310013717422,True,1,CONFIRMED,NEUTRAL,-0.0012599999999998168,NO_DISPLACEMENT
11734,2026-06-23 13:30:00+00:00,M15:SELL_SIDE:11726,SELL_SIDE,M15,1.14044,7.999999999985796e-05,0.6054728786297757,1.2784629981024669,True,-1,CONFIRMED,BEARISH,-0.0008699999999999264,NO_DISPLACEMENT
11748,2026-06-23 17:00:00+00:00,M15:SELL_SIDE:11745,SELL_SIDE,M15,1.13851,0.00010999999999983245,0.958266898139087,2.0498196186222297,False,-1,WEAK,NEUTRAL,-0.0009000000000001229,NO_DISPLACEMENT
11749,2026-06-23 17:15:00+00:00,M15:SELL_SIDE:11741,SELL_SIDE,M15,1.13826,0.000700000000000145,1.3189070356733097,1.7631444614599285,False,-1,WEAK,NEUTRAL,-0.0006099999999999994,NO_DISPLACEMENT
11760,2026-06-23 20:00:00+00:00,M15:SELL_SIDE:11755,SELL_SIDE,M15,1.13772,7.00000000000145e-05,0.6745371508078299,0.8079027355623101,True,1,CONFIRMED,NEUTRAL,-5.0000000000105516e-05,NO_DISPLACEMENT
11766,2026-06-23 21:30:00+00:00,M15:SELL_SIDE:11749,SELL_SIDE,M15,1.13756,9.999999999843467e-06,0.8363856039968918,0.6261398176291794,True,1,CONFIRMED,BEARISH,-0.0006500000000000394,NO_DISPLACEMENT
11766,2026-06-23 21:30:00+00:00,M15:SELL_SIDE:11752,SELL_SIDE,M15,1.13758,2.999999999997449e-05,0.8363856039968918,0.6261398176291794,True,1,CONFIRMED,BEARISH,-0.0006500000000000394,NO_DISPLACEMENT
11766,2026-06-23 21:30:00+00:00,M15:SELL_SIDE:11760,SELL_SIDE,M15,1.13765,9.999999999998899e-05,0.8363856039968918,0.6261398176291794,False,1,CONFIRMED,BEARISH,-0.0006500000000000394,NO_DISPLACEMENT
11768,2026-06-23 22:00:00+00:00,M15:BUY_SIDE:11762,BUY_SIDE,M15,1.13818,0.00012000000000012001,0.8441911384459883,0.8249240121580547,False,1,CONFIRMED,BEARISH,-0.00017000000000000348,NO_DISPLACEMENT
11776,2026-06-24 00:00:00+00:00,M15:BUY_SIDE:11768,BUY_SIDE,M15,1.1383,8.999999999992347e-05,1.070368845857012,0.054984036892515076,False,-1,WEAK,BULLISH,0.0006899999999998574,NO_DISPLACEMENT
11779,2026-06-24 00:45:00+00:00,M15:BUY_SIDE:11776,BUY_SIDE,M15,1.13839,1.0000000000065512e-05,0.4254844380029934,0.1081179468511103,True,1,CONFIRMED,BULLISH,0.00017000000000000348,NO_DISPLACEMENT
11787,2026-06-24 02:45:00+00:00,M15:BUY_SIDE:11784,BUY_SIDE,M15,1.13827,0.00010000000000021103,1.4975277965428508,0.8422391857506362,True,1,CONFIRMED,NEUTRAL,-0.00041000000000002146,NO_DISPLACEMENT
11788,2026-06-24 03:00:00+00:00,M15:SELL_SIDE:11772,SELL_SIDE,M15,1.13775,5.999999999994898e-05,1.5770773710544854,1.5814249363867685,True,-1,CONFIRMED,NEUTRAL,-0.0005399999999999849,NO_DISPLACEMENT
11788,2026-06-24 03:00:00+00:00,M15:SELL_SIDE:11780,SELL_SIDE,M15,1.13778,8.999999999992347e-05,1.5770773710544854,1.5814249363867685,True,-1,CONFIRMED,NEUTRAL,-0.0005399999999999849,NO_DISPLACEMENT
11789,2026-06-24 03:15:00+00:00,M15:SELL_SIDE:11767,SELL_SIDE,M15,1.13752,0.00021000000000004349,1.7598746213982686,1.284139100932994,False,1,CONFIRMED,BULLISH,-0.0008500000000000174,NO_DISPLACEMENT
11792,2026-06-24 04:00:00+00:00,M15:SELL_SIDE:11789,SELL_SIDE,M15,1.13731,0.00021000000000004349,1.505753135225712,1.3706530958439356,True,2,CONFIRMED,NEUTRAL,-0.0006199999999998429,NO_DISPLACEMENT
11799,2026-06-24 05:45:00+00:00,M15:SELL_SIDE:11793,SELL_SIDE,M15,1.13708,0.00048000000000003595,1.8831525810623875,1.260891089108911,False,-1,WEAK,BEARISH,-0.0006900000000000794,NO_DISPLACEMENT
11812,2026-06-24 09:00:00+00:00,M15:BUY_SIDE:11802,BUY_SIDE,M15,1.1369,0.0006200000000000649,1.9409136572989936,1.4657894736842105,False,1,CONFIRMED,NEUTRAL,0.0005999999999999339,NO_DISPLACEMENT
11815,2026-06-24 09:45:00+00:00,M15:SELL_SIDE:11801,SELL_SIDE,M15,1.13605,0.00032999999999994145,2.1543718646533416,1.850776674306086,False,-1,WEAK,BULLISH,-0.0004900000000001015,NO_DISPLACEMENT
11815,2026-06-24 09:45:00+00:00,M15:SELL_SIDE:11804,SELL_SIDE,M15,1.13612,0.00039999999999995595,2.1543718646533416,1.850776674306086,False,-1,WEAK,BULLISH,-0.0004900000000001015,NO_DISPLACEMENT
11815,2026-06-24 09:45:00+00:00,M15:SELL_SIDE:11807,SELL_SIDE,M15,1.13618,0.00045999999999990493,2.1543718646533416,1.850776674306086,False,-1,WEAK,BULLISH,-0.0004900000000001015,NO_DISPLACEMENT
11820,2026-06-24 11:00:00+00:00,M15:SELL_SIDE:11816,SELL_SIDE,M15,1.13509,0.0013699999999998713,2.800806630147612,2.1705150976909415,False,1,CONFIRMED,NEUTRAL,-0.0025200000000000777,NO_DISPLACEMENT
11832,2026-06-24 14:00:00+00:00,M15:SELL_SIDE:11820,SELL_SIDE,M15,1.13372,2.999999999997449e-05,0.7744195139366127,1.0085653104925054,True,1,CONFIRMED,BEARISH,-0.001000000000000112,NO_DISPLACEMENT
11835,2026-06-24 14:45:00+00:00,M15:SELL_SIDE:11832,SELL_SIDE,M15,1.13369,1.0000000000065512e-05,1.7053554897511929,1.6974466596712137,True,1,CONFIRMED,BEARISH,-0.0007200000000000539,NO_DISPLACEMENT
11838,2026-06-24 15:30:00+00:00,M15:SELL_SIDE:11835,SELL_SIDE,M15,1.13368,0.0012199999999999989,1.9007051513339808,1.7425079524527038,False,3,CONFIRMED,BEARISH,-0.0012900000000000134,NO_DISPLACEMENT
11844,2026-06-24 17:00:00+00:00,M15:BUY_SIDE:11835,BUY_SIDE,M15,1.13492,0.00031000000000003247,1.1849889139765188,2.098494764397906,True,1,CONFIRMED,BEARISH,0.00025999999999992696,NO_DISPLACEMENT
11849,2026-06-24 18:15:00+00:00,M15:BUY_SIDE:11819,BUY_SIDE,M15,1.13611,7.00000000000145e-05,1.3040915497433412,1.5635198135198136,True,1,CONFIRMED,BULLISH,0.002650000000000041,NO_DISPLACEMENT
11849,2026-06-24 18:15:00+00:00,M15:BUY_SIDE:11844,BUY_SIDE,M15,1.13523,0.0009500000000000064,1.3040915497433412,1.5635198135198136,False,2,CONFIRMED,BULLISH,0.002650000000000041,NO_DISPLACEMENT
11854,2026-06-24 19:30:00+00:00,M15:BUY_SIDE:11849,BUY_SIDE,M15,1.13618,0.0006300000000001305,1.0345818693978661,1.0199972417597574,True,1,CONFIRMED,BULLISH,0.0013799999999999368,NO_DISPLACEMENT
11872,2026-06-25 00:00:00+00:00,M15:SELL_SIDE:11851,SELL_SIDE,M15,1.13466,0.0006699999999999484,2.997786831567184,0.0718580437014225,True,1,CONFIRMED,NEUTRAL,2.0000000000131024e-05,NO_DISPLACEMENT
11872,2026-06-25 00:00:00+00:00,M15:SELL_SIDE:11859,SELL_SIDE,M15,1.1349,0.0009099999999999664,2.997786831567184,0.0718580437014225,True,1,CONFIRMED,NEUTRAL,2.0000000000131024e-05,NO_DISPLACEMENT
11872,2026-06-25 00:00:00+00:00,M15:SELL_SIDE:11865,SELL_SIDE,M15,1.13508,0.0010900000000000354,2.997786831567184,0.0718580437014225,True,1,CONFIRMED,NEUTRAL,2.0000000000131024e-05,NO_DISPLACEMENT
11872,2026-06-25 00:00:00+00:00,M15:SELL_SIDE:11868,SELL_SIDE,M15,1.13522,0.0012299999999998423,2.997786831567184,0.0718580437014225,True,1,CONFIRMED,NEUTRAL,2.0000000000131024e-05,NO_DISPLACEMENT
11883,2026-06-25 02:45:00+00:00,M15:SELL_SIDE:11880,SELL_SIDE,M15,1.13528,1.0000000000065512e-05,0.7593877509726621,0.43580359865812746,True,-1,CONFIRMED,NEUTRAL,-0.000300000000000189,NO_DISPLACEMENT
11888,2026-06-25 04:00:00+00:00,M15:BUY_SIDE:11862,BUY_SIDE,M15,1.1361,5.999999999994898e-05,1.874423377665046,1.0117568021498153,False,3,CONFIRMED,BEARISH,0.00042999999999993044,NO_DISPLACEMENT
11888,2026-06-25 04:00:00+00:00,M15:BUY_SIDE:11872,BUY_SIDE,M15,1.13607,9.000000000014552e-05,1.874423377665046,1.0117568021498153,False,3,CONFIRMED,BEARISH,0.00042999999999993044,NO_DISPLACEMENT
11888,2026-06-25 04:00:00+00:00,M15:BUY_SIDE:11876,BUY_SIDE,M15,1.136,0.00016000000000016001,1.874423377665046,1.0117568021498153,False,3,CONFIRMED,BEARISH,0.00042999999999993044,NO_DISPLACEMENT
11898,2026-06-25 06:30:00+00:00,M15:BUY_SIDE:11889,BUY_SIDE,M15,1.13676,5.0000000000105516e-05,0.851114330807607,0.6877278250303767,False,-1,WEAK,BULLISH,0.0006599999999998829,NO_DISPLACEMENT
11899,2026-06-25 06:45:00+00:00,M15:BUY_SIDE:11854,BUY_SIDE,M15,1.13681,0.00031999999999987594,0.8799262252520595,0.7087462300732443,False,3,CONFIRMED,BULLISH,0.0008099999999999774,NO_DISPLACEMENT
11910,2026-06-25 09:30:00+00:00,M15:SELL_SIDE:11892,SELL_SIDE,M15,1.1356,0.00017999999999984695,1.8903879341969803,1.6883461640562782,True,-1,CONFIRMED,BULLISH,-0.0013299999999998313,NO_DISPLACEMENT
11913,2026-06-25 10:15:00+00:00,M15:SELL_SIDE:11886,SELL_SIDE,M15,1.13476,0.00029999999999996696,1.8642232027398524,2.107778072736926,True,1,CONFIRMED,NEUTRAL,-0.0015100000000001224,NO_DISPLACEMENT
11917,2026-06-25 11:15:00+00:00,M15:BUY_SIDE:11909,BUY_SIDE,M15,1.13651,0.000300000000000189,1.3285852548502746,1.501460047783382,False,-1,WEAK,BEARISH,0.0006800000000000139,NO_DISPLACEMENT
11918,2026-06-25 11:30:00+00:00,M15:BUY_SIDE:11899,BUY_SIDE,M15,1.13713,0.00012999999999996348,0.9380494537977606,1.5534908415184496,True,1,CONFIRMED,BEARISH,0.0006999999999999229,NO_DISPLACEMENT
11922,2026-06-25 12:30:00+00:00,M15:BUY_SIDE:11918,BUY_SIDE,M15,1.13726,0.00016000000000016001,1.7078104633963522,1.3083824660343502,True,1,CONFIRMED,BULLISH,0.0013900000000000023,NO_DISPLACEMENT
11923,2026-06-25 12:45:00+00:00,M15:SELL_SIDE:11920,SELL_SIDE,M15,1.13628,0.00011999999999989797,0.7830427330887372,1.0342396777442096,False,-1,WEAK,BULLISH,0.0009699999999999154,NO_DISPLACEMENT
11927,2026-06-25 13:45:00+00:00,M15:SELL_SIDE:11913,SELL_SIDE,M15,1.13446,0.00019999999999997797,1.0439857291069188,1.2541726275631855,True,-1,CONFIRMED,BULLISH,-0.0022200000000001108,NO_DISPLACEMENT
11929,2026-06-25 14:15:00+00:00,M15:SELL_SIDE:11872,SELL_SIDE,M15,1.13399,0.00026999999999999247,1.2146613115892309,1.0118754201209947,False,3,CONFIRMED,BULLISH,-0.003030000000000088,NO_DISPLACEMENT
11930,2026-06-25 14:30:00+00:00,M15:SELL_SIDE:11847,SELL_SIDE,M15,1.13353,0.00017000000000000348,0.9363567094151184,1.1060908084163898,True,1,CONFIRMED,BULLISH,-0.0028600000000000847,NO_DISPLACEMENT
11937,2026-06-25 16:15:00+00:00,M15:BUY_SIDE:11934,BUY_SIDE,M15,1.13648,9.999999999998899e-05,1.5754882844845588,1.7940411917616477,False,1,CONFIRMED,BEARISH,0.001960000000000184,NO_DISPLACEMENT
11940,2026-06-25 17:00:00+00:00,M15:BUY_SIDE:11787,BUY_SIDE,M15,1.13837,9.999999999843467e-06,2.2875233199603575,3.3029394121175764,True,1,CONFIRMED,BEARISH,0.003649999999999931,NO_DISPLACEMENT
11940,2026-06-25 17:00:00+00:00,M15:BUY_SIDE:11795,BUY_SIDE,M15,1.13771,0.0006699999999999484,2.2875233199603575,3.3029394121175764,True,1,CONFIRMED,BEARISH,0.003649999999999931,NO_DISPLACEMENT
11940,2026-06-25 17:00:00+00:00,M15:BUY_SIDE:11812,BUY_SIDE,M15,1.13752,0.0008599999999998609,2.2875233199603575,3.3029394121175764,True,1,CONFIRMED,BEARISH,0.003649999999999931,NO_DISPLACEMENT
11940,2026-06-25 17:00:00+00:00,M15:BUY_SIDE:11922,BUY_SIDE,M15,1.13742,0.0009599999999998499,2.2875233199603575,3.3029394121175764,True,1,CONFIRMED,BEARISH,0.003649999999999931,NO_DISPLACEMENT
11944,2026-06-25 18:00:00+00:00,M15:BUY_SIDE:11753,BUY_SIDE,M15,1.13856,5.999999999994898e-05,1.389648231226673,2.4612118873021998,True,2,CONFIRMED,NEUTRAL,0.0013600000000000279,NO_DISPLACEMENT
11944,2026-06-25 18:00:00+00:00,M15:BUY_SIDE:11758,BUY_SIDE,M15,1.1384,0.00021999999999988695,1.389648231226673,2.4612118873021998,True,2,CONFIRMED,NEUTRAL,0.0013600000000000279,NO_DISPLACEMENT
11944,2026-06-25 18:00:00+00:00,M15:BUY_SIDE:11940,BUY_SIDE,M15,1.13838,0.00024000000000001798,1.389648231226673,2.4612118873021998,True,2,CONFIRMED,NEUTRAL,0.0013600000000000279,NO_DISPLACEMENT
11963,2026-06-25 22:45:00+00:00,M15:SELL_SIDE:11956,SELL_SIDE,M15,1.13698,0.00013000000000018552,0.8881248250545694,1.0533674339300938,True,1,CONFIRMED,NEUTRAL,-0.00012999999999996348,NO_DISPLACEMENT
11963,2026-06-25 22:45:00+00:00,M15:SELL_SIDE:11960,SELL_SIDE,M15,1.13708,0.0002300000000001745,0.8881248250545694,1.0533674339300938,True,1,CONFIRMED,NEUTRAL,-0.00012999999999996348,NO_DISPLACEMENT
11967,2026-06-25 23:45:00+00:00,M15:SELL_SIDE:11963,SELL_SIDE,M15,1.13685,0.00020999999999982144,1.0131941414405576,0.5510803802938634,True,1,CONFIRMED,BEARISH,-0.0009399999999999409,NO_DISPLACEMENT
11972,2026-06-26 01:00:00+00:00,M15:BUY_SIDE:11968,BUY_SIDE,M15,1.1374,7.00000000000145e-05,0.5939677817906059,0.3266740658527562,True,1,CONFIRMED,BEARISH,-0.00019999999999997797,NO_DISPLACEMENT
11986,2026-06-26 04:30:00+00:00,M15:SELL_SIDE:11979,SELL_SIDE,M15,1.13602,0.00024000000000001798,1.6682087361848392,1.1172770995190529,False,-1,WEAK,NEUTRAL,-0.0007800000000000029,NO_DISPLACEMENT
11995,2026-06-26 06:45:00+00:00,M15:BUY_SIDE:11984,BUY_SIDE,M15,1.13692,0.000260000000000149,1.1312609373119789,1.1754897874114214,False,-1,WEAK,BEARISH,0.0005999999999999339,NO_DISPLACEMENT
11997,2026-06-26 07:15:00+00:00,M15:BUY_SIDE:11972,BUY_SIDE,M15,1.13747,2.999999999997449e-05,0.8457243796802969,0.8372387587080431,True,1,CONFIRMED,BEARISH,0.0014299999999998203,NO_DISPLACEMENT
12002,2026-06-26 08:30:00+00:00,M15:BUY_SIDE:11962,BUY_SIDE,M15,1.13799,1.999999999990898e-05,0.7267733856721637,0.8374319912948858,True,1,CONFIRMED,NEUTRAL,0.0016100000000001113,NO_DISPLACEMENT
12003,2026-06-26 08:45:00+00:00,M15:BUY_SIDE:11957,BUY_SIDE,M15,1.13807,0.0001500000000000945,0.9844572473828037,0.9018660812294182,True,1,CONFIRMED,NEUTRAL,0.0014100000000001334,NO_DISPLACEMENT
12006,2026-06-26 09:30:00+00:00,M15:BUY_SIDE:12003,BUY_SIDE,M15,1.13822,4.0000000000040004e-05,1.278084909078011,1.497714907508161,True,1,CONFIRMED,BULLISH,0.0004799999999998139,NO_DISPLACEMENT
12007,2026-06-26 09:45:00+00:00,M15:SELL_SIDE:12004,SELL_SIDE,M15,1.13728,0.000140000000000029,1.3064540590805953,1.4489662676822632,True,1,CONFIRMED,BULLISH,0.0001500000000000945,NO_DISPLACEMENT
12010,2026-06-26 10:30:00+00:00,H4:BUY_SIDE:880,BUY_SIDE,H4,1.13882,7.00000000000145e-05,2.4777137976776284,1.4055807916937053,True,1,CONFIRMED,NEUTRAL,0.0009500000000000064,NO_DISPLACEMENT
12010,2026-06-26 10:30:00+00:00,M15:BUY_SIDE:11949,BUY_SIDE,M15,1.13867,0.00021999999999988695,2.4777137976776284,1.4055807916937053,True,-1,CONFIRMED,NEUTRAL,0.0009500000000000064,NO_DISPLACEMENT
12010,2026-06-26 10:30:00+00:00,M15:BUY_SIDE:12006,BUY_SIDE,M15,1.13826,0.0006299999999999084,2.4777137976776284,1.4055807916937053,False,-1,WEAK,NEUTRAL,0.0009500000000000064,NO_DISPLACEMENT
12013,2026-06-26 11:15:00+00:00,M15:BUY_SIDE:11746,BUY_SIDE,M15,1.14002,0.00024999999999986144,1.294308108236619,1.6158338741077223,False,3,CONFIRMED,NEUTRAL,0.0024199999999998667,NO_DISPLACEMENT
12019,2026-06-26 12:45:00+00:00,M15:BUY_SIDE:12015,BUY_SIDE,M15,1.14078,0.00045000000000006146,1.0464427910358058,1.3330622204148028,True,1,CONFIRMED,NEUTRAL,0.003149999999999986,NO_DISPLACEMENT
12026,2026-06-26 14:30:00+00:00,M15:SELL_SIDE:12021,SELL_SIDE,M15,1.1399,4.999999999988347e-05,1.1942293906995414,1.1680320407791736,True,2,CONFIRMED,BULLISH,0.00024000000000001798,NO_DISPLACEMENT
12029,2026-06-26 15:15:00+00:00,M15:BUY_SIDE:12025,BUY_SIDE,M15,1.14065,1.0000000000065512e-05,1.0614883849069674,1.1578577699736612,True,-1,CONFIRMED,BEARISH,-0.00022999999999995246,NO_DISPLACEMENT
12031,2026-06-26 15:45:00+00:00,M15:BUY_SIDE:11732,BUY_SIDE,M15,1.14129,0.002120000000000122,3.450027635341035,1.7465800273597811,False,-1,WEAK,BEARISH,0.0023699999999999832,NO_DISPLACEMENT
12031,2026-06-26 15:45:00+00:00,M15:BUY_SIDE:12019,BUY_SIDE,M15,1.14123,0.0021800000000000708,3.450027635341035,1.7465800273597811,False,-1,WEAK,BEARISH,0.0023699999999999832,NO_DISPLACEMENT
12039,2026-06-26 17:45:00+00:00,M15:SELL_SIDE:12027,SELL_SIDE,M15,1.13938,2.999999999997449e-05,2.736797856696823,2.192835726684551,True,1,CONFIRMED,BEARISH,-0.0010299999999998644,NO_DISPLACEMENT
12045,2026-06-26 19:15:00+00:00,M15:SELL_SIDE:12040,SELL_SIDE,M15,1.13922,0.00021999999999988695,1.0782314751813906,1.1153257877026614,False,-1,WEAK,BEARISH,-0.0033799999999999386,NO_DISPLACEMENT
12057,2026-06-26 22:15:00+00:00,M15:SELL_SIDE:12046,SELL_SIDE,M15,1.13827,0.00022999999999995246,0.9017369295682376,0.6274389307113227,False,2,CONFIRMED,NEUTRAL,-0.0008000000000001339,NO_DISPLACEMENT
12057,2026-06-26 22:15:00+00:00,M15:SELL_SIDE:12050,SELL_SIDE,M15,1.13846,0.00042000000000008697,0.9017369295682376,0.6274389307113227,False,2,CONFIRMED,NEUTRAL,-0.0008000000000001339,NO_DISPLACEMENT
12061,2026-06-26 23:15:00+00:00,M15:BUY_SIDE:12054,BUY_SIDE,M15,1.13913,4.0000000000040004e-05,0.5569461458369254,0.48608534322820035,True,1,CONFIRMED,BEARISH,0.00034000000000000696,NO_DISPLACEMENT
12064,2026-06-29 00:00:00+00:00,M15:SELL_SIDE:12057,SELL_SIDE,M15,1.13804,0.00015999999999993797,1.7112548857994672,0.09788189987163029,True,1,CONFIRMED,NEUTRAL,-0.0005700000000001815,NO_DISPLACEMENT
12076,2026-06-29 03:00:00+00:00,M15:BUY_SIDE:12072,BUY_SIDE,M15,1.13872,0.000140000000000029,1.0795027967041462,1.7520844913841023,True,1,CONFIRMED,NEUTRAL,0.0004999999999999449,NO_DISPLACEMENT
12079,2026-06-29 03:45:00+00:00,M15:BUY_SIDE:12076,BUY_SIDE,M15,1.13886,8.000000000008001e-05,1.0478209672584706,1.0761534185658699,True,1,CONFIRMED,BULLISH,0.00042000000000008697,NO_DISPLACEMENT
12082,2026-06-29 04:30:00+00:00,M15:BUY_SIDE:12066,BUY_SIDE,M15,1.1391,1.0000000000065512e-05,0.7484203307467722,1.3670557717250325,True,1,CONFIRMED,BULLISH,0.00038999999999989043,NO_DISPLACEMENT
12085,2026-06-29 05:15:00+00:00,M15:BUY_SIDE:12062,BUY_SIDE,M15,1.13922,0.000140000000000029,1.4072541664215426,1.056929269695227,False,1,CONFIRMED,BULLISH,0.0007900000000000684,NO_DISPLACEMENT
12085,2026-06-29 05:15:00+00:00,M15:BUY_SIDE:12082,BUY_SIDE,M15,1.13911,0.00024999999999986144,1.4072541664215426,1.056929269695227,False,1,CONFIRMED,BULLISH,0.0007900000000000684,NO_DISPLACEMENT
12091,2026-06-29 06:45:00+00:00,M15:SELL_SIDE:12083,SELL_SIDE,M15,1.13845,0.00012999999999996348,0.9522681813611692,0.711092003439381,False,-1,WEAK,BULLISH,-0.000520000000000076,NO_DISPLACEMENT
12093,2026-06-29 07:15:00+00:00,M15:SELL_SIDE:12074,SELL_SIDE,M15,1.13822,0.00015999999999993797,0.8210626132653497,0.834920634920635,True,1,CONFIRMED,NEUTRAL,-0.00016000000000016001,NO_DISPLACEMENT
12098,2026-06-29 08:30:00+00:00,M15:BUY_SIDE:12090,BUY_SIDE,M15,1.13903,0.00021000000000004349,1.5594570556406584,1.065479056331247,False,-1,WEAK,BEARISH,0.00018999999999991246,NO_DISPLACEMENT
12099,2026-06-29 08:45:00+00:00,M15:BUY_SIDE:12085,BUY_SIDE,M15,1.13936,0.00017000000000000348,1.0666315371558488,1.0245546461242176,False,-1,WEAK,BEARISH,0.0006399999999999739,NO_DISPLACEMENT
12103,2026-06-29 09:45:00+00:00,M15:BUY_SIDE:12043,BUY_SIDE,M15,1.14081,0.0006999999999999229,2.9970384351793697,2.146072796934866,False,1,CONFIRMED,BEARISH,0.002850000000000019,NO_DISPLACEMENT
12119,2026-06-29 13:45:00+00:00,M15:BUY_SIDE:12116,BUY_SIDE,M15,1.14054,2.999999999997449e-05,1.1216325188180019,1.1655881233346022,True,2,CONFIRMED,NEUTRAL,0.0002900000000001235,NO_DISPLACEMENT
12122,2026-06-29 14:30:00+00:00,M15:SELL_SIDE:12118,SELL_SIDE,M15,1.13991,0.00014999999999987246,1.5527421133312314,1.2702112163146395,True,1,CONFIRMED,BULLISH,0.000140000000000029,NO_DISPLACEMENT
12123,2026-06-29 14:45:00+00:00,M15:BUY_SIDE:12120,BUY_SIDE,M15,1.14079,0.0003900000000001125,2.1828416194104445,1.1819832909553214,False,1,CONFIRMED,BULLISH,0.0008900000000000574,NO_DISPLACEMENT
12131,2026-06-29 16:45:00+00:00,M15:BUY_SIDE:12123,BUY_SIDE,M15,1.14118,3.999999999981796e-05,1.5942056266470321,1.8030224075039083,True,1,CONFIRMED,BULLISH,0.0007199999999998319,NO_DISPLACEMENT
12133,2026-06-29 17:15:00+00:00,M15:BUY_SIDE:12103,BUY_SIDE,M15,1.14151,0.0005500000000000504,2.332664200272895,2.5538461538461537,False,1,CONFIRMED,BULLISH,0.0006099999999999994,NO_DISPLACEMENT
12143,2026-06-29 19:45:00+00:00,M15:BUY_SIDE:12036,BUY_SIDE,M15,1.14283,0.00024000000000001798,0.8842618161659109,0.8722980223823394,True,1,CONFIRMED,BULLISH,0.0010599999999998388,NO_DISPLACEMENT
12143,2026-06-29 19:45:00+00:00,M15:BUY_SIDE:12140,BUY_SIDE,M15,1.14279,0.000280000000000058,0.8842618161659109,0.8722980223823394,True,1,CONFIRMED,BULLISH,0.0010599999999998388,NO_DISPLACEMENT
12158,2026-06-29 23:30:00+00:00,M15:SELL_SIDE:12152,SELL_SIDE,M15,1.14221,1.999999999990898e-05,1.028641168883744,0.36550017674089785,True,1,CONFIRMED,NEUTRAL,-0.0005700000000001815,NO_DISPLACEMENT
12160,2026-06-30 00:00:00+00:00,M15:SELL_SIDE:12145,SELL_SIDE,M15,1.14208,0.0014799999999999258,3.687487978508938,0.07838906868033081,True,1,CONFIRMED,NEUTRAL,-0.00038000000000004697,NO_DISPLACEMENT
12170,2026-06-30 02:30:00+00:00,M15:SELL_SIDE:12167,SELL_SIDE,M15,1.14223,8.000000000008001e-05,0.6283524295237473,0.3195789473684211,False,-1,WEAK,NEUTRAL,-0.0002500000000000835,NO_DISPLACEMENT
12179,2026-06-30 04:45:00+00:00,M15:SELL_SIDE:12160,SELL_SIDE,M15,1.1406,0.00039999999999995595,1.2219583339092301,1.1212055033850186,False,-1,WEAK,BEARISH,-0.0019000000000000128,NO_DISPLACEMENT
12183,2026-06-30 05:45:00+00:00,M15:SELL_SIDE:12179,SELL_SIDE,M15,1.1402,0.00012000000000012001,1.0038558683528984,0.8251678686893807,True,-1,CONFIRMED,BEARISH,-0.0011099999999999444,NO_DISPLACEMENT
12185,2026-06-30 06:15:00+00:00,M15:SELL_SIDE:12127,SELL_SIDE,M15,1.14004,0.00019999999999997797,1.0213552796598049,1.0229197807673145,False,-1,WEAK,BEARISH,-0.0017099999999998783,NO_DISPLACEMENT
12186,2026-06-30 06:30:00+00:00,M15:SELL_SIDE:12122,SELL_SIDE,M15,1.13976,7.00000000000145e-05,0.6832589646139208,0.8521782926215059,False,1,CONFIRMED,BEARISH,-0.0009200000000000319,NO_DISPLACEMENT
12191,2026-06-30 07:45:00+00:00,M15:SELL_SIDE:12111,SELL_SIDE,M15,1.13926,0.00036999999999998145,2.0620704664275595,1.196911196911197,False,-1,WEAK,BEARISH,-0.0014399999999998858,NO_DISPLACEMENT
12195,2026-06-30 08:45:00+00:00,M15:SELL_SIDE:12192,SELL_SIDE,M15,1.13863,0.00038000000000004697,2.1415441515175084,1.0996875887531952,False,1,CONFIRMED,BEARISH,-0.0014499999999999513,NO_DISPLACEMENT
12198,2026-06-30 09:30:00+00:00,M15:BUY_SIDE:12190,BUY_SIDE,M15,1.13992,0.00011999999999989797,0.8332073467145306,2.0284010224368076,True,-1,CONFIRMED,BEARISH,9.999999999998899e-05,NO_DISPLACEMENT
12200,2026-06-30 10:00:00+00:00,M15:BUY_SIDE:12182,BUY_SIDE,M15,1.14065,2.999999999997449e-05,0.9945980548501997,2.0874751491053676,True,1,CONFIRMED,BEARISH,0.0006399999999999739,NO_DISPLACEMENT
12211,2026-06-30 12:45:00+00:00,M15:BUY_SIDE:12208,BUY_SIDE,M15,1.13969,0.00018999999999991246,0.9334589381889254,1.335960591133005,False,1,CONFIRMED,NEUTRAL,-0.0009200000000000319,NO_DISPLACEMENT
12214,2026-06-30 13:30:00+00:00,M15:BUY_SIDE:12211,BUY_SIDE,M15,1.13988,0.00021999999999988695,1.328475169455617,1.0099447513812154,False,3,CONFIRMED,BULLISH,0.0009600000000000719,NO_DISPLACEMENT
12218,2026-06-30 14:30:00+00:00,M15:SELL_SIDE:12210,SELL_SIDE,M15,1.13884,0.00021000000000004349,1.8080148478635674,1.4056492742251863,True,1,CONFIRMED,BULLISH,0.00034000000000000696,NO_DISPLACEMENT
12218,2026-06-30 14:30:00+00:00,M15:SELL_SIDE:12213,SELL_SIDE,M15,1.13919,0.0005599999999998939,1.8080148478635674,1.4056492742251863,True,1,CONFIRMED,BULLISH,0.00034000000000000696,NO_DISPLACEMENT
12225,2026-06-30 16:15:00+00:00,M15:BUY_SIDE:12216,BUY_SIDE,M15,1.1403,0.00039999999999995595,1.0095741796396014,1.242771412984179,True,1,CONFIRMED,BULLISH,-2.0000000000131024e-05,NO_DISPLACEMENT
12229,2026-06-30 17:15:00+00:00,M15:BUY_SIDE:12201,BUY_SIDE,M15,1.14096,0.0006399999999999739,1.258739686412383,1.8798374271072629,False,-1,WEAK,BULLISH,0.0020000000000000018,NO_DISPLACEMENT
12229,2026-06-30 17:15:00+00:00,M15:BUY_SIDE:12225,BUY_SIDE,M15,1.1407,0.0008999999999999009,1.258739686412383,1.8798374271072629,False,-1,WEAK,BULLISH,0.0020000000000000018,NO_DISPLACEMENT
12230,2026-06-30 17:30:00+00:00,M15:BUY_SIDE:12176,BUY_SIDE,M15,1.14174,0.0002500000000000835,1.3807199349238106,2.107908611599297,False,-1,WEAK,BULLISH,0.002309999999999812,NO_DISPLACEMENT
12231,2026-06-30 17:45:00+00:00,H4:BUY_SIDE:885,BUY_SIDE,H4,1.14341,7.00000000000145e-05,2.1118368356394543,3.4430246805531244,True,1,CONFIRMED,BULLISH,0.0041599999999999415,NO_DISPLACEMENT
12231,2026-06-30 17:45:00+00:00,H4:BUY_SIDE:892,BUY_SIDE,H4,1.14307,0.00041000000000002146,2.1118368356394543,3.4430246805531244,False,1,CONFIRMED,BULLISH,0.0041599999999999415,NO_DISPLACEMENT
12231,2026-06-30 17:45:00+00:00,M15:BUY_SIDE:12148,BUY_SIDE,M15,1.14293,0.0005500000000000504,2.1118368356394543,3.4430246805531244,False,1,CONFIRMED,BULLISH,0.0041599999999999415,NO_DISPLACEMENT
12231,2026-06-30 17:45:00+00:00,M15:BUY_SIDE:12156,BUY_SIDE,M15,1.14274,0.0007399999999999629,2.1118368356394543,3.4430246805531244,False,1,CONFIRMED,BULLISH,0.0041599999999999415,NO_DISPLACEMENT
12231,2026-06-30 17:45:00+00:00,M15:BUY_SIDE:12163,BUY_SIDE,M15,1.14265,0.0008300000000001084,2.1118368356394543,3.4430246805531244,False,1,CONFIRMED,BULLISH,0.0041599999999999415,NO_DISPLACEMENT
12252,2026-06-30 23:00:00+00:00,M15:BUY_SIDE:12245,BUY_SIDE,M15,1.14272,2.999999999997449e-05,0.43450624663930687,0.753273965426925,True,1,CONFIRMED,NEUTRAL,0.0006499999999998174,NO_DISPLACEMENT
12256,2026-07-01 00:00:00+00:00,M15:SELL_SIDE:12237,SELL_SIDE,M15,1.14116,0.00029999999999996696,2.2500359432594905,0.08794910179640719,True,1,CONFIRMED,BULLISH,0.0,NO_DISPLACEMENT
12256,2026-07-01 00:00:00+00:00,M15:SELL_SIDE:12249,SELL_SIDE,M15,1.14154,0.0006800000000000139,2.2500359432594905,0.08794910179640719,True,1,CONFIRMED,BULLISH,0.0,NO_DISPLACEMENT
12271,2026-07-01 03:45:00+00:00,M15:SELL_SIDE:12256,SELL_SIDE,M15,1.14086,1.0000000000065512e-05,0.563631892334966,1.2266725352112675,True,-1,CONFIRMED,BEARISH,-0.0011600000000000499,NO_DISPLACEMENT
12275,2026-07-01 04:45:00+00:00,M15:SELL_SIDE:12272,SELL_SIDE,M15,1.14045,0.00021000000000004349,1.192012532418926,1.1522887323943662,False,1,CONFIRMED,BEARISH,-0.0012500000000001954,NO_DISPLACEMENT
12280,2026-07-01 06:00:00+00:00,M15:BUY_SIDE:12277,BUY_SIDE,M15,1.14083,1.0000000000065512e-05,0.8061338660550617,0.8932172318973419,True,1,CONFIRMED,BEARISH,-0.00024000000000001798,NO_DISPLACEMENT
12282,2026-07-01 06:30:00+00:00,M15:SELL_SIDE:12275,SELL_SIDE,M15,1.14024,8.999999999992347e-05,1.1393047831951288,1.0296150049358341,False,1,CONFIRMED,NEUTRAL,-0.000320000000000098,NO_DISPLACEMENT
12286,2026-07-01 07:30:00+00:00,M15:BUY_SIDE:12280,BUY_SIDE,M15,1.14084,4.999999999988347e-05,1.1770871251914714,1.0217391304347827,True,-1,CONFIRMED,NEUTRAL,0.00013000000000018552,NO_DISPLACEMENT
12294,2026-07-01 09:30:00+00:00,M15:SELL_SIDE:12283,SELL_SIDE,M15,1.14011,0.00014999999999987246,1.2786672521111742,1.7040489367899796,True,1,CONFIRMED,BEARISH,-0.00028999999999990145,NO_DISPLACEMENT
12305,2026-07-01 12:15:00+00:00,M15:SELL_SIDE:12297,SELL_SIDE,M15,1.13924,4.0000000000040004e-05,1.0903464241174365,1.438723712835388,True,-1,CONFIRMED,BEARISH,-0.001040000000000152,NO_DISPLACEMENT
12306,2026-07-01 12:30:00+00:00,M15:SELL_SIDE:12218,SELL_SIDE,M15,1.13863,2.999999999997449e-05,1.2012831196207547,1.4400186349871884,True,1,CONFIRMED,BEARISH,-0.0007800000000000029,NO_DISPLACEMENT
12306,2026-07-01 12:30:00+00:00,M15:SELL_SIDE:12221,SELL_SIDE,M15,1.13886,0.00025999999999992696,1.2012831196207547,1.4400186349871884,True,2,CONFIRMED,BEARISH,-0.0007800000000000029,NO_DISPLACEMENT
12306,2026-07-01 12:30:00+00:00,M15:SELL_SIDE:12228,SELL_SIDE,M15,1.1391,0.0004999999999999449,1.2012831196207547,1.4400186349871884,False,3,CONFIRMED,BEARISH,-0.0007800000000000029,NO_DISPLACEMENT
12315,2026-07-01 14:45:00+00:00,M15:SELL_SIDE:12307,SELL_SIDE,M15,1.13852,4.999999999988347e-05,1.983305385611546,1.7480529595015577,True,-1,CONFIRMED,NEUTRAL,-0.0006899999999998574,NO_DISPLACEMENT
12315,2026-07-01 14:45:00+00:00,M15:SELL_SIDE:12312,SELL_SIDE,M15,1.13919,0.0007199999999998319,1.983305385611546,1.7480529595015577,False,-1,WEAK,NEUTRAL,-0.0006899999999998574,NO_DISPLACEMENT
12316,2026-07-01 15:00:00+00:00,H4:SELL_SIDE:896,SELL_SIDE,H4,1.13825,0.00018999999999991246,1.3524750704901036,1.5142857142857142,True,-1,CONFIRMED,NEUTRAL,-0.0006500000000000394,NO_DISPLACEMENT
12316,2026-07-01 15:00:00+00:00,M15:SELL_SIDE:12206,SELL_SIDE,M15,1.13836,0.00029999999999996696,1.3524750704901036,1.5142857142857142,False,-1,WEAK,NEUTRAL,-0.0006500000000000394,NO_DISPLACEMENT
12317,2026-07-01 15:15:00+00:00,M15:SELL_SIDE:12093,SELL_SIDE,M15,1.13806,2.0000000000131024e-05,1.2390938662497508,1.2710560870380792,True,-1,CONFIRMED,NEUTRAL,-0.0006800000000000139,NO_DISPLACEMENT
12318,2026-07-01 15:30:00+00:00,H4:SELL_SIDE:888,SELL_SIDE,H4,1.13788,0.0009799999999999809,2.3613108031396304,1.9141535615171137,False,3,CONFIRMED,NEUTRAL,-0.0016100000000001113,NO_DISPLACEMENT
12318,2026-07-01 15:30:00+00:00,M15:SELL_SIDE:12007,SELL_SIDE,M15,1.13714,0.00024000000000001798,2.3613108031396304,1.9141535615171137,True,3,CONFIRMED,NEUTRAL,-0.0016100000000001113,NO_DISPLACEMENT
12318,2026-07-01 15:30:00+00:00,M15:SELL_SIDE:12067,SELL_SIDE,M15,1.13799,0.0010900000000000354,2.3613108031396304,1.9141535615171137,False,3,CONFIRMED,NEUTRAL,-0.0016100000000001113,NO_DISPLACEMENT
12320,2026-07-01 16:00:00+00:00,M15:SELL_SIDE:11998,SELL_SIDE,M15,1.13685,0.0006899999999998574,2.0166451594996637,2.192175950964485,False,1,CONFIRMED,NEUTRAL,-0.0034000000000000696,NO_DISPLACEMENT
12322,2026-07-01 16:30:00+00:00,M15:BUY_SIDE:12301,BUY_SIDE,M15,1.1404,8.999999999992347e-05,2.374332462171686,3.41662159725978,False,1,CONFIRMED,BEARISH,0.001100000000000101,NO_DISPLACEMENT
12322,2026-07-01 16:30:00+00:00,M15:BUY_SIDE:12311,BUY_SIDE,M15,1.14005,0.00043999999999999595,2.374332462171686,3.41662159725978,False,1,CONFIRMED,BEARISH,0.001100000000000101,NO_DISPLACEMENT
12323,2026-07-01 16:45:00+00:00,M15:BUY_SIDE:12287,BUY_SIDE,M15,1.1411,8.000000000008001e-05,1.9895450912925865,2.7932215612042546,True,1,CONFIRMED,BEARISH,0.0,NO_DISPLACEMENT
12323,2026-07-01 16:45:00+00:00,M15:BUY_SIDE:12290,BUY_SIDE,M15,1.14106,0.00012000000000012001,1.9895450912925865,2.7932215612042546,True,1,CONFIRMED,BEARISH,0.0,NO_DISPLACEMENT
12337,2026-07-01 20:15:00+00:00,M15:SELL_SIDE:12334,SELL_SIDE,M15,1.13796,6.000000000017103e-05,0.7639559889424555,0.7771284157321118,True,1,CONFIRMED,BULLISH,-0.0010299999999998644,NO_DISPLACEMENT
12340,2026-07-01 21:00:00+00:00,M15:SELL_SIDE:12330,SELL_SIDE,M15,1.13784,7.00000000000145e-05,0.6508269949820416,0.7723898278313063,True,2,CONFIRMED,BEARISH,-0.0001500000000000945,NO_DISPLACEMENT
12340,2026-07-01 21:00:00+00:00,M15:SELL_SIDE:12337,SELL_SIDE,M15,1.1379,0.00012999999999996348,0.6508269949820416,0.7723898278313063,False,2,CONFIRMED,BEARISH,-0.0001500000000000945,NO_DISPLACEMENT
12349,2026-07-01 23:15:00+00:00,M15:SELL_SIDE:12345,SELL_SIDE,M15,1.1377,0.00014999999999987246,0.5212240292835243,0.4701298701298701,False,3,CONFIRMED,NEUTRAL,-0.00045000000000006146,NO_DISPLACEMENT
12350,2026-07-01 23:30:00+00:00,M15:SELL_SIDE:12341,SELL_SIDE,M15,1.13746,4.999999999988347e-05,0.5913685391479191,0.5007417174880501,False,1,CONFIRMED,NEUTRAL,-0.00042999999999993044,NO_DISPLACEMENT
12357,2026-07-02 01:15:00+00:00,M15:BUY_SIDE:12354,BUY_SIDE,M15,1.13791,5.999999999994898e-05,0.6123070386953847,0.23154596100278552,False,2,CONFIRMED,BEARISH,1.999999999990898e-05,NO_DISPLACEMENT
12364,2026-07-02 03:00:00+00:00,M15:BUY_SIDE:12344,BUY_SIDE,M15,1.13817,0.00017000000000000348,1.971425390884726,1.2291052114060963,True,1,CONFIRMED,BULLISH,0.00020999999999982144,NO_DISPLACEMENT
12364,2026-07-02 03:00:00+00:00,M15:BUY_SIDE:12347,BUY_SIDE,M15,1.13811,0.00022999999999995246,1.971425390884726,1.2291052114060963,True,1,CONFIRMED,BULLISH,0.00020999999999982144,NO_DISPLACEMENT
12364,2026-07-02 03:00:00+00:00,M15:BUY_SIDE:12357,BUY_SIDE,M15,1.13797,0.00036999999999998145,1.971425390884726,1.2291052114060963,False,1,CONFIRMED,BULLISH,0.00020999999999982144,NO_DISPLACEMENT
12364,2026-07-02 03:00:00+00:00,M15:SELL_SIDE:12361,SELL_SIDE,M15,1.13764,1.999999999990898e-05,1.971425390884726,1.2291052114060963,True,1,CONFIRMED,BULLISH,0.00020999999999982144,NO_DISPLACEMENT
12371,2026-07-02 04:45:00+00:00,M15:BUY_SIDE:12364,BUY_SIDE,M15,1.13834,0.000260000000000149,1.3558687763846626,1.023295575977773,True,-1,CONFIRMED,NEUTRAL,0.00035999999999991594,NO_DISPLACEMENT
12372,2026-07-02 05:00:00+00:00,M15:BUY_SIDE:12337,BUY_SIDE,M15,1.1386,7.999999999985796e-05,1.2777551521965198,0.9125027274710888,False,1,CONFIRMED,NEUTRAL,0.0008200000000000429,NO_DISPLACEMENT
12383,2026-07-02 07:45:00+00:00,M15:BUY_SIDE:12380,BUY_SIDE,M15,1.13875,9.999999999998899e-05,1.0536110643069765,0.7539161192521475,True,1,CONFIRMED,NEUTRAL,0.00015999999999993797,NO_DISPLACEMENT
12384,2026-07-02 08:00:00+00:00,M15:BUY_SIDE:12373,BUY_SIDE,M15,1.13886,1.999999999990898e-05,0.8984791735058211,1.0267812026275898,True,1,CONFIRMED,NEUTRAL,0.00020000000000020002,NO_DISPLACEMENT
12388,2026-07-02 09:00:00+00:00,M15:BUY_SIDE:12384,BUY_SIDE,M15,1.13888,0.0002900000000001235,1.6240314476097204,2.1522573030392445,False,1,CONFIRMED,BULLISH,0.0008399999999999519,NO_DISPLACEMENT
12391,2026-07-02 09:45:00+00:00,M15:BUY_SIDE:12388,BUY_SIDE,M15,1.13917,0.0012699999999998823,3.015263888660927,3.724992623192682,False,-1,WEAK,BULLISH,0.0009900000000000464,NO_DISPLACEMENT
12394,2026-07-02 10:30:00+00:00,M15:BUY_SIDE:12391,BUY_SIDE,M15,1.14044,0.000300000000000189,2.0858185459038703,2.389495426379463,False,-1,WEAK,BULLISH,0.0019099999999998563,NO_DISPLACEMENT
12396,2026-07-02 11:00:00+00:00,H4:BUY_SIDE:904,BUY_SIDE,H4,1.14118,0.0006299999999999084,1.8904608905051765,3.42165830628504,False,-1,WEAK,BULLISH,0.0032999999999998586,NO_DISPLACEMENT
12411,2026-07-02 14:45:00+00:00,M15:SELL_SIDE:12406,SELL_SIDE,M15,1.14031,0.00025999999999992696,1.3274629453644755,1.0836891545687446,True,3,CONFIRMED,NEUTRAL,-0.0005699999999999594,NO_DISPLACEMENT
12414,2026-07-02 15:30:00+00:00,H4:BUY_SIDE:866,BUY_SIDE,H4,1.14392,0.0032799999999999496,6.7749451519890656,6.949117341640706,False,-1,WEAK,NEUTRAL,0.006440000000000001,NO_DISPLACEMENT
12414,2026-07-02 15:30:00+00:00,H4:BUY_SIDE:898,BUY_SIDE,H4,1.14368,0.0035199999999999676,6.7749451519890656,6.949117341640706,False,-1,WEAK,NEUTRAL,0.006440000000000001,NO_DISPLACEMENT
12414,2026-07-02 15:30:00+00:00,M15:BUY_SIDE:11607,BUY_SIDE,M15,1.14678,0.00042000000000008697,6.7749451519890656,6.949117341640706,False,1,CONFIRMED,NEUTRAL,0.006440000000000001,NO_DISPLACEMENT
12414,2026-07-02 15:30:00+00:00,M15:BUY_SIDE:11636,BUY_SIDE,M15,1.14637,0.0008300000000001084,6.7749451519890656,6.949117341640706,False,1,CONFIRMED,NEUTRAL,0.006440000000000001,NO_DISPLACEMENT
12414,2026-07-02 15:30:00+00:00,M15:BUY_SIDE:11646,BUY_SIDE,M15,1.1462,0.0009999999999998899,6.7749451519890656,6.949117341640706,False,1,CONFIRMED,NEUTRAL,0.006440000000000001,NO_DISPLACEMENT
12414,2026-07-02 15:30:00+00:00,M15:BUY_SIDE:11655,BUY_SIDE,M15,1.14507,0.0021299999999999653,6.7749451519890656,6.949117341640706,False,2,CONFIRMED,NEUTRAL,0.006440000000000001,NO_DISPLACEMENT
12414,2026-07-02 15:30:00+00:00,M15:BUY_SIDE:12252,BUY_SIDE,M15,1.14275,0.004450000000000065,6.7749451519890656,6.949117341640706,False,-1,WEAK,NEUTRAL,0.006440000000000001,NO_DISPLACEMENT
12414,2026-07-02 15:30:00+00:00,M15:BUY_SIDE:12260,BUY_SIDE,M15,1.14232,0.0048799999999999955,6.7749451519890656,6.949117341640706,False,-1,WEAK,NEUTRAL,0.006440000000000001,NO_DISPLACEMENT
12414,2026-07-02 15:30:00+00:00,M15:BUY_SIDE:12400,BUY_SIDE,M15,1.14212,0.005079999999999973,6.7749451519890656,6.949117341640706,False,-1,WEAK,NEUTRAL,0.006440000000000001,NO_DISPLACEMENT
12414,2026-07-02 15:30:00+00:00,M15:BUY_SIDE:12409,BUY_SIDE,M15,1.14148,0.005719999999999947,6.7749451519890656,6.949117341640706,False,-1,WEAK,NEUTRAL,0.006440000000000001,NO_DISPLACEMENT
12422,2026-07-02 17:30:00+00:00,M15:SELL_SIDE:12417,SELL_SIDE,M15,1.14386,0.0004900000000001015,0.9865243744844155,2.5029781601588352,False,1,CONFIRMED,NEUTRAL,0.0036800000000001276,NO_DISPLACEMENT
12432,2026-07-02 20:00:00+00:00,M15:SELL_SIDE:12423,SELL_SIDE,M15,1.14334,9.999999999998899e-05,0.5880796182746492,0.9819701492537314,True,-1,CONFIRMED,BEARISH,-9.000000000014552e-05,NO_DISPLACEMENT
12441,2026-07-02 22:15:00+00:00,M15:SELL_SIDE:12435,SELL_SIDE,M15,1.14287,7.00000000000145e-05,0.6743279838980925,0.44675450259881544,True,1,CONFIRMED,BEARISH,-0.0008099999999999774,NO_DISPLACEMENT
12448,2026-07-03 00:00:00+00:00,M15:SELL_SIDE:12443,SELL_SIDE,M15,1.14262,0.0017899999999999583,3.680905319382022,0.08962829736211031,True,1,CONFIRMED,BEARISH,-7.00000000000145e-05,NO_DISPLACEMENT
12454,2026-07-03 01:30:00+00:00,M15:SELL_SIDE:12451,SELL_SIDE,M15,1.143,0.00021000000000004349,0.6469936280997021,0.49910408861378075,False,-1,WEAK,NEUTRAL,-0.00032999999999994145,NO_DISPLACEMENT
12463,2026-07-03 03:45:00+00:00,M15:BUY_SIDE:12457,BUY_SIDE,M15,1.14306,4.0000000000040004e-05,1.7749592964423913,0.9889632712140402,False,-1,WEAK,BEARISH,-9.000000000014552e-05,NO_DISPLACEMENT
12464,2026-07-03 04:00:00+00:00,M15:BUY_SIDE:12438,BUY_SIDE,M15,1.14371,4.0000000000040004e-05,1.447284212235374,1.500633254930342,False,-1,WEAK,BEARISH,0.0008500000000000174,NO_DISPLACEMENT
12464,2026-07-03 04:00:00+00:00,M15:BUY_SIDE:12445,BUY_SIDE,M15,1.14358,0.00017000000000000348,1.447284212235374,1.500633254930342,False,-1,WEAK,BEARISH,0.0008500000000000174,NO_DISPLACEMENT
12470,2026-07-03 05:30:00+00:00,M15:BUY_SIDE:12465,BUY_SIDE,M15,1.14447,1.999999999990898e-05,0.7029179184353807,0.7418546365914787,True,1,CONFIRMED,BULLISH,0.0021400000000000308,NO_DISPLACEMENT
12478,2026-07-03 07:30:00+00:00,M15:BUY_SIDE:12470,BUY_SIDE,M15,1.14449,5.999999999994898e-05,1.1242403598032007,0.7958057395143487,False,-1,WEAK,BULLISH,0.00042000000000008697,NO_DISPLACEMENT
12480,2026-07-03 08:00:00+00:00,M15:BUY_SIDE:12426,BUY_SIDE,M15,1.14499,0.00038000000000004697,1.7397383751036248,1.4312341146568766,False,3,CONFIRMED,BULLISH,0.0009000000000001229,NO_DISPLACEMENT
12485,2026-07-03 09:15:00+00:00,M15:BUY_SIDE:12481,BUY_SIDE,M15,1.14551,0.00032999999999994145,1.4293446786106112,1.5371428571428571,True,2,CONFIRMED,BULLISH,0.0011700000000001154,NO_DISPLACEMENT
12486,2026-07-03 09:30:00+00:00,M15:BUY_SIDE:12420,BUY_SIDE,M15,1.14584,0.00039999999999995595,1.8224189580590948,2.664,False,1,CONFIRMED,BULLISH,0.0017399999999998528,NO_DISPLACEMENT
12497,2026-07-03 12:15:00+00:00,M15:SELL_SIDE:12490,SELL_SIDE,M15,1.14474,1.0000000000065512e-05,0.8433015653219715,1.1935648621041879,True,-1,CONFIRMED,NEUTRAL,-0.000660000000000105,NO_DISPLACEMENT
12499,2026-07-03 12:45:00+00:00,M15:SELL_SIDE:12483,SELL_SIDE,M15,1.14467,0.0006399999999999739,1.2596950267821378,1.0994263862332696,False,3,CONFIRMED,NEUTRAL,-0.0014799999999999258,NO_DISPLACEMENT
12512,2026-07-03 16:00:00+00:00,M15:SELL_SIDE:12509,SELL_SIDE,M15,1.14452,0.0003500000000000725,1.1580901506622177,1.1827421696743414,False,-1,WEAK,NEUTRAL,-0.000300000000000189,NO_DISPLACEMENT
12514,2026-07-03 16:30:00+00:00,M15:SELL_SIDE:12499,SELL_SIDE,M15,1.14403,7.00000000000145e-05,0.8351454843100142,1.0495747770172164,True,1,CONFIRMED,NEUTRAL,-0.0012799999999999478,NO_DISPLACEMENT
12523,2026-07-03 18:45:00+00:00,M15:SELL_SIDE:12468,SELL_SIDE,M15,1.14358,9.000000000014552e-05,0.9983715185287083,0.6226180613090306,True,1,CONFIRMED,BEARISH,-0.0006800000000000139,NO_DISPLACEMENT
12523,2026-07-03 18:45:00+00:00,M15:SELL_SIDE:12473,SELL_SIDE,M15,1.14368,0.0001900000000001345,0.9983715185287083,0.6226180613090306,True,1,CONFIRMED,BEARISH,-0.0006800000000000139,NO_DISPLACEMENT
12523,2026-07-03 18:45:00+00:00,M15:SELL_SIDE:12515,SELL_SIDE,M15,1.14376,0.0002700000000002145,0.9983715185287083,0.6226180613090306,False,1,CONFIRMED,BEARISH,-0.0006800000000000139,NO_DISPLACEMENT
12536,2026-07-03 22:00:00+00:00,M15:SELL_SIDE:12532,SELL_SIDE,M15,1.14368,1.0000000000065512e-05,0.9895543765519031,0.6893472251754199,True,1,CONFIRMED,NEUTRAL,0.00036999999999998145,NO_DISPLACEMENT
12539,2026-07-03 22:45:00+00:00,M15:SELL_SIDE:12526,SELL_SIDE,M15,1.14352,1.0000000000065512e-05,0.9269491058050069,0.8180155464106081,True,1,CONFIRMED,NEUTRAL,-0.00038000000000004697,NO_DISPLACEMENT
12540,2026-07-03 23:00:00+00:00,M15:SELL_SIDE:12523,SELL_SIDE,M15,1.14349,2.999999999997449e-05,0.8026363113896555,1.551440329218107,True,1,CONFIRMED,NEUTRAL,-0.00048000000000003595,NO_DISPLACEMENT
12544,2026-07-06 00:00:00+00:00,M15:BUY_SIDE:12528,BUY_SIDE,M15,1.14423,8.999999999992347e-05,3.783317149863376,0.07920792079207921,True,1,CONFIRMED,NEUTRAL,-0.00031000000000003247,NO_DISPLACEMENT
12544,2026-07-06 00:00:00+00:00,M15:BUY_SIDE:12535,BUY_SIDE,M15,1.14408,0.00024000000000001798,3.783317149863376,0.07920792079207921,True,1,CONFIRMED,NEUTRAL,-0.00031000000000003247,NO_DISPLACEMENT
12552,2026-07-06 02:00:00+00:00,M15:SELL_SIDE:12548,SELL_SIDE,M15,1.14343,0.0001100000000000545,1.089903205214287,0.6361794500723589,True,1,CONFIRMED,BULLISH,-0.00021000000000004349,NO_DISPLACEMENT
12556,2026-07-06 03:00:00+00:00,M15:SELL_SIDE:12553,SELL_SIDE,M15,1.14331,4.0000000000040004e-05,1.3289971392307836,1.87383036522789,True,1,CONFIRMED,NEUTRAL,-7.00000000000145e-05,NO_DISPLACEMENT
12561,2026-07-06 04:15:00+00:00,M15:SELL_SIDE:12556,SELL_SIDE,M15,1.14327,0.00022999999999995246,1.614258458363394,1.6377905221853306,False,1,CONFIRMED,BEARISH,-0.0004899999999998794,NO_DISPLACEMENT
12577,2026-07-06 08:15:00+00:00,M15:SELL_SIDE:12564,SELL_SIDE,M15,1.14275,7.00000000000145e-05,0.8587762265213449,0.9318514185434338,True,1,CONFIRMED,NEUTRAL,-0.0005100000000000104,NO_DISPLACEMENT
12577,2026-07-06 08:15:00+00:00,M15:SELL_SIDE:12570,SELL_SIDE,M15,1.1428,0.00012000000000012001,0.8587762265213449,0.9318514185434338,True,1,CONFIRMED,NEUTRAL,-0.0005100000000000104,NO_DISPLACEMENT
12579,2026-07-06 08:45:00+00:00,M15:SELL_SIDE:12544,SELL_SIDE,M15,1.14267,0.00038000000000004697,2.149511261809119,1.1728575606902603,False,-1,WEAK,NEUTRAL,-0.0005399999999999849,NO_DISPLACEMENT
12582,2026-07-06 09:30:00+00:00,M15:SELL_SIDE:12461,SELL_SIDE,M15,1.14206,8.000000000008001e-05,1.2906080363404486,1.6649888143176734,True,1,CONFIRMED,NEUTRAL,-0.0009699999999999154,NO_DISPLACEMENT
12588,2026-07-06 11:00:00+00:00,M15:SELL_SIDE:12584,SELL_SIDE,M15,1.14165,7.00000000000145e-05,2.0895851205392186,1.574457593688363,True,1,CONFIRMED,BEARISH,-0.0010399999999999299,NO_DISPLACEMENT
12591,2026-07-06 11:45:00+00:00,M15:SELL_SIDE:12588,SELL_SIDE,M15,1.14158,5.999999999994898e-05,1.0055637386341763,1.174625468164794,True,1,CONFIRMED,BEARISH,-0.00034999999999985043,NO_DISPLACEMENT
12595,2026-07-06 12:45:00+00:00,M15:SELL_SIDE:12591,SELL_SIDE,M15,1.14152,0.00042000000000008697,1.2976359620014073,1.2098927555263734,False,1,CONFIRMED,BEARISH,-0.0009200000000000319,NO_DISPLACEMENT
12607,2026-07-06 15:45:00+00:00,M15:SELL_SIDE:12603,SELL_SIDE,M15,1.1411,4.0000000000040004e-05,1.12351028539262,1.3268698060941828,True,1,CONFIRMED,NEUTRAL,-0.0002500000000000835,NO_DISPLACEMENT
12608,2026-07-06 16:00:00+00:00,M15:BUY_SIDE:12604,BUY_SIDE,M15,1.142,6.000000000017103e-05,1.70072190116308,1.2822628167354155,True,2,CONFIRMED,NEUTRAL,-0.0001100000000000545,NO_DISPLACEMENT
12609,2026-07-06 16:15:00+00:00,M15:BUY_SIDE:12592,BUY_SIDE,M15,1.14215,0.00012999999999996348,0.8930780908539566,1.236724372690138,True,1,CONFIRMED,BEARISH,7.00000000000145e-05,NO_DISPLACEMENT
12611,2026-07-06 16:45:00+00:00,H4:SELL_SIDE:912,SELL_SIDE,H4,1.14083,1.0000000000065512e-05,1.5494535776348748,1.5078778447772807,True,1,CONFIRMED,NEUTRAL,-0.0005500000000000504,NO_DISPLACEMENT
12611,2026-07-06 16:45:00+00:00,M15:SELL_SIDE:12596,SELL_SIDE,M15,1.14097,0.0001500000000000945,1.5494535776348748,1.5078778447772807,True,1,CONFIRMED,NEUTRAL,-0.0005500000000000504,NO_DISPLACEMENT
12611,2026-07-06 16:45:00+00:00,M15:SELL_SIDE:12607,SELL_SIDE,M15,1.14106,0.00024000000000001798,1.5494535776348748,1.5078778447772807,True,1,CONFIRMED,NEUTRAL,-0.0005500000000000504,NO_DISPLACEMENT
12618,2026-07-06 18:30:00+00:00,M15:BUY_SIDE:12609,BUY_SIDE,M15,1.14228,0.0001100000000000545,1.2457190016083761,0.9981791697013839,False,-1,WEAK,BULLISH,0.0005300000000001415,NO_DISPLACEMENT
12620,2026-07-06 19:00:00+00:00,M15:BUY_SIDE:12585,BUY_SIDE,M15,1.14284,3.999999999981796e-05,0.6482613133264369,0.8280739934711643,True,2,CONFIRMED,BULLISH,0.0009200000000000319,NO_DISPLACEMENT
12625,2026-07-06 20:15:00+00:00,M15:BUY_SIDE:12568,BUY_SIDE,M15,1.14359,0.00011999999999989797,0.8597921333619745,0.7529923830250272,True,-1,CONFIRMED,BULLISH,0.0018700000000000383,NO_DISPLACEMENT
12625,2026-07-06 20:15:00+00:00,M15:BUY_SIDE:12572,BUY_SIDE,M15,1.14343,0.000280000000000058,0.8597921333619745,0.7529923830250272,False,-1,WEAK,BULLISH,0.0018700000000000383,NO_DISPLACEMENT
12630,2026-07-06 21:30:00+00:00,M15:BUY_SIDE:12557,BUY_SIDE,M15,1.14412,0.00017000000000000348,1.0704244470467923,0.7087413855640189,False,3,CONFIRMED,BULLISH,0.0015899999999999803,NO_DISPLACEMENT
12630,2026-07-06 21:30:00+00:00,M15:BUY_SIDE:12626,BUY_SIDE,M15,1.14397,0.000320000000000098,1.0704244470467923,0.7087413855640189,False,3,CONFIRMED,BULLISH,0.0015899999999999803,NO_DISPLACEMENT
12631,2026-07-06 21:45:00+00:00,M15:BUY_SIDE:12544,BUY_SIDE,M15,1.14432,0.00018999999999991246,0.8467432267940622,0.7439245556764599,True,1,CONFIRMED,BULLISH,0.0012900000000000134,NO_DISPLACEMENT
12642,2026-07-07 00:30:00+00:00,M15:BUY_SIDE:12637,BUY_SIDE,M15,1.14422,4.999999999988347e-05,0.6722204922023698,0.25729212015672615,True,-1,CONFIRMED,NEUTRAL,-2.999999999997449e-05,NO_DISPLACEMENT
12643,2026-07-07 00:45:00+00:00,M15:BUY_SIDE:12631,BUY_SIDE,M15,1.14451,9.999999999998899e-05,1.6139884307426768,0.28097006772995414,True,1,CONFIRMED,NEUTRAL,0.0005899999999998684,NO_DISPLACEMENT
12648,2026-07-07 02:00:00+00:00,M15:BUY_SIDE:12518,BUY_SIDE,M15,1.14479,4.0000000000040004e-05,1.24784405100804,0.4878974845752254,True,1,CONFIRMED,BULLISH,0.0005100000000000104,NO_DISPLACEMENT
12648,2026-07-07 02:00:00+00:00,M15:BUY_SIDE:12643,BUY_SIDE,M15,1.14461,0.000220000000000109,1.24784405100804,0.4878974845752254,True,1,CONFIRMED,BULLISH,0.0005100000000000104,NO_DISPLACEMENT
12652,2026-07-07 03:00:00+00:00,M15:SELL_SIDE:12643,SELL_SIDE,M15,1.14398,1.0000000000065512e-05,0.843175889104483,1.245456748243276,True,-1,CONFIRMED,BULLISH,1.999999999990898e-05,NO_DISPLACEMENT
12653,2026-07-07 03:15:00+00:00,M15:SELL_SIDE:12638,SELL_SIDE,M15,1.14384,2.999999999997449e-05,0.9350494470920291,1.1213956869396655,True,1,CONFIRMED,BULLISH,-0.0006099999999999994,NO_DISPLACEMENT
12654,2026-07-07 03:30:00+00:00,M15:SELL_SIDE:12633,SELL_SIDE,M15,1.1438,7.999999999985796e-05,0.9394076647508203,0.9811227024341779,True,1,CONFIRMED,BULLISH,-0.00046999999999997044,NO_DISPLACEMENT
12657,2026-07-07 04:15:00+00:00,M15:SELL_SIDE:12654,SELL_SIDE,M15,1.14372,2.0000000000131024e-05,0.9872693746924273,0.8675984752223634,True,1,CONFIRMED,BEARISH,-0.0005500000000000504,NO_DISPLACEMENT
12658,2026-07-07 04:30:00+00:00,M15:BUY_SIDE:12655,BUY_SIDE,M15,1.14423,0.0004499999999998394,2.0372371462942667,1.6579415501905972,True,3,CONFIRMED,BEARISH,-0.0005999999999999339,NO_DISPLACEMENT
12666,2026-07-07 06:30:00+00:00,M15:SELL_SIDE:12657,SELL_SIDE,M15,1.1437,8.999999999992347e-05,1.1185094555810788,0.8693319023343171,True,2,CONFIRMED,BULLISH,-0.00019999999999997797,NO_DISPLACEMENT
12666,2026-07-07 06:30:00+00:00,M15:SELL_SIDE:12663,SELL_SIDE,M15,1.14384,0.00022999999999995246,1.1185094555810788,0.8693319023343171,False,-1,WEAK,BULLISH,-0.00019999999999997797,NO_DISPLACEMENT
12669,2026-07-07 07:15:00+00:00,M15:SELL_SIDE:12666,SELL_SIDE,M15,1.14361,5.999999999994898e-05,0.8799212179017646,0.8999144568006844,True,1,CONFIRMED,BEARISH,-0.0006900000000000794,NO_DISPLACEMENT
12684,2026-07-07 11:00:00+00:00,M15:BUY_SIDE:12681,BUY_SIDE,M15,1.14323,1.0000000000065512e-05,1.6616535026496368,1.83684794672586,True,2,CONFIRMED,BEARISH,0.00021000000000004349,NO_DISPLACEMENT
12691,2026-07-07 12:45:00+00:00,M15:SELL_SIDE:12676,SELL_SIDE,M15,1.14244,7.999999999985796e-05,1.2665440514282678,1.181147345870031,True,1,CONFIRMED,BULLISH,-0.00014999999999987246,NO_DISPLACEMENT
12691,2026-07-07 12:45:00+00:00,M15:SELL_SIDE:12683,SELL_SIDE,M15,1.14248,0.00011999999999989797,1.2665440514282678,1.181147345870031,True,1,CONFIRMED,BULLISH,-0.00014999999999987246,NO_DISPLACEMENT
12693,2026-07-07 13:15:00+00:00,M15:BUY_SIDE:12690,BUY_SIDE,M15,1.14303,2.999999999997449e-05,0.4768836324679756,0.9763326697633267,True,1,CONFIRMED,NEUTRAL,0.000500000000000167,NO_DISPLACEMENT
12697,2026-07-07 14:15:00+00:00,M15:BUY_SIDE:12686,BUY_SIDE,M15,1.1436,0.000320000000000098,1.3977902726949625,1.3564146134239592,False,1,CONFIRMED,BEARISH,0.0009099999999999664,NO_DISPLACEMENT
12701,2026-07-07 15:15:00+00:00,M15:BUY_SIDE:12670,BUY_SIDE,M15,1.14394,0.00024000000000001798,1.9977278120007205,1.3578664461443044,False,1,CONFIRMED,BULLISH,0.0016699999999998383,NO_DISPLACEMENT
12708,2026-07-07 17:00:00+00:00,M15:SELL_SIDE:12699,SELL_SIDE,M15,1.14253,0.00017000000000000348,2.289357977175305,2.41002277904328,True,1,CONFIRMED,BULLISH,-0.0005899999999998684,NO_DISPLACEMENT
12708,2026-07-07 17:00:00+00:00,M15:SELL_SIDE:12704,SELL_SIDE,M15,1.143,0.0006399999999999739,2.289357977175305,2.41002277904328,False,2,CONFIRMED,BULLISH,-0.0005899999999998684,NO_DISPLACEMENT
12715,2026-07-07 18:45:00+00:00,M15:SELL_SIDE:12692,SELL_SIDE,M15,1.14234,0.00012999999999996348,0.7861275448229545,1.062890896455872,False,-1,WEAK,BEARISH,-0.0012199999999999989,NO_DISPLACEMENT
12715,2026-07-07 18:45:00+00:00,M15:SELL_SIDE:12708,SELL_SIDE,M15,1.14236,0.0001500000000000945,0.7861275448229545,1.062890896455872,False,-1,WEAK,BEARISH,-0.0012199999999999989,NO_DISPLACEMENT
12728,2026-07-07 22:00:00+00:00,M15:SELL_SIDE:12717,SELL_SIDE,M15,1.14172,0.000600000000000156,1.5151168304357738,1.5077658303464756,False,-1,WEAK,BEARISH,-0.0008399999999999519,NO_DISPLACEMENT
12729,2026-07-07 22:15:00+00:00,H4:SELL_SIDE:922,SELL_SIDE,H4,1.14082,9.999999999843467e-06,1.0711187825266215,1.5229388860673776,True,1,CONFIRMED,BEARISH,-0.0011099999999999444,NO_DISPLACEMENT
12729,2026-07-07 22:15:00+00:00,M15:SELL_SIDE:12615,SELL_SIDE,M15,1.14112,0.00030999999999981043,1.0711187825266215,1.5229388860673776,True,1,CONFIRMED,BEARISH,-0.0011099999999999444,NO_DISPLACEMENT
12736,2026-07-08 00:00:00+00:00,M15:SELL_SIDE:12729,SELL_SIDE,M15,1.14081,0.0008300000000001084,3.5389226154609954,0.14081447963800905,True,1,CONFIRMED,BEARISH,-0.001960000000000184,NO_DISPLACEMENT
12736,2026-07-08 00:00:00+00:00,M15:BUY_SIDE:12732,BUY_SIDE,M15,1.14174,0.00031000000000003247,3.5389226154609954,0.14081447963800905,True,1,CONFIRMED,BEARISH,-0.001960000000000184,NO_DISPLACEMENT
12747,2026-07-08 02:45:00+00:00,M15:SELL_SIDE:12739,SELL_SIDE,M15,1.14015,0.000140000000000029,0.9029746343001688,0.6481700118063755,True,1,CONFIRMED,NEUTRAL,-0.0006800000000000139,NO_DISPLACEMENT
12747,2026-07-08 02:45:00+00:00,M15:SELL_SIDE:12742,SELL_SIDE,M15,1.1403,0.0002900000000001235,0.9029746343001688,0.6481700118063755,False,1,CONFIRMED,NEUTRAL,-0.0006800000000000139,NO_DISPLACEMENT
12749,2026-07-08 03:15:00+00:00,M15:BUY_SIDE:12744,BUY_SIDE,M15,1.14084,1.999999999990898e-05,1.1528406312288384,1.240452065471551,True,2,CONFIRMED,BEARISH,0.0,NO_DISPLACEMENT
12750,2026-07-08 03:30:00+00:00,M15:BUY_SIDE:12740,BUY_SIDE,M15,1.14089,0.00026999999999999247,0.9916732189189764,1.0853468433359315,False,1,CONFIRMED,BEARISH,0.00042000000000008697,NO_DISPLACEMENT
12754,2026-07-08 04:30:00+00:00,M15:SELL_SIDE:12736,SELL_SIDE,M15,1.13998,0.00012999999999996348,1.240824811182295,0.9875651825110309,False,1,CONFIRMED,NEUTRAL,-0.00042000000000008697,NO_DISPLACEMENT
12754,2026-07-08 04:30:00+00:00,M15:SELL_SIDE:12747,SELL_SIDE,M15,1.14001,0.00015999999999993797,1.240824811182295,0.9875651825110309,False,1,CONFIRMED,NEUTRAL,-0.00042000000000008697,NO_DISPLACEMENT
12757,2026-07-08 05:15:00+00:00,M15:BUY_SIDE:12750,BUY_SIDE,M15,1.14116,5.0000000000105516e-05,1.2752266267682624,1.0328920978740472,True,2,CONFIRMED,NEUTRAL,0.0009399999999999409,NO_DISPLACEMENT
12768,2026-07-08 08:00:00+00:00,M15:BUY_SIDE:12761,BUY_SIDE,M15,1.14166,0.0002300000000001745,1.2309103682915634,1.3404198777571086,True,1,CONFIRMED,BULLISH,0.0002300000000001745,NO_DISPLACEMENT
12770,2026-07-08 08:30:00+00:00,M15:BUY_SIDE:12736,BUY_SIDE,M15,1.14205,2.999999999997449e-05,1.7250570693163407,1.145894233324475,True,1,CONFIRMED,BULLISH,0.00036999999999998145,NO_DISPLACEMENT
12777,2026-07-08 10:15:00+00:00,M15:BUY_SIDE:12774,BUY_SIDE,M15,1.14241,0.00045000000000006146,2.3741318664762603,2.1927772126144456,False,3,CONFIRMED,BULLISH,0.0013300000000000534,NO_DISPLACEMENT
12778,2026-07-08 10:30:00+00:00,M15:BUY_SIDE:12725,BUY_SIDE,M15,1.143,0.00017000000000000348,1.0213220303218395,1.8031536113936928,True,1,CONFIRMED,BULLISH,0.0014699999999998603,NO_DISPLACEMENT
12781,2026-07-08 11:15:00+00:00,M15:SELL_SIDE:12765,SELL_SIDE,M15,1.14108,0.0010100000000001774,3.7772611069978335,4.541200406917599,True,-1,CONFIRMED,BULLISH,-0.0005399999999999849,NO_DISPLACEMENT
12781,2026-07-08 11:15:00+00:00,M15:SELL_SIDE:12769,SELL_SIDE,M15,1.14124,0.0011700000000001154,3.7772611069978335,4.541200406917599,True,-1,CONFIRMED,BULLISH,-0.0005399999999999849,NO_DISPLACEMENT
12781,2026-07-08 11:15:00+00:00,M15:SELL_SIDE:12777,SELL_SIDE,M15,1.14163,0.0015600000000000058,3.7772611069978335,4.541200406917599,False,-1,WEAK,BULLISH,-0.0005399999999999849,NO_DISPLACEMENT
12784,2026-07-08 12:00:00+00:00,M15:SELL_SIDE:12754,SELL_SIDE,M15,1.13985,0.0002500000000000835,1.966181327663539,2.8937950267255403,False,1,CONFIRMED,NEUTRAL,-0.0024999999999999467,NO_DISPLACEMENT
12784,2026-07-08 12:00:00+00:00,M15:SELL_SIDE:12781,SELL_SIDE,M15,1.14007,0.00046999999999997044,1.966181327663539,2.8937950267255403,False,1,CONFIRMED,NEUTRAL,-0.0024999999999999467,NO_DISPLACEMENT
12789,2026-07-08 13:15:00+00:00,M15:BUY_SIDE:12786,BUY_SIDE,M15,1.14117,4.0000000000040004e-05,1.2561318052416919,1.3556994310378654,True,2,CONFIRMED,BEARISH,-0.0014199999999999768,NO_DISPLACEMENT
12794,2026-07-08 14:30:00+00:00,M15:SELL_SIDE:12413,SELL_SIDE,M15,1.13954,0.00029999999999996696,1.9369816770164947,1.7366632687733605,True,1,CONFIRMED,BULLISH,0.0007899999999998464,NO_DISPLACEMENT
12794,2026-07-08 14:30:00+00:00,M15:SELL_SIDE:12784,SELL_SIDE,M15,1.1396,0.00035999999999991594,1.9369816770164947,1.7366632687733605,True,1,CONFIRMED,BULLISH,0.0007899999999998464,NO_DISPLACEMENT
12794,2026-07-08 14:30:00+00:00,M15:SELL_SIDE:12788,SELL_SIDE,M15,1.14012,0.0008799999999999919,1.9369816770164947,1.7366632687733605,True,2,CONFIRMED,BULLISH,0.0007899999999998464,NO_DISPLACEMENT
12802,2026-07-08 16:30:00+00:00,M15:BUY_SIDE:12799,BUY_SIDE,M15,1.14071,0.0005300000000001415,1.1493791226363275,1.8213692005440532,False,2,CONFIRMED,NEUTRAL,0.0004700000000001925,NO_DISPLACEMENT
12810,2026-07-08 18:30:00+00:00,M15:SELL_SIDE:12794,SELL_SIDE,M15,1.13924,0.00012000000000012001,1.357957705136044,1.1381202290076335,True,1,CONFIRMED,NEUTRAL,-0.0007999999999999119,NO_DISPLACEMENT
12810,2026-07-08 18:30:00+00:00,M15:SELL_SIDE:12799,SELL_SIDE,M15,1.13954,0.00042000000000008697,1.357957705136044,1.1381202290076335,False,2,CONFIRMED,NEUTRAL,-0.0007999999999999119,NO_DISPLACEMENT
12814,2026-07-08 19:30:00+00:00,M15:BUY_SIDE:12808,BUY_SIDE,M15,1.1412,5.999999999994898e-05,1.580704647162345,1.207674418604651,True,-1,CONFIRMED,BEARISH,0.0005599999999998939,NO_DISPLACEMENT
12815,2026-07-08 19:45:00+00:00,M15:BUY_SIDE:12803,BUY_SIDE,M15,1.1414,8.999999999992347e-05,0.5975351860592537,0.8176744186046512,False,-1,WEAK,BEARISH,0.0005899999999998684,NO_DISPLACEMENT
12816,2026-07-08 20:00:00+00:00,M15:BUY_SIDE:12790,BUY_SIDE,M15,1.14149,0.0009100000000001884,1.300146366398861,0.9313953488372093,False,-1,WEAK,BEARISH,0.0015200000000001879,NO_DISPLACEMENT
12830,2026-07-08 23:30:00+00:00,M15:SELL_SIDE:12820,SELL_SIDE,M15,1.14164,0.00011999999999989797,0.881497537065486,0.4545566351002337,True,1,CONFIRMED,BULLISH,-0.0011399999999999189,NO_DISPLACEMENT
12844,2026-07-09 03:00:00+00:00,M15:BUY_SIDE:12832,BUY_SIDE,M15,1.14236,0.0005399999999999849,1.5882406520342696,0.7772188869057277,False,-1,WEAK,NEUTRAL,0.0011200000000000099,NO_DISPLACEMENT
12857,2026-07-09 06:15:00+00:00,M15:SELL_SIDE:12854,SELL_SIDE,M15,1.14231,0.00012999999999996348,1.1725724404197067,0.8652007648183556,True,1,CONFIRMED,NEUTRAL,7.00000000000145e-05,NO_DISPLACEMENT
12858,2026-07-09 06:30:00+00:00,M15:BUY_SIDE:12846,BUY_SIDE,M15,1.14304,9.999999999843467e-06,1.0320703768381971,0.9973410684070583,True,1,CONFIRMED,NEUTRAL,0.0005199999999998539,NO_DISPLACEMENT
12858,2026-07-09 06:30:00+00:00,M15:BUY_SIDE:12853,BUY_SIDE,M15,1.14285,0.00019999999999997797,1.0320703768381971,0.9973410684070583,True,1,CONFIRMED,NEUTRAL,0.0005199999999998539,NO_DISPLACEMENT
12864,2026-07-09 08:00:00+00:00,H4:BUY_SIDE:932,BUY_SIDE,H4,1.14317,0.00024000000000001798,1.9511097723304276,1.475622968580715,False,3,CONFIRMED,BULLISH,0.0007299999999998974,NO_DISPLACEMENT
12864,2026-07-09 08:00:00+00:00,H4:BUY_SIDE:935,BUY_SIDE,H4,1.14305,0.000360000000000138,1.9511097723304276,1.475622968580715,False,-1,WEAK,BULLISH,0.0007299999999998974,NO_DISPLACEMENT
12868,2026-07-09 09:00:00+00:00,M15:BUY_SIDE:12864,BUY_SIDE,M15,1.14341,0.00028999999999990145,1.4315011375902547,1.6462621885157096,False,-1,WEAK,BULLISH,0.0006200000000000649,NO_DISPLACEMENT
12869,2026-07-09 09:15:00+00:00,M15:BUY_SIDE:12659,BUY_SIDE,M15,1.14475,2.0000000000131024e-05,2.7878715291718184,2.134344528710726,True,1,CONFIRMED,BULLISH,0.0020100000000000673,NO_DISPLACEMENT
12869,2026-07-09 09:15:00+00:00,M15:BUY_SIDE:12665,BUY_SIDE,M15,1.14429,0.00048000000000003595,2.7878715291718184,2.134344528710726,False,2,CONFIRMED,BULLISH,0.0020100000000000673,NO_DISPLACEMENT
12869,2026-07-09 09:15:00+00:00,M15:BUY_SIDE:12702,BUY_SIDE,M15,1.14423,0.0005399999999999849,2.7878715291718184,2.134344528710726,False,2,CONFIRMED,BULLISH,0.0020100000000000673,NO_DISPLACEMENT
12869,2026-07-09 09:15:00+00:00,M15:BUY_SIDE:12707,BUY_SIDE,M15,1.14421,0.000560000000000116,2.7878715291718184,2.134344528710726,False,2,CONFIRMED,BULLISH,0.0020100000000000673,NO_DISPLACEMENT
12869,2026-07-09 09:15:00+00:00,M15:BUY_SIDE:12711,BUY_SIDE,M15,1.14372,0.0010499999999999954,2.7878715291718184,2.134344528710726,False,3,CONFIRMED,BULLISH,0.0020100000000000673,NO_DISPLACEMENT
12870,2026-07-09 09:30:00+00:00,H4:BUY_SIDE:924,BUY_SIDE,H4,1.14483,0.00011999999999989797,1.5112845126902104,2.081798483206934,True,1,CONFIRMED,BULLISH,0.0019100000000000783,NO_DISPLACEMENT
12878,2026-07-09 11:30:00+00:00,M15:SELL_SIDE:12875,SELL_SIDE,M15,1.14317,5.999999999994898e-05,1.1876131022619008,1.590465872156013,True,-1,CONFIRMED,BULLISH,-0.000220000000000109,NO_DISPLACEMENT
12886,2026-07-09 13:30:00+00:00,M15:BUY_SIDE:12883,BUY_SIDE,M15,1.14316,2.0000000000131024e-05,1.1070378633950544,1.0449282075034738,True,1,CONFIRMED,BEARISH,-0.0008500000000000174,NO_DISPLACEMENT
12887,2026-07-09 13:45:00+00:00,M15:SELL_SIDE:12857,SELL_SIDE,M15,1.14218,0.00014999999999987246,1.544486119225941,1.7745075843332578,True,1,CONFIRMED,BEARISH,-0.0013399999999998968,NO_DISPLACEMENT
12887,2026-07-09 13:45:00+00:00,M15:SELL_SIDE:12861,SELL_SIDE,M15,1.14231,0.00027999999999983594,1.544486119225941,1.7745075843332578,True,1,CONFIRMED,BEARISH,-0.0013399999999998968,NO_DISPLACEMENT
12887,2026-07-09 13:45:00+00:00,M15:SELL_SIDE:12882,SELL_SIDE,M15,1.14236,0.00032999999999994145,1.544486119225941,1.7745075843332578,False,1,CONFIRMED,BEARISH,-0.0013399999999998968,NO_DISPLACEMENT
12892,2026-07-09 15:00:00+00:00,M15:BUY_SIDE:12886,BUY_SIDE,M15,1.14318,0.00042999999999993044,1.2258020744268803,1.5903302395855816,False,2,CONFIRMED,NEUTRAL,0.0007800000000000029,NO_DISPLACEMENT
12897,2026-07-09 16:15:00+00:00,M15:BUY_SIDE:12892,BUY_SIDE,M15,1.14361,7.00000000000145e-05,1.1573065468180064,1.6004069175991862,True,1,CONFIRMED,BULLISH,0.0011200000000000099,NO_DISPLACEMENT
12917,2026-07-09 21:15:00+00:00,M15:SELL_SIDE:12912,SELL_SIDE,M15,1.14342,0.00024000000000001798,0.8209405446702726,0.5024799042243886,False,-1,WEAK,NEUTRAL,-0.0006699999999999484,NO_DISPLACEMENT
12922,2026-07-09 22:30:00+00:00,M15:SELL_SIDE:12905,SELL_SIDE,M15,1.1428,0.000180000000000069,0.7040282872535051,0.7279114702265941,False,2,CONFIRMED,NEUTRAL,-0.0008999999999999009,NO_DISPLACEMENT
12928,2026-07-10 00:00:00+00:00,M15:SELL_SIDE:12841,SELL_SIDE,M15,1.1417,2.999999999997449e-05,3.5969129027512357,0.07616242373237955,True,1,CONFIRMED,BEARISH,-0.00019999999999997797,NO_DISPLACEMENT
12928,2026-07-10 00:00:00+00:00,M15:SELL_SIDE:12850,SELL_SIDE,M15,1.14199,0.000320000000000098,3.5969129027512357,0.07616242373237955,True,1,CONFIRMED,BEARISH,-0.00019999999999997797,NO_DISPLACEMENT
12928,2026-07-10 00:00:00+00:00,M15:SELL_SIDE:12887,SELL_SIDE,M15,1.14203,0.000360000000000138,3.5969129027512357,0.07616242373237955,True,1,CONFIRMED,BEARISH,-0.00019999999999997797,NO_DISPLACEMENT
12928,2026-07-10 00:00:00+00:00,M15:SELL_SIDE:12895,SELL_SIDE,M15,1.14226,0.0005900000000000905,3.5969129027512357,0.07616242373237955,True,1,CONFIRMED,BEARISH,-0.00019999999999997797,NO_DISPLACEMENT
12928,2026-07-10 00:00:00+00:00,M15:SELL_SIDE:12923,SELL_SIDE,M15,1.14253,0.0008600000000000829,3.5969129027512357,0.07616242373237955,True,1,CONFIRMED,BEARISH,-0.00019999999999997797,NO_DISPLACEMENT
12935,2026-07-10 01:45:00+00:00,M15:BUY_SIDE:12932,BUY_SIDE,M15,1.14336,2.999999999997449e-05,0.275004528414315,0.3241745555299007,True,2,CONFIRMED,NEUTRAL,0.00045000000000006146,NO_DISPLACEMENT
12940,2026-07-10 03:00:00+00:00,M15:BUY_SIDE:12928,BUY_SIDE,M15,1.14342,9.999999999843467e-06,0.9232399421988454,1.5267137096774193,True,1,CONFIRMED,BULLISH,9.999999999998899e-05,NO_DISPLACEMENT
12940,2026-07-10 03:00:00+00:00,M15:SELL_SIDE:12937,SELL_SIDE,M15,1.14313,4.999999999988347e-05,0.9232399421988454,1.5267137096774193,True,2,CONFIRMED,BULLISH,9.999999999998899e-05,NO_DISPLACEMENT
12943,2026-07-10 03:45:00+00:00,M15:BUY_SIDE:12909,BUY_SIDE,M15,1.14414,9.000000000014552e-05,1.8430256602754385,2.115215706535779,True,-1,CONFIRMED,BULLISH,0.0007200000000000539,NO_DISPLACEMENT
12945,2026-07-10 04:15:00+00:00,M15:BUY_SIDE:12900,BUY_SIDE,M15,1.14462,0.0001100000000000545,1.3305292817694083,1.623869801084991,True,1,CONFIRMED,NEUTRAL,0.0008999999999999009,NO_DISPLACEMENT
12947,2026-07-10 04:45:00+00:00,H4:BUY_SIDE:938,BUY_SIDE,H4,1.14495,6.000000000017103e-05,1.7591924330240372,1.8217514854042882,True,-1,CONFIRMED,NEUTRAL,0.0015300000000000313,NO_DISPLACEMENT
12949,2026-07-10 05:15:00+00:00,M15:BUY_SIDE:12491,BUY_SIDE,M15,1.1458,0.00019999999999997797,1.0208866909376084,1.8134848876259364,True,3,CONFIRMED,NEUTRAL,0.0023900000000001143,NO_DISPLACEMENT
12949,2026-07-10 05:15:00+00:00,M15:BUY_SIDE:12505,BUY_SIDE,M15,1.14573,0.00026999999999999247,1.0208866909376084,1.8134848876259364,True,3,CONFIRMED,NEUTRAL,0.0023900000000001143,NO_DISPLACEMENT
12972,2026-07-10 11:00:00+00:00,M15:SELL_SIDE:12962,SELL_SIDE,M15,1.14356,3.999999999981796e-05,1.4332570783608602,2.6313390313390315,True,-1,CONFIRMED,NEUTRAL,-4.0000000000040004e-05,NO_DISPLACEMENT
12975,2026-07-10 11:45:00+00:00,M15:SELL_SIDE:12942,SELL_SIDE,M15,1.14303,2.999999999997449e-05,1.0955220784761093,1.4559530165509877,True,1,CONFIRMED,NEUTRAL,-0.0011600000000000499,NO_DISPLACEMENT
12978,2026-07-10 12:30:00+00:00,M15:SELL_SIDE:12975,SELL_SIDE,M15,1.143,5.999999999994898e-05,0.818816125411791,1.2566054635020152,False,3,CONFIRMED,BEARISH,-0.0009000000000001229,NO_DISPLACEMENT
12988,2026-07-10 15:00:00+00:00,M15:BUY_SIDE:12983,BUY_SIDE,M15,1.14355,0.0006500000000000394,2.864029638956856,1.6403492476314323,True,1,CONFIRMED,NEUTRAL,0.0005800000000000249,NO_DISPLACEMENT
12990,2026-07-10 15:30:00+00:00,M15:SELL_SIDE:12980,SELL_SIDE,M15,1.14265,0.00017000000000000348,1.0429169823157725,1.6298880117495869,False,1,CONFIRMED,BULLISH,-0.00026999999999999247,NO_DISPLACEMENT
12991,2026-07-10 15:45:00+00:00,M15:SELL_SIDE:12931,SELL_SIDE,M15,1.14248,0.00018999999999991246,1.2035821016594463,1.2733878292461398,True,3,CONFIRMED,BULLISH,-0.0004199999999998649,NO_DISPLACEMENT
12996,2026-07-10 17:00:00+00:00,H4:SELL_SIDE:942,SELL_SIDE,H4,1.14167,1.0000000000065512e-05,1.1740706847958797,1.4025787965616046,True,1,CONFIRMED,BULLISH,-0.0005999999999999339,NO_DISPLACEMENT
12998,2026-07-10 17:30:00+00:00,M15:SELL_SIDE:12835,SELL_SIDE,M15,1.14123,4.999999999988347e-05,2.4258244947621264,2.655085959885387,True,1,CONFIRMED,BULLISH,-0.0014699999999998603,NO_DISPLACEMENT
13014,2026-07-10 21:30:00+00:00,M15:SELL_SIDE:12998,SELL_SIDE,M15,1.14118,0.000140000000000029,0.9826011877382932,0.6888647978937588,True,1,CONFIRMED,BEARISH,-0.0026800000000000157,NO_DISPLACEMENT
13024,2026-07-13 00:00:00+00:00,M15:SELL_SIDE:12832,SELL_SIDE,M15,1.13987,0.0006899999999998574,2.7018818562310543,0.07520435967302452,True,1,CONFIRMED,BEARISH,-0.000660000000000105,NO_DISPLACEMENT
13024,2026-07-13 00:00:00+00:00,M15:SELL_SIDE:13014,SELL_SIDE,M15,1.14104,0.0018599999999999728,2.7018818562310543,0.07520435967302452,False,-1,WEAK,BEARISH,-0.000660000000000105,NO_DISPLACEMENT
13028,2026-07-13 01:00:00+00:00,H4:SELL_SIDE:934,SELL_SIDE,H4,1.13912,0.00024999999999986144,2.5004118370166712,1.125803489439853,False,1,CONFIRMED,BEARISH,-0.0024699999999999722,NO_DISPLACEMENT
13028,2026-07-13 01:00:00+00:00,M15:SELL_SIDE:13024,SELL_SIDE,M15,1.13918,0.00031000000000003247,2.5004118370166712,1.125803489439853,False,1,CONFIRMED,BEARISH,-0.0024699999999999722,NO_DISPLACEMENT
13031,2026-07-13 01:45:00+00:00,M15:SELL_SIDE:13028,SELL_SIDE,M15,1.13887,0.00012000000000012001,1.3628020762455335,0.6358126721763085,True,1,CONFIRMED,BEARISH,-0.0020000000000000018,NO_DISPLACEMENT
13041,2026-07-13 04:15:00+00:00,M15:SELL_SIDE:13031,SELL_SIDE,M15,1.13875,0.00029999999999996696,1.353665112355328,1.334710743801653,True,1,CONFIRMED,BEARISH,-0.0004999999999999449,NO_DISPLACEMENT
13048,2026-07-13 06:00:00+00:00,M15:SELL_SIDE:13045,SELL_SIDE,M15,1.13929,0.00024999999999986144,0.9009752544417591,0.9852129772677113,True,1,CONFIRMED,NEUTRAL,-0.00036999999999998145,NO_DISPLACEMENT
13053,2026-07-13 07:15:00+00:00,M15:BUY_SIDE:13046,BUY_SIDE,M15,1.13999,0.00017000000000000348,0.8085038199028467,0.8036984352773826,False,-1,WEAK,BEARISH,0.00041000000000002146,NO_DISPLACEMENT
13056,2026-07-13 08:00:00+00:00,M15:BUY_SIDE:13027,BUY_SIDE,M15,1.14065,0.000280000000000058,1.1949521124478992,1.105663152733513,False,1,CONFIRMED,BEARISH,0.0008400000000001739,NO_DISPLACEMENT
13056,2026-07-13 08:00:00+00:00,M15:BUY_SIDE:13037,BUY_SIDE,M15,1.14056,0.00036999999999998145,1.1949521124478992,1.105663152733513,False,1,CONFIRMED,BEARISH,0.0008400000000001739,NO_DISPLACEMENT
13064,2026-07-13 10:00:00+00:00,M15:BUY_SIDE:13056,BUY_SIDE,M15,1.14093,0.00011999999999989797,1.7273509944014,2.5353141743789576,True,-1,CONFIRMED,BULLISH,0.0006999999999999229,NO_DISPLACEMENT
13066,2026-07-13 10:30:00+00:00,M15:BUY_SIDE:13020,BUY_SIDE,M15,1.14184,0.0003900000000001125,2.531701290449553,2.1155720584822464,True,-1,CONFIRMED,BULLISH,0.0008599999999998609,NO_DISPLACEMENT
13068,2026-07-13 11:00:00+00:00,M15:BUY_SIDE:12972,BUY_SIDE,M15,1.14424,9.999999999998899e-05,2.6422894110803696,2.7644284751852686,True,1,CONFIRMED,BULLISH,0.00387000000000004,NO_DISPLACEMENT
13068,2026-07-13 11:00:00+00:00,M15:BUY_SIDE:12988,BUY_SIDE,M15,1.1442,0.00013999999999980695,2.6422894110803696,2.7644284751852686,True,1,CONFIRMED,BULLISH,0.00387000000000004,NO_DISPLACEMENT
13068,2026-07-13 11:00:00+00:00,M15:BUY_SIDE:13005,BUY_SIDE,M15,1.14413,0.00020999999999982144,2.6422894110803696,2.7644284751852686,True,1,CONFIRMED,BULLISH,0.00387000000000004,NO_DISPLACEMENT
13078,2026-07-13 13:30:00+00:00,M15:SELL_SIDE:13075,SELL_SIDE,M15,1.14273,0.000140000000000029,0.919262772301573,0.949686660698299,True,1,CONFIRMED,NEUTRAL,-0.0010699999999999044,NO_DISPLACEMENT
13079,2026-07-13 13:45:00+00:00,M15:BUY_SIDE:13076,BUY_SIDE,M15,1.14349,9.000000000014552e-05,1.187205199547607,1.0300503734583986,False,1,CONFIRMED,NEUTRAL,-0.0002900000000001235,NO_DISPLACEMENT
13081,2026-07-13 14:15:00+00:00,M15:SELL_SIDE:13078,SELL_SIDE,M15,1.14259,8.000000000008001e-05,0.8093692502548482,0.9698526892771497,True,1,CONFIRMED,BEARISH,-0.0006999999999999229,NO_DISPLACEMENT
13084,2026-07-13 15:00:00+00:00,M15:SELL_SIDE:13081,SELL_SIDE,M15,1.14251,0.00046999999999997044,1.5874425364476012,1.5000849040584139,False,2,CONFIRMED,NEUTRAL,-0.0007299999999998974,NO_DISPLACEMENT
13090,2026-07-13 16:30:00+00:00,M15:SELL_SIDE:13084,SELL_SIDE,M15,1.14204,8.999999999992347e-05,1.5316522461584798,1.8934832947403242,True,-1,CONFIRMED,BEARISH,-0.0009099999999999664,NO_DISPLACEMENT
13101,2026-07-13 19:15:00+00:00,M15:SELL_SIDE:13048,SELL_SIDE,M15,1.13904,0.000140000000000029,1.7325701119976038,0.9187203428746364,True,-1,CONFIRMED,BEARISH,-0.0023400000000000087,NO_DISPLACEMENT
13101,2026-07-13 19:15:00+00:00,M15:SELL_SIDE:13060,SELL_SIDE,M15,1.13957,0.0006699999999999484,1.7325701119976038,0.9187203428746364,False,-1,WEAK,BEARISH,-0.0023400000000000087,NO_DISPLACEMENT
13101,2026-07-13 19:15:00+00:00,M15:SELL_SIDE:13097,SELL_SIDE,M15,1.13964,0.0007399999999999629,1.7325701119976038,0.9187203428746364,False,-1,WEAK,BEARISH,-0.0023400000000000087,NO_DISPLACEMENT
13102,2026-07-13 19:30:00+00:00,H4:SELL_SIDE:949,SELL_SIDE,H4,1.13845,0.000180000000000069,1.150586447967451,2.044039483675019,True,1,CONFIRMED,BEARISH,-0.0023999999999999577,NO_DISPLACEMENT
13112,2026-07-13 22:00:00+00:00,M15:SELL_SIDE:13102,SELL_SIDE,M15,1.13827,6.999999999979245e-05,1.031830200526564,0.7322822592989439,False,1,CONFIRMED,NEUTRAL,-0.0007600000000000939,NO_DISPLACEMENT
13112,2026-07-13 22:00:00+00:00,M15:SELL_SIDE:13108,SELL_SIDE,M15,1.13847,0.00026999999999999247,1.031830200526564,0.7322822592989439,False,-1,WEAK,NEUTRAL,-0.0007600000000000939,NO_DISPLACEMENT
13116,2026-07-13 23:00:00+00:00,M15:SELL_SIDE:12386,SELL_SIDE,M15,1.13815,0.00021999999999988695,1.0141929326333678,0.6403877221324717,False,-1,WEAK,BEARISH,-0.0009000000000001229,NO_DISPLACEMENT
13117,2026-07-13 23:15:00+00:00,M15:SELL_SIDE:12377,SELL_SIDE,M15,1.1378,5.999999999994898e-05,0.5450299687731113,0.4247401944351324,True,1,CONFIRMED,BEARISH,-0.0006499999999998174,NO_DISPLACEMENT
13128,2026-07-14 02:00:00+00:00,M15:SELL_SIDE:13122,SELL_SIDE,M15,1.13804,4.0000000000040004e-05,0.7151112851451124,0.3931469792605951,True,1,CONFIRMED,NEUTRAL,0.00017999999999984695,NO_DISPLACEMENT
13133,2026-07-14 03:15:00+00:00,M15:SELL_SIDE:13128,SELL_SIDE,M15,1.138,0.00017999999999984695,1.5802465026043513,1.8685592066887031,True,1,CONFIRMED,BEARISH,-0.00034000000000000696,NO_DISPLACEMENT
13134,2026-07-14 03:30:00+00:00,M15:BUY_SIDE:13120,BUY_SIDE,M15,1.13879,4.0000000000040004e-05,1.865491275609278,1.6702313824615982,True,1,CONFIRMED,BEARISH,0.00046999999999997044,NO_DISPLACEMENT
13135,2026-07-14 03:45:00+00:00,M15:BUY_SIDE:13110,BUY_SIDE,M15,1.1389,5.999999999994898e-05,1.0581423971105712,1.8008944195994556,True,1,CONFIRMED,BEARISH,0.00010999999999983245,NO_DISPLACEMENT
13139,2026-07-14 04:45:00+00:00,M15:BUY_SIDE:13107,BUY_SIDE,M15,1.13902,6.000000000017103e-05,0.9775671780525804,1.0530818588372546,True,-1,CONFIRMED,BEARISH,0.0007699999999999374,NO_DISPLACEMENT
13146,2026-07-14 06:30:00+00:00,M15:BUY_SIDE:13142,BUY_SIDE,M15,1.13944,0.00024000000000001798,1.0441760833371556,1.3889809444904722,True,1,CONFIRMED,BULLISH,0.0007399999999999629,NO_DISPLACEMENT
13151,2026-07-14 07:45:00+00:00,M15:SELL_SIDE:13144,SELL_SIDE,M15,1.13883,8.000000000008001e-05,1.2287344287927595,0.7973090277777778,True,1,CONFIRMED,BULLISH,-0.000300000000000189,NO_DISPLACEMENT
13151,2026-07-14 07:45:00+00:00,M15:SELL_SIDE:13148,SELL_SIDE,M15,1.13905,0.00029999999999996696,1.2287344287927595,0.7973090277777778,False,1,CONFIRMED,BULLISH,-0.000300000000000189,NO_DISPLACEMENT
13157,2026-07-14 09:15:00+00:00,M15:SELL_SIDE:13151,SELL_SIDE,M15,1.13875,0.000140000000000029,0.9515268405179397,1.174316075062175,False,1,CONFIRMED,BEARISH,-0.0006200000000000649,NO_DISPLACEMENT
13161,2026-07-14 10:15:00+00:00,M15:BUY_SIDE:13158,BUY_SIDE,M15,1.13939,9.999999999998899e-05,1.9356324480851381,1.5195911413969336,True,1,CONFIRMED,BEARISH,0.000320000000000098,NO_DISPLACEMENT
13163,2026-07-14 10:45:00+00:00,M15:BUY_SIDE:13146,BUY_SIDE,M15,1.13968,8.999999999992347e-05,1.328495084838738,1.711198836484521,True,1,CONFIRMED,BEARISH,0.00020000000000020002,NO_DISPLACEMENT
13163,2026-07-14 10:45:00+00:00,M15:BUY_SIDE:13154,BUY_SIDE,M15,1.13959,0.00017999999999984695,1.328495084838738,1.711198836484521,False,-1,WEAK,BEARISH,0.00020000000000020002,NO_DISPLACEMENT
13166,2026-07-14 11:30:00+00:00,M15:BUY_SIDE:13099,BUY_SIDE,M15,1.1404,0.00019999999999997797,1.5901241893663907,1.437813944143058,False,1,CONFIRMED,BEARISH,0.0017099999999998783,NO_DISPLACEMENT
13179,2026-07-14 14:45:00+00:00,M15:BUY_SIDE:13166,BUY_SIDE,M15,1.1406,0.00034000000000000696,1.5609916018428718,1.1364713850321706,False,-1,WEAK,BULLISH,0.0008300000000001084,NO_DISPLACEMENT
13182,2026-07-14 15:30:00+00:00,H4:BUY_SIDE:914,BUY_SIDE,H4,1.14624,1.0000000000065512e-05,5.8893586658681745,3.965703086722195,True,1,CONFIRMED,BULLISH,0.006000000000000005,NO_DISPLACEMENT
13182,2026-07-14 15:30:00+00:00,H4:BUY_SIDE:943,BUY_SIDE,H4,1.14609,0.00015999999999993797,5.8893586658681745,3.965703086722195,True,1,CONFIRMED,BULLISH,0.006000000000000005,NO_DISPLACEMENT
13182,2026-07-14 15:30:00+00:00,H4:BUY_SIDE:950,BUY_SIDE,H4,1.1446,0.0016499999999999293,5.8893586658681745,3.965703086722195,False,1,CONFIRMED,BULLISH,0.006000000000000005,NO_DISPLACEMENT
13182,2026-07-14 15:30:00+00:00,M15:BUY_SIDE:12965,BUY_SIDE,M15,1.14475,0.0015000000000000568,5.8893586658681745,3.965703086722195,False,1,CONFIRMED,BULLISH,0.006000000000000005,NO_DISPLACEMENT
13182,2026-07-14 15:30:00+00:00,M15:BUY_SIDE:13080,BUY_SIDE,M15,1.14374,0.0025100000000000122,5.8893586658681745,3.965703086722195,False,-1,WEAK,BULLISH,0.006000000000000005,NO_DISPLACEMENT
13182,2026-07-14 15:30:00+00:00,M15:BUY_SIDE:13088,BUY_SIDE,M15,1.14334,0.002909999999999968,5.8893586658681745,3.965703086722195,False,-1,WEAK,BULLISH,0.006000000000000005,NO_DISPLACEMENT
13194,2026-07-14 18:30:00+00:00,M15:SELL_SIDE:13191,SELL_SIDE,M15,1.144,0.0009699999999999154,1.3050966918159574,1.5033944821609129,False,-1,WEAK,NEUTRAL,-0.0012199999999999989,NO_DISPLACEMENT
13200,2026-07-14 20:00:00+00:00,M15:SELL_SIDE:13196,SELL_SIDE,M15,1.14241,0.00012999999999996348,1.1948218986278476,0.9185558354324097,False,1,CONFIRMED,BEARISH,-0.0025000000000001688,NO_DISPLACEMENT
13206,2026-07-14 21:30:00+00:00,M15:SELL_SIDE:13201,SELL_SIDE,M15,1.14193,0.00031999999999987594,0.9419265997569704,0.9345088161209067,False,1,CONFIRMED,BEARISH,-0.0009100000000001884,NO_DISPLACEMENT
13216,2026-07-15 00:00:00+00:00,M15:BUY_SIDE:13208,BUY_SIDE,M15,1.14262,0.00017000000000000348,1.7632400506037935,0.048322560787934746,True,1,CONFIRMED,NEUTRAL,0.00042000000000008697,NO_DISPLACEMENT
13216,2026-07-15 00:00:00+00:00,M15:SELL_SIDE:13212,SELL_SIDE,M15,1.14183,7.999999999985796e-05,1.7632400506037935,0.048322560787934746,True,1,CONFIRMED,NEUTRAL,0.00042000000000008697,NO_DISPLACEMENT
13220,2026-07-15 01:00:00+00:00,M15:SELL_SIDE:13216,SELL_SIDE,M15,1.14175,2.0000000000131024e-05,1.079237692321919,0.36946126872808416,True,1,CONFIRMED,NEUTRAL,-0.00036999999999998145,NO_DISPLACEMENT
13229,2026-07-15 03:15:00+00:00,M15:BUY_SIDE:13203,BUY_SIDE,M15,1.14284,0.00019999999999997797,1.1836208819833325,0.7438819353633477,False,1,CONFIRMED,NEUTRAL,0.001000000000000112,NO_DISPLACEMENT
13229,2026-07-15 03:15:00+00:00,M15:BUY_SIDE:13216,BUY_SIDE,M15,1.14279,0.0002500000000000835,1.1836208819833325,0.7438819353633477,False,1,CONFIRMED,NEUTRAL,0.001000000000000112,NO_DISPLACEMENT
13232,2026-07-15 04:00:00+00:00,M15:BUY_SIDE:13198,BUY_SIDE,M15,1.14345,0.00011999999999989797,0.7940540258110608,1.229929851909587,False,2,CONFIRMED,NEUTRAL,0.0014199999999999768,NO_DISPLACEMENT
13236,2026-07-15 05:00:00+00:00,M15:BUY_SIDE:13233,BUY_SIDE,M15,1.14376,0.00016999999999978144,1.2510738311604406,0.8736160434510132,True,1,CONFIRMED,NEUTRAL,0.001180000000000181,NO_DISPLACEMENT
13250,2026-07-15 08:30:00+00:00,M15:BUY_SIDE:13246,BUY_SIDE,M15,1.14409,9.999999999843467e-06,1.0174604387487034,1.0176144942123804,False,1,CONFIRMED,NEUTRAL,0.00034000000000000696,NO_DISPLACEMENT
13251,2026-07-15 08:45:00+00:00,M15:BUY_SIDE:13240,BUY_SIDE,M15,1.14425,8.000000000008001e-05,0.8147073088981724,0.9627942293090357,True,1,CONFIRMED,NEUTRAL,0.000560000000000116,NO_DISPLACEMENT
13255,2026-07-15 09:45:00+00:00,M15:SELL_SIDE:13235,SELL_SIDE,M15,1.14326,0.00045999999999990493,2.541889753463596,2.2794229309035687,False,-1,WEAK,BULLISH,-0.001060000000000061,NO_DISPLACEMENT
13255,2026-07-15 09:45:00+00:00,M15:SELL_SIDE:13241,SELL_SIDE,M15,1.14334,0.0005399999999999849,2.541889753463596,2.2794229309035687,False,-1,WEAK,BULLISH,-0.001060000000000061,NO_DISPLACEMENT
13255,2026-07-15 09:45:00+00:00,M15:SELL_SIDE:13248,SELL_SIDE,M15,1.14352,0.0007200000000000539,2.541889753463596,2.2794229309035687,False,-1,WEAK,BULLISH,-0.001060000000000061,NO_DISPLACEMENT
13266,2026-07-15 12:30:00+00:00,M15:SELL_SIDE:13257,SELL_SIDE,M15,1.14198,0.00018999999999991246,1.0424799376131626,1.2167376597344024,True,-1,CONFIRMED,BEARISH,-0.0009399999999999409,NO_DISPLACEMENT
13267,2026-07-15 12:45:00+00:00,M15:SELL_SIDE:13220,SELL_SIDE,M15,1.14173,7.999999999985796e-05,1.2367252502589943,1.47177319074857,False,-1,WEAK,BEARISH,-0.0005500000000000504,NO_DISPLACEMENT
13268,2026-07-15 13:00:00+00:00,M15:SELL_SIDE:13206,SELL_SIDE,M15,1.14161,0.00025999999999992696,0.982194487891189,1.388767323121809,False,-1,WEAK,BEARISH,-0.0009100000000001884,NO_DISPLACEMENT
13275,2026-07-15 14:45:00+00:00,M15:SELL_SIDE:13270,SELL_SIDE,M15,1.14106,5.999999999994898e-05,1.236930860438121,1.9932102694674305,True,2,CONFIRMED,BEARISH,-0.0010099999999999554,NO_DISPLACEMENT
13278,2026-07-15 15:30:00+00:00,M15:BUY_SIDE:13272,BUY_SIDE,M15,1.14196,0.0005799999999998029,2.123210645158,2.2831600831600833,False,-1,WEAK,BEARISH,0.0010200000000000209,NO_DISPLACEMENT
13279,2026-07-15 15:45:00+00:00,M15:BUY_SIDE:13260,BUY_SIDE,M15,1.14277,0.00025999999999992696,1.040647841642327,1.9971567831031682,False,1,CONFIRMED,BEARISH,0.0015199999999999658,NO_DISPLACEMENT
13283,2026-07-15 16:45:00+00:00,M15:BUY_SIDE:13280,BUY_SIDE,M15,1.14339,0.000180000000000069,1.689480048591768,2.160327677004096,True,1,CONFIRMED,BULLISH,0.0014199999999999768,NO_DISPLACEMENT
13286,2026-07-15 17:30:00+00:00,M15:BUY_SIDE:13283,BUY_SIDE,M15,1.14357,0.00038000000000004697,1.151346055006064,2.097069255180138,False,-1,WEAK,BULLISH,0.002950000000000008,NO_DISPLACEMENT
13295,2026-07-15 19:45:00+00:00,M15:BUY_SIDE:13288,BUY_SIDE,M15,1.14416,7.00000000000145e-05,1.2033416320306776,1.383364027010436,False,-1,WEAK,BULLISH,0.0009900000000000464,NO_DISPLACEMENT
13296,2026-07-15 20:00:00+00:00,H4:BUY_SIDE:962,BUY_SIDE,H4,1.14438,0.0006500000000000394,1.270153273192531,1.126037959667853,False,-1,WEAK,BULLISH,0.001100000000000101,NO_DISPLACEMENT
13298,2026-07-15 20:30:00+00:00,H4:BUY_SIDE:957,BUY_SIDE,H4,1.14625,0.0008500000000000174,2.1197300455109693,1.3836513813728282,False,-1,WEAK,BULLISH,0.0034799999999999276,NO_DISPLACEMENT
13298,2026-07-15 20:30:00+00:00,M15:BUY_SIDE:13188,BUY_SIDE,M15,1.14591,0.0011900000000000244,2.1197300455109693,1.3836513813728282,False,-1,WEAK,BULLISH,0.0034799999999999276,NO_DISPLACEMENT
13299,2026-07-15 20:45:00+00:00,H4:BUY_SIDE:909,BUY_SIDE,H4,1.14729,0.00019999999999997797,1.1058453031528634,1.0854936569222284,False,-1,WEAK,BULLISH,0.0033799999999999386,NO_DISPLACEMENT
13299,2026-07-15 20:45:00+00:00,M15:BUY_SIDE:11600,BUY_SIDE,M15,1.14738,0.00010999999999983245,1.1058453031528634,1.0854936569222284,True,1,CONFIRMED,BULLISH,0.0033799999999999386,NO_DISPLACEMENT
13302,2026-07-15 21:30:00+00:00,H4:BUY_SIDE:857,BUY_SIDE,H4,1.14809,0.00017999999999984695,1.3032764808020862,0.6944291230005516,True,1,CONFIRMED,BULLISH,0.003889999999999949,NO_DISPLACEMENT
13320,2026-07-16 02:00:00+00:00,M15:BUY_SIDE:13312,BUY_SIDE,M15,1.14685,5.0000000000105516e-05,0.5205821954385141,0.20297619047619048,False,-1,WEAK,NEUTRAL,0.0006099999999999994,NO_DISPLACEMENT
13320,2026-07-16 02:00:00+00:00,M15:BUY_SIDE:13316,BUY_SIDE,M15,1.14682,8.000000000008001e-05,0.5205821954385141,0.20297619047619048,False,-1,WEAK,NEUTRAL,0.0006099999999999994,NO_DISPLACEMENT
13327,2026-07-16 03:45:00+00:00,M15:BUY_SIDE:13324,BUY_SIDE,M15,1.14741,5.999999999994898e-05,1.6972635138551595,1.263371277093404,True,1,CONFIRMED,BULLISH,0.0006399999999999739,NO_DISPLACEMENT
13330,2026-07-16 04:30:00+00:00,M15:SELL_SIDE:13327,SELL_SIDE,M15,1.14672,0.00019999999999997797,1.2523885672273645,1.005103900838498,False,-1,WEAK,BULLISH,-0.00018999999999991246,NO_DISPLACEMENT
13332,2026-07-16 05:00:00+00:00,M15:SELL_SIDE:13308,SELL_SIDE,M15,1.14608,4.999999999988347e-05,1.3115268329088683,0.7667342799188641,False,1,CONFIRMED,BULLISH,-0.0009699999999999154,NO_DISPLACEMENT
13332,2026-07-16 05:00:00+00:00,M15:SELL_SIDE:13313,SELL_SIDE,M15,1.14615,0.00011999999999989797,1.3115268329088683,0.7667342799188641,False,1,CONFIRMED,BULLISH,-0.0009699999999999154,NO_DISPLACEMENT
13332,2026-07-16 05:00:00+00:00,M15:SELL_SIDE:13319,SELL_SIDE,M15,1.1465,0.00046999999999997044,1.3115268329088683,0.7667342799188641,False,-1,WEAK,BULLISH,-0.0009699999999999154,NO_DISPLACEMENT
13347,2026-07-16 08:45:00+00:00,M15:SELL_SIDE:13341,SELL_SIDE,M15,1.1463,8.000000000008001e-05,1.4438096667940348,1.3645890788747932,True,1,CONFIRMED,NEUTRAL,-0.000460000000000127,NO_DISPLACEMENT
13348,2026-07-16 09:00:00+00:00,M15:BUY_SIDE:13338,BUY_SIDE,M15,1.1469,4.0000000000040004e-05,1.6946576584716444,1.9547710976282404,False,1,CONFIRMED,NEUTRAL,0.00021000000000004349,NO_DISPLACEMENT
13351,2026-07-16 09:45:00+00:00,M15:BUY_SIDE:13348,BUY_SIDE,M15,1.14694,0.00015999999999993797,1.2884207367746674,1.5570876999448429,True,1,CONFIRMED,NEUTRAL,0.0005500000000000504,NO_DISPLACEMENT
13355,2026-07-16 10:45:00+00:00,M15:BUY_SIDE:13305,BUY_SIDE,M15,1.14747,0.000180000000000069,1.9022118795717622,1.8284611141754,True,1,CONFIRMED,NEUTRAL,0.00024999999999986144,NO_DISPLACEMENT
13362,2026-07-16 12:30:00+00:00,M15:SELL_SIDE:13347,SELL_SIDE,M15,1.14622,0.00017000000000000348,1.1415607339899407,1.362553596950929,True,1,CONFIRMED,BULLISH,-0.000300000000000189,NO_DISPLACEMENT
13362,2026-07-16 12:30:00+00:00,M15:SELL_SIDE:13357,SELL_SIDE,M15,1.14625,0.00019999999999997797,1.1415607339899407,1.362553596950929,True,1,CONFIRMED,BULLISH,-0.000300000000000189,NO_DISPLACEMENT
13367,2026-07-16 13:45:00+00:00,M15:SELL_SIDE:13333,SELL_SIDE,M15,1.14601,8.000000000008001e-05,1.6608959892963706,1.1187703772706101,False,1,CONFIRMED,BEARISH,-0.0005299999999999194,NO_DISPLACEMENT
13367,2026-07-16 13:45:00+00:00,M15:SELL_SIDE:13362,SELL_SIDE,M15,1.14605,0.00012000000000012001,1.6608959892963706,1.1187703772706101,False,1,CONFIRMED,BEARISH,-0.0005299999999999194,NO_DISPLACEMENT
13371,2026-07-16 14:45:00+00:00,M15:BUY_SIDE:13365,BUY_SIDE,M15,1.14685,5.0000000000105516e-05,2.509093981840327,2.161477345930857,False,1,CONFIRMED,BEARISH,0.0005300000000001415,NO_DISPLACEMENT
13374,2026-07-16 15:30:00+00:00,M15:SELL_SIDE:13371,SELL_SIDE,M15,1.14564,0.0005299999999999194,2.3988938673873066,2.2534504391468007,False,3,CONFIRMED,NEUTRAL,-0.0013100000000001444,NO_DISPLACEMENT
13382,2026-07-16 17:30:00+00:00,M15:SELL_SIDE:13376,SELL_SIDE,M15,1.14444,0.00020999999999982144,1.4867245300548344,1.5776090411442698,True,-1,CONFIRMED,BEARISH,-0.0020000000000000018,NO_DISPLACEMENT
13389,2026-07-16 19:15:00+00:00,M15:SELL_SIDE:13384,SELL_SIDE,M15,1.14365,9.999999999998899e-05,1.168079319507036,1.2238103245333782,False,1,CONFIRMED,BEARISH,-0.0013499999999999623,NO_DISPLACEMENT
13400,2026-07-16 22:00:00+00:00,M15:BUY_SIDE:13397,BUY_SIDE,M15,1.14393,7.00000000000145e-05,0.5822557277445307,0.7673483656703374,True,1,CONFIRMED,BEARISH,4.0000000000040004e-05,NO_DISPLACEMENT
13403,2026-07-16 22:45:00+00:00,M15:BUY_SIDE:13400,BUY_SIDE,M15,1.144,0.000180000000000069,1.0545568849606612,0.8333333333333334,False,2,CONFIRMED,BULLISH,0.0005399999999999849,NO_DISPLACEMENT
13412,2026-07-17 01:00:00+00:00,M15:BUY_SIDE:13407,BUY_SIDE,M15,1.14446,4.999999999988347e-05,0.7006974792204348,0.25895765472312704,True,1,CONFIRMED,BULLISH,0.000700000000000145,NO_DISPLACEMENT
13417,2026-07-17 02:15:00+00:00,M15:BUY_SIDE:13412,BUY_SIDE,M15,1.14451,5.0000000000105516e-05,0.6332221897140342,0.18037459283387622,True,3,CONFIRMED,BULLISH,0.00021000000000004349,NO_DISPLACEMENT
13421,2026-07-17 03:15:00+00:00,M15:SELL_SIDE:13415,SELL_SIDE,M15,1.14422,5.0000000000105516e-05,1.478819346200318,0.9309819290224254,False,2,CONFIRMED,BULLISH,-9.999999999998899e-05,NO_DISPLACEMENT
13423,2026-07-17 03:45:00+00:00,M15:BUY_SIDE:13418,BUY_SIDE,M15,1.14467,2.999999999997449e-05,1.8945949545688268,1.0905387052965143,False,1,CONFIRMED,BULLISH,0.00029999999999996696,NO_DISPLACEMENT
13427,2026-07-17 04:45:00+00:00,M15:SELL_SIDE:13422,SELL_SIDE,M15,1.14412,0.0003900000000001125,1.7887035980698027,1.0617397291714483,False,-1,WEAK,NEUTRAL,-0.0005800000000000249,NO_DISPLACEMENT
13430,2026-07-17 05:30:00+00:00,M15:SELL_SIDE:13427,SELL_SIDE,M15,1.14373,7.00000000000145e-05,1.0970291538391,0.9501187648456056,True,2,CONFIRMED,NEUTRAL,-0.0006299999999999084,NO_DISPLACEMENT
13439,2026-07-17 07:45:00+00:00,M15:SELL_SIDE:13434,SELL_SIDE,M15,1.14358,0.00012999999999996348,1.140139924186169,0.9105969722936303,True,1,CONFIRMED,NEUTRAL,-0.00029999999999996696,NO_DISPLACEMENT
13445,2026-07-17 09:15:00+00:00,M15:BUY_SIDE:13387,BUY_SIDE,M15,1.14497,0.00015999999999993797,1.5287291638804326,1.4264495858326192,True,1,CONFIRMED,NEUTRAL,0.0009099999999999664,NO_DISPLACEMENT
13445,2026-07-17 09:15:00+00:00,M15:BUY_SIDE:13424,BUY_SIDE,M15,1.14482,0.00031000000000003247,1.5287291638804326,1.4264495858326192,False,-1,WEAK,NEUTRAL,0.0009099999999999664,NO_DISPLACEMENT
13452,2026-07-17 11:00:00+00:00,M15:SELL_SIDE:13449,SELL_SIDE,M15,1.14442,0.00041000000000002146,1.796353605628574,1.752365930599369,False,-1,WEAK,BULLISH,-7.999999999985796e-05,NO_DISPLACEMENT
13461,2026-07-17 13:15:00+00:00,M15:SELL_SIDE:13401,SELL_SIDE,M15,1.14343,0.00031000000000003247,1.8989725081032454,1.309767441860465,False,-1,WEAK,NEUTRAL,-0.0012400000000001299,NO_DISPLACEMENT
13461,2026-07-17 13:15:00+00:00,M15:SELL_SIDE:13439,SELL_SIDE,M15,1.14345,0.0003300000000001635,1.8989725081032454,1.309767441860465,False,-1,WEAK,NEUTRAL,-0.0012400000000001299,NO_DISPLACEMENT
13461,2026-07-17 13:15:00+00:00,M15:SELL_SIDE:13453,SELL_SIDE,M15,1.14357,0.00045000000000006146,1.8989725081032454,1.309767441860465,False,-1,WEAK,NEUTRAL,-0.0012400000000001299,NO_DISPLACEMENT
13462,2026-07-17 13:30:00+00:00,H4:SELL_SIDE:971,SELL_SIDE,H4,1.14311,2.999999999997449e-05,0.6500313695694901,1.110907003444317,True,-1,CONFIRMED,NEUTRAL,-0.0008300000000001084,NO_DISPLACEMENT
13463,2026-07-17 13:45:00+00:00,M15:SELL_SIDE:13292,SELL_SIDE,M15,1.14302,0.00039999999999995595,1.438557224403964,1.3726986977997306,False,2,CONFIRMED,NEUTRAL,-0.0013300000000000534,NO_DISPLACEMENT
13473,2026-07-17 16:15:00+00:00,M15:SELL_SIDE:13464,SELL_SIDE,M15,1.14245,1.0000000000065512e-05,1.0420715452100773,1.5627942007154962,True,1,CONFIRMED,BEARISH,-0.00015999999999993797,NO_DISPLACEMENT
13475,2026-07-17 16:45:00+00:00,M15:BUY_SIDE:13466,BUY_SIDE,M15,1.14362,5.999999999994898e-05,1.1843189743235716,1.9305375946794754,True,2,CONFIRMED,BEARISH,0.000560000000000116,NO_DISPLACEMENT
13489,2026-07-17 20:15:00+00:00,M15:SELL_SIDE:13484,SELL_SIDE,M15,1.1434,7.00000000000145e-05,0.5861299545323522,0.7864125932062966,True,2,CONFIRMED,NEUTRAL,-0.00039999999999995595,NO_DISPLACEMENT
13498,2026-07-17 22:30:00+00:00,M15:BUY_SIDE:13493,BUY_SIDE,M15,1.14375,0.00015999999999993797,1.336539766802653,0.6816112084063047,False,-1,WEAK,NEUTRAL,0.00034000000000000696,NO_DISPLACEMENT
13500,2026-07-17 23:00:00+00:00,M15:BUY_SIDE:13485,BUY_SIDE,M15,1.14417,9.000000000014552e-05,0.9059468888128818,0.5492119089316988,True,1,CONFIRMED,NEUTRAL,0.0005100000000000104,NO_DISPLACEMENT
13504,2026-07-20 00:00:00+00:00,M15:SELL_SIDE:13489,SELL_SIDE,M15,1.14333,0.0007999999999999119,1.0977611115754498,0.028067650233897085,False,-1,WEAK,BULLISH,-0.000640000000000196,NO_DISPLACEMENT
13504,2026-07-20 00:00:00+00:00,M15:SELL_SIDE:13492,SELL_SIDE,M15,1.14336,0.0008299999999998864,1.0977611115754498,0.028067650233897085,False,-1,WEAK,BULLISH,-0.000640000000000196,NO_DISPLACEMENT
13504,2026-07-20 00:00:00+00:00,M15:SELL_SIDE:13501,SELL_SIDE,M15,1.14362,0.0010900000000000354,1.0977611115754498,0.028067650233897085,False,-1,WEAK,BULLISH,-0.000640000000000196,NO_DISPLACEMENT
13508,2026-07-20 01:00:00+00:00,M15:SELL_SIDE:13504,SELL_SIDE,M15,1.14253,7.00000000000145e-05,1.5192091357939825,0.7039043526994209,True,1,CONFIRMED,BEARISH,-0.0008399999999999519,NO_DISPLACEMENT
13513,2026-07-20 02:15:00+00:00,M15:SELL_SIDE:13473,SELL_SIDE,M15,1.14244,6.999999999979245e-05,0.5841320432211538,0.4299835255354201,True,1,CONFIRMED,BEARISH,-0.0012799999999999478,NO_DISPLACEMENT
13513,2026-07-20 02:15:00+00:00,M15:SELL_SIDE:13508,SELL_SIDE,M15,1.14246,8.999999999992347e-05,0.5841320432211538,0.4299835255354201,True,1,CONFIRMED,BEARISH,-0.0012799999999999478,NO_DISPLACEMENT
13517,2026-07-20 03:15:00+00:00,M15:BUY_SIDE:13506,BUY_SIDE,M15,1.14316,0.000140000000000029,0.8979368486599285,1.1272405399424652,False,-1,WEAK,BEARISH,0.000300000000000189,NO_DISPLACEMENT
13526,2026-07-20 05:30:00+00:00,M15:BUY_SIDE:13500,BUY_SIDE,M15,1.14426,4.0000000000040004e-05,1.38037870613402,1.120837297811608,True,1,CONFIRMED,NEUTRAL,0.0011099999999999444,NO_DISPLACEMENT
13533,2026-07-20 07:15:00+00:00,M15:BUY_SIDE:13481,BUY_SIDE,M15,1.14446,1.999999999990898e-05,0.7870628793187797,0.6144167758846658,False,2,CONFIRMED,BULLISH,0.0008600000000000829,NO_DISPLACEMENT
13533,2026-07-20 07:15:00+00:00,M15:BUY_SIDE:13526,BUY_SIDE,M15,1.1443,0.00017999999999984695,0.7870628793187797,0.6144167758846658,False,-1,WEAK,BULLISH,0.0008600000000000829,NO_DISPLACEMENT
13546,2026-07-20 10:30:00+00:00,M15:BUY_SIDE:13534,BUY_SIDE,M15,1.14452,0.00045000000000006146,1.9550980041684245,2.2660921088068946,False,1,CONFIRMED,BULLISH,0.00048000000000003595,NO_DISPLACEMENT
13552,2026-07-20 12:00:00+00:00,M15:SELL_SIDE:13542,SELL_SIDE,M15,1.14341,9.999999999998899e-05,1.4738204657990466,1.16454380036392,True,-1,CONFIRMED,BULLISH,-0.00012999999999996348,NO_DISPLACEMENT
13553,2026-07-20 12:15:00+00:00,M15:SELL_SIDE:13521,SELL_SIDE,M15,1.14314,9.000000000014552e-05,1.0772517450518897,1.0387314790746036,False,1,CONFIRMED,BULLISH,-0.00045000000000006146,NO_DISPLACEMENT
13562,2026-07-20 14:30:00+00:00,M15:BUY_SIDE:13558,BUY_SIDE,M15,1.14363,0.00042000000000008697,1.5533415732500286,2.6015992474129823,True,1,CONFIRMED,NEUTRAL,7.00000000000145e-05,NO_DISPLACEMENT
13563,2026-07-20 14:45:00+00:00,M15:SELL_SIDE:13560,SELL_SIDE,M15,1.14285,3.999999999981796e-05,1.4942810155343556,1.4125,True,-1,CONFIRMED,NEUTRAL,-0.00012999999999996348,NO_DISPLACEMENT
13564,2026-07-20 15:00:00+00:00,H4:SELL_SIDE:978,SELL_SIDE,H4,1.14237,0.0002700000000002145,1.7929024930235133,1.7773224043715847,False,3,CONFIRMED,BULLISH,-0.0009300000000000974,NO_DISPLACEMENT
13564,2026-07-20 15:00:00+00:00,M15:SELL_SIDE:13281,SELL_SIDE,M15,1.14235,0.0002500000000000835,1.7929024930235133,1.7773224043715847,False,3,CONFIRMED,BULLISH,-0.0009300000000000974,NO_DISPLACEMENT
13564,2026-07-20 15:00:00+00:00,M15:SELL_SIDE:13555,SELL_SIDE,M15,1.14273,0.0006300000000001305,1.7929024930235133,1.7773224043715847,False,-1,WEAK,BULLISH,-0.0009300000000000974,NO_DISPLACEMENT
13570,2026-07-20 16:30:00+00:00,M15:SELL_SIDE:13566,SELL_SIDE,M15,1.14169,0.0002500000000000835,1.0434250475379234,1.7940140845070423,False,-1,WEAK,BEARISH,-0.0015399999999998748,NO_DISPLACEMENT
13575,2026-07-20 17:45:00+00:00,H4:SELL_SIDE:963,SELL_SIDE,H4,1.1406,0.000360000000000138,1.4099964984937416,1.657921916959306,True,1,CONFIRMED,BEARISH,-0.0012499999999999734,NO_DISPLACEMENT
13588,2026-07-20 21:00:00+00:00,M15:BUY_SIDE:13585,BUY_SIDE,M15,1.14156,0.00013000000000018552,0.6479567215939832,0.6206517759062614,False,2,CONFIRMED,NEUTRAL,0.0008600000000000829,NO_DISPLACEMENT
13589,2026-07-20 21:15:00+00:00,M15:BUY_SIDE:13581,BUY_SIDE,M15,1.14172,0.00017999999999984695,0.6010570486771114,0.6642255584035152,False,1,CONFIRMED,NEUTRAL,0.0005900000000000905,NO_DISPLACEMENT
13597,2026-07-20 23:15:00+00:00,M15:SELL_SIDE:13591,SELL_SIDE,M15,1.14131,5.0000000000105516e-05,0.6177461990542532,0.3413375669775749,True,1,CONFIRMED,NEUTRAL,7.00000000000145e-05,NO_DISPLACEMENT
13600,2026-07-21 00:00:00+00:00,M15:SELL_SIDE:13597,SELL_SIDE,M15,1.14126,4.0000000000040004e-05,1.2879550031344449,0.08340573414422242,True,1,CONFIRMED,BEARISH,0.00021999999999988695,NO_DISPLACEMENT
13612,2026-07-21 03:00:00+00:00,M15:BUY_SIDE:13594,BUY_SIDE,M15,1.14182,2.999999999997449e-05,1.2463812701800876,1.0908239700374531,True,1,CONFIRMED,BEARISH,0.0003900000000001125,NO_DISPLACEMENT
13612,2026-07-21 03:00:00+00:00,M15:BUY_SIDE:13600,BUY_SIDE,M15,1.1417,0.0001500000000000945,1.2463812701800876,1.0908239700374531,True,1,CONFIRMED,BEARISH,0.0003900000000001125,NO_DISPLACEMENT
13623,2026-07-21 05:45:00+00:00,M15:SELL_SIDE:13614,SELL_SIDE,M15,1.14115,0.0001100000000000545,1.0573564315977306,0.7027818448023426,False,3,CONFIRMED,NEUTRAL,-0.00018999999999991246,NO_DISPLACEMENT
13624,2026-07-21 06:00:00+00:00,M15:SELL_SIDE:13604,SELL_SIDE,M15,1.14101,0.00012000000000012001,1.30762522051985,0.7742908871454436,False,1,CONFIRMED,NEUTRAL,-0.00045999999999990493,NO_DISPLACEMENT
13630,2026-07-21 07:30:00+00:00,M15:BUY_SIDE:13617,BUY_SIDE,M15,1.14168,1.0000000000065512e-05,0.8377144433953958,0.8030672708260718,True,2,CONFIRMED,BEARISH,0.00014999999999987246,NO_DISPLACEMENT
13630,2026-07-21 07:30:00+00:00,M15:BUY_SIDE:13621,BUY_SIDE,M15,1.14164,5.0000000000105516e-05,0.8377144433953958,0.8030672708260718,False,2,CONFIRMED,BEARISH,0.00014999999999987246,NO_DISPLACEMENT
13632,2026-07-21 08:00:00+00:00,M15:BUY_SIDE:13589,BUY_SIDE,M15,1.1419,4.0000000000040004e-05,1.302564565712466,1.1124598357729383,True,1,CONFIRMED,BEARISH,0.00025999999999992696,NO_DISPLACEMENT
13632,2026-07-21 08:00:00+00:00,M15:BUY_SIDE:13612,BUY_SIDE,M15,1.14185,8.999999999992347e-05,1.302564565712466,1.1124598357729383,True,1,CONFIRMED,BEARISH,0.00025999999999992696,NO_DISPLACEMENT
13637,2026-07-21 09:15:00+00:00,M15:BUY_SIDE:13634,BUY_SIDE,M15,1.14219,1.999999999990898e-05,1.1010929724817022,1.4122839279146746,True,2,CONFIRMED,NEUTRAL,0.0007500000000000284,NO_DISPLACEMENT
13646,2026-07-21 11:30:00+00:00,M15:SELL_SIDE:13643,SELL_SIDE,M15,1.14206,0.0002300000000001745,1.4625312238218102,1.6493506493506493,True,1,CONFIRMED,BULLISH,0.00041000000000002146,NO_DISPLACEMENT
13650,2026-07-21 12:30:00+00:00,M15:BUY_SIDE:13567,BUY_SIDE,M15,1.14281,5.999999999994898e-05,2.1804250847524034,1.5138121546961325,True,1,CONFIRMED,BEARISH,0.00012999999999996348,NO_DISPLACEMENT
13650,2026-07-21 12:30:00+00:00,M15:BUY_SIDE:13641,BUY_SIDE,M15,1.14277,9.999999999998899e-05,2.1804250847524034,1.5138121546961325,True,1,CONFIRMED,BEARISH,0.00012999999999996348,NO_DISPLACEMENT
13650,2026-07-21 12:30:00+00:00,M15:BUY_SIDE:13645,BUY_SIDE,M15,1.14263,0.00024000000000001798,2.1804250847524034,1.5138121546961325,True,1,CONFIRMED,BEARISH,0.00012999999999996348,NO_DISPLACEMENT
13655,2026-07-21 13:45:00+00:00,M15:SELL_SIDE:13650,SELL_SIDE,M15,1.14202,2.0000000000131024e-05,1.1803883715121963,1.265028750653424,True,2,CONFIRMED,BULLISH,-0.00023999999999979593,NO_DISPLACEMENT
13656,2026-07-21 14:00:00+00:00,M15:SELL_SIDE:13646,SELL_SIDE,M15,1.14183,0.00018999999999991246,1.1875917731126069,1.8250455610518095,True,1,CONFIRMED,NEUTRAL,-0.00034000000000000696,NO_DISPLACEMENT
13660,2026-07-21 15:00:00+00:00,M15:SELL_SIDE:13656,SELL_SIDE,M15,1.14164,2.999999999997449e-05,1.096082200497854,1.19539641943734,True,3,CONFIRMED,BEARISH,-0.0006399999999999739,NO_DISPLACEMENT
13665,2026-07-21 16:15:00+00:00,M15:SELL_SIDE:13662,SELL_SIDE,M15,1.14133,0.00038000000000004697,1.6557994022788942,1.2566371681415929,False,3,CONFIRMED,BEARISH,-0.0009500000000000064,NO_DISPLACEMENT
13666,2026-07-21 16:30:00+00:00,H4:SELL_SIDE:985,SELL_SIDE,H4,1.14089,0.00034999999999985043,1.7924191470187665,2.1784439685938617,False,1,CONFIRMED,BEARISH,-0.0013600000000000279,NO_DISPLACEMENT
13666,2026-07-21 16:30:00+00:00,M15:SELL_SIDE:13582,SELL_SIDE,M15,1.14075,0.00020999999999982144,1.7924191470187665,2.1784439685938617,False,1,CONFIRMED,BEARISH,-0.0013600000000000279,NO_DISPLACEMENT
13670,2026-07-21 17:30:00+00:00,M15:SELL_SIDE:13666,SELL_SIDE,M15,1.14054,0.00017000000000000348,1.360212480286254,1.6167310752443738,True,1,CONFIRMED,BEARISH,-0.0009200000000000319,NO_DISPLACEMENT
13684,2026-07-21 21:00:00+00:00,H4:SELL_SIDE:982,SELL_SIDE,H4,1.14024,0.00012999999999996348,1.3752573794693443,1.0031989763275753,False,1,CONFIRMED,NEUTRAL,-0.00041000000000002146,NO_DISPLACEMENT
13684,2026-07-21 21:00:00+00:00,M15:SELL_SIDE:13675,SELL_SIDE,M15,1.14038,0.00026999999999999247,1.3752573794693443,1.0031989763275753,False,-1,WEAK,NEUTRAL,-0.00041000000000002146,NO_DISPLACEMENT
13693,2026-07-21 23:15:00+00:00,M15:SELL_SIDE:13690,SELL_SIDE,M15,1.14002,8.000000000008001e-05,0.5744066998038472,0.33825869515799045,True,1,CONFIRMED,NEUTRAL,-0.000600000000000156,NO_DISPLACEMENT
13695,2026-07-21 23:45:00+00:00,M15:SELL_SIDE:13685,SELL_SIDE,M15,1.13986,0.000140000000000029,1.141434658483571,0.6008519168128289,False,3,CONFIRMED,NEUTRAL,-0.0004899999999998794,NO_DISPLACEMENT
13707,2026-07-22 02:45:00+00:00,M15:BUY_SIDE:13698,BUY_SIDE,M15,1.14015,0.0001100000000000545,1.0494532908202114,0.49031067363888037,False,-1,WEAK,NEUTRAL,0.0005100000000000104,NO_DISPLACEMENT
13709,2026-07-22 03:15:00+00:00,M15:BUY_SIDE:13688,BUY_SIDE,M15,1.14042,0.00031000000000003247,1.43955394048669,1.424792371577976,False,1,CONFIRMED,NEUTRAL,0.000600000000000156,NO_DISPLACEMENT
13714,2026-07-22 04:30:00+00:00,M15:SELL_SIDE:13711,SELL_SIDE,M15,1.14016,0.00029999999999996696,1.698620244777781,1.3526570048309179,False,1,CONFIRMED,BULLISH,0.00018999999999991246,NO_DISPLACEMENT
13717,2026-07-22 05:15:00+00:00,M15:BUY_SIDE:13709,BUY_SIDE,M15,1.14073,0.00029999999999996696,1.9031942655522176,1.0056384742951907,False,1,CONFIRMED,NEUTRAL,0.0005699999999999594,NO_DISPLACEMENT
13732,2026-07-22 09:00:00+00:00,M15:BUY_SIDE:13673,BUY_SIDE,M15,1.14116,0.00022999999999995246,1.7445746144045857,1.7919882396177875,True,1,CONFIRMED,NEUTRAL,0.0004900000000001015,NO_DISPLACEMENT
13732,2026-07-22 09:00:00+00:00,M15:BUY_SIDE:13678,BUY_SIDE,M15,1.14109,0.00029999999999996696,1.7445746144045857,1.7919882396177875,False,1,CONFIRMED,NEUTRAL,0.0004900000000001015,NO_DISPLACEMENT
13732,2026-07-22 09:00:00+00:00,M15:BUY_SIDE:13717,BUY_SIDE,M15,1.14103,0.00035999999999991594,1.7445746144045857,1.7919882396177875,False,1,CONFIRMED,NEUTRAL,0.0004900000000001015,NO_DISPLACEMENT
13732,2026-07-22 09:00:00+00:00,M15:BUY_SIDE:13729,BUY_SIDE,M15,1.14097,0.0004199999999998649,1.7445746144045857,1.7919882396177875,False,1,CONFIRMED,NEUTRAL,0.0004900000000001015,NO_DISPLACEMENT
13737,2026-07-22 10:15:00+00:00,M15:BUY_SIDE:13732,BUY_SIDE,M15,1.14139,0.00012000000000012001,1.2849266815391132,1.7401292175161522,True,1,CONFIRMED,BULLISH,0.000460000000000127,NO_DISPLACEMENT
13738,2026-07-22 10:30:00+00:00,M15:SELL_SIDE:13734,SELL_SIDE,M15,1.14071,0.00014999999999987246,3.14545598779912,2.69562096195262,False,1,CONFIRMED,BULLISH,-0.000140000000000029,NO_DISPLACEMENT
13739,2026-07-22 10:45:00+00:00,M15:SELL_SIDE:13720,SELL_SIDE,M15,1.14042,8.000000000008001e-05,1.8067465809425272,2.057304563141139,True,1,CONFIRMED,BULLISH,0.00021999999999988695,NO_DISPLACEMENT
13739,2026-07-22 10:45:00+00:00,M15:SELL_SIDE:13724,SELL_SIDE,M15,1.14048,0.000140000000000029,1.8067465809425272,2.057304563141139,True,1,CONFIRMED,BULLISH,0.00021999999999988695,NO_DISPLACEMENT
13739,2026-07-22 10:45:00+00:00,M15:SELL_SIDE:13730,SELL_SIDE,M15,1.14054,0.00020000000000020002,1.8067465809425272,2.057304563141139,True,2,CONFIRMED,BULLISH,0.00021999999999988695,NO_DISPLACEMENT
13746,2026-07-22 12:30:00+00:00,M15:BUY_SIDE:13742,BUY_SIDE,M15,1.14126,9.000000000014552e-05,1.1540506009537745,1.671326498912706,True,1,CONFIRMED,BEARISH,-0.0003900000000001125,NO_DISPLACEMENT
13748,2026-07-22 13:00:00+00:00,M15:SELL_SIDE:13739,SELL_SIDE,M15,1.14034,0.00029999999999996696,1.2275377315879625,1.3404434465338197,False,1,CONFIRMED,NEUTRAL,-0.00036999999999998145,NO_DISPLACEMENT
13758,2026-07-22 15:30:00+00:00,M15:BUY_SIDE:13746,BUY_SIDE,M15,1.14135,3.999999999981796e-05,0.9337022136017669,1.2511332728921125,True,1,CONFIRMED,BULLISH,0.0008399999999999519,NO_DISPLACEMENT
13761,2026-07-22 16:15:00+00:00,M15:BUY_SIDE:13758,BUY_SIDE,M15,1.14139,0.00031000000000003247,1.7125956882269573,1.338451414783944,False,2,CONFIRMED,BULLISH,0.0011799999999999589,NO_DISPLACEMENT
13762,2026-07-22 16:30:00+00:00,M15:BUY_SIDE:13668,BUY_SIDE,M15,1.14196,0.00021999999999988695,1.3385184399007988,1.6267635741769988,True,1,CONFIRMED,BULLISH,0.0013300000000000534,NO_DISPLACEMENT
13762,2026-07-22 16:30:00+00:00,M15:BUY_SIDE:13738,BUY_SIDE,M15,1.14185,0.00032999999999994145,1.3385184399007988,1.6267635741769988,True,1,CONFIRMED,BULLISH,0.0013300000000000534,NO_DISPLACEMENT
13770,2026-07-22 18:30:00+00:00,M15:SELL_SIDE:13767,SELL_SIDE,M15,1.14077,2.0000000000131024e-05,1.2382077203426696,1.1092775206278929,True,1,CONFIRMED,NEUTRAL,0.0,NO_DISPLACEMENT
13772,2026-07-22 19:00:00+00:00,M15:BUY_SIDE:13769,BUY_SIDE,M15,1.14141,1.0000000000065512e-05,1.4510672010678527,0.8695652173913043,True,1,CONFIRMED,NEUTRAL,-0.0010499999999999954,NO_DISPLACEMENT
13788,2026-07-22 23:00:00+00:00,M15:BUY_SIDE:13784,BUY_SIDE,M15,1.14125,2.999999999997449e-05,0.6492187624457977,0.7622917513206013,True,1,CONFIRMED,NEUTRAL,0.00017999999999984695,NO_DISPLACEMENT
13792,2026-07-23 00:00:00+00:00,M15:SELL_SIDE:13759,SELL_SIDE,M15,1.14038,1.999999999990898e-05,2.059092161754221,0.05396290050590219,True,1,CONFIRMED,BULLISH,0.0001100000000000545,NO_DISPLACEMENT
13792,2026-07-23 00:00:00+00:00,M15:SELL_SIDE:13773,SELL_SIDE,M15,1.14062,0.00025999999999992696,2.059092161754221,0.05396290050590219,True,1,CONFIRMED,BULLISH,0.0001100000000000545,NO_DISPLACEMENT
13792,2026-07-23 00:00:00+00:00,M15:SELL_SIDE:13778,SELL_SIDE,M15,1.1408,0.00043999999999999595,2.059092161754221,0.05396290050590219,True,1,CONFIRMED,BULLISH,0.0001100000000000545,NO_DISPLACEMENT
13792,2026-07-23 00:00:00+00:00,M15:SELL_SIDE:13787,SELL_SIDE,M15,1.14092,0.0005599999999998939,2.059092161754221,0.05396290050590219,True,-1,CONFIRMED,BULLISH,0.0001100000000000545,NO_DISPLACEMENT
13798,2026-07-23 01:30:00+00:00,M15:SELL_SIDE:13795,SELL_SIDE,M15,1.14069,9.999999999998899e-05,0.7852497706819308,0.5039131532441302,False,1,CONFIRMED,BULLISH,-0.0005199999999998539,NO_DISPLACEMENT
13804,2026-07-23 03:00:00+00:00,M15:BUY_SIDE:13777,BUY_SIDE,M15,1.14128,9.999999999998899e-05,1.0022226675934975,1.175771971496437,True,1,CONFIRMED,NEUTRAL,0.00041000000000002146,NO_DISPLACEMENT
13807,2026-07-23 03:45:00+00:00,M15:BUY_SIDE:13772,BUY_SIDE,M15,1.14142,0.00034999999999985043,2.027475195591318,1.1314465408805032,False,-1,WEAK,NEUTRAL,0.0009500000000000064,NO_DISPLACEMENT
13808,2026-07-23 04:00:00+00:00,M15:BUY_SIDE:13765,BUY_SIDE,M15,1.14186,0.00018999999999991246,1.1674590353565766,1.2993710691823899,True,1,CONFIRMED,NEUTRAL,0.0010999999999998789,NO_DISPLACEMENT
13813,2026-07-23 05:15:00+00:00,M15:BUY_SIDE:13808,BUY_SIDE,M15,1.14205,1.0000000000065512e-05,0.9631807564492311,0.8994910941475827,True,-1,CONFIRMED,BULLISH,0.0008999999999999009,NO_DISPLACEMENT
13814,2026-07-23 05:30:00+00:00,H4:BUY_SIDE:994,BUY_SIDE,H4,1.14218,0.00043999999999999595,1.8905299525051682,1.0674300254452926,False,-1,WEAK,BULLISH,0.0014199999999999768,NO_DISPLACEMENT
13814,2026-07-23 05:30:00+00:00,M15:BUY_SIDE:13658,BUY_SIDE,M15,1.1423,0.00031999999999987594,1.8905299525051682,1.0674300254452926,False,-1,WEAK,BULLISH,0.0014199999999999768,NO_DISPLACEMENT
13816,2026-07-23 06:00:00+00:00,H4:BUY_SIDE:987,BUY_SIDE,H4,1.14287,7.00000000000145e-05,1.7817680768971305,1.1138755980861244,True,-1,CONFIRMED,BULLISH,0.0009999999999998899,NO_DISPLACEMENT
13828,2026-07-23 09:00:00+00:00,M15:SELL_SIDE:13825,SELL_SIDE,M15,1.14286,2.999999999997449e-05,1.329113401724455,1.7367303609341826,True,-1,CONFIRMED,BULLISH,0.00017000000000000348,NO_DISPLACEMENT
13832,2026-07-23 10:00:00+00:00,M15:SELL_SIDE:13817,SELL_SIDE,M15,1.14232,0.00011999999999989797,1.328299576783937,2.480908152734778,True,1,CONFIRMED,NEUTRAL,-0.0004899999999998794,NO_DISPLACEMENT
13835,2026-07-23 10:45:00+00:00,M15:SELL_SIDE:13832,SELL_SIDE,M15,1.1422,0.0002300000000001745,1.4630412527936263,2.3601200400133377,True,-1,CONFIRMED,BEARISH,-0.0006200000000000649,NO_DISPLACEMENT
13837,2026-07-23 11:15:00+00:00,M15:SELL_SIDE:13811,SELL_SIDE,M15,1.1416,1.999999999990898e-05,0.903579924811548,1.7080765488160883,True,-1,CONFIRMED,BEARISH,-0.0012699999999998823,NO_DISPLACEMENT
13845,2026-07-23 13:15:00+00:00,M15:SELL_SIDE:13798,SELL_SIDE,M15,1.14059,1.0000000000065512e-05,1.0767112452069878,1.4110014104372355,True,1,CONFIRMED,BEARISH,-0.0016599999999999948,NO_DISPLACEMENT
13845,2026-07-23 13:15:00+00:00,M15:SELL_SIDE:13838,SELL_SIDE,M15,1.1407,0.00012000000000012001,1.0767112452069878,1.4110014104372355,True,-1,CONFIRMED,BEARISH,-0.0016599999999999948,NO_DISPLACEMENT
13847,2026-07-23 13:45:00+00:00,H4:SELL_SIDE:996,SELL_SIDE,H4,1.14036,5.0000000000105516e-05,1.1636591320078833,1.6501046025104602,True,1,CONFIRMED,BEARISH,-0.0012700000000001044,NO_DISPLACEMENT
13849,2026-07-23 14:15:00+00:00,M15:SELL_SIDE:13704,SELL_SIDE,M15,1.1398,8.999999999992347e-05,1.8689608105239635,1.584243964421855,False,-1,WEAK,BEARISH,-0.0012499999999999734,NO_DISPLACEMENT
13849,2026-07-23 14:15:00+00:00,M15:SELL_SIDE:13714,SELL_SIDE,M15,1.13986,0.0001500000000000945,1.8689608105239635,1.584243964421855,False,-1,WEAK,BEARISH,-0.0012499999999999734,NO_DISPLACEMENT
13849,2026-07-23 14:15:00+00:00,M15:SELL_SIDE:13748,SELL_SIDE,M15,1.14004,0.00032999999999994145,1.8689608105239635,1.584243964421855,False,-1,WEAK,BEARISH,-0.0012499999999999734,NO_DISPLACEMENT
13849,2026-07-23 14:15:00+00:00,M15:SELL_SIDE:13753,SELL_SIDE,M15,1.14024,0.0005299999999999194,1.8689608105239635,1.584243964421855,False,-1,WEAK,BEARISH,-0.0012499999999999734,NO_DISPLACEMENT
13850,2026-07-23 14:30:00+00:00,H4:SELL_SIDE:990,SELL_SIDE,H4,1.13959,0.0012600000000000389,2.7539047033294497,2.3736538943150514,False,-1,WEAK,BEARISH,-0.0023400000000000087,NO_DISPLACEMENT
13850,2026-07-23 14:30:00+00:00,M15:SELL_SIDE:13160,SELL_SIDE,M15,1.1384,7.00000000000145e-05,2.7539047033294497,2.3736538943150514,True,1,CONFIRMED,BEARISH,-0.0023400000000000087,NO_DISPLACEMENT
13850,2026-07-23 14:30:00+00:00,M15:SELL_SIDE:13176,SELL_SIDE,M15,1.13897,0.0006399999999999739,2.7539047033294497,2.3736538943150514,False,1,CONFIRMED,BEARISH,-0.0023400000000000087,NO_DISPLACEMENT
13853,2026-07-23 15:15:00+00:00,M15:SELL_SIDE:13850,SELL_SIDE,M15,1.13833,0.00024000000000001798,2.313681054214678,1.7045454545454546,True,2,CONFIRMED,BEARISH,-0.002829999999999888,NO_DISPLACEMENT
13854,2026-07-23 15:30:00+00:00,H4:SELL_SIDE:953,SELL_SIDE,H4,1.13774,4.999999999988347e-05,1.3235744119044583,1.975,True,1,CONFIRMED,BEARISH,-0.003190000000000026,NO_DISPLACEMENT
13854,2026-07-23 15:30:00+00:00,M15:SELL_SIDE:13133,SELL_SIDE,M15,1.13782,0.00012999999999996348,1.3235744119044583,1.975,True,1,CONFIRMED,BEARISH,-0.003190000000000026,NO_DISPLACEMENT
13856,2026-07-23 16:00:00+00:00,M15:SELL_SIDE:12351,SELL_SIDE,M15,1.13738,0.0005699999999999594,2.3715571527617705,2.2506276150627613,False,1,CONFIRMED,BEARISH,-0.00378999999999996,NO_DISPLACEMENT
13856,2026-07-23 16:00:00+00:00,M15:SELL_SIDE:12366,SELL_SIDE,M15,1.1375,0.0006899999999998574,2.3715571527617705,2.2506276150627613,False,1,CONFIRMED,BEARISH,-0.00378999999999996,NO_DISPLACEMENT
13860,2026-07-23 17:00:00+00:00,M15:SELL_SIDE:13856,SELL_SIDE,M15,1.13681,5.0000000000105516e-05,1.0796452411761452,2.277295660948537,True,1,CONFIRMED,BEARISH,-0.0015700000000000713,NO_DISPLACEMENT
13886,2026-07-23 23:30:00+00:00,M15:BUY_SIDE:13882,BUY_SIDE,M15,1.138,1.0000000000065512e-05,0.7732338134637987,0.2842140921409214,True,1,CONFIRMED,NEUTRAL,0.00034999999999985043,NO_DISPLACEMENT
13888,2026-07-24 00:00:00+00:00,M15:SELL_SIDE:13881,SELL_SIDE,M15,1.13737,7.00000000000145e-05,1.0414039305004033,0.054223149113660066,True,1,CONFIRMED,BULLISH,0.000180000000000069,NO_DISPLACEMENT
13891,2026-07-24 00:45:00+00:00,M15:BUY_SIDE:13886,BUY_SIDE,M15,1.13801,1.0000000000065512e-05,1.3425045415157006,0.08523537803138374,True,1,CONFIRMED,NEUTRAL,-8.000000000008001e-05,NO_DISPLACEMENT
13900,2026-07-24 03:00:00+00:00,M15:BUY_SIDE:13891,BUY_SIDE,M15,1.13802,2.999999999997449e-05,1.5542321644769108,1.3249360362133438,True,1,CONFIRMED,BEARISH,9.000000000014552e-05,NO_DISPLACEMENT
13903,2026-07-24 03:45:00+00:00,M15:BUY_SIDE:13872,BUY_SIDE,M15,1.13811,0.00031000000000003247,2.107858544233,1.0605600173648795,False,-1,WEAK,BULLISH,0.0006299999999999084,NO_DISPLACEMENT
13903,2026-07-24 03:45:00+00:00,M15:BUY_SIDE:13900,BUY_SIDE,M15,1.13805,0.00036999999999998145,2.107858544233,1.0605600173648795,False,-1,WEAK,BULLISH,0.0006299999999999084,NO_DISPLACEMENT
13906,2026-07-24 04:30:00+00:00,M15:BUY_SIDE:13856,BUY_SIDE,M15,1.13864,9.999999999843467e-06,1.2656299428235798,1.0403607666290868,True,1,CONFIRMED,BULLISH,0.0007399999999999629,NO_DISPLACEMENT
13910,2026-07-24 05:30:00+00:00,M15:BUY_SIDE:13907,BUY_SIDE,M15,1.13873,4.0000000000040004e-05,0.9773222367951205,0.6386843397152675,True,1,CONFIRMED,BULLISH,0.0005800000000000249,NO_DISPLACEMENT
13911,2026-07-24 05:45:00+00:00,M15:SELL_SIDE:13906,SELL_SIDE,M15,1.13817,8.999999999992347e-05,1.2339444974627007,1.0095799557848195,False,3,CONFIRMED,BULLISH,0.0001100000000000545,NO_DISPLACEMENT
13919,2026-07-24 07:45:00+00:00,M15:SELL_SIDE:13912,SELL_SIDE,M15,1.13777,9.999999999998899e-05,0.8443233358572554,0.9388458225667528,True,1,CONFIRMED,BEARISH,-0.0005399999999999849,NO_DISPLACEMENT
13923,2026-07-24 08:45:00+00:00,M15:SELL_SIDE:13903,SELL_SIDE,M15,1.13765,1.0000000000065512e-05,1.520403909286852,0.9871244635193133,True,1,CONFIRMED,BEARISH,-0.00012999999999996348,NO_DISPLACEMENT
13925,2026-07-24 09:15:00+00:00,M15:BUY_SIDE:13917,BUY_SIDE,M15,1.13841,0.0002500000000000835,1.9116772016116645,1.3482526057633353,False,1,CONFIRMED,BEARISH,0.00031000000000003247,NO_DISPLACEMENT
13925,2026-07-24 09:15:00+00:00,M15:BUY_SIDE:13922,BUY_SIDE,M15,1.13835,0.00031000000000003247,1.9116772016116645,1.3482526057633353,False,-1,WEAK,BEARISH,0.00031000000000003247,NO_DISPLACEMENT
13928,2026-07-24 10:00:00+00:00,M15:BUY_SIDE:13910,BUY_SIDE,M15,1.13877,0.0008299999999998864,2.402338055325468,2.041692213366033,False,-1,WEAK,BEARISH,0.0016000000000000458,NO_DISPLACEMENT
13943,2026-07-24 13:45:00+00:00,M15:SELL_SIDE:13935,SELL_SIDE,M15,1.13813,4.0000000000040004e-05,1.5027256064287422,1.1519756838905775,True,1,CONFIRMED,NEUTRAL,-0.00045999999999990493,NO_DISPLACEMENT
13946,2026-07-24 14:30:00+00:00,M15:SELL_SIDE:13943,SELL_SIDE,M15,1.13809,0.00026999999999999247,0.9396388929167555,0.9889369889369889,False,-1,WEAK,BEARISH,-0.0005399999999999849,NO_DISPLACEMENT
13947,2026-07-24 14:45:00+00:00,M15:SELL_SIDE:13888,SELL_SIDE,M15,1.1373,0.000180000000000069,1.8660451550297454,1.715841818612361,True,1,CONFIRMED,BEARISH,-0.0012300000000000644,NO_DISPLACEMENT
13947,2026-07-24 14:45:00+00:00,M15:SELL_SIDE:13900,SELL_SIDE,M15,1.13751,0.0003900000000001125,1.8660451550297454,1.715841818612361,False,1,CONFIRMED,BEARISH,-0.0012300000000000644,NO_DISPLACEMENT
13947,2026-07-24 14:45:00+00:00,M15:SELL_SIDE:13923,SELL_SIDE,M15,1.13764,0.000520000000000076,1.8660451550297454,1.715841818612361,False,1,CONFIRMED,BEARISH,-0.0012300000000000644,NO_DISPLACEMENT
13950,2026-07-24 15:30:00+00:00,M15:SELL_SIDE:13876,SELL_SIDE,M15,1.13711,0.00036999999999998145,1.546433984328093,1.2275084554678692,False,-1,WEAK,BEARISH,-0.001980000000000093,NO_DISPLACEMENT
13952,2026-07-24 16:00:00+00:00,M15:SELL_SIDE:13866,SELL_SIDE,M15,1.13659,0.0001100000000000545,1.356766844577988,1.1842221242838256,True,1,CONFIRMED,BEARISH,-0.0016800000000001258,NO_DISPLACEMENT
13959,2026-07-24 17:45:00+00:00,M15:BUY_SIDE:13956,BUY_SIDE,M15,1.13795,0.000140000000000029,0.996626255807741,1.8574116663182103,True,-1,CONFIRMED,BEARISH,0.00038000000000004697,NO_DISPLACEMENT
13974,2026-07-24 21:30:00+00:00,M15:SELL_SIDE:13971,SELL_SIDE,M15,1.13675,1.999999999990898e-05,0.5436053657985518,0.7455850960605472,True,1,CONFIRMED,BULLISH,-0.0016400000000000858,NO_DISPLACEMENT
13976,2026-07-24 22:00:00+00:00,M15:BUY_SIDE:13973,BUY_SIDE,M15,1.13713,1.0000000000065512e-05,0.3741736254394963,0.8294301327088213,True,1,CONFIRMED,BEARISH,-0.0010300000000000864,NO_DISPLACEMENT
13982,2026-07-24 23:30:00+00:00,M15:SELL_SIDE:13977,SELL_SIDE,M15,1.1368,7.00000000000145e-05,0.5643460348638295,0.2837557125051932,True,1,CONFIRMED,BULLISH,-0.0001100000000000545,NO_DISPLACEMENT
13983,2026-07-24 23:45:00+00:00,M15:SELL_SIDE:13974,SELL_SIDE,M15,1.13673,4.0000000000040004e-05,1.6807769551166905,0.9106950720895202,True,1,CONFIRMED,BULLISH,0.00013999999999980695,NO_DISPLACEMENT
13983,2026-07-24 23:45:00+00:00,M15:BUY_SIDE:13978,BUY_SIDE,M15,1.13723,0.00012000000000012001,1.6807769551166905,0.9106950720895202,True,-1,CONFIRMED,BULLISH,0.00013999999999980695,NO_DISPLACEMENT
13984,2026-07-27 00:00:00+00:00,M15:BUY_SIDE:13941,BUY_SIDE,M15,1.13931,0.00025999999999992696,1.3220050039352131,0.15100087032201914,True,1,CONFIRMED,BULLISH,0.0023300000000001653,NO_DISPLACEMENT
13984,2026-07-27 00:00:00+00:00,M15:BUY_SIDE:13961,BUY_SIDE,M15,1.13908,0.0004899999999998794,1.3220050039352131,0.15100087032201914,False,3,CONFIRMED,BULLISH,0.0023300000000001653,NO_DISPLACEMENT
13987,2026-07-27 00:45:00+00:00,M15:BUY_SIDE:13984,BUY_SIDE,M15,1.13957,7.00000000000145e-05,1.315679511015186,0.1574279379157428,True,1,CONFIRMED,NEUTRAL,0.0021300000000001873,NO_DISPLACEMENT
13991,2026-07-27 01:45:00+00:00,M15:SELL_SIDE:13987,SELL_SIDE,M15,1.13893,0.00012999999999996348,0.7582267256887016,0.5690061234102685,False,3,CONFIRMED,BULLISH,0.0020999999999999908,NO_DISPLACEMENT
13996,2026-07-27 03:00:00+00:00,H4:BUY_SIDE:1004,BUY_SIDE,H4,1.14011,0.000280000000000058,1.8420365714432636,1.7111005692599621,False,-1,WEAK,NEUTRAL,0.0010700000000001264,NO_DISPLACEMENT
13996,2026-07-27 03:00:00+00:00,M15:BUY_SIDE:13988,BUY_SIDE,M15,1.14,0.0003900000000001125,1.8420365714432636,1.7111005692599621,False,-1,WEAK,NEUTRAL,0.0010700000000001264,NO_DISPLACEMENT
14003,2026-07-27 04:45:00+00:00,M15:BUY_SIDE:13998,BUY_SIDE,M15,1.14131,0.000140000000000029,1.232212446189544,1.1522770398481974,False,1,CONFIRMED,BULLISH,0.0024999999999999467,NO_DISPLACEMENT
14016,2026-07-27 08:00:00+00:00,M15:BUY_SIDE:14013,BUY_SIDE,M15,1.14054,0.00017999999999984695,1.1808844491144117,0.9069838365355292,False,2,CONFIRMED,NEUTRAL,-0.00015999999999993797,NO_DISPLACEMENT
14020,2026-07-27 09:00:00+00:00,M15:BUY_SIDE:14017,BUY_SIDE,M15,1.14077,0.0006199999999998429,2.0046627725961965,1.6717285945072697,False,-1,WEAK,BULLISH,0.0008699999999999264,NO_DISPLACEMENT
14022,2026-07-27 09:30:00+00:00,M15:BUY_SIDE:13843,BUY_SIDE,M15,1.14149,0.000360000000000138,1.9126164719325605,1.7371037911746425,False,1,CONFIRMED,BULLISH,0.001060000000000061,NO_DISPLACEMENT
14022,2026-07-27 09:30:00+00:00,M15:BUY_SIDE:14003,BUY_SIDE,M15,1.14145,0.00039999999999995595,1.9126164719325605,1.7371037911746425,False,1,CONFIRMED,BULLISH,0.001060000000000061,NO_DISPLACEMENT
14026,2026-07-27 10:30:00+00:00,M15:SELL_SIDE:14015,SELL_SIDE,M15,1.1402,8.000000000008001e-05,1.1832518085324923,2.004269594388533,True,-1,CONFIRMED,BULLISH,-0.00043999999999999595,NO_DISPLACEMENT
14027,2026-07-27 10:45:00+00:00,M15:SELL_SIDE:13999,SELL_SIDE,M15,1.14005,0.00042999999999993044,1.3644964414783354,1.8115279048490394,False,-1,WEAK,BULLISH,-0.0010099999999999554,NO_DISPLACEMENT
14027,2026-07-27 10:45:00+00:00,M15:SELL_SIDE:14010,SELL_SIDE,M15,1.14012,0.0004999999999999449,1.3644964414783354,1.8115279048490394,False,-1,WEAK,BULLISH,-0.0010099999999999554,NO_DISPLACEMENT
14034,2026-07-27 12:30:00+00:00,M15:SELL_SIDE:14029,SELL_SIDE,M15,1.13947,1.0000000000065512e-05,0.7735912906962079,1.0939053099659952,True,1,CONFIRMED,BEARISH,-0.0012500000000001954,NO_DISPLACEMENT
14040,2026-07-27 14:00:00+00:00,M15:SELL_SIDE:14036,SELL_SIDE,M15,1.13934,0.00019999999999997797,0.9137264182617619,1.2567349758231636,False,-1,WEAK,BEARISH,-0.0007200000000000539,NO_DISPLACEMENT
14043,2026-07-27 14:45:00+00:00,M15:SELL_SIDE:13991,SELL_SIDE,M15,1.1388,0.0002900000000001235,1.4354136454304227,1.1284990081551687,False,-1,WEAK,BEARISH,-0.0008799999999999919,NO_DISPLACEMENT
14051,2026-07-27 16:45:00+00:00,M15:SELL_SIDE:14046,SELL_SIDE,M15,1.13763,0.00038999999999989043,1.5520617752837285,1.737207833228048,False,-1,WEAK,BEARISH,-0.0016999999999998128,NO_DISPLACEMENT
14070,2026-07-27 21:30:00+00:00,M15:SELL_SIDE:14056,SELL_SIDE,M15,1.13683,1.999999999990898e-05,0.9321187651731672,0.8723880597014926,True,1,CONFIRMED,NEUTRAL,-0.0006599999999998829,NO_DISPLACEMENT
14070,2026-07-27 21:30:00+00:00,M15:SELL_SIDE:14066,SELL_SIDE,M15,1.13686,4.999999999988347e-05,0.9321187651731672,0.8723880597014926,True,3,CONFIRMED,NEUTRAL,-0.0006599999999998829,NO_DISPLACEMENT
14078,2026-07-27 23:30:00+00:00,M15:SELL_SIDE:14072,SELL_SIDE,M15,1.13672,2.999999999997449e-05,0.9109772735439274,0.36062960749153217,True,1,CONFIRMED,BEARISH,-0.0005500000000000504,NO_DISPLACEMENT
14080,2026-07-28 00:00:00+00:00,M15:SELL_SIDE:13983,SELL_SIDE,M15,1.13669,4.0000000000040004e-05,2.086857942134766,0.1287149005943841,True,1,CONFIRMED,BEARISH,0.00034000000000000696,NO_DISPLACEMENT
14080,2026-07-28 00:00:00+00:00,M15:BUY_SIDE:14068,BUY_SIDE,M15,1.13739,0.000140000000000029,2.086857942134766,0.1287149005943841,True,1,CONFIRMED,BEARISH,0.00034000000000000696,NO_DISPLACEMENT
14080,2026-07-28 00:00:00+00:00,M15:BUY_SIDE:14074,BUY_SIDE,M15,1.13735,0.00017999999999984695,2.086857942134766,0.1287149005943841,True,1,CONFIRMED,BEARISH,0.00034000000000000696,NO_DISPLACEMENT
14088,2026-07-28 02:00:00+00:00,M15:SELL_SIDE:14084,SELL_SIDE,M15,1.13688,5.999999999994898e-05,0.6938842390891832,0.4473292189827623,True,1,CONFIRMED,BULLISH,0.00025999999999992696,NO_DISPLACEMENT
14091,2026-07-28 02:45:00+00:00,M15:SELL_SIDE:14088,SELL_SIDE,M15,1.13682,4.999999999988347e-05,0.8626490785952132,0.7059086839749329,True,1,CONFIRMED,BEARISH,-0.00031000000000003247,NO_DISPLACEMENT
14093,2026-07-28 03:15:00+00:00,M15:BUY_SIDE:14089,BUY_SIDE,M15,1.13706,0.00024000000000001798,1.616269449910371,0.9547344110854503,False,-1,WEAK,BEARISH,-1.0000000000065512e-05,NO_DISPLACEMENT
14096,2026-07-28 04:00:00+00:00,M15:BUY_SIDE:14080,BUY_SIDE,M15,1.13753,0.00021000000000004349,1.003468900215118,1.1151131662204916,True,1,CONFIRMED,BEARISH,0.000600000000000156,NO_DISPLACEMENT
14103,2026-07-28 05:45:00+00:00,M15:BUY_SIDE:14096,BUY_SIDE,M15,1.13774,0.000140000000000029,1.8856939649804754,1.0990845449649973,True,1,CONFIRMED,BULLISH,0.00048000000000003595,NO_DISPLACEMENT
14106,2026-07-28 06:30:00+00:00,M15:BUY_SIDE:14103,BUY_SIDE,M15,1.13788,0.0001500000000000945,1.390062476215706,1.208287895310796,True,1,CONFIRMED,BULLISH,9.999999999998899e-05,NO_DISPLACEMENT
14108,2026-07-28 07:00:00+00:00,M15:SELL_SIDE:14102,SELL_SIDE,M15,1.13711,5.0000000000105516e-05,1.2397344549355298,1.1397790055248618,False,-1,WEAK,BULLISH,-0.00026999999999999247,NO_DISPLACEMENT
14109,2026-07-28 07:15:00+00:00,M15:SELL_SIDE:14099,SELL_SIDE,M15,1.13705,8.999999999992347e-05,0.7234878902765198,0.7603673810186473,True,1,CONFIRMED,BULLISH,-0.00022999999999995246,NO_DISPLACEMENT
14112,2026-07-28 08:00:00+00:00,H4:SELL_SIDE:1000,SELL_SIDE,H4,1.13639,0.00021000000000004349,2.0599251723260505,1.2725090036014406,False,1,CONFIRMED,BULLISH,-0.0010900000000000354,NO_DISPLACEMENT
14112,2026-07-28 08:00:00+00:00,H4:SELL_SIDE:1006,SELL_SIDE,H4,1.13648,0.00029999999999996696,2.0599251723260505,1.2725090036014406,False,1,CONFIRMED,BULLISH,-0.0010900000000000354,NO_DISPLACEMENT
14112,2026-07-28 08:00:00+00:00,M15:SELL_SIDE:14080,SELL_SIDE,M15,1.13665,0.00046999999999997044,2.0599251723260505,1.2725090036014406,False,-1,WEAK,BULLISH,-0.0010900000000000354,NO_DISPLACEMENT
14123,2026-07-28 10:45:00+00:00,M15:SELL_SIDE:14120,SELL_SIDE,M15,1.13669,0.00036999999999998145,1.523702078126453,1.531279178338002,False,1,CONFIRMED,NEUTRAL,-2.999999999997449e-05,NO_DISPLACEMENT
14130,2026-07-28 12:30:00+00:00,M15:SELL_SIDE:14123,SELL_SIDE,M15,1.13632,8.999999999992347e-05,0.8895630307531908,1.0228337236533958,False,-1,WEAK,BEARISH,-0.0010399999999999299,NO_DISPLACEMENT
14131,2026-07-28 12:45:00+00:00,H4:SELL_SIDE:904,SELL_SIDE,H4,1.13616,0.0005699999999999594,1.6024211372748205,1.1601034780109227,False,-1,WEAK,BEARISH,-0.0013300000000000534,NO_DISPLACEMENT
14132,2026-07-28 13:00:00+00:00,M15:SELL_SIDE:11989,SELL_SIDE,M15,1.13541,8.000000000008001e-05,0.9685063104887907,1.3009873060648802,True,1,CONFIRMED,BEARISH,-0.0012199999999999989,NO_DISPLACEMENT
14143,2026-07-28 15:45:00+00:00,M15:BUY_SIDE:14139,BUY_SIDE,M15,1.13679,7.00000000000145e-05,0.8807573909581145,1.1873776908023483,True,1,CONFIRMED,BEARISH,0.0009500000000000064,NO_DISPLACEMENT
14147,2026-07-28 16:45:00+00:00,M15:BUY_SIDE:14120,BUY_SIDE,M15,1.13736,6.000000000017103e-05,1.2962084899421127,1.758479672840991,True,-1,CONFIRMED,NEUTRAL,0.0007099999999999884,NO_DISPLACEMENT
14147,2026-07-28 16:45:00+00:00,M15:BUY_SIDE:14128,BUY_SIDE,M15,1.13732,9.999999999998899e-05,1.2962084899421127,1.758479672840991,True,-1,CONFIRMED,NEUTRAL,0.0007099999999999884,NO_DISPLACEMENT
14151,2026-07-28 17:45:00+00:00,H4:BUY_SIDE:1015,BUY_SIDE,H4,1.13803,0.0006299999999999084,1.9928083069816414,2.1638576779026217,False,-1,WEAK,NEUTRAL,0.0022900000000001253,NO_DISPLACEMENT
14151,2026-07-28 17:45:00+00:00,M15:BUY_SIDE:14062,BUY_SIDE,M15,1.13853,0.00012999999999996348,1.9928083069816414,2.1638576779026217,False,-1,WEAK,NEUTRAL,0.0022900000000001253,NO_DISPLACEMENT
14152,2026-07-28 18:00:00+00:00,M15:BUY_SIDE:14048,BUY_SIDE,M15,1.13867,0.0009200000000000319,2.089186534106174,2.232225300092336,False,-1,WEAK,NEUTRAL,0.002990000000000048,NO_DISPLACEMENT
14154,2026-07-28 18:30:00+00:00,M15:BUY_SIDE:14038,BUY_SIDE,M15,1.14016,7.00000000000145e-05,1.3801353389759925,1.7255428699350794,True,1,CONFIRMED,NEUTRAL,0.003449999999999953,NO_DISPLACEMENT
14157,2026-07-28 19:15:00+00:00,M15:BUY_SIDE:14032,BUY_SIDE,M15,1.14035,0.000180000000000069,0.6214026424243247,0.7521968365553603,False,1,CONFIRMED,NEUTRAL,0.003249999999999975,NO_DISPLACEMENT
14173,2026-07-28 23:15:00+00:00,M15:SELL_SIDE:14167,SELL_SIDE,M15,1.13861,6.999999999979245e-05,0.9265764818348858,0.44219924812030076,True,1,CONFIRMED,NEUTRAL,-0.00027999999999983594,NO_DISPLACEMENT
14176,2026-07-29 00:00:00+00:00,M15:BUY_SIDE:14171,BUY_SIDE,M15,1.13921,1.999999999990898e-05,1.5268978466711918,0.061800486618004864,True,1,CONFIRMED,BEARISH,0.00019999999999997797,NO_DISPLACEMENT
14181,2026-07-29 01:15:00+00:00,M15:SELL_SIDE:14173,SELL_SIDE,M15,1.13854,0.000140000000000029,1.201856188673605,0.830694275274056,False,-1,WEAK,NEUTRAL,-0.00022999999999995246,NO_DISPLACEMENT
14184,2026-07-29 02:00:00+00:00,M15:SELL_SIDE:14181,SELL_SIDE,M15,1.1384,0.000180000000000069,0.8918658438995956,0.8303210142972755,True,1,CONFIRMED,NEUTRAL,-0.00029999999999996696,NO_DISPLACEMENT
14189,2026-07-29 03:15:00+00:00,M15:BUY_SIDE:14186,BUY_SIDE,M15,1.13866,0.00036999999999998145,1.9038933610349276,0.9119110330699444,False,-1,WEAK,BEARISH,-0.00010999999999983245,NO_DISPLACEMENT
14196,2026-07-29 05:00:00+00:00,M15:BUY_SIDE:14179,BUY_SIDE,M15,1.13938,0.00011999999999989797,1.1733231089387668,1.3949177877428998,True,-1,CONFIRMED,BULLISH,0.0007500000000000284,NO_DISPLACEMENT
14196,2026-07-29 05:00:00+00:00,M15:BUY_SIDE:14193,BUY_SIDE,M15,1.13926,0.00024000000000001798,1.1733231089387668,1.3949177877428998,False,-1,WEAK,BULLISH,0.0007500000000000284,NO_DISPLACEMENT
14215,2026-07-29 09:45:00+00:00,M15:SELL_SIDE:14199,SELL_SIDE,M15,1.13924,0.0002500000000000835,1.1201972020581392,1.6658978583196047,False,1,CONFIRMED,BULLISH,-0.0007099999999999884,NO_DISPLACEMENT
14226,2026-07-29 12:30:00+00:00,M15:SELL_SIDE:14222,SELL_SIDE,M15,1.13932,0.000140000000000029,1.114534523864294,1.114310902145166,True,-1,CONFIRMED,NEUTRAL,7.999999999985796e-05,NO_DISPLACEMENT
14229,2026-07-29 13:15:00+00:00,M15:SELL_SIDE:14215,SELL_SIDE,M15,1.13899,0.00029999999999996696,1.1457363378525978,1.173913043478261,True,-1,CONFIRMED,NEUTRAL,-0.0007500000000000284,NO_DISPLACEMENT
14231,2026-07-29 13:45:00+00:00,M15:SELL_SIDE:14194,SELL_SIDE,M15,1.13854,0.00021000000000004349,1.183194830606241,0.8797434526990914,False,1,CONFIRMED,NEUTRAL,-0.0010399999999999299,NO_DISPLACEMENT
14234,2026-07-29 14:30:00+00:00,M15:SELL_SIDE:14184,SELL_SIDE,M15,1.13822,7.00000000000145e-05,1.5517323029051833,0.8640802322512536,False,-1,WEAK,BEARISH,-0.0013999999999998458,NO_DISPLACEMENT
14234,2026-07-29 14:30:00+00:00,M15:SELL_SIDE:14188,SELL_SIDE,M15,1.13828,0.00012999999999996348,1.5517323029051833,0.8640802322512536,False,-1,WEAK,BEARISH,-0.0013999999999998458,NO_DISPLACEMENT
14234,2026-07-29 14:30:00+00:00,M15:SELL_SIDE:14231,SELL_SIDE,M15,1.13833,0.000180000000000069,1.5517323029051833,0.8640802322512536,False,-1,WEAK,BEARISH,-0.0013999999999998458,NO_DISPLACEMENT
14243,2026-07-29 16:45:00+00:00,M15:BUY_SIDE:14233,BUY_SIDE,M15,1.13886,0.00038000000000004697,1.1717178034820666,1.8538205980066444,False,1,CONFIRMED,BEARISH,0.00046999999999997044,NO_DISPLACEMENT
14253,2026-07-29 19:15:00+00:00,M15:SELL_SIDE:14250,SELL_SIDE,M15,1.13778,0.0001100000000000545,1.0997184761715206,1.1203703703703705,True,1,CONFIRMED,BULLISH,-0.0009500000000000064,NO_DISPLACEMENT
14255,2026-07-29 19:45:00+00:00,M15:BUY_SIDE:14252,BUY_SIDE,M15,1.13837,0.00022999999999995246,0.7743887154576538,0.9027777777777778,False,-1,WEAK,BEARISH,-0.0009200000000000319,NO_DISPLACEMENT
14259,2026-07-29 20:45:00+00:00,M15:BUY_SIDE:14246,BUY_SIDE,M15,1.13971,0.000280000000000058,0.9134594814629348,1.1929522990975505,True,-1,CONFIRMED,BEARISH,0.0016100000000001113,NO_DISPLACEMENT
14260,2026-07-29 21:00:00+00:00,H4:BUY_SIDE:1010,BUY_SIDE,H4,1.14185,0.0012099999999999334,5.054295472406837,5.12118018967334,False,-1,WEAK,BEARISH,0.0046199999999998465,NO_DISPLACEMENT
14260,2026-07-29 21:00:00+00:00,H4:BUY_SIDE:1018,BUY_SIDE,H4,1.14053,0.002529999999999921,5.054295472406837,5.12118018967334,False,-1,WEAK,BEARISH,0.0046199999999998465,NO_DISPLACEMENT
14260,2026-07-29 21:00:00+00:00,H4:BUY_SIDE:1021,BUY_SIDE,H4,1.14038,0.0026800000000000157,5.054295472406837,5.12118018967334,False,-1,WEAK,BEARISH,0.0046199999999998465,NO_DISPLACEMENT
14260,2026-07-29 21:00:00+00:00,M15:BUY_SIDE:14219,BUY_SIDE,M15,1.14012,0.0029399999999999427,5.054295472406837,5.12118018967334,False,-1,WEAK,BEARISH,0.0046199999999998465,NO_DISPLACEMENT
14260,2026-07-29 21:00:00+00:00,M15:BUY_SIDE:14223,BUY_SIDE,M15,1.14006,0.0029999999999998916,5.054295472406837,5.12118018967334,False,-1,WEAK,BEARISH,0.0046199999999998465,NO_DISPLACEMENT
14262,2026-07-29 21:30:00+00:00,H4:BUY_SIDE:997,BUY_SIDE,H4,1.14358,0.0001100000000000545,3.048979560450938,4.863589318981577,True,-1,CONFIRMED,BEARISH,0.005759999999999987,NO_DISPLACEMENT
14262,2026-07-29 21:30:00+00:00,M15:BUY_SIDE:13828,BUY_SIDE,M15,1.14331,0.00038000000000004697,3.048979560450938,4.863589318981577,False,-1,WEAK,BEARISH,0.005759999999999987,NO_DISPLACEMENT
14263,2026-07-29 21:45:00+00:00,H4:BUY_SIDE:974,BUY_SIDE,H4,1.14523,2.0000000000131024e-05,1.7939952536960788,4.093615274071032,True,1,CONFIRMED,BEARISH,0.006959999999999855,NO_DISPLACEMENT
14263,2026-07-29 21:45:00+00:00,H4:BUY_SIDE:980,BUY_SIDE,H4,1.14497,0.000280000000000058,1.7939952536960788,4.093615274071032,False,-1,WEAK,BEARISH,0.006959999999999855,NO_DISPLACEMENT
14263,2026-07-29 21:45:00+00:00,M15:BUY_SIDE:13562,BUY_SIDE,M15,1.14405,0.0012000000000000899,1.7939952536960788,4.093615274071032,False,-1,WEAK,BEARISH,0.006959999999999855,NO_DISPLACEMENT
14265,2026-07-29 22:15:00+00:00,M15:BUY_SIDE:13378,BUY_SIDE,M15,1.14593,0.0007500000000000284,1.5362029451814543,3.8237192416296892,True,1,CONFIRMED,BEARISH,0.00674000000000019,NO_DISPLACEMENT
14271,2026-07-29 23:45:00+00:00,M15:BUY_SIDE:13372,BUY_SIDE,M15,1.14708,1.999999999990898e-05,0.6219760785100402,1.0536567438441748,True,1,CONFIRMED,NEUTRAL,0.0045600000000001195,NO_DISPLACEMENT
14271,2026-07-29 23:45:00+00:00,M15:BUY_SIDE:14265,BUY_SIDE,M15,1.14668,0.00042000000000008697,0.6219760785100402,1.0536567438441748,False,1,CONFIRMED,NEUTRAL,0.0045600000000001195,NO_DISPLACEMENT
14279,2026-07-30 01:45:00+00:00,M15:BUY_SIDE:14271,BUY_SIDE,M15,1.1471,5.999999999994898e-05,0.28889318422794197,0.5174568173465638,False,1,CONFIRMED,NEUTRAL,0.0015999999999998238,NO_DISPLACEMENT
14289,2026-07-30 04:15:00+00:00,M15:SELL_SIDE:14286,SELL_SIDE,M15,1.14558,0.00024000000000001798,1.0048047412260979,0.8446969696969697,False,1,CONFIRMED,BULLISH,-0.0016199999999999548,NO_DISPLACEMENT
14296,2026-07-30 06:00:00+00:00,M15:SELL_SIDE:14293,SELL_SIDE,M15,1.14513,1.0000000000065512e-05,0.6277906927270875,0.6104736073440434,True,2,CONFIRMED,BEARISH,-0.0005500000000000504,NO_DISPLACEMENT
14305,2026-07-30 08:15:00+00:00,M15:BUY_SIDE:14295,BUY_SIDE,M15,1.14554,0.000140000000000029,0.6195328997943325,0.7776141384388807,False,1,CONFIRMED,NEUTRAL,0.00026999999999999247,NO_DISPLACEMENT
14307,2026-07-30 08:45:00+00:00,M15:SELL_SIDE:14300,SELL_SIDE,M15,1.1449,1.0000000000065512e-05,1.4971459562519394,1.1932021466905187,True,-1,CONFIRMED,BULLISH,-9.999999999843467e-06,NO_DISPLACEMENT
14307,2026-07-30 08:45:00+00:00,M15:SELL_SIDE:14303,SELL_SIDE,M15,1.14498,9.000000000014552e-05,1.4971459562519394,1.1932021466905187,True,-1,CONFIRMED,BULLISH,-9.999999999843467e-06,NO_DISPLACEMENT
14308,2026-07-30 09:00:00+00:00,M15:SELL_SIDE:14297,SELL_SIDE,M15,1.14477,0.00039999999999995595,1.6771864120730193,1.875968992248062,False,-1,WEAK,BULLISH,-0.0007200000000000539,NO_DISPLACEMENT
14317,2026-07-30 11:15:00+00:00,M15:BUY_SIDE:14311,BUY_SIDE,M15,1.14512,0.000360000000000138,1.6106727050065506,1.7787716159809184,False,2,CONFIRMED,BEARISH,0.00042999999999993044,NO_DISPLACEMENT
14320,2026-07-30 12:00:00+00:00,M15:BUY_SIDE:14305,BUY_SIDE,M15,1.14568,0.00017000000000000348,1.6237665931542231,1.8598688133571855,False,-1,WEAK,BEARISH,0.0011499999999999844,NO_DISPLACEMENT
14321,2026-07-30 12:15:00+00:00,M15:BUY_SIDE:14288,BUY_SIDE,M15,1.14613,0.00027999999999983594,1.1850946525292336,1.8276684555754323,False,-1,WEAK,BEARISH,0.0014700000000000824,NO_DISPLACEMENT
14325,2026-07-30 13:15:00+00:00,H4:BUY_SIDE:968,BUY_SIDE,H4,1.14765,0.00032999999999994145,1.556206769989967,2.612008072653885,True,2,CONFIRMED,BEARISH,0.0034599999999997966,NO_DISPLACEMENT
14325,2026-07-30 13:15:00+00:00,H4:BUY_SIDE:1026,BUY_SIDE,H4,1.14751,0.00046999999999997044,1.556206769989967,2.612008072653885,True,2,CONFIRMED,BEARISH,0.0034599999999997966,NO_DISPLACEMENT
14326,2026-07-30 13:30:00+00:00,H4:BUY_SIDE:965,BUY_SIDE,H4,1.14827,0.00016000000000016001,1.664587486411804,2.121081598468533,True,1,CONFIRMED,BEARISH,0.003489999999999993,NO_DISPLACEMENT
14338,2026-07-30 16:30:00+00:00,M15:BUY_SIDE:11464,BUY_SIDE,M15,1.14876,0.0016099999999998893,2.6900210561456404,4.082699796031894,False,-1,WEAK,NEUTRAL,0.002909999999999968,NO_DISPLACEMENT
14338,2026-07-30 16:30:00+00:00,M15:BUY_SIDE:14326,BUY_SIDE,M15,1.14843,0.0019399999999998307,2.6900210561456404,4.082699796031894,False,-1,WEAK,NEUTRAL,0.002909999999999968,NO_DISPLACEMENT
14338,2026-07-30 16:30:00+00:00,M15:BUY_SIDE:14334,BUY_SIDE,M15,1.14835,0.0020199999999999108,2.6900210561456404,4.082699796031894,False,-1,WEAK,NEUTRAL,0.002909999999999968,NO_DISPLACEMENT
14339,2026-07-30 16:45:00+00:00,M15:BUY_SIDE:11435,BUY_SIDE,M15,1.1521,0.000300000000000189,2.4960917614264893,3.823049645390071,False,3,CONFIRMED,NEUTRAL,0.005589999999999984,NO_DISPLACEMENT
14340,2026-07-30 17:00:00+00:00,H4:BUY_SIDE:848,BUY_SIDE,H4,1.15284,0.0008799999999999919,1.7840639123855229,4.421477452184594,True,1,CONFIRMED,NEUTRAL,0.006269999999999998,NO_DISPLACEMENT
14355,2026-07-30 20:45:00+00:00,M15:BUY_SIDE:14350,BUY_SIDE,M15,1.15307,1.999999999990898e-05,0.5749145704161502,1.2427745664739884,True,2,CONFIRMED,NEUTRAL,0.0013900000000000023,NO_DISPLACEMENT
14359,2026-07-30 21:45:00+00:00,M15:BUY_SIDE:14356,BUY_SIDE,M15,1.15356,1.0000000000065512e-05,0.5168267420972429,0.7216763005780347,True,1,CONFIRMED,BULLISH,0.0005800000000000249,NO_DISPLACEMENT
14365,2026-07-30 23:15:00+00:00,M15:SELL_SIDE:14361,SELL_SIDE,M15,1.1528,5.999999999994898e-05,0.5453759910844859,0.3772357723577236,False,2,CONFIRMED,BULLISH,-0.00018999999999991246,NO_DISPLACEMENT
14377,2026-07-31 02:15:00+00:00,M15:SELL_SIDE:14368,SELL_SIDE,M15,1.1524,5.0000000000105516e-05,0.7818889652160909,0.5811058220432076,True,1,CONFIRMED,BEARISH,-0.00041000000000002146,NO_DISPLACEMENT
14387,2026-07-31 04:45:00+00:00,M15:SELL_SIDE:14354,SELL_SIDE,M15,1.15137,0.00036999999999998145,1.0089375235623246,1.0017191977077364,False,1,CONFIRMED,BEARISH,-0.0014000000000000679,NO_DISPLACEMENT
14392,2026-07-31 06:00:00+00:00,M15:SELL_SIDE:14387,SELL_SIDE,M15,1.151,0.00012000000000012001,1.019591869056736,1.1877764374748694,True,3,CONFIRMED,BEARISH,-0.0006800000000000139,NO_DISPLACEMENT
14398,2026-07-31 07:30:00+00:00,M15:SELL_SIDE:14394,SELL_SIDE,M15,1.15063,5.0000000000105516e-05,1.2264203563210212,0.9518768046198267,False,1,CONFIRMED,BEARISH,-0.0008799999999999919,NO_DISPLACEMENT
14404,2026-07-31 09:00:00+00:00,M15:BUY_SIDE:14396,BUY_SIDE,M15,1.15143,0.000280000000000058,2.4803123781590473,1.5724766000505945,False,2,CONFIRMED,BEARISH,0.0008999999999999009,NO_DISPLACEMENT
14405,2026-07-31 09:15:00+00:00,M15:BUY_SIDE:14386,BUY_SIDE,M15,1.15216,9.999999999843467e-06,1.5500298329262625,1.3726283835061979,True,1,CONFIRMED,NEUTRAL,0.0006999999999999229,NO_DISPLACEMENT
14411,2026-07-31 10:45:00+00:00,M15:BUY_SIDE:14407,BUY_SIDE,M15,1.15223,0.00026999999999999247,2.1074749092060077,1.860359220844928,True,1,CONFIRMED,BULLISH,0.0009099999999999664,NO_DISPLACEMENT
14414,2026-07-31 11:30:00+00:00,M15:SELL_SIDE:14403,SELL_SIDE,M15,1.15046,2.0000000000131024e-05,0.9467969283790709,1.7527527527527527,True,1,CONFIRMED,BULLISH,-0.0007399999999999629,NO_DISPLACEMENT
14415,2026-07-31 11:45:00+00:00,M15:BUY_SIDE:14411,BUY_SIDE,M15,1.1525,0.000140000000000029,2.4753587045405583,2.7632543366723676,True,1,CONFIRMED,BULLISH,0.00012000000000012001,NO_DISPLACEMENT
14418,2026-07-31 12:30:00+00:00,M15:SELL_SIDE:14399,SELL_SIDE,M15,1.15043,0.00012000000000012001,1.2415729266935052,1.5695504664970314,False,1,CONFIRMED,NEUTRAL,-0.0013600000000000279,NO_DISPLACEMENT
14421,2026-07-31 13:15:00+00:00,M15:SELL_SIDE:14418,SELL_SIDE,M15,1.15031,0.00017000000000000348,0.7964405245806215,1.0102669404517455,False,-1,WEAK,NEUTRAL,-0.0012399999999999078,NO_DISPLACEMENT
14424,2026-07-31 14:00:00+00:00,M15:SELL_SIDE:14344,SELL_SIDE,M15,1.14986,0.0001500000000000945,0.7843302253775273,1.0318518518518518,False,-1,WEAK,NEUTRAL,-0.0010900000000000354,NO_DISPLACEMENT
14434,2026-07-31 16:30:00+00:00,M15:SELL_SIDE:14330,SELL_SIDE,M15,1.1465,0.0009799999999999809,4.68145579917013,3.55601233299075,True,1,CONFIRMED,NEUTRAL,-0.00275000000000003,NO_DISPLACEMENT
14434,2026-07-31 16:30:00+00:00,M15:SELL_SIDE:14335,SELL_SIDE,M15,1.14694,0.0014199999999999768,4.68145579917013,3.55601233299075,True,2,CONFIRMED,NEUTRAL,-0.00275000000000003,NO_DISPLACEMENT
14434,2026-07-31 16:30:00+00:00,M15:SELL_SIDE:14428,SELL_SIDE,M15,1.14813,0.002610000000000001,4.68145579917013,3.55601233299075,False,-1,WEAK,NEUTRAL,-0.00275000000000003,NO_DISPLACEMENT
14439,2026-07-31 17:45:00+00:00,M15:BUY_SIDE:14433,BUY_SIDE,M15,1.15038,0.00026999999999999247,1.6040432746917923,2.7120970315991064,False,-1,WEAK,BEARISH,0.0020400000000000418,NO_DISPLACEMENT
14448,2026-07-31 20:00:00+00:00,M15:BUY_SIDE:14444,BUY_SIDE,M15,1.15193,0.00041000000000002146,0.7288342395945158,0.8701117318435754,False,-1,WEAK,NEUTRAL,0.003029999999999866,NO_DISPLACEMENT
14449,2026-07-31 20:15:00+00:00,M15:BUY_SIDE:14381,BUY_SIDE,M15,1.15266,0.000140000000000029,0.9036734842678721,1.1625683060109289,False,-1,WEAK,NEUTRAL,0.0022599999999999287,NO_DISPLACEMENT
14450,2026-07-31 20:30:00+00:00,M15:BUY_SIDE:14360,BUY_SIDE,M15,1.15358,1.999999999990898e-05,0.9944641311328234,1.5648387535719146,False,1,CONFIRMED,NEUTRAL,0.0032000000000000917,NO_DISPLACEMENT
14450,2026-07-31 20:30:00+00:00,M15:BUY_SIDE:14364,BUY_SIDE,M15,1.15329,0.00031000000000003247,0.9944641311328234,1.5648387535719146,False,2,CONFIRMED,NEUTRAL,0.0032000000000000917,NO_DISPLACEMENT
14450,2026-07-31 20:30:00+00:00,M15:BUY_SIDE:14374,BUY_SIDE,M15,1.15315,0.00045000000000006146,0.9944641311328234,1.5648387535719146,False,2,CONFIRMED,NEUTRAL,0.0032000000000000917,NO_DISPLACEMENT
14451,2026-07-31 20:45:00+00:00,H4:BUY_SIDE:1030,BUY_SIDE,H4,1.15372,3.999999999981796e-05,1.12996310803891,1.7777175386283546,True,1,CONFIRMED,NEUTRAL,0.0029600000000000737,NO_DISPLACEMENT
14459,2026-07-31 22:45:00+00:00,M15:BUY_SIDE:14456,BUY_SIDE,M15,1.15344,0.00018999999999991246,0.7550210983018436,1.044262295081967,True,1,CONFIRMED,NEUTRAL,0.00039999999999995595,NO_DISPLACEMENT
14460,2026-07-31 23:00:00+00:00,M15:SELL_SIDE:14455,SELL_SIDE,M15,1.15244,5.999999999994898e-05,1.040084907490563,1.1296775071438292,True,1,CONFIRMED,NEUTRAL,-0.0005300000000001415,NO_DISPLACEMENT
14461,2026-07-31 23:15:00+00:00,M15:BUY_SIDE:14451,BUY_SIDE,M15,1.15376,9.000000000014552e-05,1.1993195488961181,1.335955513359555,True,2,CONFIRMED,NEUTRAL,0.00028999999999990145,NO_DISPLACEMENT
14467,2026-08-03 00:45:00+00:00,M15:BUY_SIDE:14464,BUY_SIDE,M15,1.15493,0.00011999999999989797,0.47446087926872593,0.10424028268551237,False,3,CONFIRMED,BULLISH,0.0018699999999998163,NO_DISPLACEMENT
14481,2026-08-03 04:15:00+00:00,M15:SELL_SIDE:14476,SELL_SIDE,M15,1.1535,0.00029999999999996696,0.7586612559322351,1.033,False,-1,WEAK,NEUTRAL,-0.0016199999999999548,NO_DISPLACEMENT
14488,2026-08-03 06:00:00+00:00,M15:SELL_SIDE:14485,SELL_SIDE,M15,1.15283,0.0001100000000000545,0.6347713350261552,0.6959161985729467,False,1,CONFIRMED,BEARISH,-0.00258999999999987,NO_DISPLACEMENT
14494,2026-08-03 07:30:00+00:00,M15:BUY_SIDE:14486,BUY_SIDE,M15,1.15356,5.0000000000105516e-05,0.8405315343302933,0.6265944434737026,False,1,CONFIRMED,BEARISH,0.0005999999999999339,NO_DISPLACEMENT
14499,2026-08-03 08:45:00+00:00,M15:BUY_SIDE:14495,BUY_SIDE,M15,1.15362,0.00014999999999987246,0.6135182112281555,0.7021442495126705,False,1,CONFIRMED,NEUTRAL,0.0007800000000000029,NO_DISPLACEMENT
14502,2026-08-03 09:30:00+00:00,M15:SELL_SIDE:14463,SELL_SIDE,M15,1.15251,0.00011999999999989797,2.1122947425460548,1.3060428849902534,True,1,CONFIRMED,NEUTRAL,-0.000600000000000156,NO_DISPLACEMENT
14502,2026-08-03 09:30:00+00:00,M15:SELL_SIDE:14490,SELL_SIDE,M15,1.15269,0.00029999999999996696,2.1122947425460548,1.3060428849902534,False,1,CONFIRMED,NEUTRAL,-0.000600000000000156,NO_DISPLACEMENT
14503,2026-08-03 09:45:00+00:00,M15:SELL_SIDE:14460,SELL_SIDE,M15,1.15238,1.999999999990898e-05,0.9612151547124758,1.3239766081871345,True,1,CONFIRMED,NEUTRAL,-0.000560000000000116,NO_DISPLACEMENT
14512,2026-08-03 12:00:00+00:00,M15:SELL_SIDE:14505,SELL_SIDE,M15,1.15208,8.999999999992347e-05,1.1955249963329218,1.0321537632477098,True,1,CONFIRMED,BEARISH,-6.999999999979245e-05,NO_DISPLACEMENT
14514,2026-08-03 12:30:00+00:00,M15:BUY_SIDE:14510,BUY_SIDE,M15,1.15278,0.0001100000000000545,1.021103721650623,1.0678716994506467,False,1,CONFIRMED,BEARISH,-8.999999999992347e-05,NO_DISPLACEMENT
14517,2026-08-03 13:15:00+00:00,M15:SELL_SIDE:14512,SELL_SIDE,M15,1.15199,0.00029999999999996696,1.3311356348308585,1.0617626648160998,True,1,CONFIRMED,NEUTRAL,-0.00030999999999981043,NO_DISPLACEMENT
14523,2026-08-03 14:45:00+00:00,M15:BUY_SIDE:14506,BUY_SIDE,M15,1.15323,2.999999999997449e-05,1.2548221257549663,0.9922343805153547,False,1,CONFIRMED,BEARISH,0.0008399999999999519,NO_DISPLACEMENT
14523,2026-08-03 14:45:00+00:00,M15:BUY_SIDE:14515,BUY_SIDE,M15,1.15304,0.00021999999999988695,1.2548221257549663,0.9922343805153547,False,2,CONFIRMED,BEARISH,0.0008399999999999519,NO_DISPLACEMENT
14523,2026-08-03 14:45:00+00:00,M15:BUY_SIDE:14520,BUY_SIDE,M15,1.15269,0.0005699999999999594,1.2548221257549663,0.9922343805153547,False,3,CONFIRMED,BEARISH,0.0008399999999999519,NO_DISPLACEMENT
14530,2026-08-03 16:30:00+00:00,M15:BUY_SIDE:14524,BUY_SIDE,M15,1.15352,9.999999999843467e-06,1.6275793476431604,1.81672194100192,True,1,CONFIRMED,BULLISH,0.0001900000000001345,NO_DISPLACEMENT
14531,2026-08-03 16:45:00+00:00,M15:SELL_SIDE:14527,SELL_SIDE,M15,1.15226,9.999999999998899e-05,1.4448624095299003,1.6805725257462034,True,-1,CONFIRMED,BULLISH,0.0005199999999998539,NO_DISPLACEMENT
14532,2026-08-03 17:00:00+00:00,M15:SELL_SIDE:14517,SELL_SIDE,M15,1.15169,6.000000000017103e-05,1.6978564937432825,1.7908884622098098,False,-1,WEAK,BULLISH,-0.0009400000000001629,NO_DISPLACEMENT
14550,2026-08-03 21:30:00+00:00,M15:BUY_SIDE:14540,BUY_SIDE,M15,1.15105,0.000180000000000069,0.7423886690543234,0.7170841361592807,False,-1,WEAK,NEUTRAL,0.000360000000000138,NO_DISPLACEMENT
14571,2026-08-04 02:45:00+00:00,M15:SELL_SIDE:14561,SELL_SIDE,M15,1.15065,1.999999999990898e-05,0.5670494440016801,0.9883198562443846,True,1,CONFIRMED,NEUTRAL,-0.0003500000000000725,NO_DISPLACEMENT
14572,2026-08-04 03:00:00+00:00,M15:BUY_SIDE:14563,BUY_SIDE,M15,1.15126,0.00012999999999996348,1.9106461683570073,1.4212840809146878,True,1,CONFIRMED,NEUTRAL,3.999999999981796e-05,NO_DISPLACEMENT
14572,2026-08-04 03:00:00+00:00,M15:BUY_SIDE:14569,BUY_SIDE,M15,1.15105,0.00034000000000000696,1.9106461683570073,1.4212840809146878,True,3,CONFIRMED,NEUTRAL,3.999999999981796e-05,NO_DISPLACEMENT
14574,2026-08-04 03:30:00+00:00,M15:BUY_SIDE:14551,BUY_SIDE,M15,1.15148,4.0000000000040004e-05,1.1813566252932377,0.9200359389038635,True,1,CONFIRMED,BEARISH,0.0005299999999999194,NO_DISPLACEMENT
14575,2026-08-04 03:45:00+00:00,M15:SELL_SIDE:14557,SELL_SIDE,M15,1.15062,0.000140000000000029,2.0246398624371715,1.3099730458221024,False,2,CONFIRMED,BEARISH,-0.00013999999999980695,NO_DISPLACEMENT
14594,2026-08-04 08:30:00+00:00,M15:SELL_SIDE:14588,SELL_SIDE,M15,1.15058,4.999999999988347e-05,1.369330547018374,1.0214810627473148,False,1,CONFIRMED,NEUTRAL,-0.0003900000000001125,NO_DISPLACEMENT
14598,2026-08-04 09:30:00+00:00,M15:SELL_SIDE:14595,SELL_SIDE,M15,1.15038,1.0000000000065512e-05,1.1824308629892706,1.5836328448990877,True,1,CONFIRMED,BEARISH,-0.00024000000000001798,NO_DISPLACEMENT
14600,2026-08-04 10:00:00+00:00,M15:BUY_SIDE:14597,BUY_SIDE,M15,1.15105,2.0000000000131024e-05,1.1437327696080641,1.676527508985347,True,2,CONFIRMED,BEARISH,9.999999999843467e-06,NO_DISPLACEMENT
14601,2026-08-04 10:15:00+00:00,M15:BUY_SIDE:14574,BUY_SIDE,M15,1.15152,0.00019999999999997797,2.0151197068028517,1.6726568979817529,True,1,CONFIRMED,BEARISH,0.00021999999999988695,NO_DISPLACEMENT
14601,2026-08-04 10:15:00+00:00,M15:BUY_SIDE:14579,BUY_SIDE,M15,1.15147,0.0002500000000000835,2.0151197068028517,1.6726568979817529,True,1,CONFIRMED,BEARISH,0.00021999999999988695,NO_DISPLACEMENT
14601,2026-08-04 10:15:00+00:00,M15:BUY_SIDE:14586,BUY_SIDE,M15,1.15142,0.00029999999999996696,2.0151197068028517,1.6726568979817529,True,1,CONFIRMED,BEARISH,0.00021999999999988695,NO_DISPLACEMENT
14601,2026-08-04 10:15:00+00:00,M15:BUY_SIDE:14591,BUY_SIDE,M15,1.15112,0.000600000000000156,2.0151197068028517,1.6726568979817529,False,1,CONFIRMED,BEARISH,0.00021999999999988695,NO_DISPLACEMENT
14608,2026-08-04 12:00:00+00:00,M15:SELL_SIDE:14598,SELL_SIDE,M15,1.15037,2.999999999997449e-05,1.089036165042963,1.3209468058030034,True,1,CONFIRMED,NEUTRAL,0.00024000000000001798,NO_DISPLACEMENT
14614,2026-08-04 13:30:00+00:00,M15:BUY_SIDE:14601,BUY_SIDE,M15,1.15172,3.999999999981796e-05,1.967110475209168,1.201112537441164,True,1,CONFIRMED,NEUTRAL,0.00046999999999997044,NO_DISPLACEMENT
14614,2026-08-04 13:30:00+00:00,M15:BUY_SIDE:14609,BUY_SIDE,M15,1.15113,0.0006299999999999084,1.967110475209168,1.201112537441164,False,-1,WEAK,NEUTRAL,0.00046999999999997044,NO_DISPLACEMENT
14624,2026-08-04 16:00:00+00:00,M15:SELL_SIDE:14621,SELL_SIDE,M15,1.15134,0.0002500000000000835,0.820237033494042,1.0599502011108983,False,1,CONFIRMED,NEUTRAL,-0.00014999999999987246,NO_DISPLACEMENT
14626,2026-08-04 16:30:00+00:00,M15:BUY_SIDE:14618,BUY_SIDE,M15,1.15236,0.00015999999999993797,1.7186209859816541,2.1018961884696417,True,-1,CONFIRMED,NEUTRAL,0.0006900000000000794,NO_DISPLACEMENT
14626,2026-08-04 16:30:00+00:00,M15:BUY_SIDE:14622,BUY_SIDE,M15,1.15234,0.000180000000000069,1.7186209859816541,2.1018961884696417,True,-1,CONFIRMED,NEUTRAL,0.0006900000000000794,NO_DISPLACEMENT
14644,2026-08-04 21:00:00+00:00,M15:BUY_SIDE:14635,BUY_SIDE,M15,1.15267,9.999999999843467e-06,0.7199089298795457,0.9291338582677166,True,1,CONFIRMED,NEUTRAL,0.00031999999999987594,NO_DISPLACEMENT
14647,2026-08-04 21:45:00+00:00,M15:BUY_SIDE:14629,BUY_SIDE,M15,1.15309,0.00029999999999996696,1.4283388223644344,0.9347239705089013,False,-1,WEAK,NEUTRAL,0.0013399999999998968,NO_DISPLACEMENT
14653,2026-08-04 23:15:00+00:00,M15:BUY_SIDE:14647,BUY_SIDE,M15,1.15339,1.0000000000065512e-05,0.6690610850589244,0.5185755534167469,True,1,CONFIRMED,BULLISH,0.0008300000000001084,NO_DISPLACEMENT
14656,2026-08-05 00:00:00+00:00,M15:SELL_SIDE:14651,SELL_SIDE,M15,1.15295,0.00025999999999992696,1.2870654640856731,0.05868725868725869,False,-1,WEAK,BULLISH,0.0001100000000000545,NO_DISPLACEMENT
14668,2026-08-05 03:00:00+00:00,M15:BUY_SIDE:14653,BUY_SIDE,M15,1.1534,8.000000000008001e-05,1.186261474467913,1.092829076620825,True,2,CONFIRMED,NEUTRAL,0.00035999999999991594,NO_DISPLACEMENT
14668,2026-08-05 03:00:00+00:00,M15:BUY_SIDE:14664,BUY_SIDE,M15,1.15333,0.0001500000000000945,1.186261474467913,1.092829076620825,True,2,CONFIRMED,NEUTRAL,0.00035999999999991594,NO_DISPLACEMENT
14669,2026-08-05 03:15:00+00:00,M15:BUY_SIDE:14530,BUY_SIDE,M15,1.15353,2.0000000000131024e-05,1.0780686966756008,1.1488212180746562,True,1,CONFIRMED,NEUTRAL,0.0005100000000000104,NO_DISPLACEMENT
14671,2026-08-05 03:45:00+00:00,M15:SELL_SIDE:14666,SELL_SIDE,M15,1.15298,1.999999999990898e-05,1.2460313045120137,1.3802175562863648,True,1,CONFIRMED,NEUTRAL,5.999999999994898e-05,NO_DISPLACEMENT
14673,2026-08-05 04:15:00+00:00,M15:SELL_SIDE:14656,SELL_SIDE,M15,1.15269,1.0000000000065512e-05,1.600649839572338,1.303313938780673,True,1,CONFIRMED,BULLISH,-0.0004300000000001525,NO_DISPLACEMENT
14676,2026-08-05 05:00:00+00:00,M15:SELL_SIDE:14673,SELL_SIDE,M15,1.15268,9.999999999843467e-06,1.520731604013839,1.8916129032258064,True,1,CONFIRMED,NEUTRAL,-4.0000000000040004e-05,NO_DISPLACEMENT
14678,2026-08-05 05:30:00+00:00,M15:BUY_SIDE:14500,BUY_SIDE,M15,1.15389,0.00017999999999984695,2.0908043532981884,1.6412903225806452,False,1,CONFIRMED,NEUTRAL,0.0007600000000000939,NO_DISPLACEMENT
14678,2026-08-05 05:30:00+00:00,M15:BUY_SIDE:14670,BUY_SIDE,M15,1.15356,0.0005100000000000104,2.0908043532981884,1.6412903225806452,False,1,CONFIRMED,NEUTRAL,0.0007600000000000939,NO_DISPLACEMENT
14694,2026-08-05 09:30:00+00:00,M15:BUY_SIDE:14678,BUY_SIDE,M15,1.15407,0.000180000000000069,2.5278699829760827,2.054910242872228,False,2,CONFIRMED,NEUTRAL,0.00034000000000000696,NO_DISPLACEMENT
14694,2026-08-05 09:30:00+00:00,M15:BUY_SIDE:14685,BUY_SIDE,M15,1.15404,0.00021000000000004349,2.5278699829760827,2.054910242872228,False,2,CONFIRMED,NEUTRAL,0.00034000000000000696,NO_DISPLACEMENT
14694,2026-08-05 09:30:00+00:00,M15:BUY_SIDE:14691,BUY_SIDE,M15,1.15382,0.00042999999999993044,2.5278699829760827,2.054910242872228,False,3,CONFIRMED,NEUTRAL,0.00034000000000000696,NO_DISPLACEMENT
14702,2026-08-05 11:30:00+00:00,M15:SELL_SIDE:14697,SELL_SIDE,M15,1.15339,7.999999999985796e-05,2.173321005141383,1.4602774274905423,True,1,CONFIRMED,BULLISH,-0.000140000000000029,NO_DISPLACEMENT
14703,2026-08-05 11:45:00+00:00,M15:SELL_SIDE:14688,SELL_SIDE,M15,1.15317,5.999999999994898e-05,1.1495402311866318,1.6836836836836837,True,1,CONFIRMED,BULLISH,2.999999999997449e-05,NO_DISPLACEMENT
14703,2026-08-05 11:45:00+00:00,M15:SELL_SIDE:14693,SELL_SIDE,M15,1.15323,0.00011999999999989797,1.1495402311866318,1.6836836836836837,True,1,CONFIRMED,BULLISH,2.999999999997449e-05,NO_DISPLACEMENT
14712,2026-08-05 14:00:00+00:00,M15:BUY_SIDE:14702,BUY_SIDE,M15,1.15445,0.0001900000000001345,1.347912020197367,1.2188225364000844,False,-1,WEAK,NEUTRAL,0.001100000000000101,NO_DISPLACEMENT
14712,2026-08-05 14:00:00+00:00,M15:BUY_SIDE:14706,BUY_SIDE,M15,1.15427,0.0003700000000002035,1.347912020197367,1.2188225364000844,False,-1,WEAK,NEUTRAL,0.001100000000000101,NO_DISPLACEMENT
14713,2026-08-05 14:15:00+00:00,M15:BUY_SIDE:14696,BUY_SIDE,M15,1.15469,0.00042999999999993044,1.453891245035399,1.4712357217030114,False,-1,WEAK,NEUTRAL,0.0012199999999999989,NO_DISPLACEMENT
14717,2026-08-05 15:15:00+00:00,M15:BUY_SIDE:14479,BUY_SIDE,M15,1.15562,0.00010999999999983245,1.0280275054066221,1.3242537313432836,True,1,CONFIRMED,BULLISH,0.0014099999999999113,NO_DISPLACEMENT
14717,2026-08-05 15:15:00+00:00,M15:BUY_SIDE:14714,BUY_SIDE,M15,1.15553,0.00019999999999997797,1.0280275054066221,1.3242537313432836,True,1,CONFIRMED,BULLISH,0.0014099999999999113,NO_DISPLACEMENT
14723,2026-08-05 16:45:00+00:00,M15:SELL_SIDE:14720,SELL_SIDE,M15,1.15423,0.0002300000000001745,1.1012974258439605,1.6593463600207505,True,1,CONFIRMED,BULLISH,-0.00043999999999999595,NO_DISPLACEMENT
14730,2026-08-05 18:30:00+00:00,M15:SELL_SIDE:14727,SELL_SIDE,M15,1.15451,7.999999999985796e-05,1.0342798589829267,1.2543123912011394,True,1,CONFIRMED,NEUTRAL,0.00031000000000003247,NO_DISPLACEMENT
14739,2026-08-05 20:45:00+00:00,M15:BUY_SIDE:14717,BUY_SIDE,M15,1.15573,1.0000000000065512e-05,0.6853800415061604,0.7078189300411523,True,1,CONFIRMED,BEARISH,0.0008700000000001484,NO_DISPLACEMENT
14739,2026-08-05 20:45:00+00:00,M15:BUY_SIDE:14725,BUY_SIDE,M15,1.15569,4.999999999988347e-05,0.6853800415061604,0.7078189300411523,True,1,CONFIRMED,BEARISH,0.0008700000000001484,NO_DISPLACEMENT
14739,2026-08-05 20:45:00+00:00,M15:BUY_SIDE:14728,BUY_SIDE,M15,1.15566,8.000000000008001e-05,0.6853800415061604,0.7078189300411523,True,1,CONFIRMED,BEARISH,0.0008700000000001484,NO_DISPLACEMENT
14741,2026-08-05 21:15:00+00:00,H4:BUY_SIDE:1038,BUY_SIDE,H4,1.1559,6.000000000017103e-05,0.9775053256633761,0.6499009297363206,False,1,CONFIRMED,BEARISH,0.0012799999999999478,NO_DISPLACEMENT
14760,2026-08-06 02:00:00+00:00,M15:BUY_SIDE:14756,BUY_SIDE,M15,1.15552,7.999999999985796e-05,0.5264587687532725,0.3256107834877843,False,1,CONFIRMED,NEUTRAL,0.00038999999999989043,NO_DISPLACEMENT
14763,2026-08-06 02:45:00+00:00,M15:BUY_SIDE:14753,BUY_SIDE,M15,1.15569,9.999999999998899e-05,0.7141454018993892,0.4925917972943955,False,1,CONFIRMED,BULLISH,0.00034999999999985043,NO_DISPLACEMENT
14763,2026-08-06 02:45:00+00:00,M15:BUY_SIDE:14760,BUY_SIDE,M15,1.1556,0.0001900000000001345,0.7141454018993892,0.4925917972943955,False,1,CONFIRMED,BULLISH,0.00034999999999985043,NO_DISPLACEMENT
14767,2026-08-06 03:45:00+00:00,M15:BUY_SIDE:14741,BUY_SIDE,M15,1.15596,1.999999999990898e-05,1.1102634456313738,0.9695398574206092,True,1,CONFIRMED,BULLISH,0.00026999999999999247,NO_DISPLACEMENT
14775,2026-08-06 05:45:00+00:00,M15:SELL_SIDE:14768,SELL_SIDE,M15,1.15536,9.999999999998899e-05,1.6148697009138504,0.761970853573907,True,-1,CONFIRMED,NEUTRAL,-0.00024999999999986144,NO_DISPLACEMENT
14777,2026-08-06 06:15:00+00:00,M15:SELL_SIDE:14756,SELL_SIDE,M15,1.15509,0.00015999999999993797,1.0027855547450006,0.8334910122989593,False,-1,WEAK,NEUTRAL,-0.0006599999999998829,NO_DISPLACEMENT
14779,2026-08-06 06:45:00+00:00,M15:SELL_SIDE:14745,SELL_SIDE,M15,1.15475,7.00000000000145e-05,0.7019397277373873,0.6388000983525941,True,1,CONFIRMED,NEUTRAL,-0.0006399999999999739,NO_DISPLACEMENT
14784,2026-08-06 08:00:00+00:00,M15:SELL_SIDE:14779,SELL_SIDE,M15,1.15468,0.00021999999999988695,1.5805125210178852,1.0205479452054795,False,2,CONFIRMED,BEARISH,-0.0012099999999999334,NO_DISPLACEMENT
14790,2026-08-06 09:30:00+00:00,M15:SELL_SIDE:14784,SELL_SIDE,M15,1.15446,0.0001500000000000945,1.1420328184670034,1.4578884934756822,True,1,CONFIRMED,BEARISH,-0.00035999999999991594,NO_DISPLACEMENT
14792,2026-08-06 10:00:00+00:00,M15:SELL_SIDE:14731,SELL_SIDE,M15,1.15427,4.999999999988347e-05,1.1651440719282031,1.639976275207592,True,1,CONFIRMED,BEARISH,-0.00031999999999987594,NO_DISPLACEMENT
14795,2026-08-06 10:45:00+00:00,M15:SELL_SIDE:14792,SELL_SIDE,M15,1.15422,0.00012000000000012001,1.250915253338554,1.893238434163701,True,1,CONFIRMED,BEARISH,-0.0001500000000000945,NO_DISPLACEMENT
14796,2026-08-06 11:00:00+00:00,M15:SELL_SIDE:14723,SELL_SIDE,M15,1.154,0.00010999999999983245,1.7902798708863588,1.592526690391459,True,1,CONFIRMED,BEARISH,-0.0005299999999999194,NO_DISPLACEMENT
14802,2026-08-06 12:30:00+00:00,M15:SELL_SIDE:14796,SELL_SIDE,M15,1.15389,0.00016000000000016001,1.5423881411055438,1.1644824819470447,False,3,CONFIRMED,BEARISH,-0.0006800000000000139,NO_DISPLACEMENT
14815,2026-08-06 15:45:00+00:00,M15:SELL_SIDE:14811,SELL_SIDE,M15,1.15376,7.999999999985796e-05,1.206423487867565,1.3974857142857142,True,1,CONFIRMED,NEUTRAL,-0.000280000000000058,NO_DISPLACEMENT
14816,2026-08-06 16:00:00+00:00,M15:SELL_SIDE:14803,SELL_SIDE,M15,1.15364,7.00000000000145e-05,1.1506066737517457,1.6004540295119183,True,1,CONFIRMED,NEUTRAL,-0.00026999999999999247,NO_DISPLACEMENT
14820,2026-08-06 17:00:00+00:00,M15:SELL_SIDE:14708,SELL_SIDE,M15,1.15349,0.00023999999999979593,2.1528200448663717,1.943700340522134,False,2,CONFIRMED,BEARISH,-0.00039999999999995595,NO_DISPLACEMENT
14820,2026-08-06 17:00:00+00:00,M15:SELL_SIDE:14816,SELL_SIDE,M15,1.15357,0.00031999999999987594,2.1528200448663717,1.943700340522134,False,-1,WEAK,BEARISH,-0.00039999999999995595,NO_DISPLACEMENT
14823,2026-08-06 17:45:00+00:00,M15:SELL_SIDE:14703,SELL_SIDE,M15,1.15311,6.000000000017103e-05,0.964372424803955,1.6597691134829013,True,-1,CONFIRMED,BEARISH,-0.0007399999999999629,NO_DISPLACEMENT
14823,2026-08-06 17:45:00+00:00,M15:SELL_SIDE:14820,SELL_SIDE,M15,1.15325,0.00020000000000020002,0.964372424803955,1.6597691134829013,True,-1,CONFIRMED,BEARISH,-0.0007399999999999629,NO_DISPLACEMENT
14825,2026-08-06 18:15:00+00:00,M15:SELL_SIDE:14645,SELL_SIDE,M15,1.15227,0.00014999999999987246,1.3443535486281646,1.8796100042390844,True,-1,CONFIRMED,BEARISH,-0.0014899999999999913,NO_DISPLACEMENT
14825,2026-08-06 18:15:00+00:00,M15:SELL_SIDE:14676,SELL_SIDE,M15,1.15267,0.0005500000000000504,1.3443535486281646,1.8796100042390844,False,-1,WEAK,BEARISH,-0.0014899999999999913,NO_DISPLACEMENT
14829,2026-08-06 19:15:00+00:00,M15:SELL_SIDE:14639,SELL_SIDE,M15,1.15164,0.00017000000000000348,1.0176351265380594,1.3181552831290135,True,1,CONFIRMED,BEARISH,-0.0023500000000000743,NO_DISPLACEMENT
14835,2026-08-06 20:45:00+00:00,M15:BUY_SIDE:14831,BUY_SIDE,M15,1.15229,1.0000000000065512e-05,0.9032127828977705,0.752512801062014,False,2,CONFIRMED,BEARISH,-7.00000000000145e-05,NO_DISPLACEMENT
14840,2026-08-06 22:00:00+00:00,M15:BUY_SIDE:14836,BUY_SIDE,M15,1.15249,8.999999999992347e-05,0.9121117378117366,0.6777925279726911,True,1,CONFIRMED,BULLISH,0.0004899999999998794,NO_DISPLACEMENT
14841,2026-08-06 22:15:00+00:00,M15:SELL_SIDE:14834,SELL_SIDE,M15,1.15174,1.999999999990898e-05,1.5616789957345252,0.9819836904987673,True,1,CONFIRMED,BULLISH,-0.00017000000000000348,NO_DISPLACEMENT
14841,2026-08-06 22:15:00+00:00,M15:SELL_SIDE:14838,SELL_SIDE,M15,1.15215,0.00042999999999993044,1.5616789957345252,0.9819836904987673,False,2,CONFIRMED,BULLISH,-0.00017000000000000348,NO_DISPLACEMENT
14856,2026-08-07 02:00:00+00:00,M15:BUY_SIDE:14852,BUY_SIDE,M15,1.15232,4.0000000000040004e-05,0.6501670537191837,0.17963286713286714,False,-1,WEAK,NEUTRAL,0.000140000000000029,NO_DISPLACEMENT
14863,2026-08-07 03:45:00+00:00,M15:SELL_SIDE:14851,SELL_SIDE,M15,1.15194,0.000140000000000029,1.5127239963356909,1.137316798196167,False,1,CONFIRMED,BULLISH,-0.00029999999999996696,NO_DISPLACEMENT
14866,2026-08-07 04:30:00+00:00,M15:BUY_SIDE:14848,BUY_SIDE,M15,1.15253,4.999999999988347e-05,1.9669953641704176,1.0210794533240677,True,1,CONFIRMED,NEUTRAL,0.00012000000000012001,NO_DISPLACEMENT
14866,2026-08-07 04:30:00+00:00,M15:BUY_SIDE:14859,BUY_SIDE,M15,1.15245,0.00012999999999996348,1.9669953641704176,1.0210794533240677,False,1,CONFIRMED,NEUTRAL,0.00012000000000012001,NO_DISPLACEMENT
14872,2026-08-07 06:00:00+00:00,M15:SELL_SIDE:14869,SELL_SIDE,M15,1.15206,7.00000000000145e-05,0.9567640851713883,0.9427890345649583,True,1,CONFIRMED,BULLISH,1.0000000000065512e-05,NO_DISPLACEMENT
14878,2026-08-07 07:30:00+00:00,M15:BUY_SIDE:14871,BUY_SIDE,M15,1.15236,5.999999999994898e-05,1.0342997213721676,1.0842237586423633,False,1,CONFIRMED,BEARISH,0.000220000000000109,NO_DISPLACEMENT
14888,2026-08-07 10:00:00+00:00,M15:SELL_SIDE:14863,SELL_SIDE,M15,1.1518,2.999999999997449e-05,1.930789359323513,1.7773167358229598,True,1,CONFIRMED,NEUTRAL,-0.000140000000000029,NO_DISPLACEMENT
14888,2026-08-07 10:00:00+00:00,M15:SELL_SIDE:14872,SELL_SIDE,M15,1.15199,0.000220000000000109,1.930789359323513,1.7773167358229598,True,1,CONFIRMED,NEUTRAL,-0.000140000000000029,NO_DISPLACEMENT
14888,2026-08-07 10:00:00+00:00,M15:SELL_SIDE:14882,SELL_SIDE,M15,1.15206,0.0002900000000001235,1.930789359323513,1.7773167358229598,True,1,CONFIRMED,NEUTRAL,-0.000140000000000029,NO_DISPLACEMENT
14895,2026-08-07 11:45:00+00:00,M15:BUY_SIDE:14885,BUY_SIDE,M15,1.15251,2.999999999997449e-05,0.8777388285727243,1.6235072281583909,True,-1,CONFIRMED,NEUTRAL,-4.0000000000040004e-05,NO_DISPLACEMENT
14896,2026-08-07 12:00:00+00:00,M15:BUY_SIDE:14840,BUY_SIDE,M15,1.15258,0.00031000000000003247,1.6908464206014666,1.674304919034525,False,-1,WEAK,NEUTRAL,0.0006399999999999739,NO_DISPLACEMENT
14896,2026-08-07 12:00:00+00:00,M15:BUY_SIDE:14880,BUY_SIDE,M15,1.15255,0.00034000000000000696,1.6908464206014666,1.674304919034525,False,-1,WEAK,NEUTRAL,0.0006399999999999739,NO_DISPLACEMENT
14906,2026-08-07 14:30:00+00:00,M15:BUY_SIDE:14899,BUY_SIDE,M15,1.15313,9.999999999998899e-05,1.6946806536849497,1.0384712094543627,False,3,CONFIRMED,BULLISH,0.000360000000000138,NO_DISPLACEMENT
14910,2026-08-07 15:30:00+00:00,H4:BUY_SIDE:1056,BUY_SIDE,H4,1.15598,0.0017599999999999838,7.009974848230379,5.931989312606267,False,-1,WEAK,BULLISH,0.004689999999999861,NO_DISPLACEMENT
14910,2026-08-07 15:30:00+00:00,M15:BUY_SIDE:14773,BUY_SIDE,M15,1.15581,0.0019299999999999873,7.009974848230379,5.931989312606267,False,-1,WEAK,BULLISH,0.004689999999999861,NO_DISPLACEMENT
14910,2026-08-07 15:30:00+00:00,M15:BUY_SIDE:14788,BUY_SIDE,M15,1.15516,0.0025800000000000267,7.009974848230379,5.931989312606267,False,-1,WEAK,BULLISH,0.004689999999999861,NO_DISPLACEMENT
14910,2026-08-07 15:30:00+00:00,M15:BUY_SIDE:14809,BUY_SIDE,M15,1.1547,0.0030399999999999316,7.009974848230379,5.931989312606267,False,-1,WEAK,BULLISH,0.004689999999999861,NO_DISPLACEMENT
14910,2026-08-07 15:30:00+00:00,M15:BUY_SIDE:14819,BUY_SIDE,M15,1.15451,0.003230000000000066,7.009974848230379,5.931989312606267,False,-1,WEAK,BULLISH,0.004689999999999861,NO_DISPLACEMENT
14924,2026-08-07 19:00:00+00:00,M15:BUY_SIDE:14921,BUY_SIDE,M15,1.15639,0.00014999999999987246,0.993276371358851,1.3774943427278339,False,1,CONFIRMED,NEUTRAL,-0.000700000000000145,NO_DISPLACEMENT
14934,2026-08-07 21:30:00+00:00,M15:BUY_SIDE:14930,BUY_SIDE,M15,1.15636,7.00000000000145e-05,0.39032247931354436,0.6012558869701727,False,-1,WEAK,NEUTRAL,-9.999999999998899e-05,NO_DISPLACEMENT
14936,2026-08-07 22:00:00+00:00,M15:BUY_SIDE:14927,BUY_SIDE,M15,1.15674,8.999999999992347e-05,0.7902912690195973,0.9799843014128728,True,2,CONFIRMED,NEUTRAL,0.00014999999999987246,NO_DISPLACEMENT
14940,2026-08-07 23:00:00+00:00,M15:SELL_SIDE:14932,SELL_SIDE,M15,1.15589,2.999999999997449e-05,0.6113262477200202,0.7829951690821256,False,-1,WEAK,BULLISH,-0.00038000000000004697,NO_DISPLACEMENT
14941,2026-08-07 23:15:00+00:00,M15:SELL_SIDE:14928,SELL_SIDE,M15,1.15575,0.00017000000000000348,0.6469562882743523,0.6117874396135266,False,1,CONFIRMED,BULLISH,-0.00045000000000006146,NO_DISPLACEMENT
14949,2026-08-10 01:15:00+00:00,M15:SELL_SIDE:14942,SELL_SIDE,M15,1.15555,7.00000000000145e-05,0.4811267076596386,0.4987603305785124,False,1,CONFIRMED,BEARISH,-0.0006800000000000139,NO_DISPLACEMENT
14954,2026-08-10 02:30:00+00:00,M15:SELL_SIDE:14949,SELL_SIDE,M15,1.15548,6.000000000017103e-05,0.8830451375375813,0.41910631741140214,True,1,CONFIRMED,BEARISH,-0.0008500000000000174,NO_DISPLACEMENT
14956,2026-08-10 03:00:00+00:00,M15:BUY_SIDE:14953,BUY_SIDE,M15,1.15584,8.000000000008001e-05,0.9534300338471988,1.2084309133489461,False,1,CONFIRMED,BEARISH,-0.00029999999999996696,NO_DISPLACEMENT
14959,2026-08-10 03:45:00+00:00,M15:SELL_SIDE:14954,SELL_SIDE,M15,1.15542,1.999999999990898e-05,1.2813467028569292,1.1012311901504788,True,1,CONFIRMED,NEUTRAL,0.00034000000000000696,NO_DISPLACEMENT
14967,2026-08-10 05:45:00+00:00,M15:SELL_SIDE:14962,SELL_SIDE,M15,1.1552,0.00011999999999989797,0.6253747282826777,0.574329224075417,False,-1,WEAK,BEARISH,-0.00041000000000002146,NO_DISPLACEMENT
14968,2026-08-10 06:00:00+00:00,M15:SELL_SIDE:14920,SELL_SIDE,M15,1.15501,8.000000000008001e-05,0.8077048393121928,0.7806060606060606,True,1,CONFIRMED,BEARISH,-0.00034000000000000696,NO_DISPLACEMENT
14985,2026-08-10 10:15:00+00:00,M15:BUY_SIDE:14981,BUY_SIDE,M15,1.15576,5.0000000000105516e-05,1.4787387071864648,1.8753246753246753,True,-1,CONFIRMED,BEARISH,0.0004700000000001925,NO_DISPLACEMENT
14986,2026-08-10 10:30:00+00:00,M15:BUY_SIDE:14956,BUY_SIDE,M15,1.15592,0.00039999999999995595,2.160401842368549,1.824025974025974,False,-1,WEAK,NEUTRAL,0.0012199999999999989,NO_DISPLACEMENT
15000,2026-08-10 14:00:00+00:00,M15:SELL_SIDE:14984,SELL_SIDE,M15,1.15519,0.00010999999999983245,1.521993233138957,1.0373788647900324,True,3,CONFIRMED,BULLISH,-0.0010200000000000209,NO_DISPLACEMENT
15000,2026-08-10 14:00:00+00:00,M15:SELL_SIDE:14996,SELL_SIDE,M15,1.15543,0.00034999999999985043,1.521993233138957,1.0373788647900324,False,-1,WEAK,BULLISH,-0.0010200000000000209,NO_DISPLACEMENT
15005,2026-08-10 15:15:00+00:00,M15:SELL_SIDE:14972,SELL_SIDE,M15,1.1548,0.00012000000000012001,1.3048020407470962,1.3095401509951956,True,3,CONFIRMED,BULLISH,-0.0008299999999998864,NO_DISPLACEMENT
15011,2026-08-10 16:45:00+00:00,M15:SELL_SIDE:15007,SELL_SIDE,M15,1.15453,0.0001500000000000945,1.6064791223843544,2.0983903876671954,False,1,CONFIRMED,BEARISH,-0.0006500000000000394,NO_DISPLACEMENT
15013,2026-08-10 17:15:00+00:00,M15:BUY_SIDE:15009,BUY_SIDE,M15,1.15537,2.999999999997449e-05,1.38899047624075,1.4450238041260486,True,1,CONFIRMED,BEARISH,4.0000000000040004e-05,NO_DISPLACEMENT
15015,2026-08-10 17:45:00+00:00,M15:BUY_SIDE:15004,BUY_SIDE,M15,1.15552,5.999999999994898e-05,1.2565984539362958,1.8147331274812528,True,1,CONFIRMED,BEARISH,0.00032999999999994145,NO_DISPLACEMENT
15023,2026-08-10 19:45:00+00:00,M15:SELL_SIDE:15018,SELL_SIDE,M15,1.15463,0.00012999999999996348,0.8106175778134276,0.934886623673809,True,-1,CONFIRMED,NEUTRAL,-0.0005500000000000504,NO_DISPLACEMENT
15024,2026-08-10 20:00:00+00:00,M15:SELL_SIDE:15011,SELL_SIDE,M15,1.15438,1.999999999990898e-05,0.902654676821504,0.8150613688371126,True,2,CONFIRMED,NEUTRAL,-0.0008399999999999519,NO_DISPLACEMENT
15031,2026-08-10 21:45:00+00:00,M15:SELL_SIDE:15025,SELL_SIDE,M15,1.15409,9.000000000014552e-05,1.1519338609564247,0.923398037987894,True,1,CONFIRMED,BEARISH,-0.0010499999999999954,NO_DISPLACEMENT
15040,2026-08-11 00:00:00+00:00,M15:BUY_SIDE:15036,BUY_SIDE,M15,1.15434,0.000560000000000116,2.2622929291446323,0.07385984427141268,True,1,CONFIRMED,BEARISH,-0.00019999999999997797,NO_DISPLACEMENT
15051,2026-08-11 02:45:00+00:00,M15:BUY_SIDE:15044,BUY_SIDE,M15,1.15444,0.00024000000000001798,1.5304656291709973,0.8300921187308086,False,-1,WEAK,NEUTRAL,0.00032999999999994145,NO_DISPLACEMENT
15054,2026-08-11 03:30:00+00:00,M15:BUY_SIDE:15040,BUY_SIDE,M15,1.1549,8.999999999992347e-05,1.1927770069111412,0.9775615031089484,True,1,CONFIRMED,NEUTRAL,0.0005799999999998029,NO_DISPLACEMENT
15061,2026-08-11 05:15:00+00:00,M15:SELL_SIDE:15040,SELL_SIDE,M15,1.15411,7.00000000000145e-05,1.6488464525830124,1.0011918951132301,True,1,CONFIRMED,NEUTRAL,-0.0004899999999998794,NO_DISPLACEMENT
15061,2026-08-11 05:15:00+00:00,M15:SELL_SIDE:15043,SELL_SIDE,M15,1.15418,0.000140000000000029,1.6488464525830124,1.0011918951132301,False,3,CONFIRMED,NEUTRAL,-0.0004899999999998794,NO_DISPLACEMENT
15061,2026-08-11 05:15:00+00:00,M15:SELL_SIDE:15050,SELL_SIDE,M15,1.15422,0.000180000000000069,1.6488464525830124,1.0011918951132301,False,-1,WEAK,NEUTRAL,-0.0004899999999998794,NO_DISPLACEMENT
15061,2026-08-11 05:15:00+00:00,M15:SELL_SIDE:15056,SELL_SIDE,M15,1.1543,0.000260000000000149,1.6488464525830124,1.0011918951132301,False,-1,WEAK,NEUTRAL,-0.0004899999999998794,NO_DISPLACEMENT
15063,2026-08-11 05:45:00+00:00,M15:SELL_SIDE:15031,SELL_SIDE,M15,1.154,0.00012999999999996348,1.1432097572217235,0.7242669993761697,False,1,CONFIRMED,NEUTRAL,-0.0008200000000000429,NO_DISPLACEMENT
15070,2026-08-11 07:30:00+00:00,M15:BUY_SIDE:15066,BUY_SIDE,M15,1.15452,2.999999999997449e-05,1.9454645520159475,1.2333951762523192,True,1,CONFIRMED,BEARISH,-0.000400000000000178,NO_DISPLACEMENT
15075,2026-08-11 08:45:00+00:00,M15:SELL_SIDE:15071,SELL_SIDE,M15,1.15393,5.999999999994898e-05,1.4563498456342017,1.361915797605253,True,1,CONFIRMED,BULLISH,-0.00034000000000000696,NO_DISPLACEMENT
15077,2026-08-11 09:15:00+00:00,M15:SELL_SIDE:15063,SELL_SIDE,M15,1.15387,0.0004199999999998649,2.1079440137414442,2.1699497875627656,False,-1,WEAK,BULLISH,-0.0006300000000001305,NO_DISPLACEMENT
15082,2026-08-11 10:30:00+00:00,M15:SELL_SIDE:15078,SELL_SIDE,M15,1.15329,2.999999999997449e-05,1.7529212626728254,1.9173426033217458,False,3,CONFIRMED,BEARISH,-0.0008300000000001084,NO_DISPLACEMENT
15096,2026-08-11 14:00:00+00:00,M15:BUY_SIDE:15076,BUY_SIDE,M15,1.15435,1.999999999990898e-05,2.4445687493364945,3.0882105852702324,True,1,CONFIRMED,NEUTRAL,0.00036999999999998145,NO_DISPLACEMENT
15096,2026-08-11 14:00:00+00:00,M15:BUY_SIDE:15080,BUY_SIDE,M15,1.15402,0.00034999999999985043,2.4445687493364945,3.0882105852702324,False,1,CONFIRMED,NEUTRAL,0.00036999999999998145,NO_DISPLACEMENT
15096,2026-08-11 14:00:00+00:00,M15:BUY_SIDE:15086,BUY_SIDE,M15,1.15388,0.0004899999999998794,2.4445687493364945,3.0882105852702324,False,2,CONFIRMED,NEUTRAL,0.00036999999999998145,NO_DISPLACEMENT
15103,2026-08-11 15:45:00+00:00,M15:BUY_SIDE:15096,BUY_SIDE,M15,1.15437,6.000000000017103e-05,1.0634063147793968,1.3741122565864834,True,1,CONFIRMED,BULLISH,0.0004999999999999449,NO_DISPLACEMENT
15107,2026-08-11 16:45:00+00:00,M15:BUY_SIDE:15070,BUY_SIDE,M15,1.15455,0.00029999999999996696,1.1403161461919438,1.5746017500560916,True,1,CONFIRMED,BULLISH,0.0004899999999998794,NO_DISPLACEMENT
15107,2026-08-11 16:45:00+00:00,M15:BUY_SIDE:15104,BUY_SIDE,M15,1.15452,0.00032999999999994145,1.1403161461919438,1.5746017500560916,True,1,CONFIRMED,BULLISH,0.0004899999999998794,NO_DISPLACEMENT
15112,2026-08-11 18:00:00+00:00,M15:SELL_SIDE:15109,SELL_SIDE,M15,1.15377,2.999999999997449e-05,1.6544418004903954,1.2727272727272727,False,1,CONFIRMED,BULLISH,-0.00031000000000003247,NO_DISPLACEMENT
15120,2026-08-11 20:00:00+00:00,M15:SELL_SIDE:15113,SELL_SIDE,M15,1.15364,0.0001100000000000545,1.2037033347598958,0.8783943329397875,False,2,CONFIRMED,BEARISH,-0.0006899999999998574,NO_DISPLACEMENT
15126,2026-08-11 21:30:00+00:00,M15:BUY_SIDE:15123,BUY_SIDE,M15,1.15391,0.0002500000000000835,1.3546143454821917,0.8669815033451397,False,-1,WEAK,BEARISH,-1.999999999990898e-05,NO_DISPLACEMENT
15140,2026-08-12 01:00:00+00:00,M15:BUY_SIDE:15135,BUY_SIDE,M15,1.15433,1.999999999990898e-05,1.1839425387294662,0.30939977349943376,True,1,CONFIRMED,NEUTRAL,9.999999999998899e-05,NO_DISPLACEMENT
15144,2026-08-12 02:00:00+00:00,M15:BUY_SIDE:15140,BUY_SIDE,M15,1.15435,1.999999999990898e-05,0.5083414430577697,0.2641600385635093,True,1,CONFIRMED,BULLISH,0.00025999999999992696,NO_DISPLACEMENT
15147,2026-08-12 02:45:00+00:00,M15:BUY_SIDE:15144,BUY_SIDE,M15,1.15437,1.0000000000065512e-05,0.6630954659793771,0.5088725088725089,False,3,CONFIRMED,BULLISH,0.00036999999999998145,NO_DISPLACEMENT
15148,2026-08-12 03:00:00+00:00,M15:BUY_SIDE:15116,BUY_SIDE,M15,1.15439,8.999999999992347e-05,1.0715957777642586,1.1231231231231231,True,2,CONFIRMED,BULLISH,0.00031000000000003247,NO_DISPLACEMENT
15151,2026-08-12 03:45:00+00:00,M15:SELL_SIDE:15146,SELL_SIDE,M15,1.15411,0.00015999999999993797,1.447681744011038,1.1082579515611322,False,-1,WEAK,BULLISH,-0.00021000000000004349,NO_DISPLACEMENT
15152,2026-08-12 04:00:00+00:00,M15:SELL_SIDE:15136,SELL_SIDE,M15,1.15382,0.00016000000000016001,1.7192508163159101,1.3697111175955647,False,1,CONFIRMED,BULLISH,-0.00046999999999997044,NO_DISPLACEMENT
15157,2026-08-12 05:15:00+00:00,M15:SELL_SIDE:15125,SELL_SIDE,M15,1.15354,1.999999999990898e-05,0.8562390982066856,1.0294117647058822,True,1,CONFIRMED,BEARISH,-0.0006799999999997919,NO_DISPLACEMENT
15157,2026-08-12 05:15:00+00:00,M15:SELL_SIDE:15152,SELL_SIDE,M15,1.15366,0.00013999999999980695,0.8562390982066856,1.0294117647058822,True,1,CONFIRMED,BEARISH,-0.0006799999999997919,NO_DISPLACEMENT
15163,2026-08-12 06:45:00+00:00,M15:SELL_SIDE:15157,SELL_SIDE,M15,1.15352,2.0000000000131024e-05,0.6117233753953575,0.5972027972027972,True,3,CONFIRMED,BEARISH,-0.000320000000000098,NO_DISPLACEMENT
15164,2026-08-12 07:00:00+00:00,M15:SELL_SIDE:15121,SELL_SIDE,M15,1.15343,1.0000000000065512e-05,0.9230186720660558,0.6393210749646393,True,2,CONFIRMED,BEARISH,-0.0005199999999998539,NO_DISPLACEMENT
15165,2026-08-12 07:15:00+00:00,M15:SELL_SIDE:15093,SELL_SIDE,M15,1.15334,5.999999999994898e-05,0.9281221057929151,0.6714490674318508,True,1,CONFIRMED,BEARISH,-0.00045000000000006146,NO_DISPLACEMENT
15165,2026-08-12 07:15:00+00:00,M15:SELL_SIDE:15101,SELL_SIDE,M15,1.15338,9.999999999998899e-05,0.9281221057929151,0.6714490674318508,True,1,CONFIRMED,BEARISH,-0.00045000000000006146,NO_DISPLACEMENT
15169,2026-08-12 08:15:00+00:00,M15:SELL_SIDE:15089,SELL_SIDE,M15,1.15328,7.00000000000145e-05,0.7137297534771829,0.9690189328743546,True,1,CONFIRMED,BEARISH,-0.0004999999999999449,NO_DISPLACEMENT
15175,2026-08-12 09:45:00+00:00,M15:BUY_SIDE:15167,BUY_SIDE,M15,1.15366,8.000000000008001e-05,1.4600174341950256,2.2904782799473455,False,-1,WEAK,BEARISH,0.000320000000000098,NO_DISPLACEMENT
15181,2026-08-12 11:15:00+00:00,M15:BUY_SIDE:15177,BUY_SIDE,M15,1.15396,9.999999999843467e-06,1.5762195667587902,1.7893813075910487,True,2,CONFIRMED,NEUTRAL,0.00039999999999995595,NO_DISPLACEMENT
15184,2026-08-12 12:00:00+00:00,M15:BUY_SIDE:15155,BUY_SIDE,M15,1.15405,8.000000000008001e-05,1.6068573033419655,1.2042586750788644,False,2,CONFIRMED,BULLISH,0.0006200000000000649,NO_DISPLACEMENT
15184,2026-08-12 12:00:00+00:00,M15:BUY_SIDE:15158,BUY_SIDE,M15,1.15402,0.0001100000000000545,1.6068573033419655,1.2042586750788644,False,2,CONFIRMED,BULLISH,0.0006200000000000649,NO_DISPLACEMENT
15185,2026-08-12 12:15:00+00:00,H4:BUY_SIDE:1078,BUY_SIDE,H4,1.15485,0.0001500000000000945,2.993102348626227,2.557046979865772,True,1,CONFIRMED,BULLISH,0.0005699999999999594,NO_DISPLACEMENT
15185,2026-08-12 12:15:00+00:00,M15:BUY_SIDE:15054,BUY_SIDE,M15,1.15499,1.0000000000065512e-05,2.993102348626227,2.557046979865772,True,1,CONFIRMED,BULLISH,0.0005699999999999594,NO_DISPLACEMENT
15185,2026-08-12 12:15:00+00:00,M15:BUY_SIDE:15112,BUY_SIDE,M15,1.15448,0.000520000000000076,2.993102348626227,2.557046979865772,True,1,CONFIRMED,BULLISH,0.0005699999999999594,NO_DISPLACEMENT
15191,2026-08-12 13:45:00+00:00,M15:SELL_SIDE:15180,SELL_SIDE,M15,1.15346,0.00021999999999988695,1.5568156178100552,1.5256410256410255,True,2,CONFIRMED,BULLISH,-0.000280000000000058,NO_DISPLACEMENT
15198,2026-08-12 15:30:00+00:00,M15:BUY_SIDE:15015,BUY_SIDE,M15,1.15558,0.0007299999999998974,5.12832828639758,7.355119825708061,False,2,CONFIRMED,NEUTRAL,0.0021899999999999142,NO_DISPLACEMENT
15198,2026-08-12 15:30:00+00:00,M15:BUY_SIDE:15020,BUY_SIDE,M15,1.15543,0.0008799999999999919,5.12832828639758,7.355119825708061,False,2,CONFIRMED,NEUTRAL,0.0021899999999999142,NO_DISPLACEMENT
15198,2026-08-12 15:30:00+00:00,M15:BUY_SIDE:15185,BUY_SIDE,M15,1.155,0.0013099999999999223,5.12832828639758,7.355119825708061,False,-1,WEAK,NEUTRAL,0.0021899999999999142,NO_DISPLACEMENT
15206,2026-08-12 17:30:00+00:00,M15:SELL_SIDE:15203,SELL_SIDE,M15,1.1546,0.0002900000000001235,1.2099627164945668,2.286059872996674,False,-1,WEAK,BULLISH,-2.0000000000131024e-05,NO_DISPLACEMENT
15213,2026-08-12 19:15:00+00:00,M15:SELL_SIDE:15169,SELL_SIDE,M15,1.15321,6.000000000017103e-05,0.7260980964256343,0.9444444444444444,False,-1,WEAK,NEUTRAL,-0.0020700000000000163,NO_DISPLACEMENT
15213,2026-08-12 19:15:00+00:00,M15:SELL_SIDE:15191,SELL_SIDE,M15,1.15324,9.000000000014552e-05,0.7260980964256343,0.9444444444444444,False,-1,WEAK,NEUTRAL,-0.0020700000000000163,NO_DISPLACEMENT
15213,2026-08-12 19:15:00+00:00,M15:SELL_SIDE:15198,SELL_SIDE,M15,1.15328,0.00013000000000018552,0.7260980964256343,0.9444444444444444,False,-1,WEAK,NEUTRAL,-0.0020700000000000163,NO_DISPLACEMENT
15214,2026-08-12 19:30:00+00:00,H4:SELL_SIDE:1076,SELL_SIDE,H4,1.15313,0.00029999999999996696,0.6484632392210521,0.8823823823823824,False,-1,WEAK,NEUTRAL,-0.0020000000000000018,NO_DISPLACEMENT
15215,2026-08-12 19:45:00+00:00,M15:SELL_SIDE:14902,SELL_SIDE,M15,1.15257,0.00012000000000012001,1.01977592931131,0.9624624624624625,True,1,CONFIRMED,NEUTRAL,-0.0020900000000001473,NO_DISPLACEMENT
15215,2026-08-12 19:45:00+00:00,M15:SELL_SIDE:14909,SELL_SIDE,M15,1.15268,0.00022999999999995246,1.01977592931131,0.9624624624624625,True,1,CONFIRMED,NEUTRAL,-0.0020900000000001473,NO_DISPLACEMENT
15218,2026-08-12 20:30:00+00:00,M15:SELL_SIDE:15215,SELL_SIDE,M15,1.15245,0.00021999999999988695,1.1481399013157987,0.7807807807807807,False,3,CONFIRMED,BEARISH,-0.0019899999999999363,NO_DISPLACEMENT
15231,2026-08-12 23:45:00+00:00,M15:BUY_SIDE:15225,BUY_SIDE,M15,1.15248,0.00016000000000016001,0.6815384782413789,0.5928767123287672,True,1,CONFIRMED,NEUTRAL,0.0,NO_DISPLACEMENT
15232,2026-08-13 00:00:00+00:00,M15:BUY_SIDE:15221,BUY_SIDE,M15,1.1527,0.00015999999999993797,1.6751813912884075,0.11397260273972602,True,1,CONFIRMED,NEUTRAL,-0.0001500000000000945,NO_DISPLACEMENT
15244,2026-08-13 03:00:00+00:00,M15:BUY_SIDE:15232,BUY_SIDE,M15,1.15286,0.0001500000000000945,0.9034031549435461,0.9018512050296892,True,-1,CONFIRMED,BULLISH,0.0005700000000001815,NO_DISPLACEMENT
15251,2026-08-13 04:45:00+00:00,M15:SELL_SIDE:15243,SELL_SIDE,M15,1.15262,0.00026999999999999247,1.7402078971873334,1.1121605667060213,False,-1,WEAK,BULLISH,-0.00018999999999991246,NO_DISPLACEMENT
15251,2026-08-13 04:45:00+00:00,M15:SELL_SIDE:15247,SELL_SIDE,M15,1.15266,0.00031000000000003247,1.7402078971873334,1.1121605667060213,False,-1,WEAK,BULLISH,-0.00018999999999991246,NO_DISPLACEMENT
15254,2026-08-13 05:30:00+00:00,M15:SELL_SIDE:15220,SELL_SIDE,M15,1.15198,1.0000000000065512e-05,1.1596026330645741,0.9521472392638037,True,1,CONFIRMED,NEUTRAL,-0.0006700000000001705,NO_DISPLACEMENT
15254,2026-08-13 05:30:00+00:00,M15:SELL_SIDE:15232,SELL_SIDE,M15,1.15216,0.0001900000000001345,1.1596026330645741,0.9521472392638037,True,1,CONFIRMED,NEUTRAL,-0.0006700000000001705,NO_DISPLACEMENT
15263,2026-08-13 07:45:00+00:00,M15:BUY_SIDE:15256,BUY_SIDE,M15,1.15244,0.000260000000000149,2.1812085276623847,1.76333021515435,False,3,CONFIRMED,BEARISH,0.00041000000000002146,NO_DISPLACEMENT
15269,2026-08-13 09:15:00+00:00,H4:SELL_SIDE:1064,SELL_SIDE,H4,1.15177,2.999999999997449e-05,1.7166274276131877,1.85181598062954,True,2,CONFIRMED,NEUTRAL,-0.00043999999999999595,NO_DISPLACEMENT
15269,2026-08-13 09:15:00+00:00,M15:SELL_SIDE:14892,SELL_SIDE,M15,1.15181,7.00000000000145e-05,1.7166274276131877,1.85181598062954,False,2,CONFIRMED,NEUTRAL,-0.00043999999999999595,NO_DISPLACEMENT
15269,2026-08-13 09:15:00+00:00,M15:SELL_SIDE:15254,SELL_SIDE,M15,1.15197,0.00022999999999995246,1.7166274276131877,1.85181598062954,False,-1,WEAK,NEUTRAL,-0.00043999999999999595,NO_DISPLACEMENT
15269,2026-08-13 09:15:00+00:00,M15:SELL_SIDE:15257,SELL_SIDE,M15,1.152,0.00025999999999992696,1.7166274276131877,1.85181598062954,False,-1,WEAK,NEUTRAL,-0.00043999999999999595,NO_DISPLACEMENT
15270,2026-08-13 09:30:00+00:00,H4:SELL_SIDE:1060,SELL_SIDE,H4,1.15147,0.00028999999999990145,1.9970590621979136,1.9961259079903149,True,1,CONFIRMED,NEUTRAL,-0.00046999999999997044,NO_DISPLACEMENT
15270,2026-08-13 09:30:00+00:00,M15:SELL_SIDE:14634,SELL_SIDE,M15,1.15134,0.00015999999999993797,1.9970590621979136,1.9961259079903149,True,1,CONFIRMED,NEUTRAL,-0.00046999999999997044,NO_DISPLACEMENT
15270,2026-08-13 09:30:00+00:00,M15:SELL_SIDE:14841,SELL_SIDE,M15,1.15172,0.0005399999999999849,1.9970590621979136,1.9961259079903149,False,1,CONFIRMED,NEUTRAL,-0.00046999999999997044,NO_DISPLACEMENT
15275,2026-08-13 10:45:00+00:00,M15:BUY_SIDE:15265,BUY_SIDE,M15,1.15273,5.999999999994898e-05,1.0945322288187034,2.0095057034220534,True,1,CONFIRMED,NEUTRAL,-9.999999999998899e-05,NO_DISPLACEMENT
15279,2026-08-13 11:45:00+00:00,M15:BUY_SIDE:15275,BUY_SIDE,M15,1.15279,7.00000000000145e-05,1.3799047458228957,1.2871842843779233,True,-1,CONFIRMED,NEUTRAL,0.0005999999999999339,NO_DISPLACEMENT
15281,2026-08-13 12:15:00+00:00,M15:BUY_SIDE:15246,BUY_SIDE,M15,1.15314,8.999999999992347e-05,1.304041119262572,1.4162393162393163,True,-1,CONFIRMED,NEUTRAL,0.0012900000000000134,NO_DISPLACEMENT
15281,2026-08-13 12:15:00+00:00,M15:BUY_SIDE:15250,BUY_SIDE,M15,1.15311,0.00011999999999989797,1.304041119262572,1.4162393162393163,False,-1,WEAK,NEUTRAL,0.0012900000000000134,NO_DISPLACEMENT
15291,2026-08-13 14:45:00+00:00,M15:SELL_SIDE:15288,SELL_SIDE,M15,1.15346,0.00020999999999982144,1.2873218338287808,1.153958944281525,False,-1,WEAK,BULLISH,0.00030999999999981043,NO_DISPLACEMENT
15295,2026-08-13 15:45:00+00:00,M15:BUY_SIDE:15288,BUY_SIDE,M15,1.15388,0.0005699999999999594,2.998668913387969,2.7419469026548673,False,2,CONFIRMED,BULLISH,0.0006699999999999484,NO_DISPLACEMENT
15301,2026-08-13 17:15:00+00:00,M15:BUY_SIDE:15296,BUY_SIDE,M15,1.15454,2.0000000000131024e-05,1.294342755700169,2.171825647504738,True,1,CONFIRMED,BULLISH,0.000440000000000218,NO_DISPLACEMENT
15307,2026-08-13 18:45:00+00:00,M15:SELL_SIDE:15299,SELL_SIDE,M15,1.15306,4.999999999988347e-05,0.8678666816854097,1.138602520045819,False,-1,WEAK,NEUTRAL,-0.00046999999999997044,NO_DISPLACEMENT
15309,2026-08-13 19:15:00+00:00,M15:SELL_SIDE:15294,SELL_SIDE,M15,1.15256,0.00012999999999996348,0.9139184196453597,0.9946763799383581,True,1,CONFIRMED,NEUTRAL,-0.0008200000000000429,NO_DISPLACEMENT
15316,2026-08-13 21:00:00+00:00,M15:BUY_SIDE:15312,BUY_SIDE,M15,1.15316,7.00000000000145e-05,1.2672822860484914,0.8678290213723284,True,1,CONFIRMED,NEUTRAL,-0.0001500000000000945,NO_DISPLACEMENT
15328,2026-08-14 00:00:00+00:00,M15:SELL_SIDE:15313,SELL_SIDE,M15,1.15258,0.00010999999999983245,1.1969905630773567,0.08959338387319091,True,1,CONFIRMED,NEUTRAL,-0.00036999999999998145,NO_DISPLACEMENT
15328,2026-08-14 00:00:00+00:00,M15:SELL_SIDE:15324,SELL_SIDE,M15,1.15262,0.00014999999999987246,1.1969905630773567,0.08959338387319091,False,1,CONFIRMED,NEUTRAL,-0.00036999999999998145,NO_DISPLACEMENT
15330,2026-08-14 00:30:00+00:00,M15:BUY_SIDE:15327,BUY_SIDE,M15,1.15302,9.999999999998899e-05,0.7249544087931802,0.08201240523776705,True,1,CONFIRMED,BEARISH,-0.0001100000000000545,NO_DISPLACEMENT
15333,2026-08-14 01:15:00+00:00,M15:BUY_SIDE:15330,BUY_SIDE,M15,1.15312,4.0000000000040004e-05,0.8001359313646002,0.38337988826815644,True,-1,CONFIRMED,BULLISH,0.000180000000000069,NO_DISPLACEMENT
15335,2026-08-14 01:45:00+00:00,M15:BUY_SIDE:15321,BUY_SIDE,M15,1.15316,4.0000000000040004e-05,0.40352972496094,0.6790830945558739,True,-1,CONFIRMED,BULLISH,0.00032999999999994145,NO_DISPLACEMENT
15336,2026-08-14 02:00:00+00:00,M15:BUY_SIDE:15316,BUY_SIDE,M15,1.15323,0.00012000000000012001,0.7213155242397339,0.4269340974212034,False,-1,WEAK,BULLISH,0.000520000000000076,NO_DISPLACEMENT
15353,2026-08-14 06:15:00+00:00,M15:BUY_SIDE:15343,BUY_SIDE,M15,1.15394,1.0000000000065512e-05,1.4975256983559786,0.9818342933097032,True,1,CONFIRMED,NEUTRAL,0.0,NO_DISPLACEMENT
15353,2026-08-14 06:15:00+00:00,M15:BUY_SIDE:15350,BUY_SIDE,M15,1.15375,0.00019999999999997797,1.4975256983559786,0.9818342933097032,False,1,CONFIRMED,NEUTRAL,0.0,NO_DISPLACEMENT
15356,2026-08-14 07:00:00+00:00,M15:BUY_SIDE:15353,BUY_SIDE,M15,1.15395,9.999999999998899e-05,1.2734029924907802,1.0089605734767024,True,1,CONFIRMED,BULLISH,0.00028999999999990145,NO_DISPLACEMENT
15361,2026-08-14 08:15:00+00:00,M15:BUY_SIDE:15356,BUY_SIDE,M15,1.15405,8.999999999992347e-05,0.77476330211359,0.9171384457025219,False,-1,WEAK,BULLISH,0.0006599999999998829,NO_DISPLACEMENT
15367,2026-08-14 09:45:00+00:00,M15:BUY_SIDE:15364,BUY_SIDE,M15,1.15442,2.999999999997449e-05,1.2712329056903318,1.7375193000514668,False,-1,WEAK,BULLISH,0.0007299999999998974,NO_DISPLACEMENT
15368,2026-08-14 10:00:00+00:00,H4:BUY_SIDE:1090,BUY_SIDE,H4,1.15456,0.00015999999999993797,1.402920321226193,2.0977869274318066,True,-1,CONFIRMED,BULLISH,0.0006800000000000139,NO_DISPLACEMENT
15372,2026-08-14 11:00:00+00:00,M15:BUY_SIDE:15205,BUY_SIDE,M15,1.15545,0.00010999999999983245,1.5829654233329837,2.192231075697211,True,1,CONFIRMED,BULLISH,0.0013299999999998313,NO_DISPLACEMENT
15383,2026-08-14 13:45:00+00:00,M15:BUY_SIDE:15380,BUY_SIDE,M15,1.15555,7.00000000000145e-05,0.6777159986009761,0.9488084730803178,False,-1,WEAK,NEUTRAL,0.00025999999999992696,NO_DISPLACEMENT
15384,2026-08-14 14:00:00+00:00,M15:BUY_SIDE:15374,BUY_SIDE,M15,1.15578,9.999999999998899e-05,0.9867717981366736,1.0680537494581708,False,-1,WEAK,NEUTRAL,0.00042999999999993044,NO_DISPLACEMENT
15385,2026-08-14 14:15:00+00:00,H4:BUY_SIDE:1083,BUY_SIDE,H4,1.15631,8.000000000008001e-05,1.5634985816294396,1.56747552149851,True,-1,CONFIRMED,NEUTRAL,0.0006899999999998574,NO_DISPLACEMENT
15386,2026-08-14 14:30:00+00:00,M15:BUY_SIDE:14937,BUY_SIDE,M15,1.15702,0.00016000000000016001,2.5256734996040144,1.3768176152887412,True,1,CONFIRMED,NEUTRAL,0.0014400000000001079,NO_DISPLACEMENT
15386,2026-08-14 14:30:00+00:00,M15:BUY_SIDE:14944,BUY_SIDE,M15,1.15672,0.000460000000000127,2.5256734996040144,1.3768176152887412,False,1,CONFIRMED,NEUTRAL,0.0014400000000001079,NO_DISPLACEMENT
15386,2026-08-14 14:30:00+00:00,M15:BUY_SIDE:14989,BUY_SIDE,M15,1.15658,0.000600000000000156,2.5256734996040144,1.3768176152887412,False,1,CONFIRMED,NEUTRAL,0.0014400000000001079,NO_DISPLACEMENT
15390,2026-08-14 15:30:00+00:00,M15:BUY_SIDE:15386,BUY_SIDE,M15,1.15718,0.0006799999999997919,2.471377535793215,3.0770328102710414,True,1,CONFIRMED,BULLISH,0.0011699999999998933,NO_DISPLACEMENT
15394,2026-08-14 16:30:00+00:00,H4:BUY_SIDE:1065,BUY_SIDE,H4,1.15794,0.00031000000000003247,2.626185278999732,2.4222520107238608,False,2,CONFIRMED,BULLISH,0.0022699999999999942,NO_DISPLACEMENT
15394,2026-08-14 16:30:00+00:00,M15:BUY_SIDE:15390,BUY_SIDE,M15,1.15786,0.0003900000000001125,2.626185278999732,2.4222520107238608,False,-1,WEAK,BULLISH,0.0022699999999999942,NO_DISPLACEMENT
15404,2026-08-14 19:00:00+00:00,M15:SELL_SIDE:15401,SELL_SIDE,M15,1.1577,7.999999999985796e-05,0.9522582720412719,1.042622950819672,False,-1,WEAK,NEUTRAL,-0.00048000000000003595,NO_DISPLACEMENT
15420,2026-08-14 23:00:00+00:00,M15:BUY_SIDE:15417,BUY_SIDE,M15,1.15691,1.999999999990898e-05,0.4495444522372527,0.32148019658860943,True,2,CONFIRMED,BEARISH,0.0004499999999998394,NO_DISPLACEMENT
15424,2026-08-17 00:00:00+00:00,M15:SELL_SIDE:15392,SELL_SIDE,M15,1.15621,1.999999999990898e-05,0.8802469744621066,0.08501259445843828,True,1,CONFIRMED,BEARISH,-1.999999999990898e-05,NO_DISPLACEMENT
15424,2026-08-17 00:00:00+00:00,M15:SELL_SIDE:15411,SELL_SIDE,M15,1.15629,9.999999999998899e-05,0.8802469744621066,0.08501259445843828,True,1,CONFIRMED,BEARISH,-1.999999999990898e-05,NO_DISPLACEMENT
15430,2026-08-17 01:30:00+00:00,M15:BUY_SIDE:15423,BUY_SIDE,M15,1.15705,0.00016000000000016001,0.7741701449981538,0.40953822861468586,False,-1,WEAK,NEUTRAL,0.000360000000000138,NO_DISPLACEMENT
15435,2026-08-17 02:45:00+00:00,M15:BUY_SIDE:15432,BUY_SIDE,M15,1.15754,4.0000000000040004e-05,1.018011129502246,0.5145508224377899,True,-1,CONFIRMED,NEUTRAL,0.0008399999999999519,NO_DISPLACEMENT
15441,2026-08-17 04:15:00+00:00,M15:BUY_SIDE:15438,BUY_SIDE,M15,1.1581,0.00020000000000020002,1.3519502531649557,1.3799621928166352,False,-1,WEAK,BULLISH,0.0007099999999999884,NO_DISPLACEMENT
15452,2026-08-17 07:00:00+00:00,H4:BUY_SIDE:1096,BUY_SIDE,H4,1.15854,0.00026999999999999247,1.755724216182266,1.0711297071129706,False,3,CONFIRMED,BULLISH,0.00046999999999997044,NO_DISPLACEMENT
15452,2026-08-17 07:00:00+00:00,M15:BUY_SIDE:15446,BUY_SIDE,M15,1.15845,0.00035999999999991594,1.755724216182266,1.0711297071129706,False,-1,WEAK,BULLISH,0.00046999999999997044,NO_DISPLACEMENT
15459,2026-08-17 08:45:00+00:00,M15:BUY_SIDE:15452,BUY_SIDE,M15,1.15881,0.00012000000000012001,0.9545571373802937,2.06842400448682,True,1,CONFIRMED,BULLISH,0.0007399999999999629,NO_DISPLACEMENT
15463,2026-08-17 09:45:00+00:00,M15:BUY_SIDE:11379,BUY_SIDE,M15,1.15964,4.0000000000040004e-05,1.6197028651281784,2.0773976444195177,True,-1,CONFIRMED,BULLISH,0.0008999999999999009,NO_DISPLACEMENT
15465,2026-08-17 10:15:00+00:00,M15:BUY_SIDE:11345,BUY_SIDE,M15,1.16061,2.999999999997449e-05,2.2475593857960554,2.3755230125523012,False,-1,WEAK,BULLISH,0.0021599999999999397,NO_DISPLACEMENT
15465,2026-08-17 10:15:00+00:00,M15:BUY_SIDE:11361,BUY_SIDE,M15,1.1603,0.0003399999999997849,2.2475593857960554,2.3755230125523012,False,-1,WEAK,BULLISH,0.0021599999999999397,NO_DISPLACEMENT
15469,2026-08-17 11:15:00+00:00,M15:BUY_SIDE:15466,BUY_SIDE,M15,1.1612,0.00019999999999997797,1.7051868394728211,1.6095191840699368,False,1,CONFIRMED,BULLISH,0.00266999999999995,NO_DISPLACEMENT
15471,2026-08-17 11:45:00+00:00,M15:SELL_SIDE:15468,SELL_SIDE,M15,1.16038,0.0008399999999999519,2.1339891600304624,2.3769083969465647,False,-1,WEAK,BULLISH,0.0006699999999999484,NO_DISPLACEMENT
15476,2026-08-17 13:00:00+00:00,M15:SELL_SIDE:15471,SELL_SIDE,M15,1.15954,0.0002900000000001235,0.8982755790683844,1.229933110367893,False,1,CONFIRMED,NEUTRAL,-0.0014300000000000423,NO_DISPLACEMENT
15485,2026-08-17 15:15:00+00:00,M15:SELL_SIDE:15481,SELL_SIDE,M15,1.15875,4.0000000000040004e-05,1.7178311141629712,1.638664323374341,True,1,CONFIRMED,BEARISH,-0.0006300000000001305,NO_DISPLACEMENT
15487,2026-08-17 15:45:00+00:00,M15:BUY_SIDE:15484,BUY_SIDE,M15,1.15963,0.0001500000000000945,1.3440958264159648,1.4727592267135325,False,1,CONFIRMED,BEARISH,0.0,NO_DISPLACEMENT
15488,2026-08-17 16:00:00+00:00,M15:BUY_SIDE:15478,BUY_SIDE,M15,1.15984,0.000140000000000029,0.8249886704896423,1.4346020761245675,True,1,CONFIRMED,BEARISH,0.00029999999999996696,NO_DISPLACEMENT
15494,2026-08-17 17:30:00+00:00,M15:SELL_SIDE:15485,SELL_SIDE,M15,1.15871,1.999999999990898e-05,1.1930455585479227,1.0206121174266083,True,-1,CONFIRMED,BULLISH,-0.0003799999999998249,NO_DISPLACEMENT
15494,2026-08-17 17:30:00+00:00,M15:SELL_SIDE:15491,SELL_SIDE,M15,1.15877,8.000000000008001e-05,1.1930455585479227,1.0206121174266083,True,-1,CONFIRMED,BULLISH,-0.0003799999999998249,NO_DISPLACEMENT
15496,2026-08-17 18:00:00+00:00,M15:SELL_SIDE:15460,SELL_SIDE,M15,1.15836,5.0000000000105516e-05,0.716299342642016,1.242542934618861,True,1,CONFIRMED,NEUTRAL,-0.0009399999999999409,NO_DISPLACEMENT
15497,2026-08-17 18:15:00+00:00,M15:SELL_SIDE:15456,SELL_SIDE,M15,1.15827,8.999999999992347e-05,0.7137688954772509,0.9695691473335342,True,2,CONFIRMED,NEUTRAL,-0.0012799999999999478,NO_DISPLACEMENT
15506,2026-08-17 20:30:00+00:00,M15:SELL_SIDE:15440,SELL_SIDE,M15,1.15781,0.00019999999999997797,1.7835455705347951,1.0943396226415094,True,-1,CONFIRMED,BEARISH,-0.0005100000000000104,NO_DISPLACEMENT
15506,2026-08-17 20:30:00+00:00,M15:SELL_SIDE:15450,SELL_SIDE,M15,1.15785,0.00024000000000001798,1.7835455705347951,1.0943396226415094,True,-1,CONFIRMED,BEARISH,-0.0005100000000000104,NO_DISPLACEMENT
15506,2026-08-17 20:30:00+00:00,M15:SELL_SIDE:15498,SELL_SIDE,M15,1.15817,0.0005599999999998939,1.7835455705347951,1.0943396226415094,False,-1,WEAK,BEARISH,-0.0005100000000000104,NO_DISPLACEMENT
15510,2026-08-17 21:30:00+00:00,M15:SELL_SIDE:15435,SELL_SIDE,M15,1.15726,0.00017000000000000348,0.7076120712074054,0.9740494870247435,False,2,CONFIRMED,BEARISH,-0.0014999999999998348,NO_DISPLACEMENT
15520,2026-08-18 00:00:00+00:00,M15:BUY_SIDE:15514,BUY_SIDE,M15,1.15805,0.0005399999999999849,1.9691963055316193,0.23575498575498577,True,1,CONFIRMED,NEUTRAL,0.0006099999999999994,NO_DISPLACEMENT
15528,2026-08-18 02:00:00+00:00,M15:BUY_SIDE:15525,BUY_SIDE,M15,1.15801,1.999999999990898e-05,0.6763546530202177,0.39238900634249474,False,-1,WEAK,NEUTRAL,0.00018999999999991246,NO_DISPLACEMENT
15534,2026-08-18 03:30:00+00:00,M15:SELL_SIDE:15525,SELL_SIDE,M15,1.15777,1.0000000000065512e-05,1.4439531321554935,0.8768430182133564,True,1,CONFIRMED,BULLISH,0.00024000000000001798,NO_DISPLACEMENT
15536,2026-08-18 04:00:00+00:00,M15:BUY_SIDE:15532,BUY_SIDE,M15,1.15849,8.999999999992347e-05,1.4265492977610728,1.2789055604589585,False,1,CONFIRMED,NEUTRAL,0.0006399999999999739,NO_DISPLACEMENT
15540,2026-08-18 05:00:00+00:00,M15:SELL_SIDE:15518,SELL_SIDE,M15,1.15772,6.000000000017103e-05,0.9165595931324313,1.090990990990991,False,3,CONFIRMED,NEUTRAL,-0.0005799999999998029,NO_DISPLACEMENT
15540,2026-08-18 05:00:00+00:00,M15:SELL_SIDE:15534,SELL_SIDE,M15,1.15776,9.999999999998899e-05,0.9165595931324313,1.090990990990991,False,3,CONFIRMED,NEUTRAL,-0.0005799999999998029,NO_DISPLACEMENT
15545,2026-08-18 06:15:00+00:00,M15:SELL_SIDE:15542,SELL_SIDE,M15,1.15752,6.000000000017103e-05,0.9312515504252156,0.7755319148936171,True,-1,CONFIRMED,BEARISH,-0.0006599999999998829,NO_DISPLACEMENT
15548,2026-08-18 07:00:00+00:00,M15:SELL_SIDE:15510,SELL_SIDE,M15,1.15709,5.999999999994898e-05,1.1693738888328333,1.2576516416249304,False,1,CONFIRMED,BEARISH,-0.001060000000000061,NO_DISPLACEMENT
15552,2026-08-18 08:00:00+00:00,M15:SELL_SIDE:15549,SELL_SIDE,M15,1.15698,5.999999999994898e-05,0.8353485527653151,1.288888888888889,False,1,CONFIRMED,BEARISH,-0.0006800000000000139,NO_DISPLACEMENT
15556,2026-08-18 09:00:00+00:00,M15:SELL_SIDE:15552,SELL_SIDE,M15,1.15692,0.00021999999999988695,2.280838545128799,2.8477218225419665,True,1,CONFIRMED,BEARISH,-0.00032999999999994145,NO_DISPLACEMENT
15561,2026-08-18 10:15:00+00:00,M15:BUY_SIDE:15551,BUY_SIDE,M15,1.15748,0.000140000000000029,1.7395147374940558,2.028776978417266,True,2,CONFIRMED,BEARISH,0.00031000000000003247,NO_DISPLACEMENT
15567,2026-08-18 11:45:00+00:00,M15:BUY_SIDE:15563,BUY_SIDE,M15,1.15775,9.999999999843467e-06,0.8597089776896569,1.161875945537065,True,1,CONFIRMED,BULLISH,0.00038000000000004697,NO_DISPLACEMENT
15577,2026-08-18 14:15:00+00:00,M15:SELL_SIDE:15573,SELL_SIDE,M15,1.15739,0.00012999999999996348,0.7401911047123104,0.681191640729213,False,1,CONFIRMED,BULLISH,-0.000320000000000098,NO_DISPLACEMENT
15578,2026-08-18 14:30:00+00:00,M15:SELL_SIDE:15569,SELL_SIDE,M15,1.15726,1.0000000000065512e-05,0.916832581724662,0.966651845264562,True,1,CONFIRMED,BULLISH,-1.0000000000065512e-05,NO_DISPLACEMENT
15582,2026-08-18 15:30:00+00:00,M15:SELL_SIDE:15578,SELL_SIDE,M15,1.15725,8.999999999992347e-05,1.0907430526280861,1.429701230228471,True,1,CONFIRMED,BEARISH,0.0,NO_DISPLACEMENT
15586,2026-08-18 16:30:00+00:00,M15:BUY_SIDE:15543,BUY_SIDE,M15,1.15804,0.000460000000000127,3.0183751494088207,2.9377909437156156,False,-1,WEAK,BEARISH,0.0006200000000000649,NO_DISPLACEMENT
15586,2026-08-18 16:30:00+00:00,M15:BUY_SIDE:15571,BUY_SIDE,M15,1.15799,0.0005100000000000104,3.0183751494088207,2.9377909437156156,False,-1,WEAK,BEARISH,0.0006200000000000649,NO_DISPLACEMENT
15586,2026-08-18 16:30:00+00:00,M15:BUY_SIDE:15580,BUY_SIDE,M15,1.15794,0.000560000000000116,3.0183751494088207,2.9377909437156156,False,-1,WEAK,BEARISH,0.0006200000000000649,NO_DISPLACEMENT
15586,2026-08-18 16:30:00+00:00,M15:SELL_SIDE:15582,SELL_SIDE,M15,1.15716,8.999999999992347e-05,3.0183751494088207,2.9377909437156156,True,1,CONFIRMED,BEARISH,0.0006200000000000649,NO_DISPLACEMENT
15588,2026-08-18 17:00:00+00:00,M15:BUY_SIDE:15520,BUY_SIDE,M15,1.15859,0.0001100000000000545,1.385212898061737,2.217231523070641,True,1,CONFIRMED,BEARISH,0.0009099999999999664,NO_DISPLACEMENT
15600,2026-08-18 20:00:00+00:00,M15:SELL_SIDE:15594,SELL_SIDE,M15,1.15766,9.999999999998899e-05,0.961315739675224,0.8120464441219158,False,1,CONFIRMED,NEUTRAL,-0.0008399999999999519,NO_DISPLACEMENT
15610,2026-08-18 22:30:00+00:00,M15:BUY_SIDE:15605,BUY_SIDE,M15,1.15788,0.00021000000000004349,1.2599715835630678,0.6780982073265783,False,1,CONFIRMED,NEUTRAL,0.00025999999999992696,NO_DISPLACEMENT
15611,2026-08-18 22:45:00+00:00,M15:SELL_SIDE:15602,SELL_SIDE,M15,1.15742,2.999999999997449e-05,1.4027754914516062,0.8827258320126783,True,-1,CONFIRMED,NEUTRAL,-0.00024000000000001798,NO_DISPLACEMENT
15624,2026-08-19 02:00:00+00:00,M15:BUY_SIDE:15618,BUY_SIDE,M15,1.15781,1.999999999990898e-05,0.7672656400433282,0.30064754856614245,True,1,CONFIRMED,NEUTRAL,0.00029999999999996696,NO_DISPLACEMENT
15626,2026-08-19 02:30:00+00:00,M15:SELL_SIDE:15619,SELL_SIDE,M15,1.15736,1.999999999990898e-05,0.8487218038283108,0.3793103448275862,True,1,CONFIRMED,BULLISH,-0.00025999999999992696,NO_DISPLACEMENT
15628,2026-08-19 03:00:00+00:00,M15:BUY_SIDE:15610,BUY_SIDE,M15,1.15809,7.999999999985796e-05,2.1860630915114596,1.6169617893755825,True,1,CONFIRMED,NEUTRAL,0.0005599999999998939,NO_DISPLACEMENT
15628,2026-08-19 03:00:00+00:00,M15:BUY_SIDE:15624,BUY_SIDE,M15,1.15783,0.00034000000000000696,2.1860630915114596,1.6169617893755825,False,2,CONFIRMED,NEUTRAL,0.0005599999999998939,NO_DISPLACEMENT
15632,2026-08-19 04:00:00+00:00,M15:SELL_SIDE:15612,SELL_SIDE,M15,1.15718,4.0000000000040004e-05,0.9957123564895668,1.4007455731593663,True,1,CONFIRMED,NEUTRAL,-0.000280000000000058,NO_DISPLACEMENT
15632,2026-08-19 04:00:00+00:00,M15:SELL_SIDE:15626,SELL_SIDE,M15,1.15734,0.00019999999999997797,0.9957123564895668,1.4007455731593663,False,1,CONFIRMED,NEUTRAL,-0.000280000000000058,NO_DISPLACEMENT
15633,2026-08-19 04:15:00+00:00,M15:SELL_SIDE:15586,SELL_SIDE,M15,1.15707,5.999999999994898e-05,1.1952941130773393,1.4007455731593663,True,1,CONFIRMED,NEUTRAL,-0.000260000000000149,NO_DISPLACEMENT
15637,2026-08-19 05:15:00+00:00,M15:BUY_SIDE:15628,BUY_SIDE,M15,1.15817,0.000360000000000138,2.1448349354131233,2.5031878371750858,False,-1,WEAK,NEUTRAL,0.0005999999999999339,NO_DISPLACEMENT
15639,2026-08-19 05:45:00+00:00,M15:BUY_SIDE:15597,BUY_SIDE,M15,1.15857,0.00014999999999987246,1.7406459719198641,1.3369298675821482,True,1,CONFIRMED,NEUTRAL,0.00029999999999996696,NO_DISPLACEMENT
15649,2026-08-19 08:15:00+00:00,M15:BUY_SIDE:15639,BUY_SIDE,M15,1.15872,4.0000000000040004e-05,0.6127519926748765,0.9311163895486936,True,-1,CONFIRMED,BULLISH,0.0003900000000001125,NO_DISPLACEMENT
15651,2026-08-19 08:45:00+00:00,H4:BUY_SIDE:1108,BUY_SIDE,H4,1.15884,9.999999999998899e-05,0.9682717409748381,0.9510050251256281,False,-1,WEAK,BULLISH,0.00048000000000003595,NO_DISPLACEMENT
15653,2026-08-19 09:15:00+00:00,M15:BUY_SIDE:15502,BUY_SIDE,M15,1.15918,0.0006899999999998574,2.50699629626978,1.7610294117647058,False,-1,WEAK,BULLISH,0.0016599999999999948,NO_DISPLACEMENT
15660,2026-08-19 11:00:00+00:00,M15:BUY_SIDE:15488,BUY_SIDE,M15,1.15998,0.00048000000000003595,2.197023945633231,2.2191192266380235,False,1,CONFIRMED,BULLISH,0.0016000000000000458,NO_DISPLACEMENT
15660,2026-08-19 11:00:00+00:00,M15:BUY_SIDE:15493,BUY_SIDE,M15,1.15993,0.0005300000000001415,2.197023945633231,2.2191192266380235,False,1,CONFIRMED,BULLISH,0.0016000000000000458,NO_DISPLACEMENT
15660,2026-08-19 11:00:00+00:00,M15:BUY_SIDE:15653,BUY_SIDE,M15,1.15987,0.0005900000000000905,2.197023945633231,2.2191192266380235,False,1,CONFIRMED,BULLISH,0.0016000000000000458,NO_DISPLACEMENT
15666,2026-08-19 12:30:00+00:00,M15:BUY_SIDE:15661,BUY_SIDE,M15,1.16054,0.00012000000000012001,0.6615983761299155,0.9653356735410268,True,-1,CONFIRMED,BULLISH,0.0011700000000001154,NO_DISPLACEMENT
15678,2026-08-19 15:30:00+00:00,H4:BUY_SIDE:830,BUY_SIDE,H4,1.16222,0.0007599999999998719,4.01948632638412,5.630030959752322,False,-1,WEAK,BULLISH,0.0019400000000000528,NO_DISPLACEMENT
15678,2026-08-19 15:30:00+00:00,H4:BUY_SIDE:838,BUY_SIDE,H4,1.16199,0.0009899999999998244,4.01948632638412,5.630030959752322,False,-1,WEAK,BULLISH,0.0019400000000000528,NO_DISPLACEMENT
15678,2026-08-19 15:30:00+00:00,H4:BUY_SIDE:1100,BUY_SIDE,H4,1.16141,0.0015699999999998493,4.01948632638412,5.630030959752322,False,-1,WEAK,BULLISH,0.0019400000000000528,NO_DISPLACEMENT
15678,2026-08-19 15:30:00+00:00,M15:BUY_SIDE:11170,BUY_SIDE,M15,1.16206,0.0009199999999998099,4.01948632638412,5.630030959752322,False,-1,WEAK,BULLISH,0.0019400000000000528,NO_DISPLACEMENT
15678,2026-08-19 15:30:00+00:00,M15:BUY_SIDE:11309,BUY_SIDE,M15,1.16167,0.0013099999999999223,4.01948632638412,5.630030959752322,False,-1,WEAK,BULLISH,0.0019400000000000528,NO_DISPLACEMENT
15678,2026-08-19 15:30:00+00:00,M15:BUY_SIDE:11312,BUY_SIDE,M15,1.16162,0.0013599999999998058,4.01948632638412,5.630030959752322,False,-1,WEAK,BULLISH,0.0019400000000000528,NO_DISPLACEMENT
15678,2026-08-19 15:30:00+00:00,M15:BUY_SIDE:11317,BUY_SIDE,M15,1.16152,0.0014599999999997948,4.01948632638412,5.630030959752322,False,-1,WEAK,BULLISH,0.0019400000000000528,NO_DISPLACEMENT
15678,2026-08-19 15:30:00+00:00,M15:BUY_SIDE:11337,BUY_SIDE,M15,1.1615,0.0014799999999999258,4.01948632638412,5.630030959752322,False,-1,WEAK,BULLISH,0.0019400000000000528,NO_DISPLACEMENT
15678,2026-08-19 15:30:00+00:00,M15:BUY_SIDE:15671,BUY_SIDE,M15,1.16119,0.0017899999999999583,4.01948632638412,5.630030959752322,False,-1,WEAK,BULLISH,0.0019400000000000528,NO_DISPLACEMENT
15679,2026-08-19 15:45:00+00:00,M15:BUY_SIDE:10588,BUY_SIDE,M15,1.16428,7.00000000000145e-05,2.6353806881785706,4.518939393939394,True,-1,CONFIRMED,BULLISH,0.002529999999999921,NO_DISPLACEMENT
15680,2026-08-19 16:00:00+00:00,H4:BUY_SIDE:789,BUY_SIDE,H4,1.16453,0.0004899999999998794,1.9885647667880066,4.209848484848485,False,-1,WEAK,BULLISH,0.00374999999999992,NO_DISPLACEMENT
15680,2026-08-19 16:00:00+00:00,H4:BUY_SIDE:795,BUY_SIDE,H4,1.16443,0.0005899999999998684,1.9885647667880066,4.209848484848485,False,-1,WEAK,BULLISH,0.00374999999999992,NO_DISPLACEMENT
15680,2026-08-19 16:00:00+00:00,M15:BUY_SIDE:10310,BUY_SIDE,M15,1.16499,2.999999999997449e-05,1.9885647667880066,4.209848484848485,True,-1,CONFIRMED,BULLISH,0.00374999999999992,NO_DISPLACEMENT
15682,2026-08-19 16:30:00+00:00,H4:BUY_SIDE:777,BUY_SIDE,H4,1.16556,0.0003500000000000725,1.4346258315485025,4.426515151515152,True,-1,CONFIRMED,BULLISH,0.00499000000000005,NO_DISPLACEMENT
15684,2026-08-19 17:00:00+00:00,H4:BUY_SIDE:770,BUY_SIDE,H4,1.16647,0.0003300000000001635,1.712691708793764,3.68810051736881,True,3,CONFIRMED,BULLISH,0.006329999999999947,NO_DISPLACEMENT
15684,2026-08-19 17:00:00+00:00,M15:BUY_SIDE:10192,BUY_SIDE,M15,1.16605,0.0007500000000000284,1.712691708793764,3.68810051736881,False,-1,WEAK,BULLISH,0.006329999999999947,NO_DISPLACEMENT
15685,2026-08-19 17:15:00+00:00,M15:BUY_SIDE:10137,BUY_SIDE,M15,1.16694,0.00026999999999999247,1.0939116944172809,3.8802791039294897,False,2,CONFIRMED,BULLISH,0.006920000000000037,NO_DISPLACEMENT
15695,2026-08-19 19:45:00+00:00,M15:BUY_SIDE:15692,BUY_SIDE,M15,1.16718,2.999999999997449e-05,0.5029267152684994,1.0028151391929934,True,1,CONFIRMED,NEUTRAL,-0.00035999999999991594,NO_DISPLACEMENT
15702,2026-08-19 21:30:00+00:00,M15:BUY_SIDE:15696,BUY_SIDE,M15,1.16723,0.00019999999999997797,1.692192462389714,1.2626400655916916,True,-1,CONFIRMED,BULLISH,0.00015999999999993797,NO_DISPLACEMENT
15705,2026-08-19 22:15:00+00:00,M15:BUY_SIDE:15686,BUY_SIDE,M15,1.16772,0.00013999999999980695,0.696733663768313,0.801858431265373,False,1,CONFIRMED,BULLISH,0.0009399999999999409,NO_DISPLACEMENT
15716,2026-08-20 01:00:00+00:00,M15:BUY_SIDE:15706,BUY_SIDE,M15,1.16792,0.00011999999999989797,0.7932030045515962,0.5077872465471642,True,1,CONFIRMED,NEUTRAL,0.0005499999999998284,NO_DISPLACEMENT
15720,2026-08-20 02:00:00+00:00,M15:SELL_SIDE:15712,SELL_SIDE,M15,1.16743,1.0000000000065512e-05,0.7554354619387234,0.4807522774022921,True,1,CONFIRMED,BULLISH,-0.000280000000000058,NO_DISPLACEMENT
15727,2026-08-20 03:45:00+00:00,M15:SELL_SIDE:15723,SELL_SIDE,M15,1.16726,2.999999999997449e-05,0.8721510582270874,0.7607429997227613,True,2,CONFIRMED,BEARISH,-0.00032999999999994145,NO_DISPLACEMENT
15728,2026-08-20 04:00:00+00:00,M15:SELL_SIDE:15707,SELL_SIDE,M15,1.16719,0.00018999999999991246,1.202035506648732,1.2475741613529248,True,1,CONFIRMED,BEARISH,-0.0004499999999998394,NO_DISPLACEMENT
15729,2026-08-20 04:15:00+00:00,M15:BUY_SIDE:15724,BUY_SIDE,M15,1.16799,1.999999999990898e-05,1.7761391482766993,1.1205988355974494,True,1,CONFIRMED,BEARISH,0.00041000000000002146,NO_DISPLACEMENT
15730,2026-08-20 04:30:00+00:00,M15:BUY_SIDE:15716,BUY_SIDE,M15,1.16804,0.00024000000000001798,1.7592797393607666,1.5996673135569726,True,1,CONFIRMED,BEARISH,0.00026999999999999247,NO_DISPLACEMENT
15740,2026-08-20 07:00:00+00:00,M15:BUY_SIDE:15737,BUY_SIDE,M15,1.16802,9.999999999843467e-06,0.4696616158459287,0.6399719002458728,True,1,CONFIRMED,NEUTRAL,9.999999999998899e-05,NO_DISPLACEMENT
15743,2026-08-20 07:45:00+00:00,M15:SELL_SIDE:15733,SELL_SIDE,M15,1.16728,0.0001100000000000545,1.3811626891826752,0.7153988868274582,True,1,CONFIRMED,BULLISH,-0.0002500000000000835,NO_DISPLACEMENT
15751,2026-08-20 09:45:00+00:00,H4:BUY_SIDE:766,BUY_SIDE,H4,1.16858,0.000260000000000149,1.8643423165262314,1.7864685177942903,False,1,CONFIRMED,BEARISH,0.0010799999999999699,NO_DISPLACEMENT
15751,2026-08-20 09:45:00+00:00,M15:BUY_SIDE:15732,BUY_SIDE,M15,1.16839,0.00045000000000006146,1.8643423165262314,1.7864685177942903,False,1,CONFIRMED,BEARISH,0.0010799999999999699,NO_DISPLACEMENT
15751,2026-08-20 09:45:00+00:00,M15:BUY_SIDE:15740,BUY_SIDE,M15,1.16803,0.0008100000000001994,1.8643423165262314,1.7864685177942903,False,2,CONFIRMED,BEARISH,0.0010799999999999699,NO_DISPLACEMENT
15754,2026-08-20 10:30:00+00:00,M15:BUY_SIDE:15751,BUY_SIDE,M15,1.16884,0.0005099999999997884,2.521435412822614,1.9624560031286664,False,-1,WEAK,NEUTRAL,0.0016599999999999948,NO_DISPLACEMENT
15760,2026-08-20 12:00:00+00:00,M15:BUY_SIDE:9061,BUY_SIDE,M15,1.17,0.00048000000000003595,1.5350813597557897,1.516883116883117,False,-1,WEAK,BULLISH,0.0024000000000001798,NO_DISPLACEMENT
15764,2026-08-20 13:00:00+00:00,M15:BUY_SIDE:15761,BUY_SIDE,M15,1.17097,8.999999999992347e-05,1.0661548244471049,1.258317025440313,True,1,CONFIRMED,BULLISH,0.0017599999999999838,NO_DISPLACEMENT
15767,2026-08-20 13:45:00+00:00,M15:SELL_SIDE:15763,SELL_SIDE,M15,1.17007,0.0006399999999999739,1.3444960623637656,1.2572759022118742,False,-1,WEAK,BULLISH,0.0005900000000000905,NO_DISPLACEMENT
15770,2026-08-20 14:30:00+00:00,M15:SELL_SIDE:15758,SELL_SIDE,M15,1.16888,0.000140000000000029,1.2576791581950315,1.4158335584977033,False,-1,WEAK,BULLISH,-0.0016200000000001769,NO_DISPLACEMENT
15772,2026-08-20 15:00:00+00:00,M15:SELL_SIDE:15753,SELL_SIDE,M15,1.16782,4.0000000000040004e-05,1.2073501925754606,2.326933056564608,True,1,CONFIRMED,BULLISH,-0.0020700000000000163,NO_DISPLACEMENT
15779,2026-08-20 16:45:00+00:00,M15:SELL_SIDE:15772,SELL_SIDE,M15,1.16778,0.0002900000000001235,1.2476102759893006,1.9182374541003673,False,2,CONFIRMED,BEARISH,-0.0016000000000000458,NO_DISPLACEMENT
15790,2026-08-20 19:30:00+00:00,M15:SELL_SIDE:15728,SELL_SIDE,M15,1.167,8.000000000008001e-05,0.5434360912821845,1.008236536430834,True,1,CONFIRMED,NEUTRAL,-0.000180000000000069,NO_DISPLACEMENT
15790,2026-08-20 19:30:00+00:00,M15:SELL_SIDE:15781,SELL_SIDE,M15,1.16708,0.00015999999999993797,0.5434360912821845,1.008236536430834,False,1,CONFIRMED,NEUTRAL,-0.000180000000000069,NO_DISPLACEMENT
15790,2026-08-20 19:30:00+00:00,M15:SELL_SIDE:15786,SELL_SIDE,M15,1.16723,0.00031000000000003247,0.5434360912821845,1.008236536430834,False,1,CONFIRMED,NEUTRAL,-0.000180000000000069,NO_DISPLACEMENT
15796,2026-08-20 21:00:00+00:00,M15:BUY_SIDE:15792,BUY_SIDE,M15,1.16751,7.999999999985796e-05,0.7041831746611514,0.7501583949313622,True,1,CONFIRMED,BEARISH,-9.000000000014552e-05,NO_DISPLACEMENT
15799,2026-08-20 21:45:00+00:00,M15:BUY_SIDE:15796,BUY_SIDE,M15,1.16759,6.000000000017103e-05,0.5504886977731742,0.479831045406547,False,3,CONFIRMED,BULLISH,0.00034000000000000696,NO_DISPLACEMENT
15807,2026-08-20 23:45:00+00:00,M15:BUY_SIDE:15804,BUY_SIDE,M15,1.16792,5.999999999994898e-05,0.48418422634678365,0.4334004925005597,True,1,CONFIRMED,BULLISH,0.0005999999999999339,NO_DISPLACEMENT
15812,2026-08-21 01:00:00+00:00,M15:BUY_SIDE:15807,BUY_SIDE,M15,1.16798,0.0002500000000000835,1.3835495867235357,0.17013801756587202,False,-1,WEAK,BULLISH,0.0006099999999999994,NO_DISPLACEMENT
15825,2026-08-21 04:15:00+00:00,M15:BUY_SIDE:15821,BUY_SIDE,M15,1.16897,0.00014999999999987246,1.504183141008756,1.3439813011297235,False,1,CONFIRMED,BULLISH,0.0007699999999999374,NO_DISPLACEMENT
15829,2026-08-21 05:15:00+00:00,M15:BUY_SIDE:15776,BUY_SIDE,M15,1.16947,0.00021999999999988695,1.5652735034263,0.9351535836177475,False,-1,WEAK,BULLISH,0.0007200000000000539,NO_DISPLACEMENT
15829,2026-08-21 05:15:00+00:00,M15:BUY_SIDE:15784,BUY_SIDE,M15,1.16938,0.00030999999999981043,1.5652735034263,0.9351535836177475,False,-1,WEAK,BULLISH,0.0007200000000000539,NO_DISPLACEMENT
15829,2026-08-21 05:15:00+00:00,M15:BUY_SIDE:15826,BUY_SIDE,M15,1.1693,0.00038999999999989043,1.5652735034263,0.9351535836177475,False,-1,WEAK,BULLISH,0.0007200000000000539,NO_DISPLACEMENT
15838,2026-08-21 07:30:00+00:00,M15:SELL_SIDE:15835,SELL_SIDE,M15,1.16915,4.999999999988347e-05,0.782237993321517,0.6307403936269915,True,1,CONFIRMED,NEUTRAL,-4.0000000000040004e-05,NO_DISPLACEMENT
15841,2026-08-21 08:15:00+00:00,M15:SELL_SIDE:15838,SELL_SIDE,M15,1.1691,2.999999999997449e-05,0.8308491672847189,0.8927125506072875,True,1,CONFIRMED,BEARISH,-0.00046999999999997044,NO_DISPLACEMENT
15842,2026-08-21 08:30:00+00:00,M15:BUY_SIDE:15836,BUY_SIDE,M15,1.16954,0.00012999999999996348,1.8668223270530406,1.1609311740890689,False,2,CONFIRMED,BEARISH,-0.00012000000000012001,NO_DISPLACEMENT
15848,2026-08-21 10:00:00+00:00,M15:BUY_SIDE:15843,BUY_SIDE,M15,1.16994,9.999999999998899e-05,1.4554509751744409,1.9824132877381533,True,1,CONFIRMED,NEUTRAL,0.00048000000000003595,NO_DISPLACEMENT
15850,2026-08-21 10:30:00+00:00,M15:SELL_SIDE:15842,SELL_SIDE,M15,1.16902,9.999999999998899e-05,1.5757660670869094,2.2305813385442113,False,1,CONFIRMED,NEUTRAL,-0.00025999999999992696,NO_DISPLACEMENT
15854,2026-08-21 11:30:00+00:00,M15:BUY_SIDE:15831,BUY_SIDE,M15,1.17009,0.00041000000000002146,1.96092011493106,2.150404569252737,False,-1,WEAK,NEUTRAL,0.0011999999999998678,NO_DISPLACEMENT
15854,2026-08-21 11:30:00+00:00,M15:BUY_SIDE:15848,BUY_SIDE,M15,1.17004,0.000460000000000127,1.96092011493106,2.150404569252737,False,-1,WEAK,NEUTRAL,0.0011999999999998678,NO_DISPLACEMENT
15856,2026-08-21 12:00:00+00:00,H4:BUY_SIDE:1119,BUY_SIDE,H4,1.17106,8.999999999992347e-05,1.6679924981216554,2.6289592760180995,True,1,CONFIRMED,NEUTRAL,0.0015600000000000058,NO_DISPLACEMENT
15866,2026-08-21 14:30:00+00:00,M15:SELL_SIDE:15860,SELL_SIDE,M15,1.1699,0.00022999999999995246,2.088465214388656,1.9439567859554354,False,1,CONFIRMED,NEUTRAL,-0.001040000000000152,NO_DISPLACEMENT
15870,2026-08-21 15:30:00+00:00,M15:SELL_SIDE:15851,SELL_SIDE,M15,1.16867,0.00016000000000016001,1.5556669116399406,1.8177777777777777,True,1,CONFIRMED,NEUTRAL,-0.0012799999999999478,NO_DISPLACEMENT
15873,2026-08-21 16:15:00+00:00,M15:SELL_SIDE:15824,SELL_SIDE,M15,1.16829,0.00021000000000004349,1.200899560529664,1.8449181340747607,True,2,CONFIRMED,NEUTRAL,-0.0017899999999999583,NO_DISPLACEMENT
15877,2026-08-21 17:15:00+00:00,M15:SELL_SIDE:15803,SELL_SIDE,M15,1.16747,0.00019999999999997797,1.3157237361607783,1.2950030102347982,False,-1,WEAK,NEUTRAL,-0.002789999999999848,NO_DISPLACEMENT
15877,2026-08-21 17:15:00+00:00,M15:SELL_SIDE:15808,SELL_SIDE,M15,1.16765,0.00038000000000004697,1.3157237361607783,1.2950030102347982,False,-1,WEAK,NEUTRAL,-0.002789999999999848,NO_DISPLACEMENT
15878,2026-08-21 17:30:00+00:00,H4:SELL_SIDE:1120,SELL_SIDE,H4,1.16692,4.0000000000040004e-05,0.9098361790712696,1.771764705882353,True,1,CONFIRMED,NEUTRAL,-0.0025399999999999867,NO_DISPLACEMENT
15878,2026-08-21 17:30:00+00:00,M15:SELL_SIDE:15797,SELL_SIDE,M15,1.16707,0.0001900000000001345,0.9098361790712696,1.771764705882353,True,1,CONFIRMED,NEUTRAL,-0.0025399999999999867,NO_DISPLACEMENT
15901,2026-08-21 23:15:00+00:00,M15:SELL_SIDE:15888,SELL_SIDE,M15,1.16772,0.000140000000000029,0.8672134125769183,0.4152941176470588,False,-1,WEAK,NEUTRAL,-0.00043999999999999595,NO_DISPLACEMENT
15908,2026-08-24 01:00:00+00:00,M15:SELL_SIDE:15902,SELL_SIDE,M15,1.16741,0.000140000000000029,2.0136276193821874,0.6725105189340813,True,1,CONFIRMED,BEARISH,-2.999999999997449e-05,NO_DISPLACEMENT
15908,2026-08-24 01:00:00+00:00,M15:BUY_SIDE:15905,BUY_SIDE,M15,1.16785,9.999999999998899e-05,2.0136276193821874,0.6725105189340813,False,2,CONFIRMED,BEARISH,-2.999999999997449e-05,NO_DISPLACEMENT
15915,2026-08-24 02:45:00+00:00,M15:BUY_SIDE:15899,BUY_SIDE,M15,1.16814,0.0001100000000000545,2.1420762805158966,0.7612612612612613,False,-1,WEAK,BULLISH,0.00041000000000002146,NO_DISPLACEMENT
15915,2026-08-24 02:45:00+00:00,M15:BUY_SIDE:15910,BUY_SIDE,M15,1.16798,0.00026999999999999247,2.1420762805158966,0.7612612612612613,False,-1,WEAK,BULLISH,0.00041000000000002146,NO_DISPLACEMENT
15916,2026-08-24 03:00:00+00:00,M15:BUY_SIDE:15892,BUY_SIDE,M15,1.16841,0.00022999999999995246,1.3389237831736103,1.572072072072072,False,1,CONFIRMED,BULLISH,0.0007600000000000939,NO_DISPLACEMENT
15916,2026-08-24 03:00:00+00:00,M15:BUY_SIDE:15895,BUY_SIDE,M15,1.16834,0.00029999999999996696,1.3389237831736103,1.572072072072072,False,-1,WEAK,BULLISH,0.0007600000000000939,NO_DISPLACEMENT
15931,2026-08-24 06:45:00+00:00,M15:SELL_SIDE:15928,SELL_SIDE,M15,1.16791,9.999999999998899e-05,0.7573250499000257,0.9068181818181819,True,2,CONFIRMED,NEUTRAL,0.0002500000000000835,NO_DISPLACEMENT
15932,2026-08-24 07:00:00+00:00,M15:SELL_SIDE:15922,SELL_SIDE,M15,1.16766,0.00011999999999989797,1.489325779233262,1.3511363636363636,True,1,CONFIRMED,NEUTRAL,-9.000000000014552e-05,NO_DISPLACEMENT
15941,2026-08-24 09:15:00+00:00,M15:SELL_SIDE:15912,SELL_SIDE,M15,1.16747,7.00000000000145e-05,1.436642073036528,2.4900881057268722,True,1,CONFIRMED,NEUTRAL,-0.0004900000000001015,NO_DISPLACEMENT
15941,2026-08-24 09:15:00+00:00,M15:SELL_SIDE:15932,SELL_SIDE,M15,1.16754,0.000140000000000029,1.436642073036528,2.4900881057268722,False,1,CONFIRMED,NEUTRAL,-0.0004900000000001015,NO_DISPLACEMENT
15941,2026-08-24 09:15:00+00:00,M15:SELL_SIDE:15938,SELL_SIDE,M15,1.1676,0.00019999999999997797,1.436642073036528,2.4900881057268722,False,1,CONFIRMED,NEUTRAL,-0.0004900000000001015,NO_DISPLACEMENT
15944,2026-08-24 10:00:00+00:00,M15:SELL_SIDE:15941,SELL_SIDE,M15,1.1674,0.00011999999999989797,1.9678699228781462,2.876267748478702,False,1,CONFIRMED,BEARISH,-0.0007200000000000539,NO_DISPLACEMENT
15945,2026-08-24 10:15:00+00:00,M15:SELL_SIDE:15908,SELL_SIDE,M15,1.16727,0.00019999999999997797,1.2833214948320002,2.3947368421052633,True,-1,CONFIRMED,BEARISH,-0.0006999999999999229,NO_DISPLACEMENT
15946,2026-08-24 10:30:00+00:00,H4:SELL_SIDE:1126,SELL_SIDE,H4,1.16688,0.00028999999999990145,2.4002839847599238,2.695695695695696,False,-1,WEAK,BEARISH,-0.0014199999999999768,NO_DISPLACEMENT
15954,2026-08-24 12:30:00+00:00,M15:SELL_SIDE:15950,SELL_SIDE,M15,1.16605,2.0000000000131024e-05,0.9013866168355793,0.9974704890387859,True,1,CONFIRMED,BEARISH,-0.0010699999999999044,NO_DISPLACEMENT
15961,2026-08-24 14:15:00+00:00,M15:BUY_SIDE:15951,BUY_SIDE,M15,1.16674,6.999999999979245e-05,1.1906450813099543,1.0145631067961165,True,1,CONFIRMED,NEUTRAL,0.00039999999999995595,NO_DISPLACEMENT
15961,2026-08-24 14:15:00+00:00,M15:BUY_SIDE:15957,BUY_SIDE,M15,1.16669,0.00011999999999989797,1.1906450813099543,1.0145631067961165,False,1,CONFIRMED,NEUTRAL,0.00039999999999995595,NO_DISPLACEMENT
15966,2026-08-24 15:30:00+00:00,M15:BUY_SIDE:15962,BUY_SIDE,M15,1.16737,1.0000000000065512e-05,1.761927469909326,2.186109238031018,True,1,CONFIRMED,NEUTRAL,0.00029999999999996696,NO_DISPLACEMENT
15969,2026-08-24 16:15:00+00:00,M15:BUY_SIDE:15966,BUY_SIDE,M15,1.16738,9.999999999998899e-05,0.9536156457760753,1.5844408427876824,True,1,CONFIRMED,NEUTRAL,0.0005900000000000905,NO_DISPLACEMENT
15977,2026-08-24 18:15:00+00:00,M15:BUY_SIDE:15974,BUY_SIDE,M15,1.16721,3.999999999981796e-05,1.051915276725871,1.3630034808552958,True,1,CONFIRMED,NEUTRAL,0.00015999999999993797,NO_DISPLACEMENT
15979,2026-08-24 18:45:00+00:00,M15:SELL_SIDE:15975,SELL_SIDE,M15,1.16641,2.999999999997449e-05,0.9841095440059202,0.809050223769269,True,1,CONFIRMED,BULLISH,-0.000560000000000116,NO_DISPLACEMENT
15980,2026-08-24 19:00:00+00:00,M15:SELL_SIDE:15972,SELL_SIDE,M15,1.1663,1.999999999990898e-05,1.234764807837795,1.4678448699067255,True,1,CONFIRMED,BULLISH,4.0000000000040004e-05,NO_DISPLACEMENT
15984,2026-08-24 20:00:00+00:00,M15:SELL_SIDE:15959,SELL_SIDE,M15,1.16619,2.0000000000131024e-05,0.9972753644196857,1.3214113098115032,True,-1,CONFIRMED,NEUTRAL,-0.0004999999999999449,NO_DISPLACEMENT
15984,2026-08-24 20:00:00+00:00,M15:SELL_SIDE:15980,SELL_SIDE,M15,1.16628,0.0001100000000000545,0.9972753644196857,1.3214113098115032,False,-1,WEAK,NEUTRAL,-0.0004999999999999449,NO_DISPLACEMENT
15985,2026-08-24 20:15:00+00:00,M15:SELL_SIDE:15689,SELL_SIDE,M15,1.16568,2.0000000000131024e-05,1.333675609458016,1.1993315827166389,True,1,CONFIRMED,NEUTRAL,-0.0006999999999999229,NO_DISPLACEMENT
15985,2026-08-24 20:15:00+00:00,M15:SELL_SIDE:15699,SELL_SIDE,M15,1.16585,0.0001900000000001345,1.333675609458016,1.1993315827166389,False,2,CONFIRMED,NEUTRAL,-0.0006999999999999229,NO_DISPLACEMENT
15985,2026-08-24 20:15:00+00:00,M15:SELL_SIDE:15954,SELL_SIDE,M15,1.16603,0.00036999999999998145,1.333675609458016,1.1993315827166389,False,-1,WEAK,NEUTRAL,-0.0006999999999999229,NO_DISPLACEMENT
16000,2026-08-25 00:00:00+00:00,M15:SELL_SIDE:15994,SELL_SIDE,M15,1.16593,0.00035999999999991594,1.8946199444068852,0.27398119122257053,True,1,CONFIRMED,NEUTRAL,-7.999999999985796e-05,NO_DISPLACEMENT
16002,2026-08-25 00:30:00+00:00,M15:BUY_SIDE:15999,BUY_SIDE,M15,1.16645,2.999999999997449e-05,0.411258056021305,0.038808966209434595,False,1,CONFIRMED,BEARISH,0.000280000000000058,NO_DISPLACEMENT
16003,2026-08-25 00:45:00+00:00,M15:BUY_SIDE:15990,BUY_SIDE,M15,1.16654,3.0000000000196536e-05,0.5393843382970254,0.04148544663767146,True,1,CONFIRMED,BEARISH,0.00043999999999999595,NO_DISPLACEMENT
16009,2026-08-25 02:15:00+00:00,M15:BUY_SIDE:16003,BUY_SIDE,M15,1.16657,9.999999999843467e-06,0.4877522452975167,0.12642857142857142,True,1,CONFIRMED,NEUTRAL,9.999999999998899e-05,NO_DISPLACEMENT
16017,2026-08-25 04:15:00+00:00,M15:SELL_SIDE:16010,SELL_SIDE,M15,1.16641,4.0000000000040004e-05,1.317129748127502,0.7877280265339967,True,1,CONFIRMED,BULLISH,0.000220000000000109,NO_DISPLACEMENT
16023,2026-08-25 05:45:00+00:00,M15:SELL_SIDE:16020,SELL_SIDE,M15,1.16615,0.00026999999999999247,1.6691841418703086,1.2060737527114966,False,-1,WEAK,NEUTRAL,-0.0008699999999999264,NO_DISPLACEMENT
16030,2026-08-25 07:30:00+00:00,M15:SELL_SIDE:16000,SELL_SIDE,M15,1.16557,4.0000000000040004e-05,0.5169715167214322,1.2637837837837838,True,3,CONFIRMED,NEUTRAL,-0.0006699999999999484,NO_DISPLACEMENT
16031,2026-08-25 07:45:00+00:00,M15:SELL_SIDE:15987,SELL_SIDE,M15,1.16552,2.999999999997449e-05,0.5721286024242849,1.2994594594594595,True,1,CONFIRMED,NEUTRAL,-0.0008900000000000574,NO_DISPLACEMENT
16036,2026-08-25 09:00:00+00:00,M15:BUY_SIDE:16032,BUY_SIDE,M15,1.16568,5.999999999994898e-05,1.598601702132909,1.812568908489526,False,2,CONFIRMED,BEARISH,-0.000280000000000058,NO_DISPLACEMENT
16039,2026-08-25 09:45:00+00:00,M15:SELL_SIDE:16035,SELL_SIDE,M15,1.16531,0.00021000000000004349,1.1074141652639353,1.8180815876515988,False,1,CONFIRMED,BEARISH,-0.00031999999999987594,NO_DISPLACEMENT
16045,2026-08-25 11:15:00+00:00,M15:BUY_SIDE:16041,BUY_SIDE,M15,1.1663,0.000220000000000109,1.9296432903126841,2.8456315074694434,True,-1,CONFIRMED,BULLISH,0.0008399999999999519,NO_DISPLACEMENT
16048,2026-08-25 12:00:00+00:00,M15:BUY_SIDE:15977,BUY_SIDE,M15,1.16725,0.000140000000000029,1.9606795363497236,1.5993445309299468,False,1,CONFIRMED,BULLISH,0.0019100000000000783,NO_DISPLACEMENT
16048,2026-08-25 12:00:00+00:00,M15:BUY_SIDE:16012,BUY_SIDE,M15,1.1671,0.00028999999999990145,1.9606795363497236,1.5993445309299468,False,1,CONFIRMED,BULLISH,0.0019100000000000783,NO_DISPLACEMENT
16057,2026-08-25 14:15:00+00:00,M15:SELL_SIDE:16054,SELL_SIDE,M15,1.16592,8.000000000008001e-05,0.9739477136426622,1.0272792534099067,True,1,CONFIRMED,BULLISH,-0.0005500000000000504,NO_DISPLACEMENT
16062,2026-08-25 15:30:00+00:00,M15:BUY_SIDE:16059,BUY_SIDE,M15,1.16648,1.0000000000065512e-05,0.839968317029077,1.211673699015471,True,-1,CONFIRMED,BEARISH,-1.999999999990898e-05,NO_DISPLACEMENT
16064,2026-08-25 16:00:00+00:00,M15:BUY_SIDE:15969,BUY_SIDE,M15,1.16748,5.999999999994898e-05,2.3624291956304373,1.9810990549527476,True,1,CONFIRMED,BEARISH,0.0009000000000001229,NO_DISPLACEMENT
16064,2026-08-25 16:00:00+00:00,M15:BUY_SIDE:16048,BUY_SIDE,M15,1.16739,0.0001500000000000945,2.3624291956304373,1.9810990549527476,True,1,CONFIRMED,BEARISH,0.0009000000000001229,NO_DISPLACEMENT
16074,2026-08-25 18:30:00+00:00,M15:BUY_SIDE:16064,BUY_SIDE,M15,1.16754,2.999999999997449e-05,1.2349135493325447,1.7540236866079564,True,1,CONFIRMED,NEUTRAL,4.999999999988347e-05,NO_DISPLACEMENT
16074,2026-08-25 18:30:00+00:00,M15:BUY_SIDE:16071,BUY_SIDE,M15,1.16744,0.00012999999999996348,1.2349135493325447,1.7540236866079564,True,1,CONFIRMED,NEUTRAL,4.999999999988347e-05,NO_DISPLACEMENT
16088,2026-08-25 22:00:00+00:00,M15:BUY_SIDE:16074,BUY_SIDE,M15,1.16757,0.000140000000000029,0.9456950781395163,0.6243291592128801,False,1,CONFIRMED,NEUTRAL,0.0005999999999999339,NO_DISPLACEMENT
16088,2026-08-25 22:00:00+00:00,M15:BUY_SIDE:16084,BUY_SIDE,M15,1.16753,0.000180000000000069,0.9456950781395163,0.6243291592128801,False,1,CONFIRMED,NEUTRAL,0.0005999999999999339,NO_DISPLACEMENT
16090,2026-08-25 22:30:00+00:00,M15:SELL_SIDE:16080,SELL_SIDE,M15,1.1669,2.999999999997449e-05,1.2777621942658481,0.8921355299968915,True,1,CONFIRMED,NEUTRAL,9.999999999843467e-06,NO_DISPLACEMENT
16092,2026-08-25 23:00:00+00:00,M15:BUY_SIDE:16089,BUY_SIDE,M15,1.16791,5.999999999994898e-05,1.1206643420100726,0.5163418290854572,True,1,CONFIRMED,NEUTRAL,0.000660000000000105,NO_DISPLACEMENT
16110,2026-08-26 03:30:00+00:00,M15:SELL_SIDE:16106,SELL_SIDE,M15,1.16725,0.00013999999999980695,1.251246111730898,0.6860965121834687,True,1,CONFIRMED,NEUTRAL,-9.000000000014552e-05,NO_DISPLACEMENT
16113,2026-08-26 04:15:00+00:00,M15:SELL_SIDE:16096,SELL_SIDE,M15,1.16705,4.999999999988347e-05,0.8099827456008405,0.8570004982561036,False,3,CONFIRMED,NEUTRAL,-0.0006399999999999739,NO_DISPLACEMENT
16117,2026-08-26 05:15:00+00:00,M15:SELL_SIDE:16090,SELL_SIDE,M15,1.16687,5.0000000000105516e-05,1.4915260340118865,1.1288220551378445,True,1,CONFIRMED,BEARISH,-0.0005299999999999194,NO_DISPLACEMENT
16119,2026-08-26 05:45:00+00:00,M15:SELL_SIDE:16077,SELL_SIDE,M15,1.16679,0.0001100000000000545,1.1679969812894841,0.6866952789699571,False,-1,WEAK,BEARISH,-0.000600000000000156,NO_DISPLACEMENT
16121,2026-08-26 06:15:00+00:00,M15:SELL_SIDE:16070,SELL_SIDE,M15,1.16661,5.999999999994898e-05,0.9281374098453643,0.8775852431525992,True,-1,CONFIRMED,BEARISH,-0.0006399999999999739,NO_DISPLACEMENT
16125,2026-08-26 07:15:00+00:00,M15:SELL_SIDE:16122,SELL_SIDE,M15,1.16638,0.00012999999999996348,0.8358993923387149,0.8002336448598131,True,-1,CONFIRMED,BEARISH,-0.0006199999999998429,NO_DISPLACEMENT
16134,2026-08-26 09:30:00+00:00,M15:SELL_SIDE:16127,SELL_SIDE,M15,1.16605,7.00000000000145e-05,1.4415286138345815,1.7671517671517671,True,1,CONFIRMED,BEARISH,-2.0000000000131024e-05,NO_DISPLACEMENT
16135,2026-08-26 09:45:00+00:00,M15:BUY_SIDE:16130,BUY_SIDE,M15,1.16669,5.999999999994898e-05,1.2764999901605352,1.7130977130977132,False,-1,WEAK,BEARISH,0.00028999999999990145,NO_DISPLACEMENT
16138,2026-08-26 10:30:00+00:00,M15:BUY_SIDE:16116,BUY_SIDE,M15,1.16729,2.0000000000131024e-05,1.14650981601548,1.781081081081081,True,1,CONFIRMED,BEARISH,0.0009300000000000974,NO_DISPLACEMENT
16141,2026-08-26 11:15:00+00:00,M15:BUY_SIDE:16109,BUY_SIDE,M15,1.16756,0.00012999999999996348,0.8346366809941611,1.627027027027027,False,1,CONFIRMED,NEUTRAL,0.0012499999999999734,NO_DISPLACEMENT
16144,2026-08-26 12:00:00+00:00,M15:SELL_SIDE:16139,SELL_SIDE,M15,1.16677,0.00013000000000018552,1.3715711358941602,1.8001273074474857,False,-1,WEAK,BULLISH,0.00026999999999999247,NO_DISPLACEMENT
16149,2026-08-26 13:15:00+00:00,M15:SELL_SIDE:16145,SELL_SIDE,M15,1.16636,0.000140000000000029,1.0954166041112914,1.6427783902976847,False,1,CONFIRMED,BEARISH,-0.0007600000000000939,NO_DISPLACEMENT
16155,2026-08-26 14:45:00+00:00,M15:BUY_SIDE:16152,BUY_SIDE,M15,1.16659,0.00034000000000000696,1.2090510054733603,1.130317957904165,False,3,CONFIRMED,BEARISH,0.0004900000000001015,NO_DISPLACEMENT
16156,2026-08-26 15:00:00+00:00,M15:BUY_SIDE:16147,BUY_SIDE,M15,1.16693,0.00039999999999995595,1.3585877503183148,1.4725085910652922,False,2,CONFIRMED,BEARISH,0.0006300000000001305,NO_DISPLACEMENT
16159,2026-08-26 15:45:00+00:00,M15:SELL_SIDE:16043,SELL_SIDE,M15,1.16561,5.0000000000105516e-05,2.0169167120268416,2.7569331158238173,False,1,CONFIRMED,BEARISH,-0.0007500000000000284,NO_DISPLACEMENT
16159,2026-08-26 15:45:00+00:00,M15:SELL_SIDE:16057,SELL_SIDE,M15,1.16584,0.000280000000000058,2.0169167120268416,2.7569331158238173,False,-1,WEAK,BEARISH,-0.0007500000000000284,NO_DISPLACEMENT
16159,2026-08-26 15:45:00+00:00,M15:SELL_SIDE:16134,SELL_SIDE,M15,1.16598,0.00042000000000008697,2.0169167120268416,2.7569331158238173,False,-1,WEAK,BEARISH,-0.0007500000000000284,NO_DISPLACEMENT
16159,2026-08-26 15:45:00+00:00,M15:SELL_SIDE:16153,SELL_SIDE,M15,1.16603,0.00046999999999997044,2.0169167120268416,2.7569331158238173,False,-1,WEAK,BEARISH,-0.0007500000000000284,NO_DISPLACEMENT
16164,2026-08-26 17:00:00+00:00,H4:SELL_SIDE:1136,SELL_SIDE,H4,1.1651,0.00029999999999996696,1.0638509839851273,2.523452897122586,False,-1,WEAK,BEARISH,-0.0014699999999998603,NO_DISPLACEMENT
16164,2026-08-26 17:00:00+00:00,M15:SELL_SIDE:16160,SELL_SIDE,M15,1.16516,0.00035999999999991594,1.0638509839851273,2.523452897122586,False,-1,WEAK,BEARISH,-0.0014699999999998603,NO_DISPLACEMENT
16190,2026-08-26 23:30:00+00:00,M15:BUY_SIDE:16170,BUY_SIDE,M15,1.16544,5.999999999994898e-05,0.7386747566751073,0.4164485981308411,False,1,CONFIRMED,NEUTRAL,0.00012000000000012001,NO_DISPLACEMENT
16190,2026-08-26 23:30:00+00:00,M15:BUY_SIDE:16187,BUY_SIDE,M15,1.16537,0.00012999999999996348,0.7386747566751073,0.4164485981308411,False,1,CONFIRMED,NEUTRAL,0.00012000000000012001,NO_DISPLACEMENT
16192,2026-08-27 00:00:00+00:00,M15:SELL_SIDE:16171,SELL_SIDE,M15,1.16477,7.00000000000145e-05,1.7479064821031267,0.5184072126220887,True,1,CONFIRMED,BULLISH,-7.00000000000145e-05,NO_DISPLACEMENT
16192,2026-08-27 00:00:00+00:00,M15:SELL_SIDE:16176,SELL_SIDE,M15,1.16486,0.00015999999999993797,1.7479064821031267,0.5184072126220887,True,1,CONFIRMED,BULLISH,-7.00000000000145e-05,NO_DISPLACEMENT
16192,2026-08-27 00:00:00+00:00,M15:SELL_SIDE:16183,SELL_SIDE,M15,1.16501,0.00031000000000003247,1.7479064821031267,0.5184072126220887,True,1,CONFIRMED,BULLISH,-7.00000000000145e-05,NO_DISPLACEMENT
16192,2026-08-27 00:00:00+00:00,M15:SELL_SIDE:16187,SELL_SIDE,M15,1.16508,0.0003799999999998249,1.7479064821031267,0.5184072126220887,True,1,CONFIRMED,BULLISH,-7.00000000000145e-05,NO_DISPLACEMENT
16196,2026-08-27 01:00:00+00:00,M15:BUY_SIDE:16190,BUY_SIDE,M15,1.1655,7.00000000000145e-05,0.8319833508015607,0.6290638464551508,True,1,CONFIRMED,NEUTRAL,0.00021000000000004349,NO_DISPLACEMENT
16201,2026-08-27 02:15:00+00:00,M15:BUY_SIDE:16196,BUY_SIDE,M15,1.16557,2.999999999997449e-05,0.6607789747553019,0.7263111502864699,True,2,CONFIRMED,BULLISH,0.00021000000000004349,NO_DISPLACEMENT
16209,2026-08-27 04:15:00+00:00,M15:BUY_SIDE:16162,BUY_SIDE,M15,1.16589,1.999999999990898e-05,1.1033748947740827,1.2587666263603385,True,1,CONFIRMED,BULLISH,0.00029999999999996696,NO_DISPLACEMENT
16209,2026-08-27 04:15:00+00:00,M15:BUY_SIDE:16206,BUY_SIDE,M15,1.16583,8.000000000008001e-05,1.1033748947740827,1.2587666263603385,True,1,CONFIRMED,BULLISH,0.00029999999999996696,NO_DISPLACEMENT
16212,2026-08-27 05:00:00+00:00,M15:BUY_SIDE:16209,BUY_SIDE,M15,1.16591,4.0000000000040004e-05,0.7779680105583588,1.0834340991535671,True,1,CONFIRMED,BULLISH,0.00015999999999993797,NO_DISPLACEMENT
16217,2026-08-27 06:15:00+00:00,M15:SELL_SIDE:16214,SELL_SIDE,M15,1.16545,5.0000000000105516e-05,0.8859438286968149,0.6666666666666666,False,3,CONFIRMED,BULLISH,-0.00022999999999995246,NO_DISPLACEMENT
16218,2026-08-27 06:30:00+00:00,M15:SELL_SIDE:16207,SELL_SIDE,M15,1.16539,4.999999999988347e-05,0.608419885092379,0.8373266078184111,True,1,CONFIRMED,BULLISH,-0.00031000000000003247,NO_DISPLACEMENT
16224,2026-08-27 08:00:00+00:00,M15:BUY_SIDE:16221,BUY_SIDE,M15,1.1656,5.999999999994898e-05,1.0720247830469094,0.6902133922001472,False,3,CONFIRMED,BEARISH,5.999999999994898e-05,NO_DISPLACEMENT
16227,2026-08-27 08:45:00+00:00,M15:SELL_SIDE:16199,SELL_SIDE,M15,1.16534,0.0001500000000000945,2.002215582667619,1.7789716039907906,True,1,CONFIRMED,BEARISH,2.999999999997449e-05,NO_DISPLACEMENT
16233,2026-08-27 10:15:00+00:00,M15:SELL_SIDE:16227,SELL_SIDE,M15,1.16519,9.999999999843467e-06,1.4868829989570478,1.8979744936234058,True,1,CONFIRMED,NEUTRAL,-0.00034000000000000696,NO_DISPLACEMENT
16236,2026-08-27 11:00:00+00:00,M15:BUY_SIDE:16226,BUY_SIDE,M15,1.16577,4.0000000000040004e-05,1.3764130007052189,2.1732954545454546,True,1,CONFIRMED,BEARISH,-0.00016000000000016001,NO_DISPLACEMENT
16236,2026-08-27 11:00:00+00:00,M15:BUY_SIDE:16232,BUY_SIDE,M15,1.16563,0.000180000000000069,1.3764130007052189,2.1732954545454546,True,1,CONFIRMED,BEARISH,-0.00016000000000016001,NO_DISPLACEMENT
16237,2026-08-27 11:15:00+00:00,M15:SELL_SIDE:16234,SELL_SIDE,M15,1.16517,0.00017000000000000348,1.9045441354655674,2.450284090909091,False,-1,WEAK,BEARISH,-0.00038000000000004697,NO_DISPLACEMENT
16240,2026-08-27 12:00:00+00:00,M15:SELL_SIDE:16192,SELL_SIDE,M15,1.1647,0.000360000000000138,1.524439473869939,2.4434270765206016,False,-1,WEAK,NEUTRAL,-0.0006700000000001705,NO_DISPLACEMENT
16242,2026-08-27 12:30:00+00:00,H4:SELL_SIDE:1144,SELL_SIDE,H4,1.1642,0.00015999999999993797,1.7828777698233471,1.9901960784313726,False,2,CONFIRMED,NEUTRAL,-0.0013700000000000934,NO_DISPLACEMENT
16256,2026-08-27 16:00:00+00:00,M15:BUY_SIDE:16245,BUY_SIDE,M15,1.16483,7.00000000000145e-05,1.9251543100518171,1.6718866517524236,False,-1,WEAK,NEUTRAL,0.0006500000000000394,NO_DISPLACEMENT
16256,2026-08-27 16:00:00+00:00,M15:BUY_SIDE:16252,BUY_SIDE,M15,1.16458,0.000320000000000098,1.9251543100518171,1.6718866517524236,False,-1,WEAK,NEUTRAL,0.0006500000000000394,NO_DISPLACEMENT
16257,2026-08-27 16:15:00+00:00,H4:BUY_SIDE:1147,BUY_SIDE,H4,1.16595,4.0000000000040004e-05,2.4981632470127932,1.621761658031088,True,1,CONFIRMED,NEUTRAL,0.0018700000000000383,NO_DISPLACEMENT
16257,2026-08-27 16:15:00+00:00,M15:BUY_SIDE:16236,BUY_SIDE,M15,1.16581,0.000180000000000069,2.4981632470127932,1.621761658031088,False,1,CONFIRMED,NEUTRAL,0.0018700000000000383,NO_DISPLACEMENT
16270,2026-08-27 19:30:00+00:00,M15:BUY_SIDE:16267,BUY_SIDE,M15,1.16543,2.0000000000131024e-05,0.4043465202192856,0.54168039538715,True,1,CONFIRMED,NEUTRAL,0.00020000000000020002,NO_DISPLACEMENT
16275,2026-08-27 20:45:00+00:00,M15:SELL_SIDE:16267,SELL_SIDE,M15,1.1648,0.0001100000000000545,0.627161552992838,1.0042303937520338,True,-1,CONFIRMED,BULLISH,-0.0001500000000000945,NO_DISPLACEMENT
16284,2026-08-27 23:00:00+00:00,M15:BUY_SIDE:16280,BUY_SIDE,M15,1.16505,0.0001900000000001345,0.9631922552589449,0.20955518945634266,False,1,CONFIRMED,BEARISH,0.00024000000000001798,NO_DISPLACEMENT
16288,2026-08-28 00:00:00+00:00,M15:SELL_SIDE:16283,SELL_SIDE,M15,1.16473,1.0000000000065512e-05,1.606559351933304,0.23640319071791152,True,1,CONFIRMED,BULLISH,0.0003799999999998249,NO_DISPLACEMENT
16289,2026-08-28 00:15:00+00:00,M15:BUY_SIDE:16284,BUY_SIDE,M15,1.16524,0.00019999999999997797,0.9781754934358339,0.09934258582907232,False,2,CONFIRMED,BULLISH,0.0005500000000000504,NO_DISPLACEMENT
16290,2026-08-28 00:30:00+00:00,M15:BUY_SIDE:16270,BUY_SIDE,M15,1.16545,1.999999999990898e-05,0.7706572058838307,0.30774962742175854,True,1,CONFIRMED,NEUTRAL,0.00031000000000003247,NO_DISPLACEMENT
16299,2026-08-28 02:45:00+00:00,M15:BUY_SIDE:16290,BUY_SIDE,M15,1.16547,1.999999999990898e-05,0.6842229118681049,0.5357702349869452,True,1,CONFIRMED,BEARISH,-7.00000000000145e-05,NO_DISPLACEMENT
16306,2026-08-28 04:30:00+00:00,M15:BUY_SIDE:16299,BUY_SIDE,M15,1.16549,5.0000000000105516e-05,1.269926946016729,1.3874626865671642,True,1,CONFIRMED,BULLISH,-3.999999999981796e-05,NO_DISPLACEMENT
16307,2026-08-28 04:45:00+00:00,M15:SELL_SIDE:16301,SELL_SIDE,M15,1.16506,0.00011999999999989797,1.7544645156851948,1.462686567164179,False,-1,WEAK,BULLISH,-0.00031000000000003247,NO_DISPLACEMENT
16308,2026-08-28 05:00:00+00:00,M15:SELL_SIDE:16288,SELL_SIDE,M15,1.16472,1.999999999990898e-05,1.3572452146801184,1.431641791044776,True,1,CONFIRMED,BULLISH,-0.0005699999999999594,NO_DISPLACEMENT
16315,2026-08-28 06:45:00+00:00,M15:SELL_SIDE:16276,SELL_SIDE,M15,1.1646,5.0000000000105516e-05,1.084180245099116,0.7911931818181818,True,-1,CONFIRMED,BEARISH,-0.0006699999999999484,NO_DISPLACEMENT
16315,2026-08-28 06:45:00+00:00,M15:SELL_SIDE:16309,SELL_SIDE,M15,1.16463,8.000000000008001e-05,1.084180245099116,0.7911931818181818,False,-1,WEAK,BEARISH,-0.0006699999999999484,NO_DISPLACEMENT
16319,2026-08-28 07:45:00+00:00,M15:SELL_SIDE:16316,SELL_SIDE,M15,1.16451,9.999999999843467e-06,0.5756357872085027,0.7704402515723271,True,-1,CONFIRMED,BEARISH,-0.000220000000000109,NO_DISPLACEMENT
16320,2026-08-28 08:00:00+00:00,M15:SELL_SIDE:16264,SELL_SIDE,M15,1.16444,0.00010999999999983245,1.057973090831107,1.3459119496855345,False,-1,WEAK,BEARISH,-0.00038999999999989043,NO_DISPLACEMENT
16329,2026-08-28 10:15:00+00:00,M15:SELL_SIDE:16322,SELL_SIDE,M15,1.16427,9.999999999998899e-05,1.3873860071427897,2.7358490566037736,False,1,CONFIRMED,BEARISH,-0.00034000000000000696,NO_DISPLACEMENT
16338,2026-08-28 12:30:00+00:00,M15:SELL_SIDE:16329,SELL_SIDE,M15,1.16417,0.000140000000000029,1.19396503677369,1.644638403990025,False,3,CONFIRMED,NEUTRAL,-0.00030999999999981043,NO_DISPLACEMENT
16340,2026-08-28 13:00:00+00:00,M15:SELL_SIDE:16254,SELL_SIDE,M15,1.16396,3.0000000000196536e-05,0.9400989922844928,1.6124209315698677,True,1,CONFIRMED,NEUTRAL,-0.00039999999999995595,NO_DISPLACEMENT
16343,2026-08-28 13:45:00+00:00,M15:BUY_SIDE:16332,BUY_SIDE,M15,1.16488,4.0000000000040004e-05,1.2701602541888086,0.9754288363467779,False,1,CONFIRMED,BEARISH,0.0004799999999998139,NO_DISPLACEMENT
16344,2026-08-28 14:00:00+00:00,M15:BUY_SIDE:16327,BUY_SIDE,M15,1.16492,4.0000000000040004e-05,0.9630916466523084,1.1832884097035041,True,1,CONFIRMED,BEARISH,0.0003300000000001635,NO_DISPLACEMENT
16351,2026-08-28 15:45:00+00:00,M15:BUY_SIDE:16344,BUY_SIDE,M15,1.16496,8.000000000008001e-05,2.5973822940047464,2.239403453689168,True,1,CONFIRMED,BEARISH,0.0004899999999998794,NO_DISPLACEMENT
16351,2026-08-28 15:45:00+00:00,M15:BUY_SIDE:16347,BUY_SIDE,M15,1.16483,0.00021000000000004349,2.5973822940047464,2.239403453689168,False,1,CONFIRMED,BEARISH,0.0004899999999998794,NO_DISPLACEMENT
16355,2026-08-28 16:45:00+00:00,M15:SELL_SIDE:16340,SELL_SIDE,M15,1.16393,0.00019999999999997797,2.3451331862077223,1.7824639289678135,False,-1,WEAK,NEUTRAL,-0.0008000000000001339,NO_DISPLACEMENT
16356,2026-08-28 17:00:00+00:00,H4:SELL_SIDE:1149,SELL_SIDE,H4,1.16364,0.0026200000000000667,6.660537353628477,8.838899082568807,False,-1,WEAK,NEUTRAL,-0.0036000000000000476,NO_DISPLACEMENT
16356,2026-08-28 17:00:00+00:00,H4:BUY_SIDE:1153,BUY_SIDE,H4,1.16554,0.00041000000000002146,6.660537353628477,8.838899082568807,True,1,CONFIRMED,NEUTRAL,-0.0036000000000000476,NO_DISPLACEMENT
16356,2026-08-28 17:00:00+00:00,M15:BUY_SIDE:16312,BUY_SIDE,M15,1.16514,0.0008099999999999774,6.660537353628477,8.838899082568807,True,1,CONFIRMED,NEUTRAL,-0.0036000000000000476,NO_DISPLACEMENT
16356,2026-08-28 17:00:00+00:00,M15:BUY_SIDE:16351,BUY_SIDE,M15,1.16504,0.0009099999999999664,6.660537353628477,8.838899082568807,True,1,CONFIRMED,NEUTRAL,-0.0036000000000000476,NO_DISPLACEMENT
16357,2026-08-28 17:15:00+00:00,M15:SELL_SIDE:15664,SELL_SIDE,M15,1.15964,0.000180000000000069,2.5859263949918176,5.679970972423803,True,1,CONFIRMED,NEUTRAL,-0.004329999999999945,NO_DISPLACEMENT
16357,2026-08-28 17:15:00+00:00,M15:SELL_SIDE:15674,SELL_SIDE,M15,1.15993,0.00046999999999997044,2.5859263949918176,5.679970972423803,True,1,CONFIRMED,NEUTRAL,-0.004329999999999945,NO_DISPLACEMENT
16364,2026-08-28 19:00:00+00:00,M15:SELL_SIDE:15657,SELL_SIDE,M15,1.15915,0.00017999999999984695,0.9159947268438101,2.2020812353138637,False,-1,WEAK,BEARISH,-0.00511000000000017,NO_DISPLACEMENT
16364,2026-08-28 19:00:00+00:00,M15:SELL_SIDE:16357,SELL_SIDE,M15,1.15946,0.0004899999999998794,0.9159947268438101,2.2020812353138637,False,-1,WEAK,BEARISH,-0.00511000000000017,NO_DISPLACEMENT
16370,2026-08-28 20:30:00+00:00,M15:SELL_SIDE:15644,SELL_SIDE,M15,1.15808,0.00025999999999992696,0.9363567229348344,1.0431588613406795,False,3,CONFIRMED,BEARISH,-0.0027600000000000957,NO_DISPLACEMENT
16377,2026-08-28 22:15:00+00:00,M15:BUY_SIDE:16373,BUY_SIDE,M15,1.15846,0.00017999999999984695,0.8366392808944038,0.7031645569620253,False,-1,WEAK,BEARISH,-9.999999999998899e-05,NO_DISPLACEMENT
16384,2026-08-31 00:00:00+00:00,M15:SELL_SIDE:16371,SELL_SIDE,M15,1.15778,0.0001500000000000945,0.7707035673958517,0.10773298083278256,True,1,CONFIRMED,NEUTRAL,-1.999999999990898e-05,NO_DISPLACEMENT
16394,2026-08-31 02:30:00+00:00,M15:BUY_SIDE:16379,BUY_SIDE,M15,1.15878,7.00000000000145e-05,0.7641584517151385,0.4148900169204738,True,3,CONFIRMED,NEUTRAL,0.0008200000000000429,NO_DISPLACEMENT
16399,2026-08-31 03:45:00+00:00,M15:BUY_SIDE:16396,BUY_SIDE,M15,1.15934,4.0000000000040004e-05,0.747886435558783,1.0108843537414967,True,1,CONFIRMED,BULLISH,0.0010499999999999954,NO_DISPLACEMENT
16402,2026-08-31 04:30:00+00:00,M15:BUY_SIDE:16399,BUY_SIDE,M15,1.15938,7.00000000000145e-05,1.043707092671973,0.9072305593451568,True,1,CONFIRMED,BULLISH,0.0008299999999998864,NO_DISPLACEMENT
16413,2026-08-31 07:15:00+00:00,M15:SELL_SIDE:16410,SELL_SIDE,M15,1.15893,7.00000000000145e-05,1.1718607577098021,0.3863453815261044,False,1,CONFIRMED,NEUTRAL,-0.000180000000000069,NO_DISPLACEMENT
16418,2026-08-31 08:30:00+00:00,M15:SELL_SIDE:16406,SELL_SIDE,M15,1.15881,7.999999999985796e-05,1.2609576591126934,0.9403910348116357,True,1,CONFIRMED,BEARISH,-0.000260000000000149,NO_DISPLACEMENT
16418,2026-08-31 08:30:00+00:00,M15:SELL_SIDE:16413,SELL_SIDE,M15,1.15886,0.00012999999999996348,1.2609576591126934,0.9403910348116357,True,1,CONFIRMED,BEARISH,-0.000260000000000149,NO_DISPLACEMENT
16420,2026-08-31 09:00:00+00:00,M15:SELL_SIDE:16401,SELL_SIDE,M15,1.1587,1.0000000000065512e-05,1.1520245477254116,1.4803871625063678,True,1,CONFIRMED,BEARISH,-0.0001900000000001345,NO_DISPLACEMENT
16422,2026-08-31 09:30:00+00:00,M15:BUY_SIDE:16417,BUY_SIDE,M15,1.15914,9.999999999843467e-06,1.3517574296125898,1.1991849210392256,True,1,CONFIRMED,BEARISH,-0.0004199999999998649,NO_DISPLACEMENT
16423,2026-08-31 09:45:00+00:00,M15:SELL_SIDE:16397,SELL_SIDE,M15,1.15856,8.000000000008001e-05,1.2926071433517936,1.5618950585838003,True,1,CONFIRMED,BEARISH,1.0000000000065512e-05,NO_DISPLACEMENT
16425,2026-08-31 10:15:00+00:00,M15:BUY_SIDE:16402,BUY_SIDE,M15,1.15945,0.00017999999999984695,2.5913449968867486,2.1293937850229243,True,-1,CONFIRMED,NEUTRAL,0.00031000000000003247,NO_DISPLACEMENT
16425,2026-08-31 10:15:00+00:00,M15:BUY_SIDE:16409,BUY_SIDE,M15,1.15937,0.00025999999999992696,2.5913449968867486,2.1293937850229243,False,-1,WEAK,NEUTRAL,0.00031000000000003247,NO_DISPLACEMENT
16425,2026-08-31 10:15:00+00:00,M15:BUY_SIDE:16412,BUY_SIDE,M15,1.15928,0.00034999999999985043,2.5913449968867486,2.1293937850229243,False,-1,WEAK,NEUTRAL,0.00031000000000003247,NO_DISPLACEMENT
16425,2026-08-31 10:15:00+00:00,M15:BUY_SIDE:16422,BUY_SIDE,M15,1.15915,0.00048000000000003595,2.5913449968867486,2.1293937850229243,False,-1,WEAK,NEUTRAL,0.00031000000000003247,NO_DISPLACEMENT
16436,2026-08-31 13:00:00+00:00,M15:BUY_SIDE:16433,BUY_SIDE,M15,1.16011,9.999999999998899e-05,0.8117234419411694,1.5495716034271725,False,2,CONFIRMED,NEUTRAL,0.000220000000000109,NO_DISPLACEMENT
16441,2026-08-31 14:15:00+00:00,M15:BUY_SIDE:16436,BUY_SIDE,M15,1.16021,8.000000000008001e-05,1.0421454738128395,1.1769706336939723,False,1,CONFIRMED,BULLISH,0.0008099999999999774,NO_DISPLACEMENT
16443,2026-08-31 14:45:00+00:00,M15:SELL_SIDE:16440,SELL_SIDE,M15,1.15958,1.0000000000065512e-05,1.1133294667024585,1.3044444444444445,True,1,CONFIRMED,BULLISH,-0.00017000000000000348,NO_DISPLACEMENT
16446,2026-08-31 15:30:00+00:00,M15:SELL_SIDE:16431,SELL_SIDE,M15,1.1593,0.000140000000000029,1.1889088560066885,1.8154848046309695,True,1,CONFIRMED,BULLISH,-0.0007399999999999629,NO_DISPLACEMENT
16452,2026-08-31 17:00:00+00:00,M15:BUY_SIDE:16449,BUY_SIDE,M15,1.16011,0.000140000000000029,1.5249011051421486,1.456989247311828,False,-1,WEAK,BEARISH,0.00012000000000012001,NO_DISPLACEMENT
16453,2026-08-31 17:15:00+00:00,M15:BUY_SIDE:16441,BUY_SIDE,M15,1.16029,0.00024999999999986144,1.1038743051008593,1.2342931937172774,True,-1,CONFIRMED,NEUTRAL,0.0006099999999999994,NO_DISPLACEMENT
16454,2026-08-31 17:30:00+00:00,M15:BUY_SIDE:16428,BUY_SIDE,M15,1.16059,0.000140000000000029,1.1516115847732915,1.6358436606291706,False,-1,WEAK,NEUTRAL,0.0008099999999999774,NO_DISPLACEMENT
16458,2026-08-31 18:30:00+00:00,M15:BUY_SIDE:16455,BUY_SIDE,M15,1.16182,0.00017999999999984695,0.6884316682812724,1.1752161383285302,True,1,CONFIRMED,BULLISH,0.0021099999999998342,NO_DISPLACEMENT
16475,2026-08-31 22:45:00+00:00,M15:BUY_SIDE:16465,BUY_SIDE,M15,1.16179,3.999999999981796e-05,1.0378653518759715,0.8569693288794412,True,1,CONFIRMED,NEUTRAL,9.999999999998899e-05,NO_DISPLACEMENT
16477,2026-08-31 23:15:00+00:00,M15:SELL_SIDE:16468,SELL_SIDE,M15,1.16145,2.0000000000131024e-05,0.37983282356134634,0.1491871214536181,True,1,CONFIRMED,BULLISH,-8.000000000008001e-05,NO_DISPLACEMENT
16480,2026-09-01 00:00:00+00:00,M15:BUY_SIDE:16475,BUY_SIDE,M15,1.16183,2.0000000000131024e-05,1.3964627268164929,0.05294322535701846,True,-1,CONFIRMED,NEUTRAL,0.00018999999999991246,NO_DISPLACEMENT
16480,2026-09-01 00:00:00+00:00,M15:SELL_SIDE:16477,SELL_SIDE,M15,1.16143,1.0000000000065512e-05,1.3964627268164929,0.05294322535701846,True,-1,CONFIRMED,NEUTRAL,0.00018999999999991246,NO_DISPLACEMENT
