hypothesis,signal_index,sweep_index,direction,entry_time,exit_time,entry,exit,sl,tp,pnl,reason,bars_held,mfe,mae,sl_mode,tp_mode,sweep_class,zone_type,zone_timeframe,zone_level,pierce_atr,sweep_trend_before,displacement,displacement_run_atr,structure_break,htf_aligned,regime,volatility,entry_hour
H2,33,30,-1,2026-01-02 08:30:00+00:00,2026-01-02 12:15:00+00:00,1.17435,1.17143,1.17581,1.17143,0.0029200000000000337,TP,16,0.0030399999999999316,0.00034000000000000696,SWEEP_EXTREME,FIXED_RR,CONFIRMED,BUY_SIDE,H4,1.17497,0.7958723041747158,NEUTRAL,STRONG_DISPLACEMENT,4.522001728267658,,False,RANGE,LOW_VOLATILITY,8
H2,33,30,-1,2026-01-02 08:30:00+00:00,2026-01-02 12:15:00+00:00,1.17435,1.17143,1.17581,1.17143,0.0029200000000000337,TP,16,0.0030399999999999316,0.00034000000000000696,SWEEP_EXTREME,FIXED_RR,CONFIRMED,BUY_SIDE,M15,1.17532,0.7958723041747158,NEUTRAL,STRONG_DISPLACEMENT,4.522001728267658,,False,RANGE,LOW_VOLATILITY,8
H2,226,223,1,2026-01-06 08:45:00+00:00,2026-01-06 09:45:00+00:00,1.17342,1.1726599999999998,1.1726599999999998,1.17494,-0.0007600000000000939,SL,5,0.0008500000000000174,0.0008399999999999519,SWEEP_EXTREME,FIXED_RR,CONFIRMED,SELL_SIDE,M15,1.17313,1.5094254589233456,BULLISH,MODERATE_DISPLACEMENT,1.3633520274142337,,False,STRONG_UPTREND,LOW_VOLATILITY,8
H2,404,401,1,2026-01-08 05:15:00+00:00,2026-01-08 10:15:00+00:00,1.16803,1.16719,1.16719,1.1697099999999998,-0.0008399999999999519,SL,21,0.000260000000000149,0.0008399999999999519,SWEEP_EXTREME,FIXED_RR,CONFIRMED,SELL_SIDE,M15,1.16727,1.1413300999786082,NEUTRAL,STRONG_DISPLACEMENT,2.2090259999581217,,False,STRONG_DOWNTREND,LOW_VOLATILITY,5
H2,416,413,1,2026-01-08 08:15:00+00:00,2026-01-08 08:15:00+00:00,1.16811,1.16767,1.16767,1.16899,-0.00043999999999999595,SL,1,2.999999999997449e-05,0.0006399999999999739,SWEEP_EXTREME,FIXED_RR,CONFIRMED,SELL_SIDE,M15,1.16777,0.9161522453894264,NEUTRAL,MODERATE_DISPLACEMENT,1.314479308602259,,False,STRONG_DOWNTREND,LOW_VOLATILITY,8
H2,417,414,-1,2026-01-08 08:30:00+00:00,2026-01-08 15:45:00+00:00,1.16757,1.1660899999999996,1.1683100000000002,1.1660899999999996,0.00148000000000037,TP,30,0.0017499999999999183,0.0007099999999999884,SWEEP_EXTREME,FIXED_RR,CONFIRMED,BUY_SIDE,M15,1.16809,1.7950397446661128,NEUTRAL,STRONG_DISPLACEMENT,2.1316096967906977,,False,STRONG_DOWNTREND,LOW_VOLATILITY,8
H2,545,542,-1,2026-01-09 16:30:00+00:00,2026-01-12 02:45:00+00:00,1.16381,1.1661100000000002,1.1661100000000002,1.1592099999999996,-0.0023000000000001908,SL,42,0.0020100000000000673,0.00266999999999995,SWEEP_EXTREME,FIXED_RR,CONFIRMED,BUY_SIDE,M15,1.1659,5.410222303241155,NEUTRAL,STRONG_DISPLACEMENT,2.8194116228155415,,False,STRONG_DOWNTREND,NORMAL_VOLATILITY,16
H2,545,542,-1,2026-01-09 16:30:00+00:00,2026-01-12 02:45:00+00:00,1.16381,1.1661100000000002,1.1661100000000002,1.1592099999999996,-0.0023000000000001908,SL,42,0.0020100000000000673,0.00266999999999995,SWEEP_EXTREME,FIXED_RR,CONFIRMED,BUY_SIDE,M15,1.16561,5.410222303241155,NEUTRAL,STRONG_DISPLACEMENT,2.8194116228155415,,False,STRONG_DOWNTREND,NORMAL_VOLATILITY,16
H2,545,542,-1,2026-01-09 16:30:00+00:00,2026-01-12 02:45:00+00:00,1.16381,1.1661100000000002,1.1661100000000002,1.1592099999999996,-0.0023000000000001908,SL,42,0.0020100000000000673,0.00266999999999995,SWEEP_EXTREME,FIXED_RR,CONFIRMED,BUY_SIDE,M15,1.1653,5.410222303241155,NEUTRAL,STRONG_DISPLACEMENT,2.8194116228155415,,False,STRONG_DOWNTREND,NORMAL_VOLATILITY,16
H2,545,542,-1,2026-01-09 16:30:00+00:00,2026-01-12 02:45:00+00:00,1.16381,1.1661100000000002,1.1661100000000002,1.1592099999999996,-0.0023000000000001908,SL,42,0.0020100000000000673,0.00266999999999995,SWEEP_EXTREME,FIXED_RR,CONFIRMED,BUY_SIDE,M15,1.16501,5.410222303241155,NEUTRAL,STRONG_DISPLACEMENT,2.8194116228155415,,False,STRONG_DOWNTREND,NORMAL_VOLATILITY,16
H2,545,542,-1,2026-01-09 16:30:00+00:00,2026-01-12 02:45:00+00:00,1.16381,1.1661100000000002,1.1661100000000002,1.1592099999999996,-0.0023000000000001908,SL,42,0.0020100000000000673,0.00266999999999995,SWEEP_EXTREME,FIXED_RR,CONFIRMED,BUY_SIDE,M15,1.16469,5.410222303241155,NEUTRAL,STRONG_DISPLACEMENT,2.8194116228155415,,False,STRONG_DOWNTREND,NORMAL_VOLATILITY,16
H2,545,542,-1,2026-01-09 16:30:00+00:00,2026-01-12 02:45:00+00:00,1.16381,1.1661100000000002,1.1661100000000002,1.1592099999999996,-0.0023000000000001908,SL,42,0.0020100000000000673,0.00266999999999995,SWEEP_EXTREME,FIXED_RR,CONFIRMED,BUY_SIDE,M15,1.16466,5.410222303241155,NEUTRAL,STRONG_DISPLACEMENT,2.8194116228155415,,False,STRONG_DOWNTREND,NORMAL_VOLATILITY,16
H2,551,548,1,2026-01-09 18:00:00+00:00,2026-01-12 09:15:00+00:00,1.16404,1.1678800000000003,1.1621199999999998,1.1678800000000003,0.0038400000000002876,TP,62,0.0043999999999999595,0.0019000000000000128,SWEEP_EXTREME,FIXED_RR,CONFIRMED,SELL_SIDE,M15,1.16251,1.920355322134188,NEUTRAL,MODERATE_DISPLACEMENT,1.636279091049149,,False,STRONG_DOWNTREND,HIGH_VOLATILITY,18
H2,605,602,1,2026-01-12 07:30:00+00:00,2026-01-12 11:00:00+00:00,1.16656,1.1692200000000001,1.16523,1.1692200000000001,0.0026600000000001067,TP,15,0.002809999999999979,0.00017000000000000348,SWEEP_EXTREME,FIXED_RR,CONFIRMED,SELL_SIDE,M15,1.16537,0.5653422135030899,BEARISH,STRONG_DISPLACEMENT,2.2048346326625112,,False,UPTREND,NORMAL_VOLATILITY,7
H2,624,621,-1,2026-01-12 12:15:00+00:00,2026-01-12 15:45:00+00:00,1.1684,1.16961,1.16961,1.1659800000000002,-0.0012099999999999334,SL,15,0.0008400000000001739,0.0014499999999999513,SWEEP_EXTREME,FIXED_RR,CONFIRMED,BUY_SIDE,M15,1.16947,0.9340432754464344,BULLISH,MODERATE_DISPLACEMENT,1.634575732031017,,False,STRONG_UPTREND,NORMAL_VOLATILITY,12
H2,642,639,-1,2026-01-12 16:45:00+00:00,2026-01-13 16:30:00+00:00,1.16765,1.1661,1.1699000000000002,1.16315,0.0015500000000001624,TIME,96,0.002650000000000041,0.0009399999999999409,SWEEP_EXTREME,FIXED_RR,CONFIRMED,BUY_SIDE,M15,1.16956,1.0842866471950672,NEUTRAL,STRONG_DISPLACEMENT,2.2953080973085913,,False,STRONG_UPTREND,NORMAL_VOLATILITY,16
H2,736,733,1,2026-01-13 16:15:00+00:00,2026-01-13 17:15:00+00:00,1.16676,1.16495,1.16495,1.1703800000000002,-0.0018100000000000893,SL,5,0.00024000000000001798,0.0020700000000000163,SWEEP_EXTREME,FIXED_RR,CONFIRMED,SELL_SIDE,M15,1.16528,1.0854644766841546,NEUTRAL,STRONG_DISPLACEMENT,3.1130301972832615,,False,RANGE,NORMAL_VOLATILITY,16
H2,779,776,1,2026-01-14 03:00:00+00:00,2026-01-14 03:00:00+00:00,1.16429,1.16374,1.16374,1.1653900000000001,-0.0005500000000000504,SL,1,2.999999999997449e-05,0.000600000000000156,SWEEP_EXTREME,FIXED_RR,CONFIRMED,SELL_SIDE,M15,1.16411,1.4998610720795789,BEARISH,MODERATE_DISPLACEMENT,1.3528158689348038,,False,STRONG_DOWNTREND,LOW_VOLATILITY,3
H2,779,776,1,2026-01-14 03:00:00+00:00,2026-01-14 03:00:00+00:00,1.16429,1.16374,1.16374,1.1653900000000001,-0.0005500000000000504,SL,1,2.999999999997449e-05,0.000600000000000156,SWEEP_EXTREME,FIXED_RR,CONFIRMED,SELL_SIDE,M15,1.16413,1.4998610720795789,BEARISH,MODERATE_DISPLACEMENT,1.3528158689348038,,False,STRONG_DOWNTREND,LOW_VOLATILITY,3
H2,787,784,1,2026-01-14 05:00:00+00:00,2026-01-14 14:45:00+00:00,1.16434,1.16592,1.1635499999999999,1.16592,0.0015800000000001369,TP,40,0.0016500000000001513,0.00024999999999986144,SWEEP_EXTREME,FIXED_RR,CONFIRMED,SELL_SIDE,M15,1.16367,1.0398337181141162,BEARISH,MODERATE_DISPLACEMENT,1.8044173343740564,,False,STRONG_DOWNTREND,LOW_VOLATILITY,5
H2,812,809,1,2026-01-14 11:15:00+00:00,2026-01-14 20:30:00+00:00,1.16496,1.16404,1.16404,1.1668,-0.0009200000000000319,SL,38,0.0012000000000000899,0.0009500000000000064,SWEEP_EXTREME,FIXED_RR,CONFIRMED,SELL_SIDE,M15,1.16413,1.4505797802504896,BULLISH,STRONG_DISPLACEMENT,2.042653159945305,,False,STRONG_DOWNTREND,LOW_VOLATILITY,11
H2,812,809,1,2026-01-14 11:15:00+00:00,2026-01-14 20:30:00+00:00,1.16496,1.16404,1.16404,1.1668,-0.0009200000000000319,SL,38,0.0012000000000000899,0.0009500000000000064,SWEEP_EXTREME,FIXED_RR,CONFIRMED,SELL_SIDE,M15,1.16444,1.4505797802504896,BULLISH,STRONG_DISPLACEMENT,2.042653159945305,,False,STRONG_DOWNTREND,LOW_VOLATILITY,11
H2,830,827,-1,2026-01-14 15:45:00+00:00,2026-01-14 17:45:00+00:00,1.16527,1.1660400000000002,1.1660400000000002,1.1637299999999997,-0.0007700000000001594,SL,9,0.0007500000000000284,0.0007800000000000029,SWEEP_EXTREME,FIXED_RR,CONFIRMED,BUY_SIDE,M15,1.16578,2.855301749946981,BEARISH,MODERATE_DISPLACEMENT,1.3777330122122973,,False,DOWNTREND,NORMAL_VOLATILITY,15
H2,830,827,-1,2026-01-14 15:45:00+00:00,2026-01-14 17:45:00+00:00,1.16527,1.1660400000000002,1.1660400000000002,1.1637299999999997,-0.0007700000000001594,SL,9,0.0007500000000000284,0.0007800000000000029,SWEEP_EXTREME,FIXED_RR,CONFIRMED,BUY_SIDE,M15,1.16536,2.855301749946981,BEARISH,MODERATE_DISPLACEMENT,1.3777330122122973,,False,DOWNTREND,NORMAL_VOLATILITY,15
H2,997,994,1,2026-01-16 09:30:00+00:00,2026-01-16 17:15:00+00:00,1.16124,1.1604199999999998,1.1604199999999998,1.1628800000000006,-0.000820000000000265,SL,32,0.0014899999999999913,0.0010499999999999954,SWEEP_EXTREME,FIXED_RR,CONFIRMED,SELL_SIDE,M15,1.16058,1.2100626437906132,BEARISH,STRONG_DISPLACEMENT,2.5929913795508757,,False,STRONG_DOWNTREND,LOW_VOLATILITY,9
H2,1031,1028,-1,2026-01-16 18:00:00+00:00,2026-01-19 01:30:00+00:00,1.15933,1.1625500000000002,1.1625500000000002,1.1528899999999995,-0.0032200000000002227,SL,31,0.0015799999999999148,0.0033600000000000296,SWEEP_EXTREME,FIXED_RR,CONFIRMED,BUY_SIDE,M15,1.16235,1.4841922904603932,NEUTRAL,STRONG_DISPLACEMENT,6.700068054077069,,False,DOWNTREND,NORMAL_VOLATILITY,18
H2,1031,1028,-1,2026-01-16 18:00:00+00:00,2026-01-19 01:30:00+00:00,1.15933,1.1625500000000002,1.1625500000000002,1.1528899999999995,-0.0032200000000002227,SL,31,0.0015799999999999148,0.0033600000000000296,SWEEP_EXTREME,FIXED_RR,CONFIRMED,BUY_SIDE,M15,1.16211,1.4841922904603932,NEUTRAL,STRONG_DISPLACEMENT,6.700068054077069,,False,DOWNTREND,NORMAL_VOLATILITY,18
H2,1033,1030,1,2026-01-16 18:30:00+00:00,2026-01-19 00:00:00+00:00,1.15983,1.15838,1.15838,1.1627299999999998,-0.0014499999999999513,SL,23,0.000740000000000185,0.0020799999999998597,SWEEP_EXTREME,FIXED_RR,CONFIRMED,SELL_SIDE,H4,1.15929,2.8520840975965855,NEUTRAL,MODERATE_DISPLACEMENT,1.232211090709006,,False,DOWNTREND,NORMAL_VOLATILITY,18
H2,1033,1030,1,2026-01-16 18:30:00+00:00,2026-01-19 00:00:00+00:00,1.15983,1.15838,1.15838,1.1627299999999998,-0.0014499999999999513,SL,23,0.000740000000000185,0.0020799999999998597,SWEEP_EXTREME,FIXED_RR,CONFIRMED,SELL_SIDE,H4,1.15914,2.8520840975965855,NEUTRAL,MODERATE_DISPLACEMENT,1.232211090709006,,False,DOWNTREND,NORMAL_VOLATILITY,18
H2,1093,1090,1,2026-01-19 09:30:00+00:00,2026-01-19 09:30:00+00:00,1.16355,1.16251,1.16251,1.1656300000000004,-0.001040000000000152,SL,1,0.0,0.001180000000000181,SWEEP_EXTREME,FIXED_RR,CONFIRMED,SELL_SIDE,M15,1.16266,1.0475681355574429,NEUTRAL,MODERATE_DISPLACEMENT,1.7400284285533947,,False,UPTREND,NORMAL_VOLATILITY,9
H2,1095,1092,-1,2026-01-19 10:00:00+00:00,2026-01-19 16:45:00+00:00,1.1626,1.1641800000000002,1.1641800000000002,1.1594399999999998,-0.0015800000000001369,SL,28,0.0015000000000000568,0.0016599999999999948,SWEEP_EXTREME,FIXED_RR,CONFIRMED,BUY_SIDE,M15,1.16409,2.246513681074118,NEUTRAL,STRONG_DISPLACEMENT,2.2303517121454215,,True,UPTREND,NORMAL_VOLATILITY,10
H2,1095,1092,-1,2026-01-19 10:00:00+00:00,2026-01-19 16:45:00+00:00,1.1626,1.1641800000000002,1.1641800000000002,1.1594399999999998,-0.0015800000000001369,SL,28,0.0015000000000000568,0.0016599999999999948,SWEEP_EXTREME,FIXED_RR,CONFIRMED,BUY_SIDE,M15,1.16378,2.246513681074118,NEUTRAL,STRONG_DISPLACEMENT,2.2303517121454215,,True,UPTREND,NORMAL_VOLATILITY,10
H2,1095,1092,-1,2026-01-19 10:00:00+00:00,2026-01-19 16:45:00+00:00,1.1626,1.1641800000000002,1.1641800000000002,1.1594399999999998,-0.0015800000000001369,SL,28,0.0015000000000000568,0.0016599999999999948,SWEEP_EXTREME,FIXED_RR,CONFIRMED,BUY_SIDE,M15,1.16374,2.246513681074118,NEUTRAL,STRONG_DISPLACEMENT,2.2303517121454215,,True,UPTREND,NORMAL_VOLATILITY,10
H2,1095,1092,-1,2026-01-19 10:00:00+00:00,2026-01-19 16:45:00+00:00,1.1626,1.1641800000000002,1.1641800000000002,1.1594399999999998,-0.0015800000000001369,SL,28,0.0015000000000000568,0.0016599999999999948,SWEEP_EXTREME,FIXED_RR,CONFIRMED,BUY_SIDE,M15,1.16324,2.246513681074118,NEUTRAL,STRONG_DISPLACEMENT,2.2303517121454215,,True,UPTREND,NORMAL_VOLATILITY,10
H2,1156,1153,-1,2026-01-20 01:15:00+00:00,2026-01-20 05:15:00+00:00,1.16421,1.16474,1.16474,1.1631499999999997,-0.0005300000000001415,SL,17,0.0009600000000000719,0.0013300000000000534,SWEEP_EXTREME,FIXED_RR,CONFIRMED,BUY_SIDE,M15,1.16468,0.5626070356170912,NEUTRAL,MODERATE_DISPLACEMENT,1.4230648547959126,,True,STRONG_UPTREND,LOW_VOLATILITY,1
H2,1156,1153,-1,2026-01-20 01:15:00+00:00,2026-01-20 05:15:00+00:00,1.16421,1.16474,1.16474,1.1631499999999997,-0.0005300000000001415,SL,17,0.0009600000000000719,0.0013300000000000534,SWEEP_EXTREME,FIXED_RR,CONFIRMED,BUY_SIDE,M15,1.16462,0.5626070356170912,NEUTRAL,MODERATE_DISPLACEMENT,1.4230648547959126,,True,STRONG_UPTREND,LOW_VOLATILITY,1
H2,1212,1209,-1,2026-01-20 15:15:00+00:00,2026-01-20 15:30:00+00:00,1.17281,1.17442,1.17442,1.1695899999999997,-0.0016100000000001113,SL,2,0.0009799999999999809,0.004070000000000018,SWEEP_EXTREME,FIXED_RR,CONFIRMED,BUY_SIDE,H4,1.17427,0.699622080714968,BULLISH,MODERATE_DISPLACEMENT,1.767466309174914,,False,STRONG_UPTREND,NORMAL_VOLATILITY,15
H2,1258,1255,-1,2026-01-21 02:45:00+00:00,2026-01-21 03:15:00+00:00,1.17184,1.1729200000000002,1.1729200000000002,1.1696799999999996,-0.001080000000000192,SL,3,0.00019999999999997797,0.0013499999999999623,SWEEP_EXTREME,FIXED_RR,CONFIRMED,BUY_SIDE,M15,1.17266,0.7108211036951146,NEUTRAL,MODERATE_DISPLACEMENT,1.698072636604509,,False,STRONG_UPTREND,LOW_VOLATILITY,2
H2,1258,1255,-1,2026-01-21 02:45:00+00:00,2026-01-21 03:15:00+00:00,1.17184,1.1729200000000002,1.1729200000000002,1.1696799999999996,-0.001080000000000192,SL,3,0.00019999999999997797,0.0013499999999999623,SWEEP_EXTREME,FIXED_RR,CONFIRMED,BUY_SIDE,M15,1.17255,0.7108211036951146,NEUTRAL,MODERATE_DISPLACEMENT,1.698072636604509,,False,STRONG_UPTREND,LOW_VOLATILITY,2
H2,1314,1311,-1,2026-01-21 16:45:00+00:00,2026-01-21 21:15:00+00:00,1.17261,1.1691299999999998,1.17435,1.1691299999999998,0.0034800000000001496,TP,19,0.0046199999999998465,0.000360000000000138,SWEEP_EXTREME,FIXED_RR,CONFIRMED,BUY_SIDE,M15,1.17427,1.6430605012845618,BULLISH,STRONG_DISPLACEMENT,2.001546428837955,,False,STRONG_UPTREND,NORMAL_VOLATILITY,16
H2,1314,1311,-1,2026-01-21 16:45:00+00:00,2026-01-21 21:15:00+00:00,1.17261,1.1691299999999998,1.17435,1.1691299999999998,0.0034800000000001496,TP,19,0.0046199999999998465,0.000360000000000138,SWEEP_EXTREME,FIXED_RR,CONFIRMED,BUY_SIDE,M15,1.17397,1.6430605012845618,BULLISH,STRONG_DISPLACEMENT,2.001546428837955,,False,STRONG_UPTREND,NORMAL_VOLATILITY,16
H2,1389,1386,1,2026-01-22 11:30:00+00:00,2026-01-22 15:15:00+00:00,1.16928,1.1711600000000004,1.16834,1.1711600000000004,0.0018800000000003259,TP,16,0.0025799999999998047,0.0006300000000001305,SWEEP_EXTREME,FIXED_RR,CONFIRMED,SELL_SIDE,M15,1.16841,1.319338059419841,NEUTRAL,MODERATE_DISPLACEMENT,1.2062519400414997,,True,DOWNTREND,NORMAL_VOLATILITY,11
H2,1568,1565,-1,2026-01-26 08:15:00+00:00,2026-01-26 16:30:00+00:00,1.18524,1.1870200000000002,1.1870200000000002,1.1816799999999998,-0.0017800000000001148,SL,34,0.0017500000000001403,0.0020499999999998852,SWEEP_EXTREME,FIXED_RR,CONFIRMED,BUY_SIDE,M15,1.18691,1.2685718478225836,BEARISH,MODERATE_DISPLACEMENT,1.617429105973706,,False,STRONG_UPTREND,HIGH_VOLATILITY,8
H2,1599,1596,1,2026-01-26 16:00:00+00:00,2026-01-26 18:00:00+00:00,1.18557,1.1898300000000004,1.1834399999999998,1.1898300000000004,0.004260000000000375,TP,9,0.005130000000000079,0.00032999999999994145,SWEEP_EXTREME,FIXED_RR,CONFIRMED,SELL_SIDE,M15,1.18364,1.049092182157197,NEUTRAL,MODERATE_DISPLACEMENT,1.9639981549686527,,True,STRONG_UPTREND,HIGH_VOLATILITY,16
H2,1653,1650,-1,2026-01-27 05:30:00+00:00,2026-01-27 10:30:00+00:00,1.18839,1.18521,1.18998,1.18521,0.0031799999999999606,TP,21,0.003370000000000095,0.0004999999999999449,SWEEP_EXTREME,FIXED_RR,CONFIRMED,BUY_SIDE,M15,1.18914,1.9703344680486188,BULLISH,STRONG_DISPLACEMENT,2.2295890033183556,,False,STRONG_UPTREND,NORMAL_VOLATILITY,5
H2,1653,1650,-1,2026-01-27 05:30:00+00:00,2026-01-27 10:30:00+00:00,1.18839,1.18521,1.18998,1.18521,0.0031799999999999606,TP,21,0.003370000000000095,0.0004999999999999449,SWEEP_EXTREME,FIXED_RR,CONFIRMED,BUY_SIDE,M15,1.18902,1.9703344680486188,BULLISH,STRONG_DISPLACEMENT,2.2295890033183556,,False,STRONG_UPTREND,NORMAL_VOLATILITY,5
H2,1759,1756,1,2026-01-28 08:00:00+00:00,2026-01-28 10:45:00+00:00,1.19969,1.19743,1.19743,1.2042099999999998,-0.0022599999999999287,SL,12,0.0028799999999999937,0.002649999999999819,SWEEP_EXTREME,FIXED_RR,CONFIRMED,SELL_SIDE,M15,1.19871,2.6589821704250785,NEUTRAL,MODERATE_DISPLACEMENT,1.314091574573024,,True,STRONG_UPTREND,HIGH_VOLATILITY,8
H2,1759,1756,1,2026-01-28 08:00:00+00:00,2026-01-28 10:45:00+00:00,1.19969,1.19743,1.19743,1.2042099999999998,-0.0022599999999999287,SL,12,0.0028799999999999937,0.002649999999999819,SWEEP_EXTREME,FIXED_RR,CONFIRMED,SELL_SIDE,M15,1.19912,2.6589821704250785,NEUTRAL,MODERATE_DISPLACEMENT,1.314091574573024,,True,STRONG_UPTREND,HIGH_VOLATILITY,8
H2,1782,1779,-1,2026-01-28 13:45:00+00:00,2026-01-28 21:00:00+00:00,1.19666,1.1909199999999998,1.1995300000000002,1.1909199999999998,0.0057400000000003,TP,30,0.007100000000000106,0.0016699999999998383,SWEEP_EXTREME,FIXED_RR,CONFIRMED,BUY_SIDE,M15,1.19927,0.8068654474224295,NEUTRAL,MODERATE_DISPLACEMENT,1.9025037918171008,,False,STRONG_UPTREND,HIGH_VOLATILITY,13
H2,1815,1812,1,2026-01-28 22:00:00+00:00,2026-01-29 21:45:00+00:00,1.19404,1.19513,1.1895099999999998,1.2031000000000003,0.0010900000000000354,TIME,96,0.005589999999999984,0.0034399999999998876,SWEEP_EXTREME,FIXED_RR,CONFIRMED,SELL_SIDE,M15,1.19141,2.501418428538258,NEUTRAL,STRONG_DISPLACEMENT,2.019614878978181,,True,RANGE,HIGH_VOLATILITY,22
H2,1837,1834,-1,2026-01-29 03:30:00+00:00,2026-01-29 05:45:00+00:00,1.19609,1.19856,1.19856,1.1911500000000002,-0.0024699999999999722,SL,10,0.0007900000000000684,0.0025799999999998047,SWEEP_EXTREME,FIXED_RR,CONFIRMED,BUY_SIDE,M15,1.19833,1.0983535827115087,BULLISH,MODERATE_DISPLACEMENT,1.2954939693520946,,False,STRONG_UPTREND,HIGH_VOLATILITY,3
H2,1843,1840,1,2026-01-29 05:00:00+00:00,2026-01-29 11:45:00+00:00,1.19729,1.19525,1.19525,1.20137,-0.0020400000000000418,SL,28,0.0023400000000000087,0.0021499999999998742,SWEEP_EXTREME,FIXED_RR,CONFIRMED,SELL_SIDE,M15,1.19566,0.8687571547400703,BULLISH,MODERATE_DISPLACEMENT,1.3772979282462292,,True,STRONG_UPTREND,HIGH_VOLATILITY,5
H2,1863,1860,-1,2026-01-29 10:00:00+00:00,2026-01-29 17:15:00+00:00,1.1974,1.19284,1.19968,1.19284,0.0045600000000001195,TP,30,0.006799999999999917,0.0011699999999998933,SWEEP_EXTREME,FIXED_RR,CONFIRMED,BUY_SIDE,M15,1.19948,1.5935041960016967,BEARISH,MODERATE_DISPLACEMENT,1.5035483139693175,,False,STRONG_UPTREND,NORMAL_VOLATILITY,10
H2,1863,1860,-1,2026-01-29 10:00:00+00:00,2026-01-29 17:15:00+00:00,1.1974,1.19284,1.19968,1.19284,0.0045600000000001195,TP,30,0.006799999999999917,0.0011699999999998933,SWEEP_EXTREME,FIXED_RR,CONFIRMED,BUY_SIDE,M15,1.19934,1.5935041960016967,BEARISH,MODERATE_DISPLACEMENT,1.5035483139693175,,False,STRONG_UPTREND,NORMAL_VOLATILITY,10
H2,1863,1860,-1,2026-01-29 10:00:00+00:00,2026-01-29 17:15:00+00:00,1.1974,1.19284,1.19968,1.19284,0.0045600000000001195,TP,30,0.006799999999999917,0.0011699999999998933,SWEEP_EXTREME,FIXED_RR,CONFIRMED,BUY_SIDE,M15,1.19889,1.5935041960016967,BEARISH,MODERATE_DISPLACEMENT,1.5035483139693175,,False,STRONG_UPTREND,NORMAL_VOLATILITY,10
H2,1894,1891,-1,2026-01-29 17:45:00+00:00,2026-01-30 01:15:00+00:00,1.19133,1.1971800000000001,1.1971800000000001,1.1796299999999997,-0.005850000000000133,SL,31,5.0000000000105516e-05,0.006080000000000085,SWEEP_EXTREME,FIXED_RR,CONFIRMED,BUY_SIDE,M15,1.19708,0.9636244812661966,NEUTRAL,STRONG_DISPLACEMENT,5.323323590683663,,False,RANGE,HIGH_VOLATILITY,17
H2,1978,1975,-1,2026-01-30 14:45:00+00:00,2026-01-30 18:15:00+00:00,1.19267,1.1878299999999993,1.1950900000000002,1.1878299999999993,0.004840000000000622,TP,15,0.00486999999999993,5.0000000000105516e-05,SWEEP_EXTREME,FIXED_RR,CONFIRMED,BUY_SIDE,M15,1.19431,1.730605356228696,BEARISH,STRONG_DISPLACEMENT,2.0786075202529153,,False,DOWNTREND,HIGH_VOLATILITY,14
H2,2134,2131,1,2026-02-03 05:45:00+00:00,2026-02-03 11:30:00+00:00,1.18108,1.18001,1.18001,1.1832199999999997,-0.0010699999999999044,SL,24,0.0013600000000000279,0.0011699999999998933,SWEEP_EXTREME,FIXED_RR,CONFIRMED,SELL_SIDE,M15,1.18015,0.5300896277421391,BULLISH,MODERATE_DISPLACEMENT,1.845497222509605,,True,STRONG_DOWNTREND,LOW_VOLATILITY,5
H2,2321,2318,-1,2026-02-05 04:30:00+00:00,2026-02-05 10:15:00+00:00,1.17947,1.18086,1.18086,1.17669,-0.0013900000000000023,SL,24,0.0012099999999999334,0.0014000000000000679,SWEEP_EXTREME,FIXED_RR,CONFIRMED,BUY_SIDE,M15,1.18077,1.4378838511491467,BEARISH,STRONG_DISPLACEMENT,2.4514741068775945,,False,STRONG_DOWNTREND,LOW_VOLATILITY,4
H2,2321,2318,-1,2026-02-05 04:30:00+00:00,2026-02-05 10:15:00+00:00,1.17947,1.18086,1.18086,1.17669,-0.0013900000000000023,SL,24,0.0012099999999999334,0.0014000000000000679,SWEEP_EXTREME,FIXED_RR,CONFIRMED,BUY_SIDE,M15,1.18074,1.4378838511491467,BEARISH,STRONG_DISPLACEMENT,2.4514741068775945,,False,STRONG_DOWNTREND,LOW_VOLATILITY,4
H2,2354,2351,1,2026-02-05 12:45:00+00:00,2026-02-05 15:30:00+00:00,1.17899,1.18103,1.17797,1.18103,0.0020400000000000418,TP,12,0.0022900000000001253,0.00045999999999990493,SWEEP_EXTREME,FIXED_RR,CONFIRMED,SELL_SIDE,M15,1.17826,1.3636512942748,BULLISH,MODERATE_DISPLACEMENT,1.4394096995124572,,True,STRONG_DOWNTREND,NORMAL_VOLATILITY,12
H2,2411,2408,1,2026-02-06 03:00:00+00:00,2026-02-06 07:15:00+00:00,1.17827,1.1800700000000002,1.1773699999999998,1.1800700000000002,0.0018000000000002458,TP,18,0.0018500000000001293,0.00042999999999993044,SWEEP_EXTREME,FIXED_RR,CONFIRMED,SELL_SIDE,M15,1.17747,0.9712045828893096,NEUTRAL,MODERATE_DISPLACEMENT,1.6996080200560673,,True,STRONG_DOWNTREND,NORMAL_VOLATILITY,3
H2,2437,2434,-1,2026-02-06 09:30:00+00:00,2026-02-06 15:30:00+00:00,1.17935,1.1802100000000002,1.1802100000000002,1.1776299999999993,-0.000860000000000305,SL,25,0.0008099999999999774,0.0012000000000000899,SWEEP_EXTREME,FIXED_RR,CONFIRMED,BUY_SIDE,M15,1.18012,1.3231821380508204,BULLISH,MODERATE_DISPLACEMENT,1.4144360786056303,,False,DOWNTREND,LOW_VOLATILITY,9
H2,2469,2466,-1,2026-02-06 17:30:00+00:00,2026-02-09 01:45:00+00:00,1.18075,1.18259,1.18259,1.1770699999999998,-0.0018400000000000638,SL,34,0.00026999999999999247,0.0020100000000000673,SWEEP_EXTREME,FIXED_RR,CONFIRMED,BUY_SIDE,H4,1.18217,2.133474525129658,NEUTRAL,STRONG_DISPLACEMENT,2.458133691997297,,False,RANGE,NORMAL_VOLATILITY,17
H2,2469,2466,-1,2026-02-06 17:30:00+00:00,2026-02-09 01:45:00+00:00,1.18075,1.18259,1.18259,1.1770699999999998,-0.0018400000000000638,SL,34,0.00026999999999999247,0.0020100000000000673,SWEEP_EXTREME,FIXED_RR,CONFIRMED,BUY_SIDE,M15,1.18221,2.133474525129658,NEUTRAL,STRONG_DISPLACEMENT,2.458133691997297,,False,RANGE,NORMAL_VOLATILITY,17
H2,2470,2467,-1,2026-02-06 17:45:00+00:00,2026-02-09 01:45:00+00:00,1.18123,1.18266,1.18266,1.17837,-0.0014300000000000423,SL,33,0.00045000000000006146,0.0015300000000000313,SWEEP_EXTREME,FIXED_RR,CONFIRMED,BUY_SIDE,M15,1.18256,1.2439295488108477,NEUTRAL,MODERATE_DISPLACEMENT,1.2894391664502278,,False,RANGE,NORMAL_VOLATILITY,17
H2,2495,2492,-1,2026-02-09 00:00:00+00:00,2026-02-09 01:45:00+00:00,1.18095,1.18239,1.18239,1.1780699999999997,-0.0014400000000001079,SL,8,0.00017000000000000348,0.0018100000000000893,SWEEP_EXTREME,FIXED_RR,CONFIRMED,BUY_SIDE,M15,1.18228,0.45175256100903005,NEUTRAL,MODERATE_DISPLACEMENT,1.5713132556837346,,False,STRONG_UPTREND,LOW_VOLATILITY,0
H2,2655,2652,1,2026-02-10 16:00:00+00:00,2026-02-10 21:00:00+00:00,1.19054,1.1887599999999998,1.1887599999999998,1.1941000000000002,-0.0017800000000001148,SL,21,0.0023200000000000998,0.0018799999999998818,SWEEP_EXTREME,FIXED_RR,CONFIRMED,SELL_SIDE,M15,1.18906,1.1979197593725772,BEARISH,MODERATE_DISPLACEMENT,1.8890273128565074,,True,STRONG_UPTREND,NORMAL_VOLATILITY,16
H2,2660,2657,-1,2026-02-10 17:15:00+00:00,2026-02-11 08:00:00+00:00,1.19045,1.1923000000000001,1.1923000000000001,1.1867499999999997,-0.0018500000000001293,SL,60,0.0018899999999999473,0.0020999999999999908,SWEEP_EXTREME,FIXED_RR,CONFIRMED,BUY_SIDE,M15,1.19174,0.9938465345726764,BEARISH,STRONG_DISPLACEMENT,2.140592536002557,,False,STRONG_UPTREND,HIGH_VOLATILITY,17
H2,2660,2657,-1,2026-02-10 17:15:00+00:00,2026-02-11 08:00:00+00:00,1.19045,1.1923000000000001,1.1923000000000001,1.1867499999999997,-0.0018500000000001293,SL,60,0.0018899999999999473,0.0020999999999999908,SWEEP_EXTREME,FIXED_RR,CONFIRMED,BUY_SIDE,M15,1.19198,0.9938465345726764,BEARISH,STRONG_DISPLACEMENT,2.140592536002557,,False,STRONG_UPTREND,HIGH_VOLATILITY,17
H2,2660,2657,-1,2026-02-10 17:15:00+00:00,2026-02-11 08:00:00+00:00,1.19045,1.1923000000000001,1.1923000000000001,1.1867499999999997,-0.0018500000000001293,SL,60,0.0018899999999999473,0.0020999999999999908,SWEEP_EXTREME,FIXED_RR,CONFIRMED,BUY_SIDE,M15,1.19222,0.9938465345726764,BEARISH,STRONG_DISPLACEMENT,2.140592536002557,,False,STRONG_UPTREND,HIGH_VOLATILITY,17
H2,2661,2658,-1,2026-02-10 17:30:00+00:00,2026-02-11 15:30:00+00:00,1.19017,1.1846899999999996,1.1929100000000001,1.1846899999999996,0.0054800000000003735,TP,89,0.006889999999999841,0.0025500000000000522,SWEEP_EXTREME,FIXED_RR,CONFIRMED,BUY_SIDE,H4,1.19266,1.73154484792239,BEARISH,MODERATE_DISPLACEMENT,1.6473725289261516,,False,STRONG_UPTREND,HIGH_VOLATILITY,17
H2,2679,2676,1,2026-02-10 22:00:00+00:00,2026-02-11 02:00:00+00:00,1.19022,1.18861,1.18861,1.1934400000000003,-0.0016100000000001113,SL,17,0.0001100000000000545,0.0016599999999999948,SWEEP_EXTREME,FIXED_RR,CONFIRMED,SELL_SIDE,M15,1.18881,0.7918852855629009,BEARISH,MODERATE_DISPLACEMENT,1.531843667154412,,True,STRONG_UPTREND,NORMAL_VOLATILITY,22
H2,2698,2695,1,2026-02-11 02:45:00+00:00,2026-02-11 08:00:00+00:00,1.18971,1.1919900000000003,1.18857,1.1919900000000003,0.002280000000000282,TP,22,0.0028399999999999537,0.00034000000000000696,SWEEP_EXTREME,FIXED_RR,CONFIRMED,SELL_SIDE,M15,1.18866,0.5105389461889558,BEARISH,STRONG_DISPLACEMENT,2.0208833286644787,,True,STRONG_UPTREND,LOW_VOLATILITY,2
H2,2723,2720,-1,2026-02-11 09:00:00+00:00,2026-02-11 12:45:00+00:00,1.19151,1.1926,1.1926,1.18933,-0.0010900000000000354,SL,16,0.000560000000000116,0.0012099999999999334,SWEEP_EXTREME,FIXED_RR,CONFIRMED,BUY_SIDE,M15,1.19191,1.6012535774420065,BULLISH,MODERATE_DISPLACEMENT,1.2581278108471396,,False,STRONG_UPTREND,NORMAL_VOLATILITY,9
H2,2741,2738,-1,2026-02-11 13:30:00+00:00,2026-02-11 15:30:00+00:00,1.19141,1.18929,1.1924700000000001,1.18929,0.002120000000000122,TP,9,0.00812999999999997,5.999999999994898e-05,SWEEP_EXTREME,FIXED_RR,CONFIRMED,BUY_SIDE,M15,1.19199,1.5793619262069432,NEUTRAL,MODERATE_DISPLACEMENT,1.7506180386866235,,False,STRONG_UPTREND,NORMAL_VOLATILITY,13
H2,2843,2840,-1,2026-02-12 15:00:00+00:00,2026-02-12 16:00:00+00:00,1.18728,1.18866,1.18866,1.1845199999999996,-0.0013800000000001589,SL,5,0.00014999999999987246,0.0014800000000001479,SWEEP_EXTREME,FIXED_RR,CONFIRMED,BUY_SIDE,M15,1.18844,0.6598053518062197,NEUTRAL,MODERATE_DISPLACEMENT,1.6495133795157157,,False,RANGE,NORMAL_VOLATILITY,15
H2,2858,2855,-1,2026-02-12 18:45:00+00:00,2026-02-13 09:00:00+00:00,1.18758,1.18498,1.1888800000000002,1.18498,0.0026000000000001577,TP,58,0.002850000000000019,0.00010999999999983245,SWEEP_EXTREME,FIXED_RR,CONFIRMED,BUY_SIDE,M15,1.18879,0.9968423546374419,BULLISH,MODERATE_DISPLACEMENT,1.3025406767261827,,False,RANGE,HIGH_VOLATILITY,18
H2,2894,2891,-1,2026-02-13 03:45:00+00:00,2026-02-13 09:00:00+00:00,1.18649,1.18491,1.1872800000000001,1.18491,0.0015800000000001369,TP,22,0.0017599999999999838,0.0006099999999999994,SWEEP_EXTREME,FIXED_RR,CONFIRMED,BUY_SIDE,M15,1.18715,1.2698807718116407,NEUTRAL,MODERATE_DISPLACEMENT,1.566186285234451,,False,STRONG_DOWNTREND,LOW_VOLATILITY,3
H2,2919,2916,1,2026-02-13 10:00:00+00:00,2026-02-13 15:30:00+00:00,1.18585,1.1881900000000003,1.18468,1.1881900000000003,0.002340000000000231,TP,23,0.00262999999999991,0.0006200000000000649,SWEEP_EXTREME,FIXED_RR,CONFIRMED,SELL_SIDE,H4,1.18515,1.775992815718914,BEARISH,MODERATE_DISPLACEMENT,1.837946053476508,,True,STRONG_DOWNTREND,NORMAL_VOLATILITY,10
H2,2919,2916,1,2026-02-13 10:00:00+00:00,2026-02-13 15:30:00+00:00,1.18585,1.1881900000000003,1.18468,1.1881900000000003,0.002340000000000231,TP,23,0.00262999999999991,0.0006200000000000649,SWEEP_EXTREME,FIXED_RR,CONFIRMED,SELL_SIDE,M15,1.18509,1.775992815718914,BEARISH,MODERATE_DISPLACEMENT,1.837946053476508,,True,STRONG_DOWNTREND,NORMAL_VOLATILITY,10
H2,2954,2951,1,2026-02-13 18:45:00+00:00,2026-02-16 18:30:00+00:00,1.1872,1.1854,1.18468,1.1922400000000002,-0.0018000000000000238,TIME,96,0.0010699999999999044,0.0023900000000001143,SWEEP_EXTREME,FIXED_RR,CONFIRMED,SELL_SIDE,M15,1.18558,1.5611499647683809,NEUTRAL,STRONG_DISPLACEMENT,2.562439252516515,,True,RANGE,HIGH_VOLATILITY,18
H2,2954,2951,1,2026-02-13 18:45:00+00:00,2026-02-16 18:30:00+00:00,1.1872,1.1854,1.18468,1.1922400000000002,-0.0018000000000000238,TIME,96,0.0010699999999999044,0.0023900000000001143,SWEEP_EXTREME,FIXED_RR,CONFIRMED,SELL_SIDE,M15,1.1857,1.5611499647683809,NEUTRAL,STRONG_DISPLACEMENT,2.562439252516515,,True,RANGE,HIGH_VOLATILITY,18
H2,2954,2951,1,2026-02-13 18:45:00+00:00,2026-02-16 18:30:00+00:00,1.1872,1.1854,1.18468,1.1922400000000002,-0.0018000000000000238,TIME,96,0.0010699999999999044,0.0023900000000001143,SWEEP_EXTREME,FIXED_RR,CONFIRMED,SELL_SIDE,M15,1.18523,1.5611499647683809,NEUTRAL,STRONG_DISPLACEMENT,2.562439252516515,,True,RANGE,HIGH_VOLATILITY,18
H2,2954,2951,1,2026-02-13 18:45:00+00:00,2026-02-16 18:30:00+00:00,1.1872,1.1854,1.18468,1.1922400000000002,-0.0018000000000000238,TIME,96,0.0010699999999999044,0.0023900000000001143,SWEEP_EXTREME,FIXED_RR,CONFIRMED,SELL_SIDE,M15,1.18544,1.5611499647683809,NEUTRAL,STRONG_DISPLACEMENT,2.562439252516515,,True,RANGE,HIGH_VOLATILITY,18
H2,3010,3007,1,2026-02-16 08:45:00+00:00,2026-02-16 10:15:00+00:00,1.187,1.1858799999999998,1.1858799999999998,1.1892400000000005,-0.001120000000000232,SL,7,2.999999999997449e-05,0.0012600000000000389,SWEEP_EXTREME,FIXED_RR,CONFIRMED,SELL_SIDE,M15,1.18603,1.7227335745290588,BEARISH,MODERATE_DISPLACEMENT,1.2797449410786514,,True,RANGE,LOW_VOLATILITY,8
H2,3083,3080,-1,2026-02-17 03:00:00+00:00,2026-02-17 13:45:00+00:00,1.18434,1.1825399999999997,1.18524,1.1825399999999997,0.0018000000000002458,TP,44,0.0019400000000000528,0.0006399999999999739,SWEEP_EXTREME,FIXED_RR,CONFIRMED,BUY_SIDE,M15,1.18518,1.5367137536427,BEARISH,STRONG_DISPLACEMENT,2.1304440675501244,,False,STRONG_DOWNTREND,LOW_VOLATILITY,3
H2,3144,3141,1,2026-02-17 18:15:00+00:00,2026-02-17 20:30:00+00:00,1.1822,1.1851599999999998,1.18072,1.1851599999999998,0.0029599999999998516,TP,10,0.002970000000000139,0.00014999999999987246,SWEEP_EXTREME,FIXED_RR,CONFIRMED,SELL_SIDE,M15,1.18078,1.2696949215297357,BEARISH,MODERATE_DISPLACEMENT,1.8397620291553372,,True,STRONG_DOWNTREND,NORMAL_VOLATILITY,18
H2,3144,3141,1,2026-02-17 18:15:00+00:00,2026-02-17 20:30:00+00:00,1.1822,1.1851599999999998,1.18072,1.1851599999999998,0.0029599999999998516,TP,10,0.002970000000000139,0.00014999999999987246,SWEEP_EXTREME,FIXED_RR,CONFIRMED,SELL_SIDE,M15,1.18096,1.2696949215297357,BEARISH,MODERATE_DISPLACEMENT,1.8397620291553372,,True,STRONG_DOWNTREND,NORMAL_VOLATILITY,18
H2,3145,3142,1,2026-02-17 18:30:00+00:00,2026-02-18 18:15:00+00:00,1.18278,1.18125,1.18041,1.18752,-0.0015300000000000313,TIME,96,0.0029600000000000737,0.0016300000000000203,SWEEP_EXTREME,FIXED_RR,CONFIRMED,SELL_SIDE,M15,1.18048,0.851748382918608,BEARISH,STRONG_DISPLACEMENT,2.4242069359988463,,True,STRONG_DOWNTREND,NORMAL_VOLATILITY,18
H2,3217,3214,1,2026-02-18 12:30:00+00:00,2026-02-18 15:45:00+00:00,1.18391,1.18274,1.18274,1.1862500000000002,-0.0011700000000001154,SL,14,0.0009399999999999409,0.0015600000000000058,SWEEP_EXTREME,FIXED_RR,CONFIRMED,SELL_SIDE,M15,1.1828,1.4184510327237188,NEUTRAL,MODERATE_DISPLACEMENT,1.5544668851767254,,True,STRONG_DOWNTREND,NORMAL_VOLATILITY,12
H2,3219,3216,-1,2026-02-18 13:00:00+00:00,2026-02-18 14:15:00+00:00,1.1832,1.1841000000000002,1.1841000000000002,1.1813999999999998,-0.0009000000000001229,SL,6,0.00029999999999996696,0.0010999999999998789,SWEEP_EXTREME,FIXED_RR,CONFIRMED,BUY_SIDE,M15,1.18385,1.0696522860908955,NEUTRAL,MODERATE_DISPLACEMENT,1.2760764114769747,,False,STRONG_DOWNTREND,NORMAL_VOLATILITY,13
H2,3231,3228,-1,2026-02-18 16:00:00+00:00,2026-02-19 14:15:00+00:00,1.18236,1.17728,1.1849,1.17728,0.005079999999999973,TP,90,0.005319999999999991,0.00041000000000002146,SWEEP_EXTREME,FIXED_RR,CONFIRMED,BUY_SIDE,M15,1.18472,1.58585758943491,BULLISH,STRONG_DISPLACEMENT,3.7483906659368422,,False,DOWNTREND,NORMAL_VOLATILITY,16
H2,3387,3384,-1,2026-02-20 07:00:00+00:00,2026-02-20 09:00:00+00:00,1.17529,1.17599,1.17599,1.1738899999999997,-0.000700000000000145,SL,9,0.00028999999999990145,0.0008600000000000829,SWEEP_EXTREME,FIXED_RR,CONFIRMED,BUY_SIDE,M15,1.17588,0.6860439445276075,BEARISH,MODERATE_DISPLACEMENT,1.4737240289853355,,True,STRONG_DOWNTREND,LOW_VOLATILITY,7
H2,3399,3396,-1,2026-02-20 10:00:00+00:00,2026-02-20 10:30:00+00:00,1.17511,1.1762000000000001,1.1762000000000001,1.17293,-0.0010900000000000354,SL,3,0.0007900000000000684,0.0012299999999998423,SWEEP_EXTREME,FIXED_RR,CONFIRMED,BUY_SIDE,M15,1.17596,1.6912459294447049,BEARISH,STRONG_DISPLACEMENT,2.46438692576207,,True,STRONG_DOWNTREND,LOW_VOLATILITY,10
H2,3399,3396,-1,2026-02-20 10:00:00+00:00,2026-02-20 10:30:00+00:00,1.17511,1.1762000000000001,1.1762000000000001,1.17293,-0.0010900000000000354,SL,3,0.0007900000000000684,0.0012299999999998423,SWEEP_EXTREME,FIXED_RR,CONFIRMED,BUY_SIDE,M15,1.17567,1.6912459294447049,BEARISH,STRONG_DISPLACEMENT,2.46438692576207,,True,STRONG_DOWNTREND,LOW_VOLATILITY,10
H2,3402,3399,1,2026-02-20 10:45:00+00:00,2026-02-20 15:15:00+00:00,1.17576,1.17746,1.17491,1.17746,0.0017000000000000348,TP,19,0.001960000000000184,4.999999999988347e-05,SWEEP_EXTREME,FIXED_RR,CONFIRMED,SELL_SIDE,M15,1.17513,1.726488505679339,NEUTRAL,MODERATE_DISPLACEMENT,1.3475032239447247,,False,STRONG_DOWNTREND,NORMAL_VOLATILITY,10
H2,3402,3399,1,2026-02-20 10:45:00+00:00,2026-02-20 15:15:00+00:00,1.17576,1.17746,1.17491,1.17746,0.0017000000000000348,TP,19,0.001960000000000184,4.999999999988347e-05,SWEEP_EXTREME,FIXED_RR,CONFIRMED,SELL_SIDE,M15,1.175,1.726488505679339,NEUTRAL,MODERATE_DISPLACEMENT,1.3475032239447247,,False,STRONG_DOWNTREND,NORMAL_VOLATILITY,10
H2,3429,3426,1,2026-02-20 17:30:00+00:00,2026-02-23 17:15:00+00:00,1.17994,1.18031,1.1755399999999998,1.1887400000000004,0.00036999999999998145,TIME,96,0.0035199999999999676,0.003390000000000004,SWEEP_EXTREME,FIXED_RR,CONFIRMED,SELL_SIDE,M15,1.17571,1.1057113322102339,NEUTRAL,STRONG_DISPLACEMENT,4.573624146869476,,False,RANGE,HIGH_VOLATILITY,17
H2,3516,3513,1,2026-02-23 15:15:00+00:00,2026-02-23 16:45:00+00:00,1.1785,1.1807200000000004,1.17739,1.1807200000000004,0.002220000000000333,TP,7,0.0023999999999999577,3.0000000000196536e-05,SWEEP_EXTREME,FIXED_RR,CONFIRMED,SELL_SIDE,M15,1.17774,1.55689783581442,BEARISH,MODERATE_DISPLACEMENT,1.4243958923410793,,True,RANGE,NORMAL_VOLATILITY,15
H2,3516,3513,1,2026-02-23 15:15:00+00:00,2026-02-23 16:45:00+00:00,1.1785,1.1807200000000004,1.17739,1.1807200000000004,0.002220000000000333,TP,7,0.0023999999999999577,3.0000000000196536e-05,SWEEP_EXTREME,FIXED_RR,CONFIRMED,SELL_SIDE,M15,1.17795,1.55689783581442,BEARISH,MODERATE_DISPLACEMENT,1.4243958923410793,,True,RANGE,NORMAL_VOLATILITY,15
H2,3516,3513,1,2026-02-23 15:15:00+00:00,2026-02-23 16:45:00+00:00,1.1785,1.1807200000000004,1.17739,1.1807200000000004,0.002220000000000333,TP,7,0.0023999999999999577,3.0000000000196536e-05,SWEEP_EXTREME,FIXED_RR,CONFIRMED,SELL_SIDE,M15,1.17808,1.55689783581442,BEARISH,MODERATE_DISPLACEMENT,1.4243958923410793,,True,RANGE,NORMAL_VOLATILITY,15
H2,3565,3562,-1,2026-02-24 03:30:00+00:00,2026-02-25 03:15:00+00:00,1.17735,1.17787,1.17967,1.1727099999999997,-0.000520000000000076,TIME,96,0.0007599999999998719,0.0019400000000000528,SWEEP_EXTREME,FIXED_RR,CONFIRMED,BUY_SIDE,M15,1.17952,1.4348991821610133,NEUTRAL,STRONG_DISPLACEMENT,4.216396058351412,,True,DOWNTREND,NORMAL_VOLATILITY,3
H2,3568,3565,1,2026-02-24 04:15:00+00:00,2026-02-24 06:15:00+00:00,1.17818,1.1771299999999998,1.1771299999999998,1.1802800000000004,-0.0010500000000002174,SL,9,0.00034000000000000696,0.0011099999999999444,SWEEP_EXTREME,FIXED_RR,CONFIRMED,SELL_SIDE,H4,1.17744,2.2123897534382646,NEUTRAL,MODERATE_DISPLACEMENT,1.5694730729519817,,False,DOWNTREND,NORMAL_VOLATILITY,4
H2,3575,3572,-1,2026-02-24 06:00:00+00:00,2026-02-24 10:15:00+00:00,1.1775,1.1785700000000001,1.1785700000000001,1.1753599999999997,-0.0010700000000001264,SL,18,0.0007200000000000539,0.0013099999999999223,SWEEP_EXTREME,FIXED_RR,CONFIRMED,BUY_SIDE,M15,1.17845,0.6136347587760793,BEARISH,MODERATE_DISPLACEMENT,1.4931779130222018,,True,STRONG_DOWNTREND,LOW_VOLATILITY,6
H2,3704,3701,1,2026-02-25 14:15:00+00:00,2026-02-25 18:00:00+00:00,1.17816,1.1803400000000006,1.1770699999999998,1.1803400000000006,0.002180000000000515,TP,16,0.00254999999999983,0.0008799999999999919,SWEEP_EXTREME,FIXED_RR,CONFIRMED,SELL_SIDE,M15,1.17713,1.7616507024610921,NEUTRAL,STRONG_DISPLACEMENT,2.024885864897688,,False,RANGE,NORMAL_VOLATILITY,14
H2,3704,3701,1,2026-02-25 14:15:00+00:00,2026-02-25 18:00:00+00:00,1.17816,1.1803400000000006,1.1770699999999998,1.1803400000000006,0.002180000000000515,TP,16,0.00254999999999983,0.0008799999999999919,SWEEP_EXTREME,FIXED_RR,CONFIRMED,SELL_SIDE,M15,1.17732,1.7616507024610921,NEUTRAL,STRONG_DISPLACEMENT,2.024885864897688,,False,RANGE,NORMAL_VOLATILITY,14
H2,3704,3701,1,2026-02-25 14:15:00+00:00,2026-02-25 18:00:00+00:00,1.17816,1.1803400000000006,1.1770699999999998,1.1803400000000006,0.002180000000000515,TP,16,0.00254999999999983,0.0008799999999999919,SWEEP_EXTREME,FIXED_RR,CONFIRMED,SELL_SIDE,M15,1.1775,1.7616507024610921,NEUTRAL,STRONG_DISPLACEMENT,2.024885864897688,,False,RANGE,NORMAL_VOLATILITY,14
H2,3704,3701,1,2026-02-25 14:15:00+00:00,2026-02-25 18:00:00+00:00,1.17816,1.1803400000000006,1.1770699999999998,1.1803400000000006,0.002180000000000515,TP,16,0.00254999999999983,0.0008799999999999919,SWEEP_EXTREME,FIXED_RR,CONFIRMED,SELL_SIDE,M15,1.17763,1.7616507024610921,NEUTRAL,STRONG_DISPLACEMENT,2.024885864897688,,False,RANGE,NORMAL_VOLATILITY,14
H2,3761,3758,-1,2026-02-26 04:30:00+00:00,2026-02-26 10:15:00+00:00,1.182,1.1803399999999997,1.18283,1.1803399999999997,0.0016600000000002169,TP,24,0.0017899999999999583,0.0002500000000000835,SWEEP_EXTREME,FIXED_RR,CONFIRMED,BUY_SIDE,M15,1.18274,1.5083679331679214,BULLISH,MODERATE_DISPLACEMENT,1.7080048654992883,,False,STRONG_UPTREND,LOW_VOLATILITY,4
H2,3858,3855,1,2026-02-27 10:00:00+00:00,2026-02-27 11:45:00+00:00,1.18148,1.17979,1.17979,1.1848600000000005,-0.0016900000000001913,SL,8,0.0006800000000000139,0.0021999999999999797,SWEEP_EXTREME,FIXED_RR,CONFIRMED,SELL_SIDE,M15,1.18019,1.223657796061661,NEUTRAL,STRONG_DISPLACEMENT,3.49923194312399,,True,UPTREND,NORMAL_VOLATILITY,10
H2,3960,3957,1,2026-03-02 11:30:00+00:00,2026-03-02 15:00:00+00:00,1.1737,1.16974,1.16974,1.18162,-0.0039599999999999635,SL,15,0.0010200000000000209,0.0040199999999999125,SWEEP_EXTREME,FIXED_RR,CONFIRMED,SELL_SIDE,M15,1.16998,1.4885955272219165,BULLISH,STRONG_DISPLACEMENT,2.39673242118742,,False,STRONG_DOWNTREND,HIGH_VOLATILITY,11
H2,3981,3978,1,2026-03-02 16:45:00+00:00,2026-03-02 17:30:00+00:00,1.17173,1.16949,1.16949,1.17621,-0.0022400000000000198,SL,4,0.0006500000000000394,0.0025100000000000122,SWEEP_EXTREME,FIXED_RR,CONFIRMED,SELL_SIDE,M15,1.16968,1.253976648090504,BEARISH,MODERATE_DISPLACEMENT,1.7299385875118314,,False,STRONG_DOWNTREND,HIGH_VOLATILITY,16
H2,3984,3981,-1,2026-03-02 17:30:00+00:00,2026-03-03 07:45:00+00:00,1.1702,1.1666399999999997,1.17198,1.1666399999999997,0.0035600000000002296,TP,58,0.00370999999999988,0.001140000000000141,SWEEP_EXTREME,FIXED_RR,CONFIRMED,BUY_SIDE,M15,1.17183,1.4724929827118554,BEARISH,MODERATE_DISPLACEMENT,1.302262580086227,,True,STRONG_DOWNTREND,HIGH_VOLATILITY,17
H2,4027,4024,-1,2026-03-03 04:15:00+00:00,2026-03-03 09:00:00+00:00,1.16913,1.16593,1.17073,1.16593,0.0032000000000000917,TP,20,0.003330000000000055,0.0007600000000000939,SWEEP_EXTREME,FIXED_RR,CONFIRMED,BUY_SIDE,M15,1.16979,1.6330037120752696,BULLISH,MODERATE_DISPLACEMENT,1.647455072359218,,True,STRONG_DOWNTREND,NORMAL_VOLATILITY,4
H2,4133,4130,-1,2026-03-04 06:45:00+00:00,2026-03-04 08:30:00+00:00,1.15969,1.1609600000000002,1.1609600000000002,1.15715,-0.0012700000000001044,SL,8,0.001000000000000112,0.0020699999999997942,SWEEP_EXTREME,FIXED_RR,CONFIRMED,BUY_SIDE,M15,1.16042,0.9365616069422852,BEARISH,MODERATE_DISPLACEMENT,1.462575660156102,,True,STRONG_DOWNTREND,NORMAL_VOLATILITY,6
H2,4147,4144,-1,2026-03-04 10:15:00+00:00,2026-03-04 12:00:00+00:00,1.16087,1.1623500000000002,1.1623500000000002,1.1579099999999998,-0.0014800000000001479,SL,8,0.0016700000000000603,0.00383,SWEEP_EXTREME,FIXED_RR,CONFIRMED,BUY_SIDE,M15,1.16203,1.26672982486381,BULLISH,MODERATE_DISPLACEMENT,1.4597553219855315,,True,STRONG_DOWNTREND,HIGH_VOLATILITY,10
H2,4148,4145,-1,2026-03-04 10:30:00+00:00,2026-03-04 12:00:00+00:00,1.15988,1.1628500000000002,1.1628500000000002,1.1539399999999997,-0.002970000000000139,SL,7,0.0006800000000000139,0.0048200000000000465,SWEEP_EXTREME,FIXED_RR,CONFIRMED,BUY_SIDE,H4,1.16257,0.9223478076310372,BULLISH,STRONG_DISPLACEMENT,3.0583111516184185,,True,STRONG_DOWNTREND,HIGH_VOLATILITY,10
H2,4148,4145,-1,2026-03-04 10:30:00+00:00,2026-03-04 12:00:00+00:00,1.15988,1.1628500000000002,1.1628500000000002,1.1539399999999997,-0.002970000000000139,SL,7,0.0006800000000000139,0.0048200000000000465,SWEEP_EXTREME,FIXED_RR,CONFIRMED,BUY_SIDE,M15,1.16244,0.9223478076310372,BULLISH,STRONG_DISPLACEMENT,3.0583111516184185,,True,STRONG_DOWNTREND,HIGH_VOLATILITY,10
H2,4170,4167,-1,2026-03-04 16:00:00+00:00,2026-03-05 08:15:00+00:00,1.1631,1.1587999999999998,1.1652500000000001,1.1587999999999998,0.0043000000000001926,TP,66,0.004350000000000076,0.0016400000000000858,SWEEP_EXTREME,FIXED_RR,CONFIRMED,BUY_SIDE,M15,1.16486,1.7719715315276519,NEUTRAL,MODERATE_DISPLACEMENT,1.3531418968028692,,True,DOWNTREND,HIGH_VOLATILITY,16
H2,4219,4216,-1,2026-03-05 04:15:00+00:00,2026-03-05 08:00:00+00:00,1.16295,1.1593899999999997,1.16473,1.1593899999999997,0.0035600000000002296,TP,16,0.004149999999999876,0.000220000000000109,SWEEP_EXTREME,FIXED_RR,CONFIRMED,BUY_SIDE,M15,1.16461,1.099303490098295,BULLISH,STRONG_DISPLACEMENT,3.278956961844791,,True,DOWNTREND,NORMAL_VOLATILITY,4
H2,4219,4216,-1,2026-03-05 04:15:00+00:00,2026-03-05 08:00:00+00:00,1.16295,1.1593899999999997,1.16473,1.1593899999999997,0.0035600000000002296,TP,16,0.004149999999999876,0.000220000000000109,SWEEP_EXTREME,FIXED_RR,CONFIRMED,BUY_SIDE,M15,1.16452,1.099303490098295,BULLISH,STRONG_DISPLACEMENT,3.278956961844791,,True,DOWNTREND,NORMAL_VOLATILITY,4
H2,4238,4235,1,2026-03-05 09:00:00+00:00,2026-03-05 10:15:00+00:00,1.16066,1.15875,1.15875,1.1644800000000002,-0.0019100000000000783,SL,6,0.0009399999999999409,0.002429999999999932,SWEEP_EXTREME,FIXED_RR,CONFIRMED,SELL_SIDE,M15,1.1592,1.1244516330314054,BEARISH,STRONG_DISPLACEMENT,2.5831996975047624,,False,STRONG_DOWNTREND,NORMAL_VOLATILITY,9
H2,4247,4244,1,2026-03-05 11:15:00+00:00,2026-03-05 17:15:00+00:00,1.16409,1.15818,1.15818,1.1759100000000002,-0.005910000000000082,SL,25,0.00014999999999987246,0.006310000000000038,SWEEP_EXTREME,FIXED_RR,CONFIRMED,SELL_SIDE,M15,1.15869,1.632592328722873,BEARISH,STRONG_DISPLACEMENT,6.167571019620637,,False,RANGE,HIGH_VOLATILITY,11
H2,4247,4244,1,2026-03-05 11:15:00+00:00,2026-03-05 17:15:00+00:00,1.16409,1.15818,1.15818,1.1759100000000002,-0.005910000000000082,SL,25,0.00014999999999987246,0.006310000000000038,SWEEP_EXTREME,FIXED_RR,CONFIRMED,SELL_SIDE,M15,1.15875,1.632592328722873,BEARISH,STRONG_DISPLACEMENT,6.167571019620637,,False,RANGE,HIGH_VOLATILITY,11
H2,4293,4290,1,2026-03-05 22:45:00+00:00,2026-03-06 13:00:00+00:00,1.16047,1.1569399999999999,1.1569399999999999,1.16753,-0.003530000000000033,SL,58,0.0016300000000000203,0.0038399999999998435,SWEEP_EXTREME,FIXED_RR,CONFIRMED,SELL_SIDE,M15,1.1571,0.6940284450811233,BEARISH,STRONG_DISPLACEMENT,2.767438424760346,,False,STRONG_DOWNTREND,HIGH_VOLATILITY,22
H2,4334,4331,1,2026-03-06 09:00:00+00:00,2026-03-06 11:00:00+00:00,1.16115,1.16011,1.16011,1.1632299999999998,-0.0010399999999999299,SL,9,0.000660000000000105,0.0021299999999999653,SWEEP_EXTREME,FIXED_RR,CONFIRMED,SELL_SIDE,M15,1.16052,1.3230895480790925,NEUTRAL,MODERATE_DISPLACEMENT,1.3412140624364615,,False,DOWNTREND,NORMAL_VOLATILITY,9
H2,4334,4331,1,2026-03-06 09:00:00+00:00,2026-03-06 11:00:00+00:00,1.16115,1.16011,1.16011,1.1632299999999998,-0.0010399999999999299,SL,9,0.000660000000000105,0.0021299999999999653,SWEEP_EXTREME,FIXED_RR,CONFIRMED,SELL_SIDE,M15,1.16031,1.3230895480790925,NEUTRAL,MODERATE_DISPLACEMENT,1.3412140624364615,,False,DOWNTREND,NORMAL_VOLATILITY,9
H2,4439,4436,1,2026-03-09 11:15:00+00:00,2026-03-09 15:30:00+00:00,1.15429,1.1586500000000002,1.15211,1.1586500000000002,0.0043600000000001415,TP,18,0.004489999999999883,0.000280000000000058,SWEEP_EXTREME,FIXED_RR,CONFIRMED,SELL_SIDE,M15,1.15352,2.01920617107136,BULLISH,MODERATE_DISPLACEMENT,1.44229012219394,,False,STRONG_DOWNTREND,HIGH_VOLATILITY,11
H2,4457,4454,1,2026-03-09 15:45:00+00:00,2026-03-09 16:00:00+00:00,1.15784,1.15496,1.15496,1.1636,-0.0028799999999999937,SL,2,0.00043999999999999595,0.0030799999999999716,SWEEP_EXTREME,FIXED_RR,CONFIRMED,SELL_SIDE,M15,1.15551,1.0350069811297642,BULLISH,STRONG_DISPLACEMENT,2.053714639722305,,False,RANGE,HIGH_VOLATILITY,15
H2,4459,4456,-1,2026-03-09 16:15:00+00:00,2026-03-09 17:00:00+00:00,1.15596,1.15789,1.15789,1.1521000000000001,-0.0019299999999999873,SL,4,0.0002900000000001235,0.002610000000000001,SWEEP_EXTREME,FIXED_RR,CONFIRMED,BUY_SIDE,M15,1.15733,1.0334033591327179,NEUTRAL,MODERATE_DISPLACEMENT,1.43572069742106,,True,DOWNTREND,HIGH_VOLATILITY,16
H2,4494,4491,-1,2026-03-10 01:00:00+00:00,2026-03-10 09:15:00+00:00,1.16297,1.1646,1.1646,1.15971,-0.0016300000000000203,SL,34,0.0022999999999999687,0.0016499999999999293,SWEEP_EXTREME,FIXED_RR,CONFIRMED,BUY_SIDE,M15,1.16444,1.2870319628054956,BULLISH,MODERATE_DISPLACEMENT,1.5642388471018847,,True,STRONG_UPTREND,HIGH_VOLATILITY,1
H2,4494,4491,-1,2026-03-10 01:00:00+00:00,2026-03-10 09:15:00+00:00,1.16297,1.1646,1.1646,1.15971,-0.0016300000000000203,SL,34,0.0022999999999999687,0.0016499999999999293,SWEEP_EXTREME,FIXED_RR,CONFIRMED,BUY_SIDE,M15,1.16377,1.2870319628054956,BULLISH,MODERATE_DISPLACEMENT,1.5642388471018847,,True,STRONG_UPTREND,HIGH_VOLATILITY,1
H2,4504,4501,-1,2026-03-10 03:30:00+00:00,2026-03-10 08:30:00+00:00,1.16167,1.16362,1.16362,1.1577699999999997,-0.0019500000000001183,SL,21,0.0009999999999998899,0.0019599999999999618,SWEEP_EXTREME,FIXED_RR,CONFIRMED,BUY_SIDE,M15,1.16314,1.220435600385865,NEUTRAL,MODERATE_DISPLACEMENT,1.770631977609052,,True,STRONG_UPTREND,HIGH_VOLATILITY,3
H2,4555,4552,-1,2026-03-10 16:15:00+00:00,2026-03-10 16:30:00+00:00,1.16309,1.1649500000000002,1.1649500000000002,1.1593699999999996,-0.0018600000000001948,SL,2,7.999999999985796e-05,0.0018899999999999473,SWEEP_EXTREME,FIXED_RR,CONFIRMED,BUY_SIDE,M15,1.16478,0.8793220287812852,NEUTRAL,MODERATE_DISPLACEMENT,1.3238144828906453,,True,STRONG_UPTREND,HIGH_VOLATILITY,16
H2,4637,4634,1,2026-03-11 12:45:00+00:00,2026-03-11 14:30:00+00:00,1.161,1.15896,1.15896,1.1650800000000001,-0.0020400000000000418,SL,8,0.00011999999999989797,0.0023100000000000342,SWEEP_EXTREME,FIXED_RR,CONFIRMED,SELL_SIDE,M15,1.15904,0.7044968202712086,NEUTRAL,MODERATE_DISPLACEMENT,1.9400758589012128,,False,RANGE,HIGH_VOLATILITY,12
H2,4654,4651,-1,2026-03-11 17:00:00+00:00,2026-03-12 16:30:00+00:00,1.1582,1.1519399999999993,1.1613300000000002,1.1519399999999993,0.006260000000000598,TP,95,0.006529999999999925,0.0002300000000001745,SWEEP_EXTREME,FIXED_RR,CONFIRMED,BUY_SIDE,M15,1.16116,2.3922361082114074,BEARISH,MODERATE_DISPLACEMENT,1.3329433665680925,,True,DOWNTREND,HIGH_VOLATILITY,17
H2,4654,4651,-1,2026-03-11 17:00:00+00:00,2026-03-12 16:30:00+00:00,1.1582,1.1519399999999993,1.1613300000000002,1.1519399999999993,0.006260000000000598,TP,95,0.006529999999999925,0.0002300000000001745,SWEEP_EXTREME,FIXED_RR,CONFIRMED,BUY_SIDE,M15,1.16056,2.3922361082114074,BEARISH,MODERATE_DISPLACEMENT,1.3329433665680925,,True,DOWNTREND,HIGH_VOLATILITY,17
H2,4713,4710,1,2026-03-12 07:45:00+00:00,2026-03-12 15:15:00+00:00,1.15439,1.1531399999999998,1.1531399999999998,1.1568900000000004,-0.0012500000000001954,SL,31,0.0022400000000000198,0.0023800000000000487,SWEEP_EXTREME,FIXED_RR,CONFIRMED,SELL_SIDE,M15,1.15322,0.5369982261011919,BEARISH,MODERATE_DISPLACEMENT,1.9331936139644499,,False,STRONG_DOWNTREND,NORMAL_VOLATILITY,7
H2,4732,4729,-1,2026-03-12 12:30:00+00:00,2026-03-12 13:00:00+00:00,1.15495,1.15605,1.15605,1.1527499999999997,-0.001100000000000101,SL,3,9.999999999843467e-06,0.0011300000000000754,SWEEP_EXTREME,FIXED_RR,CONFIRMED,BUY_SIDE,M15,1.1556,0.7752823002559333,BULLISH,MODERATE_DISPLACEMENT,1.4885420164916674,,True,STRONG_DOWNTREND,NORMAL_VOLATILITY,12
H2,4740,4737,-1,2026-03-12 14:30:00+00:00,2026-03-13 08:45:00+00:00,1.15405,1.1487899999999998,1.1566800000000002,1.1487899999999998,0.0052600000000002645,TP,74,0.005819999999999936,0.0009900000000000464,SWEEP_EXTREME,FIXED_RR,CONFIRMED,BUY_SIDE,M15,1.15629,1.2854279599345917,BULLISH,STRONG_DISPLACEMENT,3.5230247790799134,,True,STRONG_DOWNTREND,NORMAL_VOLATILITY,14
H2,4794,4791,-1,2026-03-13 04:00:00+00:00,2026-03-13 08:45:00+00:00,1.15164,1.14886,1.15303,1.14886,0.0027800000000000047,TP,20,0.003409999999999913,0.0005900000000000905,SWEEP_EXTREME,FIXED_RR,CONFIRMED,BUY_SIDE,M15,1.15284,1.2957488452660715,BULLISH,STRONG_DISPLACEMENT,2.2326749333821856,,True,STRONG_DOWNTREND,NORMAL_VOLATILITY,4
H2,4913,4910,1,2026-03-16 10:30:00+00:00,2026-03-16 15:45:00+00:00,1.14419,1.1498700000000004,1.1413499999999999,1.1498700000000004,0.0056800000000003514,TP,22,0.005879999999999885,0.000660000000000105,SWEEP_EXTREME,FIXED_RR,CONFIRMED,SELL_SIDE,M15,1.14241,2.1596003718748786,BEARISH,STRONG_DISPLACEMENT,3.4775917752986634,,False,STRONG_DOWNTREND,NORMAL_VOLATILITY,10
H2,4938,4935,-1,2026-03-16 16:45:00+00:00,2026-03-16 19:00:00+00:00,1.14836,1.15012,1.15012,1.14484,-0.0017599999999999838,SL,10,0.000700000000000145,0.0020400000000000418,SWEEP_EXTREME,FIXED_RR,CONFIRMED,BUY_SIDE,M15,1.14902,1.48689618732759,BULLISH,MODERATE_DISPLACEMENT,1.9018439605351884,,True,RANGE,HIGH_VOLATILITY,16
H2,4992,4989,-1,2026-03-17 06:15:00+00:00,2026-03-17 08:00:00+00:00,1.14903,1.14679,1.15015,1.14679,0.0022400000000000198,TP,8,0.0024500000000000632,0.0009500000000000064,SWEEP_EXTREME,FIXED_RR,CONFIRMED,BUY_SIDE,M15,1.14996,0.8192537765955933,BEARISH,STRONG_DISPLACEMENT,2.098088940062903,,True,UPTREND,NORMAL_VOLATILITY,6
H2,5003,5000,1,2026-03-17 09:00:00+00:00,2026-03-17 10:45:00+00:00,1.14816,1.1514200000000006,1.1465299999999998,1.1514200000000006,0.0032600000000004847,TP,8,0.003630000000000022,0.00021000000000004349,SWEEP_EXTREME,FIXED_RR,CONFIRMED,SELL_SIDE,M15,1.14721,2.4312320253847624,BEARISH,STRONG_DISPLACEMENT,2.028821207390061,,False,RANGE,NORMAL_VOLATILITY,9
H2,5003,5000,1,2026-03-17 09:00:00+00:00,2026-03-17 10:45:00+00:00,1.14816,1.1514200000000006,1.1465299999999998,1.1514200000000006,0.0032600000000004847,TP,8,0.003630000000000022,0.00021000000000004349,SWEEP_EXTREME,FIXED_RR,CONFIRMED,SELL_SIDE,M15,1.14766,2.4312320253847624,BEARISH,STRONG_DISPLACEMENT,2.028821207390061,,False,RANGE,NORMAL_VOLATILITY,9
H2,5195,5192,-1,2026-03-19 09:00:00+00:00,2026-03-19 09:15:00+00:00,1.1465,1.14731,1.14731,1.1448800000000001,-0.0008099999999999774,SL,2,0.0012400000000001299,0.0010299999999998644,SWEEP_EXTREME,FIXED_RR,CONFIRMED,BUY_SIDE,M15,1.14709,1.468342591690685,BEARISH,MODERATE_DISPLACEMENT,1.2129786627007542,,True,STRONG_DOWNTREND,NORMAL_VOLATILITY,9
H2,5220,5217,1,2026-03-19 15:15:00+00:00,2026-03-19 19:00:00+00:00,1.14882,1.1539599999999999,1.14625,1.1539599999999999,0.005139999999999922,TP,16,0.005810000000000093,0.0018899999999999473,SWEEP_EXTREME,FIXED_RR,CONFIRMED,SELL_SIDE,M15,1.14652,1.3871488200330024,BEARISH,STRONG_DISPLACEMENT,2.1081011672870758,,False,STRONG_DOWNTREND,HIGH_VOLATILITY,15
H2,5247,5244,-1,2026-03-19 22:00:00+00:00,2026-03-20 21:45:00+00:00,1.15845,1.15583,1.1616600000000001,1.1520299999999997,0.0026200000000000667,TIME,96,0.00602999999999998,0.001060000000000061,SWEEP_EXTREME,FIXED_RR,CONFIRMED,BUY_SIDE,M15,1.16128,2.034440390086761,BULLISH,MODERATE_DISPLACEMENT,1.4325349492327453,,True,STRONG_UPTREND,HIGH_VOLATILITY,22
H2,5300,5297,-1,2026-03-20 11:15:00+00:00,2026-03-20 12:00:00+00:00,1.15681,1.1541899999999996,1.15812,1.1541899999999996,0.0026200000000002888,TP,4,0.0032999999999998586,4.0000000000040004e-05,SWEEP_EXTREME,FIXED_RR,CONFIRMED,BUY_SIDE,M15,1.158,1.1977391951423164,BULLISH,MODERATE_DISPLACEMENT,1.3688447944488058,,True,STRONG_UPTREND,NORMAL_VOLATILITY,11
H2,5300,5297,-1,2026-03-20 11:15:00+00:00,2026-03-20 12:00:00+00:00,1.15681,1.1541899999999996,1.15812,1.1541899999999996,0.0026200000000002888,TP,4,0.0032999999999998586,4.0000000000040004e-05,SWEEP_EXTREME,FIXED_RR,CONFIRMED,BUY_SIDE,M15,1.15769,1.1977391951423164,BULLISH,MODERATE_DISPLACEMENT,1.3688447944488058,,True,STRONG_UPTREND,NORMAL_VOLATILITY,11
H2,5306,5303,1,2026-03-20 12:45:00+00:00,2026-03-20 13:30:00+00:00,1.15577,1.1579700000000002,1.1546699999999999,1.1579700000000002,0.002200000000000202,TP,4,0.0022200000000001108,0.00041000000000002146,SWEEP_EXTREME,FIXED_RR,CONFIRMED,SELL_SIDE,M15,1.15502,1.4671383680862922,BULLISH,MODERATE_DISPLACEMENT,1.24978453577729,,False,STRONG_UPTREND,HIGH_VOLATILITY,12
H2,5306,5303,1,2026-03-20 12:45:00+00:00,2026-03-20 13:30:00+00:00,1.15577,1.1579700000000002,1.1546699999999999,1.1579700000000002,0.002200000000000202,TP,4,0.0022200000000001108,0.00041000000000002146,SWEEP_EXTREME,FIXED_RR,CONFIRMED,SELL_SIDE,M15,1.15513,1.4671383680862922,BULLISH,MODERATE_DISPLACEMENT,1.24978453577729,,False,STRONG_UPTREND,HIGH_VOLATILITY,12
H2,5324,5321,1,2026-03-20 17:15:00+00:00,2026-03-23 08:15:00+00:00,1.15475,1.15237,1.15237,1.15951,-0.0023800000000000487,SL,57,0.0024200000000000887,0.002529999999999921,SWEEP_EXTREME,FIXED_RR,CONFIRMED,SELL_SIDE,M15,1.15351,1.451732907682524,BEARISH,STRONG_DISPLACEMENT,2.080817167678084,,False,STRONG_UPTREND,HIGH_VOLATILITY,17
H2,5340,5337,-1,2026-03-20 21:15:00+00:00,2026-03-23 11:30:00+00:00,1.15508,1.1508,1.1572200000000001,1.1508,0.0042800000000000615,TP,54,0.005270000000000108,0.0020699999999997942,SWEEP_EXTREME,FIXED_RR,CONFIRMED,BUY_SIDE,M15,1.15705,2.008579165686143,BULLISH,MODERATE_DISPLACEMENT,1.305576457696021,,True,UPTREND,HIGH_VOLATILITY,21
H2,5361,5358,1,2026-03-23 03:30:00+00:00,2026-03-23 07:30:00+00:00,1.15567,1.1538,1.1538,1.15941,-0.0018700000000000383,SL,17,0.0004900000000001015,0.0020499999999998852,SWEEP_EXTREME,FIXED_RR,CONFIRMED,SELL_SIDE,M15,1.15405,1.9348750602103313,NEUTRAL,MODERATE_DISPLACEMENT,1.5635354021903136,,False,UPTREND,HIGH_VOLATILITY,3
H2,5379,5376,-1,2026-03-23 08:00:00+00:00,2026-03-23 11:45:00+00:00,1.15341,1.1496499999999998,1.1552900000000002,1.1496499999999998,0.0037600000000002076,TP,16,0.004390000000000116,0.0011999999999998678,SWEEP_EXTREME,FIXED_RR,CONFIRMED,BUY_SIDE,M15,1.15514,0.6366402667181871,NEUTRAL,STRONG_DISPLACEMENT,2.235643727312092,,True,RANGE,NORMAL_VOLATILITY,8
H2,5392,5389,-1,2026-03-23 11:15:00+00:00,2026-03-23 13:00:00+00:00,1.1525,1.1545800000000002,1.1545800000000002,1.14834,-0.002080000000000082,SL,8,0.004150000000000098,0.009529999999999816,SWEEP_EXTREME,FIXED_RR,CONFIRMED,BUY_SIDE,M15,1.15402,1.5647613701596954,BEARISH,MODERATE_DISPLACEMENT,1.988550907911129,,True,DOWNTREND,HIGH_VOLATILITY,11
H2,5599,5596,-1,2026-03-25 15:00:00+00:00,2026-03-26 13:15:00+00:00,1.15912,1.1545999999999996,1.16138,1.1545999999999996,0.0045200000000003016,TP,90,0.004889999999999839,0.0007500000000000284,SWEEP_EXTREME,FIXED_RR,CONFIRMED,BUY_SIDE,M15,1.16113,0.9314053335378639,BULLISH,STRONG_DISPLACEMENT,2.2120876671526855,,True,UPTREND,HIGH_VOLATILITY,15
H2,5647,5644,-1,2026-03-26 03:00:00+00:00,2026-03-26 03:00:00+00:00,1.15581,1.1565100000000001,1.1565100000000001,1.1544099999999997,-0.000700000000000145,SL,1,1.0000000000065512e-05,0.0007500000000000284,SWEEP_EXTREME,FIXED_RR,CONFIRMED,BUY_SIDE,M15,1.15624,0.7916799329325975,BULLISH,MODERATE_DISPLACEMENT,1.262408541703588,,True,STRONG_DOWNTREND,NORMAL_VOLATILITY,3
H2,5649,5646,1,2026-03-26 03:30:00+00:00,2026-03-26 08:00:00+00:00,1.15642,1.1553799999999999,1.1553799999999999,1.1585000000000003,-0.001040000000000152,SL,19,0.0008099999999999774,0.0010699999999999044,SWEEP_EXTREME,FIXED_RR,CONFIRMED,SELL_SIDE,M15,1.15547,1.4331745853643725,BULLISH,STRONG_DISPLACEMENT,2.0562939703052634,,False,STRONG_DOWNTREND,NORMAL_VOLATILITY,3
H2,5649,5646,1,2026-03-26 03:30:00+00:00,2026-03-26 08:00:00+00:00,1.15642,1.1553799999999999,1.1553799999999999,1.1585000000000003,-0.001040000000000152,SL,19,0.0008099999999999774,0.0010699999999999044,SWEEP_EXTREME,FIXED_RR,CONFIRMED,SELL_SIDE,M15,1.1555,1.4331745853643725,BULLISH,STRONG_DISPLACEMENT,2.0562939703052634,,False,STRONG_DOWNTREND,NORMAL_VOLATILITY,3
H2,5649,5646,1,2026-03-26 03:30:00+00:00,2026-03-26 08:00:00+00:00,1.15642,1.1553799999999999,1.1553799999999999,1.1585000000000003,-0.001040000000000152,SL,19,0.0008099999999999774,0.0010699999999999044,SWEEP_EXTREME,FIXED_RR,CONFIRMED,SELL_SIDE,M15,1.15581,1.4331745853643725,BULLISH,STRONG_DISPLACEMENT,2.0562939703052634,,False,STRONG_DOWNTREND,NORMAL_VOLATILITY,3
H2,5727,5724,-1,2026-03-26 23:00:00+00:00,2026-03-27 22:45:00+00:00,1.15262,1.15071,1.1559100000000002,1.1460399999999995,0.0019100000000000783,TIME,96,0.0024800000000000377,0.0021599999999999397,SWEEP_EXTREME,FIXED_RR,CONFIRMED,BUY_SIDE,M15,1.15549,4.226497902838512,BEARISH,STRONG_DISPLACEMENT,2.256250760161785,,True,STRONG_DOWNTREND,HIGH_VOLATILITY,23
H2,5727,5724,-1,2026-03-26 23:00:00+00:00,2026-03-27 22:45:00+00:00,1.15262,1.15071,1.1559100000000002,1.1460399999999995,0.0019100000000000783,TIME,96,0.0024800000000000377,0.0021599999999999397,SWEEP_EXTREME,FIXED_RR,CONFIRMED,BUY_SIDE,M15,1.15376,4.226497902838512,BEARISH,STRONG_DISPLACEMENT,2.256250760161785,,True,STRONG_DOWNTREND,HIGH_VOLATILITY,23
H2,5727,5724,-1,2026-03-26 23:00:00+00:00,2026-03-27 22:45:00+00:00,1.15262,1.15071,1.1559100000000002,1.1460399999999995,0.0019100000000000783,TIME,96,0.0024800000000000377,0.0021599999999999397,SWEEP_EXTREME,FIXED_RR,CONFIRMED,BUY_SIDE,M15,1.15345,4.226497902838512,BEARISH,STRONG_DISPLACEMENT,2.256250760161785,,True,STRONG_DOWNTREND,HIGH_VOLATILITY,23
H2,5741,5738,-1,2026-03-27 02:30:00+00:00,2026-03-27 03:30:00+00:00,1.1527,1.15402,1.15402,1.15006,-0.0013199999999999878,SL,5,0.0002900000000001235,0.0013299999999998313,SWEEP_EXTREME,FIXED_RR,CONFIRMED,BUY_SIDE,M15,1.15394,0.615896970748662,BEARISH,MODERATE_DISPLACEMENT,1.3344434366224809,,True,STRONG_DOWNTREND,NORMAL_VOLATILITY,2
H2,5790,5787,1,2026-03-27 14:45:00+00:00,2026-03-27 17:15:00+00:00,1.15154,1.1539800000000004,1.1503199999999998,1.1539800000000004,0.002440000000000442,TP,11,0.0029600000000000737,0.00022999999999995246,SWEEP_EXTREME,FIXED_RR,CONFIRMED,SELL_SIDE,M15,1.15079,1.2352725638872735,BEARISH,MODERATE_DISPLACEMENT,1.220022285320329,,False,STRONG_DOWNTREND,NORMAL_VOLATILITY,14
H2,5804,5801,-1,2026-03-27 18:15:00+00:00,2026-03-30 16:30:00+00:00,1.15201,1.1469299999999996,1.1545500000000002,1.1469299999999996,0.0050800000000004175,TP,86,0.00537999999999994,0.0008900000000000574,SWEEP_EXTREME,FIXED_RR,CONFIRMED,BUY_SIDE,M15,1.15356,2.3542399623421044,NEUTRAL,MODERATE_DISPLACEMENT,1.9293283593828414,,True,STRONG_DOWNTREND,HIGH_VOLATILITY,18
H2,5823,5820,-1,2026-03-30 00:00:00+00:00,2026-03-30 17:00:00+00:00,1.15008,1.146,1.15212,1.146,0.0040800000000000836,TP,69,0.0042199999999998905,0.0020299999999999763,SWEEP_EXTREME,FIXED_RR,CONFIRMED,BUY_SIDE,M15,1.15197,0.9103731116613889,NEUTRAL,MODERATE_DISPLACEMENT,1.331590521534947,,True,STRONG_DOWNTREND,NORMAL_VOLATILITY,0
H2,5838,5835,1,2026-03-30 03:45:00+00:00,2026-03-30 12:15:00+00:00,1.15082,1.14861,1.14861,1.15524,-0.0022100000000000453,SL,35,0.0012900000000000134,0.0024999999999999467,SWEEP_EXTREME,FIXED_RR,CONFIRMED,SELL_SIDE,M15,1.14878,0.8007067848241136,BEARISH,STRONG_DISPLACEMENT,2.5229817559557004,,False,STRONG_DOWNTREND,NORMAL_VOLATILITY,3
H2,5866,5863,-1,2026-03-30 10:45:00+00:00,2026-03-30 18:00:00+00:00,1.14984,1.1454199999999999,1.15205,1.1454199999999999,0.0044200000000000905,TP,30,0.005290000000000017,0.0001900000000001345,SWEEP_EXTREME,FIXED_RR,CONFIRMED,BUY_SIDE,M15,1.15196,1.547656404100651,NEUTRAL,STRONG_DISPLACEMENT,2.3810098524627437,,True,STRONG_DOWNTREND,NORMAL_VOLATILITY,10
H2,5884,5881,-1,2026-03-30 15:15:00+00:00,2026-03-31 15:00:00+00:00,1.14758,1.1500800000000002,1.1500800000000002,1.1425799999999997,-0.0025000000000001688,SL,96,0.0033000000000000806,0.0025800000000000267,SWEEP_EXTREME,FIXED_RR,CONFIRMED,BUY_SIDE,M15,1.14988,1.754376429647543,NEUTRAL,STRONG_DISPLACEMENT,2.21677021730659,,True,STRONG_DOWNTREND,NORMAL_VOLATILITY,15
H2,5884,5881,-1,2026-03-30 15:15:00+00:00,2026-03-31 15:00:00+00:00,1.14758,1.1500800000000002,1.1500800000000002,1.1425799999999997,-0.0025000000000001688,SL,96,0.0033000000000000806,0.0025800000000000267,SWEEP_EXTREME,FIXED_RR,CONFIRMED,BUY_SIDE,M15,1.14972,1.754376429647543,NEUTRAL,STRONG_DISPLACEMENT,2.21677021730659,,True,STRONG_DOWNTREND,NORMAL_VOLATILITY,15
H2,5935,5932,1,2026-03-31 04:00:00+00:00,2026-03-31 16:45:00+00:00,1.14747,1.15235,1.14503,1.15235,0.0048799999999999955,TP,52,0.005789999999999962,0.0017599999999999838,SWEEP_EXTREME,FIXED_RR,CONFIRMED,SELL_SIDE,M15,1.14514,1.5392303143371155,NEUTRAL,STRONG_DISPLACEMENT,4.201193328544849,,False,STRONG_DOWNTREND,NORMAL_VOLATILITY,4
H2,5936,5933,1,2026-03-31 04:15:00+00:00,2026-03-31 17:30:00+00:00,1.14773,1.15405,1.1445699999999999,1.15405,0.006320000000000103,TP,54,0.006330000000000169,0.0020199999999999108,SWEEP_EXTREME,FIXED_RR,CONFIRMED,SELL_SIDE,M15,1.14468,1.2761250093275371,NEUTRAL,STRONG_DISPLACEMENT,4.324645864942992,,False,STRONG_DOWNTREND,NORMAL_VOLATILITY,4
H2,5940,5937,-1,2026-03-31 05:15:00+00:00,2026-03-31 14:45:00+00:00,1.14758,1.14901,1.14901,1.14472,-0.0014300000000000423,SL,39,0.0018700000000000383,0.0015199999999999658,SWEEP_EXTREME,FIXED_RR,CONFIRMED,BUY_SIDE,M15,1.14889,1.8071316974481448,NEUTRAL,MODERATE_DISPLACEMENT,1.8925079981149218,,True,STRONG_DOWNTREND,NORMAL_VOLATILITY,5
H2,5978,5975,1,2026-03-31 14:45:00+00:00,2026-03-31 19:30:00+00:00,1.14864,1.1545200000000004,1.1457,1.1545200000000004,0.005880000000000329,TP,20,0.007309999999999928,0.000400000000000178,SWEEP_EXTREME,FIXED_RR,CONFIRMED,SELL_SIDE,M15,1.14601,1.1903337316593672,NEUTRAL,STRONG_DISPLACEMENT,4.546413558420903,,False,STRONG_DOWNTREND,HIGH_VOLATILITY,14
H2,5978,5975,1,2026-03-31 14:45:00+00:00,2026-03-31 19:30:00+00:00,1.14864,1.1545200000000004,1.1457,1.1545200000000004,0.005880000000000329,TP,20,0.007309999999999928,0.000400000000000178,SWEEP_EXTREME,FIXED_RR,CONFIRMED,SELL_SIDE,M15,1.14617,1.1903337316593672,NEUTRAL,STRONG_DISPLACEMENT,4.546413558420903,,False,STRONG_DOWNTREND,HIGH_VOLATILITY,14
H2,5998,5995,1,2026-03-31 19:45:00+00:00,2026-04-01 15:45:00+00:00,1.15468,1.162,1.15102,1.162,0.007319999999999993,TP,81,0.007670000000000066,0.0013699999999998713,SWEEP_EXTREME,FIXED_RR,CONFIRMED,SELL_SIDE,M15,1.1511,1.1450959855255178,NEUTRAL,STRONG_DISPLACEMENT,2.5006875566254587,,False,STRONG_UPTREND,HIGH_VOLATILITY,19
H2,6130,6127,-1,2026-04-02 04:45:00+00:00,2026-04-03 04:30:00+00:00,1.15529,1.15348,1.1598300000000001,1.1462099999999995,0.0018099999999998673,TIME,96,0.005099999999999882,0.001100000000000101,SWEEP_EXTREME,FIXED_RR,CONFIRMED,BUY_SIDE,M15,1.15958,0.9282037470146814,NEUTRAL,STRONG_DISPLACEMENT,7.189359931422404,,True,RANGE,HIGH_VOLATILITY,4
H2,6244,6241,1,2026-04-03 09:15:00+00:00,2026-04-03 15:30:00+00:00,1.15383,1.1528299999999998,1.1528299999999998,1.1558300000000001,-0.001000000000000112,SL,26,0.0010700000000001264,0.0020299999999999763,SWEEP_EXTREME,FIXED_RR,CONFIRMED,SELL_SIDE,M15,1.15313,1.1384469856126411,NEUTRAL,STRONG_DISPLACEMENT,2.247703022875409,,False,STRONG_DOWNTREND,LOW_VOLATILITY,9
H2,6303,6300,-1,2026-04-06 00:00:00+00:00,2026-04-06 09:45:00+00:00,1.15195,1.15317,1.15317,1.14951,-0.0012199999999999989,SL,40,0.0014499999999999513,0.0018099999999998673,SWEEP_EXTREME,FIXED_RR,CONFIRMED,BUY_SIDE,M15,1.15218,3.828951779809526,BEARISH,MODERATE_DISPLACEMENT,1.9901896256639715,,True,STRONG_DOWNTREND,NORMAL_VOLATILITY,0
H2,6303,6300,-1,2026-04-06 00:00:00+00:00,2026-04-06 09:45:00+00:00,1.15195,1.15317,1.15317,1.14951,-0.0012199999999999989,SL,40,0.0014499999999999513,0.0018099999999998673,SWEEP_EXTREME,FIXED_RR,CONFIRMED,BUY_SIDE,M15,1.15278,3.828951779809526,BEARISH,MODERATE_DISPLACEMENT,1.9901896256639715,,True,STRONG_DOWNTREND,NORMAL_VOLATILITY,0
H2,6305,6302,1,2026-04-06 00:30:00+00:00,2026-04-06 01:00:00+00:00,1.15222,1.15106,1.15106,1.1545400000000001,-0.0011600000000000499,SL,3,5.999999999994898e-05,0.0017199999999999438,SWEEP_EXTREME,FIXED_RR,CONFIRMED,SELL_SIDE,M15,1.15128,1.5733660311753508,NEUTRAL,MODERATE_DISPLACEMENT,1.3542897483537577,,False,STRONG_DOWNTREND,NORMAL_VOLATILITY,0
H2,6320,6317,-1,2026-04-06 04:15:00+00:00,2026-04-06 05:00:00+00:00,1.15083,1.15188,1.15188,1.14873,-0.0010499999999999954,SL,4,0.000320000000000098,0.0014700000000000824,SWEEP_EXTREME,FIXED_RR,CONFIRMED,BUY_SIDE,M15,1.15168,0.8314108301452078,NEUTRAL,MODERATE_DISPLACEMENT,1.2282205445327792,,True,STRONG_DOWNTREND,NORMAL_VOLATILITY,4
H2,6377,6374,-1,2026-04-06 18:30:00+00:00,2026-04-07 11:45:00+00:00,1.154,1.1571900000000002,1.1571900000000002,1.1476199999999994,-0.003190000000000248,SL,70,0.0015799999999999148,0.003550000000000164,SWEEP_EXTREME,FIXED_RR,CONFIRMED,BUY_SIDE,M15,1.15687,2.3813412713145277,NEUTRAL,STRONG_DISPLACEMENT,2.8758274369427426,,True,STRONG_UPTREND,HIGH_VOLATILITY,18
H2,6441,6438,-1,2026-04-07 10:30:00+00:00,2026-04-07 10:45:00+00:00,1.15385,1.1546,1.1546,1.15235,-0.0007500000000000284,SL,2,2.999999999997449e-05,0.0007500000000000284,SWEEP_EXTREME,FIXED_RR,CONFIRMED,BUY_SIDE,M15,1.15438,1.887783430547565,NEUTRAL,MODERATE_DISPLACEMENT,1.2165715441308391,,True,RANGE,NORMAL_VOLATILITY,10
H2,6441,6438,-1,2026-04-07 10:30:00+00:00,2026-04-07 10:45:00+00:00,1.15385,1.1546,1.1546,1.15235,-0.0007500000000000284,SL,2,2.999999999997449e-05,0.0007500000000000284,SWEEP_EXTREME,FIXED_RR,CONFIRMED,BUY_SIDE,M15,1.15396,1.887783430547565,NEUTRAL,MODERATE_DISPLACEMENT,1.2165715441308391,,True,RANGE,NORMAL_VOLATILITY,10
H2,6484,6481,1,2026-04-07 21:15:00+00:00,2026-04-08 01:00:00+00:00,1.15794,1.16066,1.15658,1.16066,0.0027200000000000557,TP,16,0.0040000000000000036,0.0007999999999999119,SWEEP_EXTREME,FIXED_RR,CONFIRMED,SELL_SIDE,M15,1.15666,0.4623123997727415,NEUTRAL,MODERATE_DISPLACEMENT,1.4462080198023142,,False,STRONG_UPTREND,HIGH_VOLATILITY,21
H2,6505,6502,1,2026-04-08 02:30:00+00:00,2026-04-09 02:15:00+00:00,1.16762,1.16596,1.15878,1.1853000000000005,-0.0016599999999999948,TIME,96,0.0045399999999999885,0.0032800000000001717,SWEEP_EXTREME,FIXED_RR,CONFIRMED,SELL_SIDE,M15,1.15909,5.234782232093482,BULLISH,STRONG_DISPLACEMENT,2.6944925597753935,,False,STRONG_UPTREND,HIGH_VOLATILITY,2
H2,6612,6609,1,2026-04-09 05:15:00+00:00,2026-04-09 14:30:00+00:00,1.16605,1.1682900000000005,1.1649299999999998,1.1682900000000005,0.002240000000000464,TP,38,0.00279000000000007,0.0006500000000000394,SWEEP_EXTREME,FIXED_RR,CONFIRMED,SELL_SIDE,M15,1.16518,0.9271691494126975,BEARISH,MODERATE_DISPLACEMENT,1.4620744279198858,,True,STRONG_UPTREND,NORMAL_VOLATILITY,5
H2,6625,6622,-1,2026-04-09 08:30:00+00:00,2026-04-09 11:45:00+00:00,1.16632,1.1671500000000001,1.1671500000000001,1.1646599999999998,-0.0008300000000001084,SL,14,0.0009200000000000319,0.0011600000000000499,SWEEP_EXTREME,FIXED_RR,CONFIRMED,BUY_SIDE,M15,1.16703,0.7280395235797423,BULLISH,MODERATE_DISPLACEMENT,1.2199581205932708,,False,STRONG_UPTREND,NORMAL_VOLATILITY,8
H2,6650,6647,1,2026-04-09 14:45:00+00:00,2026-04-10 14:30:00+00:00,1.16881,1.17165,1.16699,1.1724499999999998,0.0028400000000001757,TIME,96,0.003530000000000033,0.0015299999999998093,SWEEP_EXTREME,FIXED_RR,CONFIRMED,SELL_SIDE,M15,1.16719,1.1360698184271094,BULLISH,STRONG_DISPLACEMENT,3.065585224327229,,True,STRONG_UPTREND,NORMAL_VOLATILITY,14
H2,6676,6673,-1,2026-04-09 21:15:00+00:00,2026-04-10 15:30:00+00:00,1.17038,1.17222,1.17222,1.1666999999999998,-0.0018400000000000638,SL,74,0.002729999999999899,0.0021800000000000708,SWEEP_EXTREME,FIXED_RR,CONFIRMED,BUY_SIDE,H4,1.17216,0.7410346699682119,NEUTRAL,MODERATE_DISPLACEMENT,1.9194012763110044,,False,STRONG_UPTREND,HIGH_VOLATILITY,21
H2,6695,6692,-1,2026-04-10 02:00:00+00:00,2026-04-10 12:15:00+00:00,1.16939,1.17029,1.17029,1.1675899999999997,-0.0009000000000001229,SL,42,0.0017399999999998528,0.0016599999999999948,SWEEP_EXTREME,FIXED_RR,CONFIRMED,BUY_SIDE,M15,1.17014,0.378506286336267,BEARISH,MODERATE_DISPLACEMENT,1.2387478461917665,,False,STRONG_UPTREND,NORMAL_VOLATILITY,2
H2,6796,6793,1,2026-04-13 03:15:00+00:00,2026-04-13 16:45:00+00:00,1.16784,1.17084,1.16634,1.17084,0.0030000000000001137,TP,55,0.0033799999999999386,0.000180000000000069,SWEEP_EXTREME,FIXED_RR,CONFIRMED,SELL_SIDE,M15,1.16655,0.7986830040347966,NEUTRAL,MODERATE_DISPLACEMENT,1.2278261106805566,,False,RANGE,NORMAL_VOLATILITY,3
H2,6825,6822,1,2026-04-13 10:30:00+00:00,2026-04-13 20:15:00+00:00,1.16964,1.17358,1.16767,1.17358,0.003940000000000055,TP,40,0.004129999999999967,0.0016300000000000203,SWEEP_EXTREME,FIXED_RR,CONFIRMED,SELL_SIDE,M15,1.16822,2.506381276912975,NEUTRAL,STRONG_DISPLACEMENT,3.2790251291949755,,True,RANGE,NORMAL_VOLATILITY,10
H2,6825,6822,1,2026-04-13 10:30:00+00:00,2026-04-13 20:15:00+00:00,1.16964,1.17358,1.16767,1.17358,0.003940000000000055,TP,40,0.004129999999999967,0.0016300000000000203,SWEEP_EXTREME,FIXED_RR,CONFIRMED,SELL_SIDE,M15,1.16804,2.506381276912975,NEUTRAL,STRONG_DISPLACEMENT,3.2790251291949755,,True,RANGE,NORMAL_VOLATILITY,10
H2,6840,6837,1,2026-04-13 14:15:00+00:00,2026-04-13 14:45:00+00:00,1.16978,1.16814,1.16814,1.1730600000000002,-0.0016400000000000858,SL,3,0.0001100000000000545,0.0017500000000001403,SWEEP_EXTREME,FIXED_RR,CONFIRMED,SELL_SIDE,M15,1.16826,0.7327242925816912,NEUTRAL,STRONG_DISPLACEMENT,2.2339155261635284,,True,RANGE,NORMAL_VOLATILITY,14
H2,6920,6917,1,2026-04-14 10:15:00+00:00,2026-04-15 10:00:00+00:00,1.17856,1.1786,1.1757399999999998,1.1842000000000006,4.0000000000040004e-05,TIME,96,0.0025399999999999867,0.0010700000000001264,SWEEP_EXTREME,FIXED_RR,CONFIRMED,SELL_SIDE,M15,1.17594,1.1887583193880715,BULLISH,STRONG_DISPLACEMENT,4.634142601003573,,True,STRONG_UPTREND,NORMAL_VOLATILITY,10
H2,6989,6986,-1,2026-04-15 03:30:00+00:00,2026-04-15 05:30:00+00:00,1.17943,1.1778699999999995,1.1802100000000002,1.1778699999999995,0.00156000000000045,TP,9,0.0016099999999998893,0.0002500000000000835,SWEEP_EXTREME,FIXED_RR,CONFIRMED,BUY_SIDE,M15,1.17994,1.3718301434150622,BULLISH,MODERATE_DISPLACEMENT,1.3468877771709908,,False,STRONG_UPTREND,LOW_VOLATILITY,3
H2,7015,7012,-1,2026-04-15 10:00:00+00:00,2026-04-15 17:30:00+00:00,1.1784,1.1799700000000002,1.1799700000000002,1.1752599999999993,-0.0015700000000002934,SL,31,0.0012499999999999734,0.0016100000000001113,SWEEP_EXTREME,FIXED_RR,CONFIRMED,BUY_SIDE,M15,1.17983,1.7240718678136753,NEUTRAL,STRONG_DISPLACEMENT,2.033520664600808,,False,STRONG_UPTREND,LOW_VOLATILITY,10
H2,7091,7088,-1,2026-04-16 05:00:00+00:00,2026-04-16 05:30:00+00:00,1.18024,1.1809800000000001,1.1809800000000001,1.1787599999999996,-0.000740000000000185,SL,3,0.00012999999999996348,0.0015000000000000568,SWEEP_EXTREME,FIXED_RR,CONFIRMED,BUY_SIDE,M15,1.18084,0.8980782701951945,BULLISH,MODERATE_DISPLACEMENT,1.2059908199760785,,False,STRONG_UPTREND,LOW_VOLATILITY,5
H2,7128,7125,1,2026-04-16 14:15:00+00:00,2026-04-16 16:45:00+00:00,1.1786,1.17715,1.17715,1.1815000000000004,-0.0014500000000001734,SL,11,0.00025999999999992696,0.0019400000000000528,SWEEP_EXTREME,FIXED_RR,CONFIRMED,SELL_SIDE,M15,1.17729,1.2438453704891153,BEARISH,STRONG_DISPLACEMENT,2.042363386111896,,True,RANGE,NORMAL_VOLATILITY,14
H2,7151,7148,-1,2026-04-16 20:00:00+00:00,2026-04-17 01:00:00+00:00,1.17748,1.17859,1.17859,1.1752600000000002,-0.0011099999999999444,SL,21,0.0007300000000001194,0.0012299999999998423,SWEEP_EXTREME,FIXED_RR,CONFIRMED,BUY_SIDE,M15,1.17845,0.8752712242270437,NEUTRAL,MODERATE_DISPLACEMENT,1.4496679651258797,,False,DOWNTREND,NORMAL_VOLATILITY,20
H2,7209,7206,1,2026-04-17 10:30:00+00:00,2026-04-17 12:15:00+00:00,1.17801,1.1798100000000002,1.1771099999999999,1.1798100000000002,0.0018000000000002458,TP,8,0.0019199999999999218,0.0003900000000001125,SWEEP_EXTREME,FIXED_RR,CONFIRMED,SELL_SIDE,M15,1.17724,1.0790323710787295,NEUTRAL,MODERATE_DISPLACEMENT,1.7983872851306453,,True,DOWNTREND,LOW_VOLATILITY,10
H2,7304,7301,1,2026-04-20 10:15:00+00:00,2026-04-21 10:00:00+00:00,1.17669,1.17734,1.1745999999999999,1.1808700000000003,0.0006500000000000394,TIME,96,0.002389999999999892,0.0013799999999999368,SWEEP_EXTREME,FIXED_RR,CONFIRMED,SELL_SIDE,M15,1.1747,0.8781732809148189,BEARISH,STRONG_DISPLACEMENT,3.1390023658232002,,True,STRONG_DOWNTREND,NORMAL_VOLATILITY,10
H2,7327,7324,1,2026-04-20 16:00:00+00:00,2026-04-20 18:30:00+00:00,1.1765,1.1787200000000004,1.17539,1.1787200000000004,0.002220000000000333,TP,11,0.0024399999999999977,0.00043999999999999595,SWEEP_EXTREME,FIXED_RR,CONFIRMED,SELL_SIDE,M15,1.17549,1.9771824349143512,BULLISH,MODERATE_DISPLACEMENT,1.2555830061138253,,True,DOWNTREND,NORMAL_VOLATILITY,16
H2,7338,7335,1,2026-04-20 18:45:00+00:00,2026-04-21 11:00:00+00:00,1.17855,1.1761599999999999,1.1761599999999999,1.1833300000000002,-0.0023900000000001143,SL,66,0.0005299999999999194,0.002929999999999877,SWEEP_EXTREME,FIXED_RR,CONFIRMED,SELL_SIDE,M15,1.1766,1.969861017058198,BULLISH,MODERATE_DISPLACEMENT,1.6725235050493876,,True,RANGE,HIGH_VOLATILITY,18
H2,7425,7422,1,2026-04-21 16:30:00+00:00,2026-04-21 17:45:00+00:00,1.17669,1.1753399999999998,1.1753399999999998,1.1793900000000004,-0.0013500000000001844,SL,6,0.0008999999999999009,0.0016100000000001113,SWEEP_EXTREME,FIXED_RR,CONFIRMED,SELL_SIDE,M15,1.17556,1.6876042812387324,NEUTRAL,MODERATE_DISPLACEMENT,1.6876042812387324,,True,STRONG_DOWNTREND,NORMAL_VOLATILITY,16
H2,7425,7422,1,2026-04-21 16:30:00+00:00,2026-04-21 17:45:00+00:00,1.17669,1.1753399999999998,1.1753399999999998,1.1793900000000004,-0.0013500000000001844,SL,6,0.0008999999999999009,0.0016100000000001113,SWEEP_EXTREME,FIXED_RR,CONFIRMED,SELL_SIDE,M15,1.17544,1.6876042812387324,NEUTRAL,MODERATE_DISPLACEMENT,1.6876042812387324,,True,STRONG_DOWNTREND,NORMAL_VOLATILITY,16
H2,7442,7439,1,2026-04-21 20:45:00+00:00,2026-04-21 21:00:00+00:00,1.17586,1.1738899999999999,1.1738899999999999,1.1798,-0.0019700000000000273,SL,2,6.000000000017103e-05,0.0021399999999998087,SWEEP_EXTREME,FIXED_RR,CONFIRMED,SELL_SIDE,M15,1.17408,0.7034761435030362,BEARISH,STRONG_DISPLACEMENT,2.269706047906206,,True,STRONG_DOWNTREND,HIGH_VOLATILITY,20
H2,7443,7440,1,2026-04-21 21:00:00+00:00,2026-04-21 22:30:00+00:00,1.17427,1.17217,1.17217,1.17847,-0.0020999999999999908,SL,7,0.0009600000000000719,0.0024100000000000232,SWEEP_EXTREME,FIXED_RR,CONFIRMED,SELL_SIDE,H4,1.17289,2.3740442679097566,BEARISH,STRONG_DISPLACEMENT,2.0891589557605648,,True,STRONG_DOWNTREND,HIGH_VOLATILITY,21
H2,7443,7440,1,2026-04-21 21:00:00+00:00,2026-04-21 22:30:00+00:00,1.17427,1.17217,1.17217,1.17847,-0.0020999999999999908,SL,7,0.0009600000000000719,0.0024100000000000232,SWEEP_EXTREME,FIXED_RR,CONFIRMED,SELL_SIDE,M15,1.17357,2.3740442679097566,BEARISH,STRONG_DISPLACEMENT,2.0891589557605648,,True,STRONG_DOWNTREND,HIGH_VOLATILITY,21
H2,7445,7442,-1,2026-04-21 21:30:00+00:00,2026-04-22 21:15:00+00:00,1.1732,1.1709,1.1764000000000001,1.1667999999999998,0.0022999999999999687,TIME,96,0.0025500000000000522,0.003049999999999997,SWEEP_EXTREME,FIXED_RR,CONFIRMED,BUY_SIDE,M15,1.17557,3.0701469721050496,BEARISH,STRONG_DISPLACEMENT,2.5681103603142073,,False,STRONG_DOWNTREND,HIGH_VOLATILITY,21
H2,7453,7450,1,2026-04-21 23:30:00+00:00,2026-04-22 17:45:00+00:00,1.17484,1.1718099999999998,1.1718099999999998,1.1809000000000007,-0.0030300000000003102,SL,74,0.0014099999999999113,0.0031400000000001427,SWEEP_EXTREME,FIXED_RR,CONFIRMED,SELL_SIDE,M15,1.17199,2.5756596004615506,NEUTRAL,MODERATE_DISPLACEMENT,1.9850624946232158,,True,STRONG_DOWNTREND,HIGH_VOLATILITY,23
H2,7453,7450,1,2026-04-21 23:30:00+00:00,2026-04-22 17:45:00+00:00,1.17484,1.1718099999999998,1.1718099999999998,1.1809000000000007,-0.0030300000000003102,SL,74,0.0014099999999999113,0.0031400000000001427,SWEEP_EXTREME,FIXED_RR,CONFIRMED,SELL_SIDE,M15,1.17289,2.5756596004615506,NEUTRAL,MODERATE_DISPLACEMENT,1.9850624946232158,,True,STRONG_DOWNTREND,HIGH_VOLATILITY,23
H2,7492,7489,-1,2026-04-22 09:15:00+00:00,2026-04-22 17:45:00+00:00,1.17488,1.1720399999999995,1.1763000000000001,1.1720399999999995,0.0028400000000003978,TP,35,0.0031799999999999606,0.0010200000000000209,SWEEP_EXTREME,FIXED_RR,CONFIRMED,BUY_SIDE,M15,1.17533,3.445313319344778,BEARISH,MODERATE_DISPLACEMENT,1.3187802179309174,,False,STRONG_DOWNTREND,NORMAL_VOLATILITY,9
H2,7492,7489,-1,2026-04-22 09:15:00+00:00,2026-04-22 17:45:00+00:00,1.17488,1.1720399999999995,1.1763000000000001,1.1720399999999995,0.0028400000000003978,TP,35,0.0031799999999999606,0.0010200000000000209,SWEEP_EXTREME,FIXED_RR,CONFIRMED,BUY_SIDE,M15,1.17516,3.445313319344778,BEARISH,MODERATE_DISPLACEMENT,1.3187802179309174,,False,STRONG_DOWNTREND,NORMAL_VOLATILITY,9
H2,7492,7489,-1,2026-04-22 09:15:00+00:00,2026-04-22 17:45:00+00:00,1.17488,1.1720399999999995,1.1763000000000001,1.1720399999999995,0.0028400000000003978,TP,35,0.0031799999999999606,0.0010200000000000209,SWEEP_EXTREME,FIXED_RR,CONFIRMED,BUY_SIDE,M15,1.17513,3.445313319344778,BEARISH,MODERATE_DISPLACEMENT,1.3187802179309174,,False,STRONG_DOWNTREND,NORMAL_VOLATILITY,9
H2,7567,7564,1,2026-04-23 04:00:00+00:00,2026-04-23 05:45:00+00:00,1.17115,1.1696199999999999,1.1696199999999999,1.17421,-0.0015300000000000313,SL,8,0.000140000000000029,0.0015600000000000058,SWEEP_EXTREME,FIXED_RR,CONFIRMED,SELL_SIDE,M15,1.17014,2.767462774438385,BULLISH,STRONG_DISPLACEMENT,3.5037602098391494,,True,STRONG_DOWNTREND,LOW_VOLATILITY,4
H2,7567,7564,1,2026-04-23 04:00:00+00:00,2026-04-23 05:45:00+00:00,1.17115,1.1696199999999999,1.1696199999999999,1.17421,-0.0015300000000000313,SL,8,0.000140000000000029,0.0015600000000000058,SWEEP_EXTREME,FIXED_RR,CONFIRMED,SELL_SIDE,M15,1.1702,2.767462774438385,BULLISH,STRONG_DISPLACEMENT,3.5037602098391494,,True,STRONG_DOWNTREND,LOW_VOLATILITY,4
H2,7567,7564,1,2026-04-23 04:00:00+00:00,2026-04-23 05:45:00+00:00,1.17115,1.1696199999999999,1.1696199999999999,1.17421,-0.0015300000000000313,SL,8,0.000140000000000029,0.0015600000000000058,SWEEP_EXTREME,FIXED_RR,CONFIRMED,SELL_SIDE,M15,1.17028,2.767462774438385,BULLISH,STRONG_DISPLACEMENT,3.5037602098391494,,True,STRONG_DOWNTREND,LOW_VOLATILITY,4
H2,7567,7564,1,2026-04-23 04:00:00+00:00,2026-04-23 05:45:00+00:00,1.17115,1.1696199999999999,1.1696199999999999,1.17421,-0.0015300000000000313,SL,8,0.000140000000000029,0.0015600000000000058,SWEEP_EXTREME,FIXED_RR,CONFIRMED,SELL_SIDE,M15,1.17043,2.767462774438385,BULLISH,STRONG_DISPLACEMENT,3.5037602098391494,,True,STRONG_DOWNTREND,LOW_VOLATILITY,4
H2,7594,7591,-1,2026-04-23 10:45:00+00:00,2026-04-23 17:45:00+00:00,1.16976,1.17096,1.17096,1.1673599999999997,-0.0012000000000000899,SL,29,0.0019499999999998963,0.0018800000000001038,SWEEP_EXTREME,FIXED_RR,CONFIRMED,BUY_SIDE,M15,1.17079,1.4325502700390824,NEUTRAL,MODERATE_DISPLACEMENT,1.2982486822230273,,False,STRONG_DOWNTREND,NORMAL_VOLATILITY,10
H2,7636,7633,1,2026-04-23 21:15:00+00:00,2026-04-24 05:45:00+00:00,1.16957,1.1677,1.1677,1.17331,-0.0018700000000000383,SL,35,0.000280000000000058,0.0018899999999999473,SWEEP_EXTREME,FIXED_RR,CONFIRMED,SELL_SIDE,M15,1.16781,1.1991016649354955,NEUTRAL,MODERATE_DISPLACEMENT,1.5104069048709405,,True,STRONG_DOWNTREND,HIGH_VOLATILITY,21
H2,7637,7634,1,2026-04-23 21:30:00+00:00,2026-04-24 21:15:00+00:00,1.16953,1.17149,1.16698,1.17463,0.0019599999999999618,TIME,96,0.0025800000000000267,0.0023699999999999832,SWEEP_EXTREME,FIXED_RR,CONFIRMED,SELL_SIDE,M15,1.16766,1.8530050845154042,NEUTRAL,STRONG_DISPLACEMENT,2.5640419192714514,,True,STRONG_DOWNTREND,HIGH_VOLATILITY,21
H2,7670,7667,-1,2026-04-24 05:45:00+00:00,2026-04-24 10:45:00+00:00,1.16804,1.1689100000000001,1.1689100000000001,1.1662999999999997,-0.0008700000000001484,SL,21,0.0008799999999999919,0.0013300000000000534,SWEEP_EXTREME,FIXED_RR,CONFIRMED,BUY_SIDE,M15,1.16885,1.0258070942893855,NEUTRAL,MODERATE_DISPLACEMENT,1.6292230321065921,,False,STRONG_DOWNTREND,LOW_VOLATILITY,5
H2,7747,7744,1,2026-04-27 01:00:00+00:00,2026-04-27 15:15:00+00:00,1.17078,1.1754,1.16847,1.1754,0.0046200000000000685,TP,58,0.004709999999999992,0.0003799999999998249,SWEEP_EXTREME,FIXED_RR,CONFIRMED,SELL_SIDE,M15,1.16985,2.0204901605628756,NEUTRAL,MODERATE_DISPLACEMENT,1.2444078472340043,,False,UPTREND,NORMAL_VOLATILITY,1
H2,7747,7744,1,2026-04-27 01:00:00+00:00,2026-04-27 15:15:00+00:00,1.17078,1.1754,1.16847,1.1754,0.0046200000000000685,TP,58,0.004709999999999992,0.0003799999999998249,SWEEP_EXTREME,FIXED_RR,CONFIRMED,SELL_SIDE,M15,1.17005,2.0204901605628756,NEUTRAL,MODERATE_DISPLACEMENT,1.2444078472340043,,False,UPTREND,NORMAL_VOLATILITY,1
H2,7783,7780,1,2026-04-27 10:00:00+00:00,2026-04-27 15:15:00+00:00,1.17292,1.17536,1.1717,1.17536,0.0024399999999999977,TP,22,0.002569999999999961,4.999999999988347e-05,SWEEP_EXTREME,FIXED_RR,CONFIRMED,SELL_SIDE,M15,1.17193,1.2268738277448836,NEUTRAL,STRONG_DISPLACEMENT,2.271988569897746,,True,STRONG_UPTREND,LOW_VOLATILITY,10
H2,7805,7802,1,2026-04-27 15:30:00+00:00,2026-04-27 16:45:00+00:00,1.17492,1.1737399999999998,1.1737399999999998,1.1772800000000003,-0.001180000000000181,SL,6,0.00046999999999997044,0.0014300000000000423,SWEEP_EXTREME,FIXED_RR,CONFIRMED,SELL_SIDE,M15,1.17383,1.1082388694689194,NEUTRAL,MODERATE_DISPLACEMENT,1.5656072917892025,,True,STRONG_UPTREND,NORMAL_VOLATILITY,15
H2,7902,7899,1,2026-04-28 15:45:00+00:00,2026-04-29 15:30:00+00:00,1.16945,1.16996,1.16811,1.1721300000000003,0.0005100000000000104,TIME,96,0.0025999999999999357,0.0006700000000001705,SWEEP_EXTREME,FIXED_RR,CONFIRMED,SELL_SIDE,H4,1.16852,1.3892628898383665,NEUTRAL,MODERATE_DISPLACEMENT,1.8523505197847252,,True,STRONG_DOWNTREND,NORMAL_VOLATILITY,15
H2,7902,7899,1,2026-04-28 15:45:00+00:00,2026-04-29 15:30:00+00:00,1.16945,1.16996,1.16811,1.1721300000000003,0.0005100000000000104,TIME,96,0.0025999999999999357,0.0006700000000001705,SWEEP_EXTREME,FIXED_RR,CONFIRMED,SELL_SIDE,M15,1.16832,1.3892628898383665,NEUTRAL,MODERATE_DISPLACEMENT,1.8523505197847252,,True,STRONG_DOWNTREND,NORMAL_VOLATILITY,15
H2,7902,7899,1,2026-04-28 15:45:00+00:00,2026-04-29 15:30:00+00:00,1.16945,1.16996,1.16811,1.1721300000000003,0.0005100000000000104,TIME,96,0.0025999999999999357,0.0006700000000001705,SWEEP_EXTREME,FIXED_RR,CONFIRMED,SELL_SIDE,M15,1.16855,1.3892628898383665,NEUTRAL,MODERATE_DISPLACEMENT,1.8523505197847252,,True,STRONG_DOWNTREND,NORMAL_VOLATILITY,15
H2,8079,8076,-1,2026-04-30 12:00:00+00:00,2026-04-30 13:15:00+00:00,1.16796,1.16979,1.16979,1.1643000000000001,-0.0018299999999999983,SL,6,0.000640000000000196,0.0027599999999998737,SWEEP_EXTREME,FIXED_RR,CONFIRMED,BUY_SIDE,M15,1.16905,2.7255401559905263,NEUTRAL,MODERATE_DISPLACEMENT,1.5657358342923,,True,STRONG_DOWNTREND,NORMAL_VOLATILITY,12
H2,8079,8076,-1,2026-04-30 12:00:00+00:00,2026-04-30 13:15:00+00:00,1.16796,1.16979,1.16979,1.1643000000000001,-0.0018299999999999983,SL,6,0.000640000000000196,0.0027599999999998737,SWEEP_EXTREME,FIXED_RR,CONFIRMED,BUY_SIDE,M15,1.16892,2.7255401559905263,NEUTRAL,MODERATE_DISPLACEMENT,1.5657358342923,,True,STRONG_DOWNTREND,NORMAL_VOLATILITY,12
H2,8156,8153,-1,2026-05-01 07:15:00+00:00,2026-05-01 09:45:00+00:00,1.17289,1.17368,1.17368,1.1713099999999999,-0.0007900000000000684,SL,11,0.0010999999999998789,0.0016000000000000458,SWEEP_EXTREME,FIXED_RR,CONFIRMED,BUY_SIDE,M15,1.17359,0.8474110979877513,BULLISH,MODERATE_DISPLACEMENT,1.5253399763783824,,False,STRONG_UPTREND,LOW_VOLATILITY,7
H2,8254,8251,-1,2026-05-04 07:45:00+00:00,2026-05-04 13:00:00+00:00,1.1728,1.1705199999999998,1.1739400000000002,1.1705199999999998,0.002280000000000282,TP,22,0.003510000000000124,0.0009099999999999664,SWEEP_EXTREME,FIXED_RR,CONFIRMED,BUY_SIDE,M15,1.17291,2.3558308947798596,BULLISH,MODERATE_DISPLACEMENT,1.6525977918602481,,False,RANGE,NORMAL_VOLATILITY,7
H2,8254,8251,-1,2026-05-04 07:45:00+00:00,2026-05-04 13:00:00+00:00,1.1728,1.1705199999999998,1.1739400000000002,1.1705199999999998,0.002280000000000282,TP,22,0.003510000000000124,0.0009099999999999664,SWEEP_EXTREME,FIXED_RR,CONFIRMED,BUY_SIDE,M15,1.17286,2.3558308947798596,BULLISH,MODERATE_DISPLACEMENT,1.6525977918602481,,False,RANGE,NORMAL_VOLATILITY,7
H2,8354,8351,1,2026-05-05 08:45:00+00:00,2026-05-05 16:00:00+00:00,1.16836,1.1698800000000003,1.1676,1.1698800000000003,0.0015200000000001879,TP,30,0.0020000000000000018,0.00042000000000008697,SWEEP_EXTREME,FIXED_RR,CONFIRMED,SELL_SIDE,M15,1.16826,1.8786031886725605,BEARISH,MODERATE_DISPLACEMENT,1.4638466405245725,,False,STRONG_DOWNTREND,LOW_VOLATILITY,8
H2,8354,8351,1,2026-05-05 08:45:00+00:00,2026-05-05 16:00:00+00:00,1.16836,1.1698800000000003,1.1676,1.1698800000000003,0.0015200000000001879,TP,30,0.0020000000000000018,0.00042000000000008697,SWEEP_EXTREME,FIXED_RR,CONFIRMED,SELL_SIDE,M15,1.16788,1.8786031886725605,BEARISH,MODERATE_DISPLACEMENT,1.4638466405245725,,False,STRONG_DOWNTREND,LOW_VOLATILITY,8
H2,8427,8424,-1,2026-05-06 03:00:00+00:00,2026-05-06 04:15:00+00:00,1.17146,1.17249,1.17249,1.1693999999999998,-0.0010300000000000864,SL,6,0.00042999999999993044,0.001060000000000061,SWEEP_EXTREME,FIXED_RR,CONFIRMED,BUY_SIDE,M15,1.17237,3.5489754889672405,NEUTRAL,MODERATE_DISPLACEMENT,1.5235500836476834,,False,RANGE,NORMAL_VOLATILITY,3
H2,8427,8424,-1,2026-05-06 03:00:00+00:00,2026-05-06 04:15:00+00:00,1.17146,1.17249,1.17249,1.1693999999999998,-0.0010300000000000864,SL,6,0.00042999999999993044,0.001060000000000061,SWEEP_EXTREME,FIXED_RR,CONFIRMED,BUY_SIDE,M15,1.17178,3.5489754889672405,NEUTRAL,MODERATE_DISPLACEMENT,1.5235500836476834,,False,RANGE,NORMAL_VOLATILITY,3
H2,8427,8424,-1,2026-05-06 03:00:00+00:00,2026-05-06 04:15:00+00:00,1.17146,1.17249,1.17249,1.1693999999999998,-0.0010300000000000864,SL,6,0.00042999999999993044,0.001060000000000061,SWEEP_EXTREME,FIXED_RR,CONFIRMED,BUY_SIDE,M15,1.17163,3.5489754889672405,NEUTRAL,MODERATE_DISPLACEMENT,1.5235500836476834,,False,RANGE,NORMAL_VOLATILITY,3
H2,8527,8524,-1,2026-05-07 04:00:00+00:00,2026-05-07 04:00:00+00:00,1.17485,1.17545,1.17545,1.1736499999999996,-0.000600000000000156,SL,1,0.00022999999999995246,0.0007399999999999629,SWEEP_EXTREME,FIXED_RR,CONFIRMED,BUY_SIDE,M15,1.17519,1.9680161089227992,NEUTRAL,MODERATE_DISPLACEMENT,1.312010739281866,,False,STRONG_UPTREND,LOW_VOLATILITY,4
H2,8671,8668,1,2026-05-08 16:00:00+00:00,2026-05-11 00:00:00+00:00,1.17738,1.1758,1.1758,1.1805400000000004,-0.0015800000000001369,SL,33,0.0013900000000000023,0.003450000000000175,SWEEP_EXTREME,FIXED_RR,CONFIRMED,SELL_SIDE,M15,1.17611,1.266734756114334,BEARISH,STRONG_DISPLACEMENT,2.717054259492448,,True,STRONG_UPTREND,NORMAL_VOLATILITY,16
H2,8707,8704,1,2026-05-11 01:00:00+00:00,2026-05-12 00:45:00+00:00,1.17635,1.17845,1.1738799999999998,1.1812900000000004,0.0020999999999999908,TIME,96,0.002429999999999932,0.0016000000000000458,SWEEP_EXTREME,FIXED_RR,CONFIRMED,SELL_SIDE,M15,1.17412,2.006238108708675,BULLISH,MODERATE_DISPLACEMENT,1.3662112274027545,,False,STRONG_UPTREND,HIGH_VOLATILITY,1
H2,8707,8704,1,2026-05-11 01:00:00+00:00,2026-05-12 00:45:00+00:00,1.17635,1.17845,1.1738799999999998,1.1812900000000004,0.0020999999999999908,TIME,96,0.002429999999999932,0.0016000000000000458,SWEEP_EXTREME,FIXED_RR,CONFIRMED,SELL_SIDE,M15,1.17574,2.006238108708675,BULLISH,MODERATE_DISPLACEMENT,1.3662112274027545,,False,STRONG_UPTREND,HIGH_VOLATILITY,1
H2,8707,8704,1,2026-05-11 01:00:00+00:00,2026-05-12 00:45:00+00:00,1.17635,1.17845,1.1738799999999998,1.1812900000000004,0.0020999999999999908,TIME,96,0.002429999999999932,0.0016000000000000458,SWEEP_EXTREME,FIXED_RR,CONFIRMED,SELL_SIDE,M15,1.17661,2.006238108708675,BULLISH,MODERATE_DISPLACEMENT,1.3662112274027545,,False,STRONG_UPTREND,HIGH_VOLATILITY,1
H2,8707,8704,1,2026-05-11 01:00:00+00:00,2026-05-12 00:45:00+00:00,1.17635,1.17845,1.1738799999999998,1.1812900000000004,0.0020999999999999908,TIME,96,0.002429999999999932,0.0016000000000000458,SWEEP_EXTREME,FIXED_RR,CONFIRMED,SELL_SIDE,M15,1.17663,2.006238108708675,BULLISH,MODERATE_DISPLACEMENT,1.3662112274027545,,False,STRONG_UPTREND,HIGH_VOLATILITY,1
H2,8742,8739,1,2026-05-11 09:45:00+00:00,2026-05-12 09:30:00+00:00,1.17618,1.17545,1.1746999999999999,1.1791400000000003,-0.0007299999999998974,TIME,96,0.0025999999999999357,0.0010399999999999299,SWEEP_EXTREME,FIXED_RR,CONFIRMED,SELL_SIDE,M15,1.17494,0.9444861526581081,BEARISH,STRONG_DISPLACEMENT,2.8576760516313007,,True,RANGE,LOW_VOLATILITY,9
H2,8835,8832,1,2026-05-12 09:00:00+00:00,2026-05-12 09:45:00+00:00,1.17624,1.1751299999999998,1.1751299999999998,1.1784600000000003,-0.0011100000000001664,SL,4,0.00034000000000000696,0.0013600000000000279,SWEEP_EXTREME,FIXED_RR,CONFIRMED,SELL_SIDE,M15,1.17537,1.5897144287499065,BEARISH,STRONG_DISPLACEMENT,2.0955326560794467,,True,DOWNTREND,LOW_VOLATILITY,9
H2,8838,8835,-1,2026-05-12 09:45:00+00:00,2026-05-12 16:45:00+00:00,1.17546,1.1726799999999995,1.1768500000000002,1.1726799999999995,0.0027800000000004488,TP,29,0.002850000000000019,5.999999999994898e-05,SWEEP_EXTREME,FIXED_RR,CONFIRMED,BUY_SIDE,M15,1.17597,2.6594794327413767,BEARISH,MODERATE_DISPLACEMENT,1.6595151660306606,,False,DOWNTREND,NORMAL_VOLATILITY,9
H2,8838,8835,-1,2026-05-12 09:45:00+00:00,2026-05-12 16:45:00+00:00,1.17546,1.1726799999999995,1.1768500000000002,1.1726799999999995,0.0027800000000004488,TP,29,0.002850000000000019,5.999999999994898e-05,SWEEP_EXTREME,FIXED_RR,CONFIRMED,BUY_SIDE,M15,1.17645,2.6594794327413767,BEARISH,MODERATE_DISPLACEMENT,1.6595151660306606,,False,DOWNTREND,NORMAL_VOLATILITY,9
H2,8866,8863,-1,2026-05-12 16:45:00+00:00,2026-05-13 10:45:00+00:00,1.17364,1.17086,1.17503,1.17086,0.0027800000000000047,TP,73,0.003009999999999957,0.0010399999999999299,SWEEP_EXTREME,FIXED_RR,CONFIRMED,BUY_SIDE,M15,1.17482,1.0466756002157005,BEARISH,MODERATE_DISPLACEMENT,1.7393285709467592,,False,STRONG_DOWNTREND,NORMAL_VOLATILITY,16
H2,8866,8863,-1,2026-05-12 16:45:00+00:00,2026-05-13 10:45:00+00:00,1.17364,1.17086,1.17503,1.17086,0.0027800000000000047,TP,73,0.003009999999999957,0.0010399999999999299,SWEEP_EXTREME,FIXED_RR,CONFIRMED,BUY_SIDE,M15,1.1749,1.0466756002157005,BEARISH,MODERATE_DISPLACEMENT,1.7393285709467592,,False,STRONG_DOWNTREND,NORMAL_VOLATILITY,16
H2,8876,8873,1,2026-05-12 19:15:00+00:00,2026-05-13 09:45:00+00:00,1.1737,1.1720499999999998,1.1720499999999998,1.1770000000000003,-0.0016500000000001513,SL,59,0.0009799999999999809,0.0019599999999999618,SWEEP_EXTREME,FIXED_RR,CONFIRMED,SELL_SIDE,H4,1.17226,1.0672077699155493,NEUTRAL,MODERATE_DISPLACEMENT,1.7342126261122863,,True,STRONG_DOWNTREND,NORMAL_VOLATILITY,19
H2,8876,8873,1,2026-05-12 19:15:00+00:00,2026-05-13 09:45:00+00:00,1.1737,1.1720499999999998,1.1720499999999998,1.1770000000000003,-0.0016500000000001513,SL,59,0.0009799999999999809,0.0019599999999999618,SWEEP_EXTREME,FIXED_RR,CONFIRMED,SELL_SIDE,M15,1.1723,1.0672077699155493,NEUTRAL,MODERATE_DISPLACEMENT,1.7342126261122863,,True,STRONG_DOWNTREND,NORMAL_VOLATILITY,19
H2,8876,8873,1,2026-05-12 19:15:00+00:00,2026-05-13 09:45:00+00:00,1.1737,1.1720499999999998,1.1720499999999998,1.1770000000000003,-0.0016500000000001513,SL,59,0.0009799999999999809,0.0019599999999999618,SWEEP_EXTREME,FIXED_RR,CONFIRMED,SELL_SIDE,M15,1.17238,1.0672077699155493,NEUTRAL,MODERATE_DISPLACEMENT,1.7342126261122863,,True,STRONG_DOWNTREND,NORMAL_VOLATILITY,19
H2,8876,8873,1,2026-05-12 19:15:00+00:00,2026-05-13 09:45:00+00:00,1.1737,1.1720499999999998,1.1720499999999998,1.1770000000000003,-0.0016500000000001513,SL,59,0.0009799999999999809,0.0019599999999999618,SWEEP_EXTREME,FIXED_RR,CONFIRMED,SELL_SIDE,M15,1.17261,1.0672077699155493,NEUTRAL,MODERATE_DISPLACEMENT,1.7342126261122863,,True,STRONG_DOWNTREND,NORMAL_VOLATILITY,19
H2,8911,8908,1,2026-05-13 04:00:00+00:00,2026-05-13 04:15:00+00:00,1.1738,1.1731299999999998,1.1731299999999998,1.1751400000000003,-0.0006700000000001705,SL,2,8.000000000008001e-05,0.0007399999999999629,SWEEP_EXTREME,FIXED_RR,CONFIRMED,SELL_SIDE,M15,1.1733,1.5896712245076488,BULLISH,MODERATE_DISPLACEMENT,1.205073347610435,,True,STRONG_DOWNTREND,LOW_VOLATILITY,4
H2,9030,9027,1,2026-05-14 09:45:00+00:00,2026-05-14 10:15:00+00:00,1.17148,1.17095,1.17095,1.1725400000000004,-0.0005300000000001415,SL,3,0.0006599999999998829,0.0006300000000001305,SWEEP_EXTREME,FIXED_RR,CONFIRMED,SELL_SIDE,M15,1.17109,1.8072412737073569,BULLISH,MODERATE_DISPLACEMENT,1.3855516431761752,,True,STRONG_DOWNTREND,LOW_VOLATILITY,9
H2,9031,9028,1,2026-05-14 10:00:00+00:00,2026-05-14 10:45:00+00:00,1.17182,1.1705999999999999,1.1705999999999999,1.1742600000000005,-0.001220000000000221,SL,4,1.999999999990898e-05,0.0012900000000000134,SWEEP_EXTREME,FIXED_RR,CONFIRMED,SELL_SIDE,M15,1.1709,1.6332476877258246,BULLISH,STRONG_DISPLACEMENT,3.03726762980631,,True,STRONG_DOWNTREND,LOW_VOLATILITY,10
H2,9146,9143,-1,2026-05-15 14:45:00+00:00,2026-05-18 14:30:00+00:00,1.16329,1.16488,1.1655900000000001,1.1586899999999996,-0.0015899999999999803,TIME,96,0.00254999999999983,0.0016700000000000603,SWEEP_EXTREME,FIXED_RR,CONFIRMED,BUY_SIDE,M15,1.16489,1.568673614867047,BEARISH,STRONG_DISPLACEMENT,2.1177093800702957,,True,STRONG_DOWNTREND,NORMAL_VOLATILITY,14
H2,9242,9239,1,2026-05-18 14:45:00+00:00,2026-05-19 11:00:00+00:00,1.16488,1.1625299999999998,1.1625299999999998,1.16958,-0.0023500000000000743,SL,82,0.0012600000000000389,0.0023799999999998267,SWEEP_EXTREME,FIXED_RR,CONFIRMED,SELL_SIDE,M15,1.16284,1.578986854053703,BULLISH,STRONG_DISPLACEMENT,4.068213188679298,,False,RANGE,NORMAL_VOLATILITY,14
H2,9274,9271,1,2026-05-18 22:45:00+00:00,2026-05-19 11:00:00+00:00,1.16512,1.16268,1.16268,1.17,-0.0024399999999999977,SL,50,0.0010200000000000209,0.0026199999999998447,SWEEP_EXTREME,FIXED_RR,CONFIRMED,SELL_SIDE,M15,1.16324,1.4305879709395695,BULLISH,STRONG_DISPLACEMENT,3.1357332292310383,,False,RANGE,NORMAL_VOLATILITY,22
H2,9320,9317,-1,2026-05-19 10:15:00+00:00,2026-05-19 16:00:00+00:00,1.16343,1.1610499999999995,1.1646200000000002,1.1610499999999995,0.002380000000000493,TP,24,0.002389999999999892,0.000320000000000098,SWEEP_EXTREME,FIXED_RR,CONFIRMED,BUY_SIDE,M15,1.16456,1.3528511267859602,BEARISH,MODERATE_DISPLACEMENT,1.6861622739650783,,True,DOWNTREND,NORMAL_VOLATILITY,10
H2,9447,9444,1,2026-05-20 18:00:00+00:00,2026-05-21 16:30:00+00:00,1.16175,1.1580899999999998,1.1580899999999998,1.1690700000000005,-0.0036600000000002186,SL,91,0.002769999999999939,0.0041200000000001236,SWEEP_EXTREME,FIXED_RR,CONFIRMED,SELL_SIDE,M15,1.1583,1.6249332772334708,BULLISH,STRONG_DISPLACEMENT,4.79189507265808,,False,RANGE,HIGH_VOLATILITY,18
H2,9447,9444,1,2026-05-20 18:00:00+00:00,2026-05-21 16:30:00+00:00,1.16175,1.1580899999999998,1.1580899999999998,1.1690700000000005,-0.0036600000000002186,SL,91,0.002769999999999939,0.0041200000000001236,SWEEP_EXTREME,FIXED_RR,CONFIRMED,SELL_SIDE,M15,1.15868,1.6249332772334708,BULLISH,STRONG_DISPLACEMENT,4.79189507265808,,False,RANGE,HIGH_VOLATILITY,18
H2,9516,9513,1,2026-05-21 11:15:00+00:00,2026-05-21 16:15:00+00:00,1.16259,1.15923,1.15923,1.16931,-0.0033600000000000296,SL,21,0.0009500000000000064,0.0038599999999999746,SWEEP_EXTREME,FIXED_RR,CONFIRMED,SELL_SIDE,M15,1.16152,3.9306333788705095,NEUTRAL,STRONG_DISPLACEMENT,4.496644585428092,,False,RANGE,NORMAL_VOLATILITY,11
H2,9635,9632,-1,2026-05-22 17:00:00+00:00,2026-05-22 20:30:00+00:00,1.16036,1.16188,1.16188,1.1573200000000001,-0.0015199999999999658,SL,15,0.0015500000000001624,0.0015499999999999403,SWEEP_EXTREME,FIXED_RR,CONFIRMED,BUY_SIDE,M15,1.16169,2.305416998890732,BEARISH,MODERATE_DISPLACEMENT,1.4627473372273228,,True,DOWNTREND,NORMAL_VOLATILITY,17
H2,9635,9632,-1,2026-05-22 17:00:00+00:00,2026-05-22 20:30:00+00:00,1.16036,1.16188,1.16188,1.1573200000000001,-0.0015199999999999658,SL,15,0.0015500000000001624,0.0015499999999999403,SWEEP_EXTREME,FIXED_RR,CONFIRMED,BUY_SIDE,M15,1.16157,2.305416998890732,BEARISH,MODERATE_DISPLACEMENT,1.4627473372273228,,True,DOWNTREND,NORMAL_VOLATILITY,17
H2,9635,9632,-1,2026-05-22 17:00:00+00:00,2026-05-22 20:30:00+00:00,1.16036,1.16188,1.16188,1.1573200000000001,-0.0015199999999999658,SL,15,0.0015500000000001624,0.0015499999999999403,SWEEP_EXTREME,FIXED_RR,CONFIRMED,BUY_SIDE,M15,1.16078,2.305416998890732,BEARISH,MODERATE_DISPLACEMENT,1.4627473372273228,,True,DOWNTREND,NORMAL_VOLATILITY,17
H2,9635,9632,-1,2026-05-22 17:00:00+00:00,2026-05-22 20:30:00+00:00,1.16036,1.16188,1.16188,1.1573200000000001,-0.0015199999999999658,SL,15,0.0015500000000001624,0.0015499999999999403,SWEEP_EXTREME,FIXED_RR,CONFIRMED,BUY_SIDE,M15,1.1607,2.305416998890732,BEARISH,MODERATE_DISPLACEMENT,1.4627473372273228,,True,DOWNTREND,NORMAL_VOLATILITY,17
H2,9708,9705,1,2026-05-25 11:15:00+00:00,2026-05-26 08:00:00+00:00,1.16392,1.1628999999999998,1.1628999999999998,1.1659600000000006,-0.001020000000000243,SL,84,0.0013499999999999623,0.0010700000000001264,SWEEP_EXTREME,FIXED_RR,CONFIRMED,SELL_SIDE,M15,1.16302,1.7234377046174958,BEARISH,MODERATE_DISPLACEMENT,1.2868334861141044,,False,STRONG_UPTREND,LOW_VOLATILITY,11
H2,9708,9705,1,2026-05-25 11:15:00+00:00,2026-05-26 08:00:00+00:00,1.16392,1.1628999999999998,1.1628999999999998,1.1659600000000006,-0.001020000000000243,SL,84,0.0013499999999999623,0.0010700000000001264,SWEEP_EXTREME,FIXED_RR,CONFIRMED,SELL_SIDE,M15,1.16352,1.7234377046174958,BEARISH,MODERATE_DISPLACEMENT,1.2868334861141044,,False,STRONG_UPTREND,LOW_VOLATILITY,11
H2,9708,9705,1,2026-05-25 11:15:00+00:00,2026-05-26 08:00:00+00:00,1.16392,1.1628999999999998,1.1628999999999998,1.1659600000000006,-0.001020000000000243,SL,84,0.0013499999999999623,0.0010700000000001264,SWEEP_EXTREME,FIXED_RR,CONFIRMED,SELL_SIDE,M15,1.16355,1.7234377046174958,BEARISH,MODERATE_DISPLACEMENT,1.2868334861141044,,False,STRONG_UPTREND,LOW_VOLATILITY,11
H2,9730,9727,-1,2026-05-25 16:45:00+00:00,2026-05-26 16:30:00+00:00,1.16417,1.1628,1.1653200000000001,1.1618699999999995,0.0013699999999998713,TIME,96,0.0017699999999998273,0.0006800000000000139,SWEEP_EXTREME,FIXED_RR,CONFIRMED,BUY_SIDE,M15,1.16506,1.28244193407514,BULLISH,MODERATE_DISPLACEMENT,1.548609127939964,,True,STRONG_UPTREND,LOW_VOLATILITY,16
H2,9734,9731,1,2026-05-25 17:45:00+00:00,2026-05-25 19:00:00+00:00,1.16444,1.1638199999999999,1.1638199999999999,1.16568,-0.0006200000000000649,SL,6,0.00041000000000002146,0.0006599999999998829,SWEEP_EXTREME,FIXED_RR,CONFIRMED,SELL_SIDE,M15,1.16401,1.0549850097277054,BULLISH,MODERATE_DISPLACEMENT,1.4317653703443445,,False,STRONG_UPTREND,LOW_VOLATILITY,17
H2,9803,9800,1,2026-05-26 11:00:00+00:00,2026-05-26 16:45:00+00:00,1.1637,1.16235,1.16235,1.1663999999999999,-0.0013499999999999623,SL,24,0.0008099999999999774,0.0019799999999998708,SWEEP_EXTREME,FIXED_RR,CONFIRMED,SELL_SIDE,M15,1.16271,3.321686873195939,BEARISH,MODERATE_DISPLACEMENT,1.8633853191097705,,False,RANGE,LOW_VOLATILITY,11
H2,9837,9834,1,2026-05-26 19:30:00+00:00,2026-05-27 15:15:00+00:00,1.16271,1.1649899999999997,1.16157,1.1649899999999997,0.0022799999999998377,TP,80,0.003290000000000015,0.0005799999999998029,SWEEP_EXTREME,FIXED_RR,CONFIRMED,SELL_SIDE,M15,1.16172,1.0889673365372443,BEARISH,MODERATE_DISPLACEMENT,1.343059715062682,,False,DOWNTREND,NORMAL_VOLATILITY,19
H2,9891,9888,-1,2026-05-27 09:00:00+00:00,2026-05-27 09:30:00+00:00,1.16395,1.16439,1.16439,1.16307,-0.00043999999999999595,SL,3,0.00022999999999995246,0.0006800000000000139,SWEEP_EXTREME,FIXED_RR,CONFIRMED,BUY_SIDE,M15,1.16424,1.0197085873332143,BULLISH,MODERATE_DISPLACEMENT,1.2085435109130045,,True,STRONG_UPTREND,LOW_VOLATILITY,9
H2,9920,9917,-1,2026-05-27 16:15:00+00:00,2026-05-28 04:45:00+00:00,1.16452,1.16146,1.16605,1.16146,0.0030600000000000627,TP,51,0.0036000000000000476,0.0006999999999999229,SWEEP_EXTREME,FIXED_RR,CONFIRMED,BUY_SIDE,M15,1.16485,4.46125528378549,BEARISH,MODERATE_DISPLACEMENT,1.8995188512994297,,True,UPTREND,NORMAL_VOLATILITY,16
H2,9920,9917,-1,2026-05-27 16:15:00+00:00,2026-05-28 04:45:00+00:00,1.16452,1.16146,1.16605,1.16146,0.0030600000000000627,TP,51,0.0036000000000000476,0.0006999999999999229,SWEEP_EXTREME,FIXED_RR,CONFIRMED,BUY_SIDE,H4,1.16527,4.46125528378549,BEARISH,MODERATE_DISPLACEMENT,1.8995188512994297,,True,UPTREND,NORMAL_VOLATILITY,16
H2,9920,9917,-1,2026-05-27 16:15:00+00:00,2026-05-28 04:45:00+00:00,1.16452,1.16146,1.16605,1.16146,0.0030600000000000627,TP,51,0.0036000000000000476,0.0006999999999999229,SWEEP_EXTREME,FIXED_RR,CONFIRMED,BUY_SIDE,M15,1.16492,4.46125528378549,BEARISH,MODERATE_DISPLACEMENT,1.8995188512994297,,True,UPTREND,NORMAL_VOLATILITY,16
H2,10067,10064,-1,2026-05-29 05:00:00+00:00,2026-05-29 17:45:00+00:00,1.16445,1.1656300000000002,1.1656300000000002,1.1620899999999996,-0.001180000000000181,SL,52,0.0019599999999999618,0.002990000000000048,SWEEP_EXTREME,FIXED_RR,CONFIRMED,BUY_SIDE,M15,1.16556,2.371971347212787,NEUTRAL,STRONG_DISPLACEMENT,3.142862035056597,,True,STRONG_UPTREND,LOW_VOLATILITY,5
H2,10089,10086,-1,2026-05-29 10:30:00+00:00,2026-05-29 11:45:00+00:00,1.16435,1.1629299999999996,1.1650600000000002,1.1629299999999996,0.001420000000000421,TP,6,0.0018599999999999728,0.0001100000000000545,SWEEP_EXTREME,FIXED_RR,CONFIRMED,BUY_SIDE,M15,1.16493,1.4283220246303285,BEARISH,MODERATE_DISPLACEMENT,1.7029993370591676,,True,UPTREND,LOW_VOLATILITY,10
H2,10098,10095,1,2026-05-29 12:45:00+00:00,2026-05-29 17:45:00+00:00,1.16367,1.16613,1.16244,1.16613,0.0024600000000001288,TP,21,0.003770000000000051,2.999999999997449e-05,SWEEP_EXTREME,FIXED_RR,CONFIRMED,SELL_SIDE,M15,1.16268,2.3605136215122378,NEUTRAL,MODERATE_DISPLACEMENT,1.6371304149200574,,False,UPTREND,NORMAL_VOLATILITY,12
H2,10121,10118,1,2026-05-29 18:30:00+00:00,2026-06-01 16:00:00+00:00,1.16751,1.1639799999999998,1.1639799999999998,1.1745700000000006,-0.003530000000000255,SL,87,0.0010699999999999044,0.004730000000000123,SWEEP_EXTREME,FIXED_RR,CONFIRMED,SELL_SIDE,M15,1.16414,1.4402422562493078,BULLISH,STRONG_DISPLACEMENT,5.077777185494391,,False,UPTREND,NORMAL_VOLATILITY,18
H2,10173,10170,1,2026-06-01 07:30:00+00:00,2026-06-01 09:45:00+00:00,1.16473,1.1659900000000003,1.1641,1.1659900000000003,0.001260000000000261,TP,10,0.0017399999999998528,0.00012000000000012001,SWEEP_EXTREME,FIXED_RR,CONFIRMED,SELL_SIDE,M15,1.16419,1.8786934112671936,NEUTRAL,MODERATE_DISPLACEMENT,1.4553258819677015,,False,RANGE,LOW_VOLATILITY,7
H2,10186,10183,-1,2026-06-01 10:45:00+00:00,2026-06-01 16:00:00+00:00,1.16534,1.1629800000000001,1.16652,1.1629800000000001,0.0023599999999999177,TP,22,0.0025600000000001177,0.0007099999999999884,SWEEP_EXTREME,FIXED_RR,CONFIRMED,BUY_SIDE,M15,1.16604,3.09318678005467,BULLISH,STRONG_DISPLACEMENT,2.7914124600495542,,True,UPTREND,LOW_VOLATILITY,10
H2,10186,10183,-1,2026-06-01 10:45:00+00:00,2026-06-01 16:00:00+00:00,1.16534,1.1629800000000001,1.16652,1.1629800000000001,0.0023599999999999177,TP,22,0.0025600000000001177,0.0007099999999999884,SWEEP_EXTREME,FIXED_RR,CONFIRMED,BUY_SIDE,M15,1.1656,3.09318678005467,BULLISH,STRONG_DISPLACEMENT,2.7914124600495542,,True,UPTREND,LOW_VOLATILITY,10
H2,10259,10256,-1,2026-06-02 05:00:00+00:00,2026-06-02 07:45:00+00:00,1.16305,1.1637300000000002,1.1637300000000002,1.1616899999999994,-0.000680000000000236,SL,12,2.999999999997449e-05,0.0008200000000000429,SWEEP_EXTREME,FIXED_RR,CONFIRMED,BUY_SIDE,M15,1.1636,1.6891338346078537,NEUTRAL,MODERATE_DISPLACEMENT,1.628807626228619,,True,STRONG_DOWNTREND,LOW_VOLATILITY,5
H2,10328,10325,1,2026-06-02 22:15:00+00:00,2026-06-03 09:15:00+00:00,1.16321,1.16129,1.16129,1.1670500000000004,-0.0019200000000001438,SL,45,0.00024999999999986144,0.0019900000000001583,SWEEP_EXTREME,FIXED_RR,CONFIRMED,SELL_SIDE,M15,1.16164,1.5783246640043798,BEARISH,STRONG_DISPLACEMENT,2.377735857461439,,False,STRONG_DOWNTREND,LOW_VOLATILITY,22
H2,10439,10436,1,2026-06-04 02:00:00+00:00,2026-06-04 13:00:00+00:00,1.16058,1.16288,1.15943,1.16288,0.0022999999999999687,TP,45,0.0024699999999999722,0.0007399999999999629,SWEEP_EXTREME,FIXED_RR,CONFIRMED,SELL_SIDE,M15,1.15951,1.1370081120071676,BULLISH,STRONG_DISPLACEMENT,2.734233793160852,,False,STRONG_DOWNTREND,LOW_VOLATILITY,2
H2,10440,10437,1,2026-06-04 02:15:00+00:00,2026-06-04 12:30:00+00:00,1.16048,1.16264,1.1594,1.16264,0.0021599999999999397,TP,42,0.0022400000000000198,0.0006399999999999739,SWEEP_EXTREME,FIXED_RR,CONFIRMED,SELL_SIDE,M15,1.15947,0.7452568898325461,BULLISH,STRONG_DISPLACEMENT,2.2357706694976383,,False,STRONG_DOWNTREND,LOW_VOLATILITY,2
H2,10458,10455,-1,2026-06-04 06:45:00+00:00,2026-06-04 07:30:00+00:00,1.16032,1.1611600000000002,1.1611600000000002,1.1586399999999997,-0.0008400000000001739,SL,4,5.0000000000105516e-05,0.0009699999999999154,SWEEP_EXTREME,FIXED_RR,CONFIRMED,BUY_SIDE,M15,1.16103,0.5049896833085312,NEUTRAL,MODERATE_DISPLACEMENT,1.879683821203112,,True,STRONG_DOWNTREND,LOW_VOLATILITY,6
H2,10465,10462,-1,2026-06-04 08:30:00+00:00,2026-06-04 09:30:00+00:00,1.16056,1.16134,1.16134,1.159,-0.0007800000000000029,SL,5,4.0000000000040004e-05,0.0009299999999998754,SWEEP_EXTREME,FIXED_RR,CONFIRMED,BUY_SIDE,M15,1.16111,1.9241312382500764,NEUTRAL,MODERATE_DISPLACEMENT,1.511817401482508,,True,STRONG_DOWNTREND,LOW_VOLATILITY,8
H2,10465,10462,-1,2026-06-04 08:30:00+00:00,2026-06-04 09:30:00+00:00,1.16056,1.16134,1.16134,1.159,-0.0007800000000000029,SL,5,4.0000000000040004e-05,0.0009299999999998754,SWEEP_EXTREME,FIXED_RR,CONFIRMED,BUY_SIDE,M15,1.16126,1.9241312382500764,NEUTRAL,MODERATE_DISPLACEMENT,1.511817401482508,,True,STRONG_DOWNTREND,LOW_VOLATILITY,8
H2,10473,10470,-1,2026-06-04 10:30:00+00:00,2026-06-04 12:00:00+00:00,1.16062,1.16154,1.16154,1.15878,-0.0009200000000000319,SL,7,0.0007800000000000029,0.0013700000000000934,SWEEP_EXTREME,FIXED_RR,CONFIRMED,BUY_SIDE,M15,1.16129,1.6093984446621137,BULLISH,MODERATE_DISPLACEMENT,1.7371284799530458,,True,STRONG_DOWNTREND,LOW_VOLATILITY,10
H2,10477,10474,1,2026-06-04 11:30:00+00:00,2026-06-04 14:00:00+00:00,1.16104,1.1635400000000005,1.1597899999999999,1.1635400000000005,0.002500000000000391,TP,11,0.0026399999999999757,0.00038000000000004697,SWEEP_EXTREME,FIXED_RR,CONFIRMED,SELL_SIDE,M15,1.16025,1.9094409311447764,BULLISH,MODERATE_DISPLACEMENT,1.9533361249644878,,False,STRONG_DOWNTREND,LOW_VOLATILITY,11
H2,10567,10564,1,2026-06-05 10:00:00+00:00,2026-06-05 12:00:00+00:00,1.16221,1.16417,1.16123,1.16417,0.0019599999999999618,TP,9,0.0021800000000000708,4.0000000000040004e-05,SWEEP_EXTREME,FIXED_RR,CONFIRMED,SELL_SIDE,M15,1.16136,1.3519701329751457,BULLISH,STRONG_DISPLACEMENT,3.2272835432328044,,False,RANGE,LOW_VOLATILITY,10
H2,10641,10638,-1,2026-06-08 04:30:00+00:00,2026-06-08 05:15:00+00:00,1.15194,1.15287,1.15287,1.1500799999999998,-0.0009300000000000974,SL,4,0.0007999999999999119,0.001060000000000061,SWEEP_EXTREME,FIXED_RR,CONFIRMED,BUY_SIDE,M15,1.15273,1.0131147185442047,NEUTRAL,MODERATE_DISPLACEMENT,1.519672077816113,,True,STRONG_DOWNTREND,NORMAL_VOLATILITY,4
H2,10641,10638,-1,2026-06-08 04:30:00+00:00,2026-06-08 05:15:00+00:00,1.15194,1.15287,1.15287,1.1500799999999998,-0.0009300000000000974,SL,4,0.0007999999999999119,0.001060000000000061,SWEEP_EXTREME,FIXED_RR,CONFIRMED,BUY_SIDE,M15,1.15261,1.0131147185442047,NEUTRAL,MODERATE_DISPLACEMENT,1.519672077816113,,True,STRONG_DOWNTREND,NORMAL_VOLATILITY,4
H2,10642,10639,-1,2026-06-08 04:45:00+00:00,2026-06-08 08:00:00+00:00,1.15238,1.1534000000000002,1.1534000000000002,1.1503399999999995,-0.001020000000000243,SL,14,0.00038000000000004697,0.0011700000000001154,SWEEP_EXTREME,FIXED_RR,CONFIRMED,BUY_SIDE,M15,1.1533,1.0121665557229071,NEUTRAL,MODERATE_DISPLACEMENT,1.5706032761218995,,True,STRONG_DOWNTREND,NORMAL_VOLATILITY,4
H2,10642,10639,-1,2026-06-08 04:45:00+00:00,2026-06-08 08:00:00+00:00,1.15238,1.1534000000000002,1.1534000000000002,1.1503399999999995,-0.001020000000000243,SL,14,0.00038000000000004697,0.0011700000000001154,SWEEP_EXTREME,FIXED_RR,CONFIRMED,BUY_SIDE,M15,1.15289,1.0121665557229071,NEUTRAL,MODERATE_DISPLACEMENT,1.5706032761218995,,True,STRONG_DOWNTREND,NORMAL_VOLATILITY,4
H2,10659,10656,-1,2026-06-08 09:00:00+00:00,2026-06-08 14:15:00+00:00,1.15192,1.1536000000000002,1.1536000000000002,1.1485599999999998,-0.0016800000000001258,SL,22,0.0020100000000000673,0.0022899999999999032,SWEEP_EXTREME,FIXED_RR,CONFIRMED,BUY_SIDE,M15,1.15347,1.004361505693282,NEUTRAL,STRONG_DISPLACEMENT,2.4813637199481344,,True,STRONG_DOWNTREND,NORMAL_VOLATILITY,9
H2,10676,10673,1,2026-06-08 13:15:00+00:00,2026-06-08 16:15:00+00:00,1.15171,1.1550700000000003,1.1500299999999999,1.1550700000000003,0.0033600000000002517,TP,13,0.0037599999999999856,0.0003900000000001125,SWEEP_EXTREME,FIXED_RR,CONFIRMED,SELL_SIDE,H4,1.15009,0.8909766788228238,BEARISH,STRONG_DISPLACEMENT,2.04791654535424,,False,STRONG_DOWNTREND,NORMAL_VOLATILITY,13
H2,10677,10674,1,2026-06-08 13:30:00+00:00,2026-06-09 12:00:00+00:00,1.15174,1.1555000000000002,1.1498599999999999,1.1555000000000002,0.0037600000000002076,TP,91,0.003929999999999989,0.00024000000000001798,SWEEP_EXTREME,FIXED_RR,CONFIRMED,SELL_SIDE,M15,1.15006,1.473577791646577,BEARISH,MODERATE_DISPLACEMENT,1.5504601112106822,,False,STRONG_DOWNTREND,NORMAL_VOLATILITY,13
H2,10759,10756,-1,2026-06-09 10:00:00+00:00,2026-06-09 11:45:00+00:00,1.15436,1.1550500000000001,1.1550500000000001,1.15298,-0.0006900000000000794,SL,8,0.0007900000000000684,0.0008999999999999009,SWEEP_EXTREME,FIXED_RR,CONFIRMED,BUY_SIDE,M15,1.15481,1.6694541616572567,BULLISH,MODERATE_DISPLACEMENT,1.4023414957918388,,True,STRONG_DOWNTREND,LOW_VOLATILITY,10
H2,10767,10764,1,2026-06-09 12:00:00+00:00,2026-06-09 19:30:00+00:00,1.15506,1.1535199999999999,1.1535199999999999,1.1581400000000002,-0.0015400000000000968,SL,31,0.0027300000000001212,0.0022899999999999032,SWEEP_EXTREME,FIXED_RR,CONFIRMED,SELL_SIDE,M15,1.1537,1.3782516765116106,NEUTRAL,STRONG_DISPLACEMENT,2.217187479605268,,False,RANGE,NORMAL_VOLATILITY,12
H2,10787,10784,-1,2026-06-09 17:00:00+00:00,2026-06-09 19:15:00+00:00,1.15663,1.1542099999999997,1.1578400000000002,1.1542099999999997,0.002420000000000311,TP,10,0.0026300000000001322,0.0006999999999999229,SWEEP_EXTREME,FIXED_RR,CONFIRMED,BUY_SIDE,M15,1.15749,1.0454683468604737,BULLISH,STRONG_DISPLACEMENT,2.0134945939525974,,True,STRONG_UPTREND,NORMAL_VOLATILITY,17
H2,10801,10798,1,2026-06-09 20:30:00+00:00,2026-06-10 20:15:00+00:00,1.15506,1.15495,1.15272,1.15974,-0.0001100000000000545,TIME,96,0.0022400000000000198,0.0018199999999999328,SWEEP_EXTREME,FIXED_RR,CONFIRMED,SELL_SIDE,M15,1.15336,2.3365269869686043,NEUTRAL,MODERATE_DISPLACEMENT,1.7790814621588786,,False,RANGE,HIGH_VOLATILITY,20
H2,10801,10798,1,2026-06-09 20:30:00+00:00,2026-06-10 20:15:00+00:00,1.15506,1.15495,1.15272,1.15974,-0.0001100000000000545,TIME,96,0.0022400000000000198,0.0018199999999999328,SWEEP_EXTREME,FIXED_RR,CONFIRMED,SELL_SIDE,M15,1.15357,2.3365269869686043,NEUTRAL,MODERATE_DISPLACEMENT,1.7790814621588786,,False,RANGE,HIGH_VOLATILITY,20
H2,10877,10874,1,2026-06-10 15:30:00+00:00,2026-06-10 16:45:00+00:00,1.15463,1.1571300000000004,1.1533799999999998,1.1571300000000004,0.002500000000000391,TP,6,0.00266999999999995,0.00042000000000008697,SWEEP_EXTREME,FIXED_RR,CONFIRMED,SELL_SIDE,M15,1.15346,1.6565796831156847,BULLISH,MODERATE_DISPLACEMENT,1.4017212703284387,,False,RANGE,NORMAL_VOLATILITY,15
H2,10923,10920,1,2026-06-11 03:00:00+00:00,2026-06-11 13:00:00+00:00,1.15352,1.15248,1.15248,1.1556000000000004,-0.001040000000000152,SL,41,0.0020799999999998597,0.0010700000000001264,SWEEP_EXTREME,FIXED_RR,CONFIRMED,SELL_SIDE,H4,1.15257,0.9024880617404804,BEARISH,MODERATE_DISPLACEMENT,1.5287042678462868,,False,STRONG_DOWNTREND,NORMAL_VOLATILITY,3
H2,10923,10920,1,2026-06-11 03:00:00+00:00,2026-06-11 13:00:00+00:00,1.15352,1.15248,1.15248,1.1556000000000004,-0.001040000000000152,SL,41,0.0020799999999998597,0.0010700000000001264,SWEEP_EXTREME,FIXED_RR,CONFIRMED,SELL_SIDE,M15,1.15266,0.9024880617404804,BEARISH,MODERATE_DISPLACEMENT,1.5287042678462868,,False,STRONG_DOWNTREND,NORMAL_VOLATILITY,3
H2,10923,10920,1,2026-06-11 03:00:00+00:00,2026-06-11 13:00:00+00:00,1.15352,1.15248,1.15248,1.1556000000000004,-0.001040000000000152,SL,41,0.0020799999999998597,0.0010700000000001264,SWEEP_EXTREME,FIXED_RR,CONFIRMED,SELL_SIDE,M15,1.15275,0.9024880617404804,BEARISH,MODERATE_DISPLACEMENT,1.5287042678462868,,False,STRONG_DOWNTREND,NORMAL_VOLATILITY,3
H2,10956,10953,-1,2026-06-11 11:15:00+00:00,2026-06-11 19:00:00+00:00,1.15413,1.15119,1.1556000000000002,1.15119,0.0029400000000001647,TP,32,0.0034600000000000186,0.00021999999999988695,SWEEP_EXTREME,FIXED_RR,CONFIRMED,BUY_SIDE,M15,1.15513,1.9736985014641186,NEUTRAL,STRONG_DISPLACEMENT,2.3254467492494424,,True,RANGE,NORMAL_VOLATILITY,11
H2,10995,10992,1,2026-06-11 21:00:00+00:00,2026-06-12 20:45:00+00:00,1.15508,1.15746,1.1501899999999998,1.1648600000000007,0.0023799999999998267,TIME,96,0.003889999999999949,0.000980000000000203,SWEEP_EXTREME,FIXED_RR,CONFIRMED,SELL_SIDE,M15,1.15067,0.9022794400314532,BEARISH,STRONG_DISPLACEMENT,6.196536742569055,,False,RANGE,HIGH_VOLATILITY,21
H2,11046,11043,1,2026-06-12 09:45:00+00:00,2026-06-15 00:30:00+00:00,1.15688,1.1594399999999998,1.1556,1.1594399999999998,0.0025599999999998957,TP,60,0.0029799999999999827,0.0012199999999999989,SWEEP_EXTREME,FIXED_RR,CONFIRMED,SELL_SIDE,M15,1.15612,1.4147556659509188,NEUTRAL,STRONG_DISPLACEMENT,2.1504286122455807,,False,STRONG_UPTREND,NORMAL_VOLATILITY,9
H2,11084,11081,-1,2026-06-12 19:15:00+00:00,2026-06-15 00:15:00+00:00,1.15724,1.1584100000000002,1.1584100000000002,1.1548999999999998,-0.0011700000000001154,SL,21,0.000700000000000145,0.0020000000000000018,SWEEP_EXTREME,FIXED_RR,CONFIRMED,BUY_SIDE,M15,1.15793,0.9106336370759389,NEUTRAL,MODERATE_DISPLACEMENT,1.2305859960484922,,True,UPTREND,NORMAL_VOLATILITY,19
H2,11084,11081,-1,2026-06-12 19:15:00+00:00,2026-06-15 00:15:00+00:00,1.15724,1.1584100000000002,1.1584100000000002,1.1548999999999998,-0.0011700000000001154,SL,21,0.000700000000000145,0.0020000000000000018,SWEEP_EXTREME,FIXED_RR,CONFIRMED,BUY_SIDE,M15,1.1579,0.9106336370759389,NEUTRAL,MODERATE_DISPLACEMENT,1.2305859960484922,,True,UPTREND,NORMAL_VOLATILITY,19
H2,11106,11103,1,2026-06-15 00:45:00+00:00,2026-06-16 00:30:00+00:00,1.15977,1.15942,1.1564899999999998,1.1663300000000003,-0.0003500000000000725,TIME,96,0.0024500000000000632,0.0016199999999999548,SWEEP_EXTREME,FIXED_RR,CONFIRMED,SELL_SIDE,M15,1.1566,0.844506844954492,BULLISH,STRONG_DISPLACEMENT,6.69271674626115,,False,STRONG_UPTREND,NORMAL_VOLATILITY,0
H2,11238,11235,1,2026-06-16 09:45:00+00:00,2026-06-16 10:45:00+00:00,1.15815,1.1594900000000004,1.1574799999999998,1.1594900000000004,0.001340000000000341,TP,5,0.0014099999999999113,1.999999999990898e-05,SWEEP_EXTREME,FIXED_RR,CONFIRMED,SELL_SIDE,M15,1.15757,0.6914269604205224,BEARISH,MODERATE_DISPLACEMENT,1.5108959505488226,,False,DOWNTREND,LOW_VOLATILITY,9
H2,11336,11333,1,2026-06-17 10:15:00+00:00,2026-06-17 10:30:00+00:00,1.16139,1.1605299999999998,1.1605299999999998,1.16311,-0.0008600000000000829,SL,2,0.0001100000000000545,0.0009399999999999409,SWEEP_EXTREME,FIXED_RR,CONFIRMED,SELL_SIDE,M15,1.16078,1.7921217361156943,NEUTRAL,STRONG_DISPLACEMENT,2.291565498639751,,False,STRONG_UPTREND,LOW_VOLATILITY,10
H2,11357,11354,1,2026-06-17 15:30:00+00:00,2026-06-17 17:45:00+00:00,1.15964,1.15844,1.15844,1.1620400000000002,-0.0012000000000000899,SL,10,0.000660000000000105,0.0015400000000000968,SWEEP_EXTREME,FIXED_RR,CONFIRMED,SELL_SIDE,M15,1.15878,1.0958158354721952,BEARISH,STRONG_DISPLACEMENT,2.026225507099799,,False,RANGE,NORMAL_VOLATILITY,15
H2,11430,11427,1,2026-06-18 09:45:00+00:00,2026-06-18 10:15:00+00:00,1.15255,1.15098,1.15098,1.15569,-0.0015700000000000713,SL,3,4.0000000000040004e-05,0.0018299999999999983,SWEEP_EXTREME,FIXED_RR,CONFIRMED,SELL_SIDE,M15,1.1513,1.5484163695856492,BULLISH,STRONG_DISPLACEMENT,3.075908193636219,,False,STRONG_DOWNTREND,NORMAL_VOLATILITY,9
H2,11432,11429,-1,2026-06-18 10:15:00+00:00,2026-06-18 11:45:00+00:00,1.15126,1.1482199999999996,1.1527800000000001,1.1482199999999996,0.0030400000000003757,TP,7,0.003049999999999997,0.0008399999999999519,SWEEP_EXTREME,FIXED_RR,CONFIRMED,BUY_SIDE,M15,1.15264,1.4241252777470792,NEUTRAL,STRONG_DISPLACEMENT,2.6319277284940044,,True,STRONG_DOWNTREND,NORMAL_VOLATILITY,10
H2,11466,11463,-1,2026-06-18 18:45:00+00:00,2026-06-19 06:15:00+00:00,1.1474,1.1445999999999998,1.1488,1.1445999999999998,0.0028000000000001357,TP,47,0.0030600000000000627,0.00029999999999996696,SWEEP_EXTREME,FIXED_RR,CONFIRMED,BUY_SIDE,M15,1.14841,1.7957107347019143,BULLISH,MODERATE_DISPLACEMENT,1.306937398629296,,True,STRONG_DOWNTREND,HIGH_VOLATILITY,18
H2,11603,11600,-1,2026-06-22 05:00:00+00:00,2026-06-22 11:00:00+00:00,1.14636,1.1442199999999998,1.1474300000000002,1.1442199999999998,0.002140000000000253,TP,25,0.0022200000000001108,0.0004199999999998649,SWEEP_EXTREME,FIXED_RR,CONFIRMED,BUY_SIDE,M15,1.14702,1.2756553999435636,BEARISH,MODERATE_DISPLACEMENT,1.3446097458865314,,True,STRONG_DOWNTREND,NORMAL_VOLATILITY,5
H2,11603,11600,-1,2026-06-22 05:00:00+00:00,2026-06-22 11:00:00+00:00,1.14636,1.1442199999999998,1.1474300000000002,1.1442199999999998,0.002140000000000253,TP,25,0.0022200000000001108,0.0004199999999998649,SWEEP_EXTREME,FIXED_RR,CONFIRMED,BUY_SIDE,M15,1.14667,1.2756553999435636,BEARISH,MODERATE_DISPLACEMENT,1.3446097458865314,,True,STRONG_DOWNTREND,NORMAL_VOLATILITY,5
H2,11626,11623,-1,2026-06-22 10:45:00+00:00,2026-06-23 10:30:00+00:00,1.14462,1.14159,1.1464,1.1410599999999997,0.003029999999999866,TIME,96,0.0034199999999999786,0.0017499999999999183,SWEEP_EXTREME,FIXED_RR,CONFIRMED,BUY_SIDE,M15,1.1463,2.037023556916134,NEUTRAL,STRONG_DISPLACEMENT,2.5462794461452685,,True,STRONG_DOWNTREND,NORMAL_VOLATILITY,10
H2,11695,11692,1,2026-06-23 04:00:00+00:00,2026-06-23 06:15:00+00:00,1.14271,1.1421999999999999,1.1421999999999999,1.14373,-0.0005100000000000104,SL,10,0.0004900000000001015,0.0008499999999997954,SWEEP_EXTREME,FIXED_RR,CONFIRMED,SELL_SIDE,M15,1.14252,1.1719549978315396,NEUTRAL,MODERATE_DISPLACEMENT,1.2252256795509129,,False,STRONG_DOWNTREND,LOW_VOLATILITY,4
H2,11701,11698,1,2026-06-23 05:30:00+00:00,2026-06-23 06:15:00+00:00,1.143,1.14218,1.14218,1.14464,-0.0008200000000000429,SL,4,7.00000000000145e-05,0.0011399999999999189,SWEEP_EXTREME,FIXED_RR,CONFIRMED,SELL_SIDE,M15,1.14225,0.9274427943763469,BEARISH,MODERATE_DISPLACEMENT,1.282053274578961,,False,STRONG_DOWNTREND,LOW_VOLATILITY,5
H2,11703,11700,-1,2026-06-23 06:00:00+00:00,2026-06-23 10:00:00+00:00,1.14258,1.1431600000000002,1.1431600000000002,1.1414199999999994,-0.000580000000000247,SL,17,0.0007199999999998319,0.0009799999999999809,SWEEP_EXTREME,FIXED_RR,CONFIRMED,BUY_SIDE,M15,1.143,1.2514748242574596,BEARISH,MODERATE_DISPLACEMENT,1.277547216429659,,True,STRONG_DOWNTREND,LOW_VOLATILITY,6
H2,11703,11700,-1,2026-06-23 06:00:00+00:00,2026-06-23 10:00:00+00:00,1.14258,1.1431600000000002,1.1431600000000002,1.1414199999999994,-0.000580000000000247,SL,17,0.0007199999999998319,0.0009799999999999809,SWEEP_EXTREME,FIXED_RR,CONFIRMED,BUY_SIDE,M15,1.14295,1.2514748242574596,BEARISH,MODERATE_DISPLACEMENT,1.277547216429659,,True,STRONG_DOWNTREND,LOW_VOLATILITY,6
H2,11704,11701,-1,2026-06-23 06:15:00+00:00,2026-06-23 10:00:00+00:00,1.14245,1.14325,1.14325,1.1408499999999997,-0.0008000000000001339,SL,16,0.0005899999999998684,0.0011099999999999444,SWEEP_EXTREME,FIXED_RR,CONFIRMED,BUY_SIDE,M15,1.14317,0.7191620621096299,BEARISH,MODERATE_DISPLACEMENT,1.4649597561494212,,True,STRONG_DOWNTREND,LOW_VOLATILITY,6
H2,11723,11720,-1,2026-06-23 11:00:00+00:00,2026-06-24 06:00:00+00:00,1.14118,1.1363200000000002,1.14361,1.1363200000000002,0.004859999999999864,TP,77,0.0050200000000000244,0.0005800000000000249,SWEEP_EXTREME,FIXED_RR,CONFIRMED,BUY_SIDE,M15,1.1432,2.516128106272364,NEUTRAL,STRONG_DISPLACEMENT,3.5645148172188645,,True,STRONG_DOWNTREND,NORMAL_VOLATILITY,11
H2,11723,11720,-1,2026-06-23 11:00:00+00:00,2026-06-24 06:00:00+00:00,1.14118,1.1363200000000002,1.14361,1.1363200000000002,0.004859999999999864,TP,77,0.0050200000000000244,0.0005800000000000249,SWEEP_EXTREME,FIXED_RR,CONFIRMED,BUY_SIDE,M15,1.14303,2.516128106272364,NEUTRAL,STRONG_DISPLACEMENT,3.5645148172188645,,True,STRONG_DOWNTREND,NORMAL_VOLATILITY,11
H2,11723,11720,-1,2026-06-23 11:00:00+00:00,2026-06-24 06:00:00+00:00,1.14118,1.1363200000000002,1.14361,1.1363200000000002,0.004859999999999864,TP,77,0.0050200000000000244,0.0005800000000000249,SWEEP_EXTREME,FIXED_RR,CONFIRMED,BUY_SIDE,M15,1.14336,2.516128106272364,NEUTRAL,STRONG_DISPLACEMENT,3.5645148172188645,,True,STRONG_DOWNTREND,NORMAL_VOLATILITY,11
H2,11916,11913,1,2026-06-25 11:15:00+00:00,2026-06-25 13:45:00+00:00,1.13615,1.13441,1.13441,1.1396300000000001,-0.0017400000000000748,SL,11,0.0012700000000001044,0.0018899999999999473,SWEEP_EXTREME,FIXED_RR,CONFIRMED,SELL_SIDE,M15,1.13476,1.8642232027398524,NEUTRAL,MODERATE_DISPLACEMENT,1.7534772699039107,,False,STRONG_DOWNTREND,NORMAL_VOLATILITY,11
H2,11925,11922,-1,2026-06-25 13:30:00+00:00,2026-06-25 17:00:00+00:00,1.13548,1.1374700000000002,1.1374700000000002,1.1314999999999997,-0.0019900000000001583,SL,15,0.0021500000000000963,0.0028999999999999027,SWEEP_EXTREME,FIXED_RR,CONFIRMED,BUY_SIDE,M15,1.13726,1.7078104633963522,BULLISH,MODERATE_DISPLACEMENT,1.5571213048611394,,True,STRONG_DOWNTREND,NORMAL_VOLATILITY,13
H2,12198,12195,1,2026-06-30 09:45:00+00:00,2026-06-30 17:45:00+00:00,1.13988,1.1432400000000003,1.1381999999999999,1.1432400000000003,0.0033600000000002517,TP,33,0.0036000000000000476,0.0015199999999999658,SWEEP_EXTREME,FIXED_RR,CONFIRMED,SELL_SIDE,M15,1.13863,2.1415441515175084,BEARISH,STRONG_DISPLACEMENT,2.9034396669612503,,False,DOWNTREND,NORMAL_VOLATILITY,9
H2,12234,12231,-1,2026-06-30 18:45:00+00:00,2026-07-01 15:00:00+00:00,1.14181,1.1383699999999997,1.1435300000000002,1.1383699999999997,0.0034400000000003317,TP,82,0.00374999999999992,0.0009399999999999409,SWEEP_EXTREME,FIXED_RR,CONFIRMED,BUY_SIDE,H4,1.14341,2.1118368356394543,BULLISH,MODERATE_DISPLACEMENT,1.676060980666344,,True,UPTREND,HIGH_VOLATILITY,18
H2,12234,12231,-1,2026-06-30 18:45:00+00:00,2026-07-01 15:00:00+00:00,1.14181,1.1383699999999997,1.1435300000000002,1.1383699999999997,0.0034400000000003317,TP,82,0.00374999999999992,0.0009399999999999409,SWEEP_EXTREME,FIXED_RR,CONFIRMED,BUY_SIDE,H4,1.14307,2.1118368356394543,BULLISH,MODERATE_DISPLACEMENT,1.676060980666344,,True,UPTREND,HIGH_VOLATILITY,18
H2,12234,12231,-1,2026-06-30 18:45:00+00:00,2026-07-01 15:00:00+00:00,1.14181,1.1383699999999997,1.1435300000000002,1.1383699999999997,0.0034400000000003317,TP,82,0.00374999999999992,0.0009399999999999409,SWEEP_EXTREME,FIXED_RR,CONFIRMED,BUY_SIDE,M15,1.14293,2.1118368356394543,BULLISH,MODERATE_DISPLACEMENT,1.676060980666344,,True,UPTREND,HIGH_VOLATILITY,18
H2,12234,12231,-1,2026-06-30 18:45:00+00:00,2026-07-01 15:00:00+00:00,1.14181,1.1383699999999997,1.1435300000000002,1.1383699999999997,0.0034400000000003317,TP,82,0.00374999999999992,0.0009399999999999409,SWEEP_EXTREME,FIXED_RR,CONFIRMED,BUY_SIDE,M15,1.14274,2.1118368356394543,BULLISH,MODERATE_DISPLACEMENT,1.676060980666344,,True,UPTREND,HIGH_VOLATILITY,18
H2,12234,12231,-1,2026-06-30 18:45:00+00:00,2026-07-01 15:00:00+00:00,1.14181,1.1383699999999997,1.1435300000000002,1.1383699999999997,0.0034400000000003317,TP,82,0.00374999999999992,0.0009399999999999409,SWEEP_EXTREME,FIXED_RR,CONFIRMED,BUY_SIDE,M15,1.14265,2.1118368356394543,BULLISH,MODERATE_DISPLACEMENT,1.676060980666344,,True,UPTREND,HIGH_VOLATILITY,18
H2,12323,12320,1,2026-07-01 17:00:00+00:00,2026-07-02 15:30:00+00:00,1.13953,1.14637,1.13611,1.14637,0.006839999999999957,TP,91,0.007670000000000066,0.0021499999999998742,SWEEP_EXTREME,FIXED_RR,CONFIRMED,SELL_SIDE,M15,1.13685,2.0166451594996637,NEUTRAL,STRONG_DISPLACEMENT,4.908158439664739,,False,DOWNTREND,HIGH_VOLATILITY,17
H2,12414,12411,1,2026-07-02 15:45:00+00:00,2026-07-03 15:30:00+00:00,1.14716,1.14478,1.14,1.16148,-0.0023800000000000487,TIME,96,0.00012999999999996348,0.006329999999999947,SWEEP_EXTREME,FIXED_RR,CONFIRMED,SELL_SIDE,M15,1.14031,1.3274629453644755,NEUTRAL,STRONG_DISPLACEMENT,11.35905001349736,,False,UPTREND,HIGH_VOLATILITY,15
H2,12417,12414,-1,2026-07-02 16:30:00+00:00,2026-07-03 16:15:00+00:00,1.14412,1.14437,1.14725,1.1378599999999999,-0.0002500000000000835,TIME,96,0.003290000000000015,0.0021199999999998997,SWEEP_EXTREME,FIXED_RR,CONFIRMED,BUY_SIDE,M15,1.14507,6.7749451519890656,NEUTRAL,STRONG_DISPLACEMENT,2.813638423776819,,True,STRONG_UPTREND,HIGH_VOLATILITY,16
H2,12417,12414,-1,2026-07-02 16:30:00+00:00,2026-07-03 16:15:00+00:00,1.14412,1.14437,1.14725,1.1378599999999999,-0.0002500000000000835,TIME,96,0.003290000000000015,0.0021199999999998997,SWEEP_EXTREME,FIXED_RR,CONFIRMED,BUY_SIDE,M15,1.1462,6.7749451519890656,NEUTRAL,STRONG_DISPLACEMENT,2.813638423776819,,True,STRONG_UPTREND,HIGH_VOLATILITY,16
H2,12417,12414,-1,2026-07-02 16:30:00+00:00,2026-07-03 16:15:00+00:00,1.14412,1.14437,1.14725,1.1378599999999999,-0.0002500000000000835,TIME,96,0.003290000000000015,0.0021199999999998997,SWEEP_EXTREME,FIXED_RR,CONFIRMED,BUY_SIDE,M15,1.14678,6.7749451519890656,NEUTRAL,STRONG_DISPLACEMENT,2.813638423776819,,True,STRONG_UPTREND,HIGH_VOLATILITY,16
H2,12417,12414,-1,2026-07-02 16:30:00+00:00,2026-07-03 16:15:00+00:00,1.14412,1.14437,1.14725,1.1378599999999999,-0.0002500000000000835,TIME,96,0.003290000000000015,0.0021199999999998997,SWEEP_EXTREME,FIXED_RR,CONFIRMED,BUY_SIDE,M15,1.14637,6.7749451519890656,NEUTRAL,STRONG_DISPLACEMENT,2.813638423776819,,True,STRONG_UPTREND,HIGH_VOLATILITY,16
H2,12750,12747,1,2026-07-08 03:45:00+00:00,2026-07-08 04:30:00+00:00,1.14101,1.1399599999999999,1.1399599999999999,1.1431100000000005,-0.0010500000000002174,SL,4,0.00010999999999983245,0.0011600000000000499,SWEEP_EXTREME,FIXED_RR,CONFIRMED,SELL_SIDE,M15,1.14015,0.9029746343001688,NEUTRAL,MODERATE_DISPLACEMENT,1.784949858500659,,False,STRONG_DOWNTREND,NORMAL_VOLATILITY,3
H2,12750,12747,1,2026-07-08 03:45:00+00:00,2026-07-08 04:30:00+00:00,1.14101,1.1399599999999999,1.1399599999999999,1.1431100000000005,-0.0010500000000002174,SL,4,0.00010999999999983245,0.0011600000000000499,SWEEP_EXTREME,FIXED_RR,CONFIRMED,SELL_SIDE,M15,1.1403,0.9029746343001688,NEUTRAL,MODERATE_DISPLACEMENT,1.784949858500659,,False,STRONG_DOWNTREND,NORMAL_VOLATILITY,3
H2,12753,12750,-1,2026-07-08 04:30:00+00:00,2026-07-08 05:15:00+00:00,1.14041,1.14121,1.14121,1.1388099999999997,-0.0008000000000001339,SL,4,0.0005599999999998939,0.0008000000000001339,SWEEP_EXTREME,FIXED_RR,CONFIRMED,BUY_SIDE,M15,1.14089,0.9916732189189764,BEARISH,MODERATE_DISPLACEMENT,1.2142937374524223,,True,STRONG_DOWNTREND,LOW_VOLATILITY,4
H2,12757,12754,1,2026-07-08 05:30:00+00:00,2026-07-08 12:00:00+00:00,1.1411,1.1398,1.1398,1.1437000000000002,-0.0013000000000000789,SL,27,0.0020700000000000163,0.0015000000000000568,SWEEP_EXTREME,FIXED_RR,CONFIRMED,SELL_SIDE,M15,1.13998,1.240824811182295,NEUTRAL,STRONG_DISPLACEMENT,2.3162063142072262,,False,STRONG_DOWNTREND,NORMAL_VOLATILITY,5
H2,12757,12754,1,2026-07-08 05:30:00+00:00,2026-07-08 12:00:00+00:00,1.1411,1.1398,1.1398,1.1437000000000002,-0.0013000000000000789,SL,27,0.0020700000000000163,0.0015000000000000568,SWEEP_EXTREME,FIXED_RR,CONFIRMED,SELL_SIDE,M15,1.14001,1.240824811182295,NEUTRAL,STRONG_DISPLACEMENT,2.3162063142072262,,False,STRONG_DOWNTREND,NORMAL_VOLATILITY,5
H2,12781,12778,-1,2026-07-08 11:30:00+00:00,2026-07-09 08:00:00+00:00,1.14142,1.1432200000000001,1.1432200000000001,1.13782,-0.0018000000000000238,SL,83,0.0023000000000001908,0.0019899999999999363,SWEEP_EXTREME,FIXED_RR,CONFIRMED,BUY_SIDE,M15,1.143,1.0213220303218395,BULLISH,STRONG_DISPLACEMENT,2.890534048080799,,True,DOWNTREND,NORMAL_VOLATILITY,11
H2,12872,12869,-1,2026-07-09 10:15:00+00:00,2026-07-10 04:45:00+00:00,1.14368,1.1448200000000002,1.1448200000000002,1.1413999999999997,-0.001140000000000141,SL,75,0.0020100000000000673,0.0013300000000000534,SWEEP_EXTREME,FIXED_RR,CONFIRMED,BUY_SIDE,M15,1.14475,2.7878715291718184,BULLISH,MODERATE_DISPLACEMENT,1.991336806550983,,True,STRONG_UPTREND,NORMAL_VOLATILITY,10
H2,12872,12869,-1,2026-07-09 10:15:00+00:00,2026-07-10 04:45:00+00:00,1.14368,1.1448200000000002,1.1448200000000002,1.1413999999999997,-0.001140000000000141,SL,75,0.0020100000000000673,0.0013300000000000534,SWEEP_EXTREME,FIXED_RR,CONFIRMED,BUY_SIDE,M15,1.14429,2.7878715291718184,BULLISH,MODERATE_DISPLACEMENT,1.991336806550983,,True,STRONG_UPTREND,NORMAL_VOLATILITY,10
H2,12872,12869,-1,2026-07-09 10:15:00+00:00,2026-07-10 04:45:00+00:00,1.14368,1.1448200000000002,1.1448200000000002,1.1413999999999997,-0.001140000000000141,SL,75,0.0020100000000000673,0.0013300000000000534,SWEEP_EXTREME,FIXED_RR,CONFIRMED,BUY_SIDE,M15,1.14423,2.7878715291718184,BULLISH,MODERATE_DISPLACEMENT,1.991336806550983,,True,STRONG_UPTREND,NORMAL_VOLATILITY,10
H2,12872,12869,-1,2026-07-09 10:15:00+00:00,2026-07-10 04:45:00+00:00,1.14368,1.1448200000000002,1.1448200000000002,1.1413999999999997,-0.001140000000000141,SL,75,0.0020100000000000673,0.0013300000000000534,SWEEP_EXTREME,FIXED_RR,CONFIRMED,BUY_SIDE,M15,1.14421,2.7878715291718184,BULLISH,MODERATE_DISPLACEMENT,1.991336806550983,,True,STRONG_UPTREND,NORMAL_VOLATILITY,10
H2,12872,12869,-1,2026-07-09 10:15:00+00:00,2026-07-10 04:45:00+00:00,1.14368,1.1448200000000002,1.1448200000000002,1.1413999999999997,-0.001140000000000141,SL,75,0.0020100000000000673,0.0013300000000000534,SWEEP_EXTREME,FIXED_RR,CONFIRMED,BUY_SIDE,M15,1.14372,2.7878715291718184,BULLISH,MODERATE_DISPLACEMENT,1.991336806550983,,True,STRONG_UPTREND,NORMAL_VOLATILITY,10
H2,12873,12870,-1,2026-07-09 10:30:00+00:00,2026-07-10 04:45:00+00:00,1.14378,1.145,1.145,1.14134,-0.0012199999999999989,SL,74,0.0021100000000000563,0.0012300000000000644,SWEEP_EXTREME,FIXED_RR,CONFIRMED,BUY_SIDE,H4,1.14483,1.5112845126902104,BULLISH,MODERATE_DISPLACEMENT,1.4921543289855668,,True,STRONG_UPTREND,NORMAL_VOLATILITY,10
H2,12895,12892,-1,2026-07-09 16:00:00+00:00,2026-07-09 16:15:00+00:00,1.14249,1.1436600000000001,1.1436600000000001,1.1401499999999998,-0.0011700000000001154,SL,2,0.0001100000000000545,0.0011900000000000244,SWEEP_EXTREME,FIXED_RR,CONFIRMED,BUY_SIDE,M15,1.14318,1.2258020744268803,NEUTRAL,MODERATE_DISPLACEMENT,1.7620904819887735,,True,UPTREND,NORMAL_VOLATILITY,16
H2,12943,12940,1,2026-07-10 04:00:00+00:00,2026-07-10 05:15:00+00:00,1.14401,1.14597,1.14303,1.14597,0.0019599999999999618,TP,6,0.0019899999999999363,0.00028999999999990145,SWEEP_EXTREME,FIXED_RR,CONFIRMED,SELL_SIDE,M15,1.14313,0.9232399421988454,BULLISH,STRONG_DISPLACEMENT,2.13664100908961,,False,UPTREND,LOW_VOLATILITY,4
H2,13001,12998,1,2026-07-10 18:30:00+00:00,2026-07-10 21:30:00+00:00,1.14334,1.14113,1.14113,1.1477600000000001,-0.0022100000000000453,SL,13,0.0007900000000000684,0.0022999999999999687,SWEEP_EXTREME,FIXED_RR,CONFIRMED,SELL_SIDE,M15,1.14123,2.4258244947621264,BULLISH,MODERATE_DISPLACEMENT,1.8338078025879712,,False,RANGE,NORMAL_VOLATILITY,18
H2,13059,13056,-1,2026-07-13 09:00:00+00:00,2026-07-13 10:00:00+00:00,1.13985,1.14098,1.14098,1.1375899999999999,-0.0011300000000000754,SL,5,0.000280000000000058,0.0011999999999998678,SWEEP_EXTREME,FIXED_RR,CONFIRMED,BUY_SIDE,M15,1.14065,1.1949521124478992,BEARISH,STRONG_DISPLACEMENT,2.012550926228335,,True,STRONG_DOWNTREND,NORMAL_VOLATILITY,9
H2,13059,13056,-1,2026-07-13 09:00:00+00:00,2026-07-13 10:00:00+00:00,1.13985,1.14098,1.14098,1.1375899999999999,-0.0011300000000000754,SL,5,0.000280000000000058,0.0011999999999998678,SWEEP_EXTREME,FIXED_RR,CONFIRMED,BUY_SIDE,M15,1.14056,1.1949521124478992,BEARISH,STRONG_DISPLACEMENT,2.012550926228335,,True,STRONG_DOWNTREND,NORMAL_VOLATILITY,9
H2,13087,13084,1,2026-07-13 16:00:00+00:00,2026-07-13 16:30:00+00:00,1.14309,1.1419899999999998,1.1419899999999998,1.1452900000000001,-0.001100000000000101,SL,3,0.0002500000000000835,0.0011399999999999189,SWEEP_EXTREME,FIXED_RR,CONFIRMED,SELL_SIDE,M15,1.14251,1.5874425364476012,NEUTRAL,MODERATE_DISPLACEMENT,1.325437457616118,,False,UPTREND,NORMAL_VOLATILITY,16
H2,13278,13275,1,2026-07-15 15:45:00+00:00,2026-07-15 20:30:00+00:00,1.14251,1.14563,1.14095,1.14563,0.0031200000000000117,TP,20,0.004590000000000094,0.00015999999999993797,SWEEP_EXTREME,FIXED_RR,CONFIRMED,SELL_SIDE,M15,1.14106,1.236930860438121,BEARISH,STRONG_DISPLACEMENT,2.8577368154946265,,False,RANGE,NORMAL_VOLATILITY,15
H2,13330,13327,-1,2026-07-16 04:45:00+00:00,2026-07-16 10:45:00+00:00,1.14669,1.14752,1.14752,1.1450299999999998,-0.0008300000000001084,SL,25,0.0006800000000000139,0.0009600000000000719,SWEEP_EXTREME,FIXED_RR,CONFIRMED,BUY_SIDE,M15,1.14741,1.6972635138551595,BULLISH,MODERATE_DISPLACEMENT,1.5614824327468675,,True,STRONG_UPTREND,LOW_VOLATILITY,4
H2,13374,13371,-1,2026-07-16 15:45:00+00:00,2026-07-17 15:30:00+00:00,1.14526,1.14269,1.1469500000000001,1.1418799999999996,0.002569999999999961,TIME,96,0.002809999999999979,0.0006699999999999484,SWEEP_EXTREME,FIXED_RR,CONFIRMED,BUY_SIDE,M15,1.14685,2.509093981840327,BEARISH,STRONG_DISPLACEMENT,3.2060645323516517,,True,STRONG_UPTREND,NORMAL_VOLATILITY,15
H2,13442,13439,1,2026-07-17 08:45:00+00:00,2026-07-17 13:15:00+00:00,1.14417,1.1434,1.1434,1.1457099999999998,-0.0007699999999999374,SL,19,0.001060000000000061,0.0010499999999999954,SWEEP_EXTREME,FIXED_RR,CONFIRMED,SELL_SIDE,M15,1.14358,1.140139924186169,NEUTRAL,MODERATE_DISPLACEMENT,1.8052215466283938,,False,DOWNTREND,LOW_VOLATILITY,8
H2,13466,13463,1,2026-07-17 14:45:00+00:00,2026-07-17 15:45:00+00:00,1.14334,1.1425699999999999,1.1425699999999999,1.1448800000000003,-0.0007700000000001594,SL,5,0.00021000000000004349,0.0008500000000000174,SWEEP_EXTREME,FIXED_RR,CONFIRMED,SELL_SIDE,M15,1.14302,1.438557224403964,NEUTRAL,MODERATE_DISPLACEMENT,1.3372503776151867,,False,DOWNTREND,NORMAL_VOLATILITY,14
H2,13476,13473,1,2026-07-17 17:15:00+00:00,2026-07-20 02:15:00+00:00,1.14364,1.1423899999999998,1.1423899999999998,1.1461400000000004,-0.0012500000000001954,SL,37,0.0008200000000000429,0.0012699999999998823,SWEEP_EXTREME,FIXED_RR,CONFIRMED,SELL_SIDE,M15,1.14245,1.0420715452100773,BEARISH,STRONG_DISPLACEMENT,2.103089845787312,,False,STRONG_DOWNTREND,NORMAL_VOLATILITY,17
H2,13549,13546,-1,2026-07-20 11:30:00+00:00,2026-07-20 17:00:00+00:00,1.14381,1.1413899999999997,1.1450200000000001,1.1413899999999997,0.002420000000000311,TP,23,0.002610000000000001,0.000560000000000116,SWEEP_EXTREME,FIXED_RR,CONFIRMED,BUY_SIDE,M15,1.14452,1.9550980041684245,BULLISH,STRONG_DISPLACEMENT,2.474807600213258,,True,RANGE,LOW_VOLATILITY,11
H2,13565,13562,-1,2026-07-20 15:30:00+00:00,2026-07-21 15:15:00+00:00,1.14192,1.14158,1.1441000000000001,1.13756,0.00034000000000000696,TIME,96,0.0016800000000001258,0.0009500000000000064,SWEEP_EXTREME,FIXED_RR,CONFIRMED,BUY_SIDE,M15,1.14363,1.5533415732500286,NEUTRAL,STRONG_DISPLACEMENT,3.4518701627776815,,True,DOWNTREND,NORMAL_VOLATILITY,15
H2,13668,13665,1,2026-07-21 17:15:00+00:00,2026-07-21 17:30:00+00:00,1.1419,1.1408999999999998,1.1408999999999998,1.1439000000000001,-0.001000000000000112,SL,2,0.0,0.0015299999999998093,SWEEP_EXTREME,FIXED_RR,CONFIRMED,SELL_SIDE,M15,1.14133,1.6557994022788942,BEARISH,MODERATE_DISPLACEMENT,1.885771541483743,,False,DOWNTREND,NORMAL_VOLATILITY,17
H2,13717,13714,1,2026-07-22 05:30:00+00:00,2026-07-23 05:15:00+00:00,1.14079,1.14204,1.13981,1.14275,0.0012499999999999734,TIME,96,0.0013900000000000023,0.0007500000000000284,SWEEP_EXTREME,FIXED_RR,CONFIRMED,SELL_SIDE,M15,1.14016,1.698620244777781,BULLISH,STRONG_DISPLACEMENT,2.2114112620697775,,False,STRONG_DOWNTREND,LOW_VOLATILITY,5
H2,13801,13798,1,2026-07-23 02:30:00+00:00,2026-07-23 04:00:00+00:00,1.14101,1.1419500000000005,1.1405399999999999,1.1419500000000005,0.000940000000000385,TP,7,0.0010399999999999299,4.0000000000040004e-05,SWEEP_EXTREME,FIXED_RR,CONFIRMED,SELL_SIDE,M15,1.14069,0.7852497706819308,BULLISH,MODERATE_DISPLACEMENT,1.2105933964678253,,False,DOWNTREND,LOW_VOLATILITY,2
H2,13913,13910,-1,2026-07-24 06:30:00+00:00,2026-07-24 10:00:00+00:00,1.13791,1.1388200000000002,1.1388200000000002,1.1360899999999996,-0.0009100000000001884,SL,15,0.00026999999999999247,0.0016899999999999693,SWEEP_EXTREME,FIXED_RR,CONFIRMED,BUY_SIDE,M15,1.13873,0.9773222367951205,BULLISH,MODERATE_DISPLACEMENT,1.5637155788721928,,True,STRONG_DOWNTREND,LOW_VOLATILITY,6
H2,13926,13923,1,2026-07-24 09:45:00+00:00,2026-07-24 10:15:00+00:00,1.13838,1.13996,1.1375899999999999,1.13996,0.0015800000000001369,TP,3,0.0015899999999999803,7.00000000000145e-05,SWEEP_EXTREME,FIXED_RR,CONFIRMED,SELL_SIDE,M15,1.13765,1.520403909286852,BEARISH,MODERATE_DISPLACEMENT,1.78871048151371,,False,STRONG_DOWNTREND,LOW_VOLATILITY,9
H2,13985,13982,1,2026-07-27 00:30:00+00:00,2026-07-28 00:00:00+00:00,1.13916,1.13668,1.13668,1.14412,-0.0024800000000000377,SL,95,0.002690000000000081,0.0025100000000000122,SWEEP_EXTREME,FIXED_RR,CONFIRMED,SELL_SIDE,M15,1.1368,0.5643460348638295,BULLISH,STRONG_DISPLACEMENT,6.18093276279296,,False,RANGE,NORMAL_VOLATILITY,0
H2,14109,14106,-1,2026-07-28 07:30:00+00:00,2026-07-28 17:45:00+00:00,1.13708,1.1380800000000002,1.1380800000000002,1.1350799999999999,-0.001000000000000112,SL,42,0.0017500000000001403,0.0015799999999999148,SWEEP_EXTREME,FIXED_RR,CONFIRMED,BUY_SIDE,M15,1.13788,1.390062476215706,BULLISH,MODERATE_DISPLACEMENT,1.5970930577790488,,True,STRONG_DOWNTREND,LOW_VOLATILITY,7
H2,14126,14123,1,2026-07-28 11:45:00+00:00,2026-07-28 12:30:00+00:00,1.13713,1.13627,1.13627,1.1388500000000001,-0.0008600000000000829,SL,4,0.0001900000000001345,0.0008999999999999009,SWEEP_EXTREME,FIXED_RR,CONFIRMED,SELL_SIDE,M15,1.13669,1.523702078126453,NEUTRAL,MODERATE_DISPLACEMENT,1.6236169684955006,,False,STRONG_DOWNTREND,LOW_VOLATILITY,11
H2,14160,14157,-1,2026-07-28 20:15:00+00:00,2026-07-29 20:00:00+00:00,1.13943,1.13898,1.1405800000000001,1.1371299999999995,0.0004499999999998394,TIME,96,0.0019700000000000273,0.0009500000000000064,SWEEP_EXTREME,FIXED_RR,CONFIRMED,BUY_SIDE,M15,1.14035,0.6214026424243247,NEUTRAL,MODERATE_DISPLACEMENT,1.8819622884848162,,True,UPTREND,NORMAL_VOLATILITY,20
H2,14218,14215,1,2026-07-29 10:45:00+00:00,2026-07-29 13:15:00+00:00,1.13976,1.1389399999999998,1.1389399999999998,1.1414000000000006,-0.000820000000000265,SL,11,0.00035999999999991594,0.0010700000000001264,SWEEP_EXTREME,FIXED_RR,CONFIRMED,SELL_SIDE,M15,1.13924,1.1201972020581392,BULLISH,MODERATE_DISPLACEMENT,1.4002465025728152,,False,STRONG_UPTREND,LOW_VOLATILITY,10
H2,14256,14253,1,2026-07-29 20:15:00+00:00,2026-07-29 21:00:00+00:00,1.13897,1.1416700000000004,1.1376199999999999,1.1416700000000004,0.0027000000000003688,TP,4,0.004089999999999927,9.000000000014552e-05,SWEEP_EXTREME,FIXED_RR,CONFIRMED,SELL_SIDE,M15,1.13778,1.0997184761715206,BULLISH,MODERATE_DISPLACEMENT,1.3521128805388074,,False,RANGE,NORMAL_VOLATILITY,20
H2,14308,14305,-1,2026-07-30 09:15:00+00:00,2026-07-30 12:00:00+00:00,1.14448,1.1457300000000001,1.1457300000000001,1.1419799999999996,-0.0012500000000001954,SL,12,0.0010499999999999954,0.0013700000000000934,SWEEP_EXTREME,FIXED_RR,CONFIRMED,BUY_SIDE,M15,1.14554,0.6195328997943325,NEUTRAL,STRONG_DISPLACEMENT,2.5734443529924937,,False,STRONG_UPTREND,LOW_VOLATILITY,9
H2,14329,14326,-1,2026-07-30 14:30:00+00:00,2026-07-30 16:30:00+00:00,1.14678,1.1484800000000002,1.1484800000000002,1.1433799999999994,-0.0017000000000002569,SL,9,0.00027999999999983594,0.003589999999999982,SWEEP_EXTREME,FIXED_RR,CONFIRMED,BUY_SIDE,H4,1.14827,1.664587486411804,BEARISH,MODERATE_DISPLACEMENT,1.7317079495734067,,False,STRONG_UPTREND,NORMAL_VOLATILITY,14
H2,14343,14340,-1,2026-07-30 18:00:00+00:00,2026-07-31 17:45:00+00:00,1.15029,1.15046,1.1537700000000002,1.1433299999999997,-0.00017000000000000348,TIME,96,0.004769999999999941,0.003290000000000015,SWEEP_EXTREME,FIXED_RR,CONFIRMED,BUY_SIDE,H4,1.15284,1.7840639123855229,NEUTRAL,STRONG_DISPLACEMENT,2.273096659942955,,False,STRONG_UPTREND,HIGH_VOLATILITY,18
H2,14418,14415,-1,2026-07-31 12:45:00+00:00,2026-07-31 16:30:00+00:00,1.15035,1.1456699999999995,1.1526900000000002,1.1456699999999995,0.004680000000000462,TP,16,0.00482999999999989,0.0005900000000000905,SWEEP_EXTREME,FIXED_RR,CONFIRMED,BUY_SIDE,M15,1.1525,2.4753587045405583,BULLISH,STRONG_DISPLACEMENT,2.574942100700252,,False,STRONG_UPTREND,NORMAL_VOLATILITY,12
H2,14526,14523,-1,2026-08-03 15:45:00+00:00,2026-08-03 16:00:00+00:00,1.15245,1.15331,1.15331,1.1507299999999998,-0.0008600000000000829,SL,2,0.00018999999999991246,0.0009200000000000319,SWEEP_EXTREME,FIXED_RR,CONFIRMED,BUY_SIDE,M15,1.15269,1.2548221257549663,BEARISH,MODERATE_DISPLACEMENT,1.4366804048503103,,False,STRONG_UPTREND,NORMAL_VOLATILITY,15
H2,14526,14523,-1,2026-08-03 15:45:00+00:00,2026-08-03 16:00:00+00:00,1.15245,1.15331,1.15331,1.1507299999999998,-0.0008600000000000829,SL,2,0.00018999999999991246,0.0009200000000000319,SWEEP_EXTREME,FIXED_RR,CONFIRMED,BUY_SIDE,M15,1.15304,1.2548221257549663,BEARISH,MODERATE_DISPLACEMENT,1.4366804048503103,,False,STRONG_UPTREND,NORMAL_VOLATILITY,15
H2,14526,14523,-1,2026-08-03 15:45:00+00:00,2026-08-03 16:00:00+00:00,1.15245,1.15331,1.15331,1.1507299999999998,-0.0008600000000000829,SL,2,0.00018999999999991246,0.0009200000000000319,SWEEP_EXTREME,FIXED_RR,CONFIRMED,BUY_SIDE,M15,1.15323,1.2548221257549663,BEARISH,MODERATE_DISPLACEMENT,1.4366804048503103,,False,STRONG_UPTREND,NORMAL_VOLATILITY,15
H2,14533,14530,-1,2026-08-03 17:30:00+00:00,2026-08-04 17:15:00+00:00,1.15151,1.15269,1.15358,1.14737,-0.0011799999999999589,TIME,96,0.0014700000000000824,0.0015799999999999148,SWEEP_EXTREME,FIXED_RR,CONFIRMED,BUY_SIDE,M15,1.15352,1.6275793476431604,BULLISH,STRONG_DISPLACEMENT,2.0221440379809072,,False,STRONG_UPTREND,NORMAL_VOLATILITY,17
H2,14574,14571,1,2026-08-04 03:45:00+00:00,2026-08-04 03:45:00+00:00,1.15126,1.15058,1.15058,1.15262,-0.0006800000000000139,SL,1,2.0000000000131024e-05,0.0007800000000000029,SWEEP_EXTREME,FIXED_RR,CONFIRMED,SELL_SIDE,M15,1.15065,0.5670494440016801,NEUTRAL,MODERATE_DISPLACEMENT,1.701148332005703,,True,RANGE,LOW_VOLATILITY,3
H2,14578,14575,1,2026-08-04 04:45:00+00:00,2026-08-04 08:45:00+00:00,1.15143,1.1504299999999998,1.1504299999999998,1.1534300000000002,-0.001000000000000112,SL,17,4.0000000000040004e-05,0.0010499999999999954,SWEEP_EXTREME,FIXED_RR,CONFIRMED,SELL_SIDE,M15,1.15062,2.0246398624371715,BEARISH,STRONG_DISPLACEMENT,2.176487852119243,,True,RANGE,LOW_VOLATILITY,4
H2,14601,14598,1,2026-08-04 10:30:00+00:00,2026-08-04 21:45:00+00:00,1.15126,1.1531400000000003,1.1503199999999998,1.1531400000000003,0.0018800000000003259,TP,46,0.0021299999999999653,0.0009200000000000319,SWEEP_EXTREME,FIXED_RR,CONFIRMED,SELL_SIDE,M15,1.15038,1.1824308629892706,BEARISH,STRONG_DISPLACEMENT,2.0564015008501113,,True,RANGE,LOW_VOLATILITY,10
H2,14627,14624,1,2026-08-04 17:00:00+00:00,2026-08-05 14:15:00+00:00,1.15237,1.15503,1.1510399999999998,1.15503,0.0026600000000001067,TP,86,0.00275000000000003,0.0010299999999998644,SWEEP_EXTREME,FIXED_RR,CONFIRMED,SELL_SIDE,M15,1.15134,0.820237033494042,NEUTRAL,STRONG_DISPLACEMENT,2.0319508329735476,,True,UPTREND,NORMAL_VOLATILITY,17
H2,14672,14669,-1,2026-08-05 04:15:00+00:00,2026-08-05 05:30:00+00:00,1.15303,1.1536000000000002,1.1536000000000002,1.1518899999999996,-0.0005700000000001815,SL,6,0.00035999999999991594,0.0010399999999999299,SWEEP_EXTREME,FIXED_RR,CONFIRMED,BUY_SIDE,M15,1.15353,1.0780686966756008,NEUTRAL,MODERATE_DISPLACEMENT,1.4823444579284837,,False,STRONG_UPTREND,LOW_VOLATILITY,4
H2,14679,14676,1,2026-08-05 06:00:00+00:00,2026-08-05 14:30:00+00:00,1.15348,1.1552000000000002,1.15262,1.1552000000000002,0.0017200000000001658,TP,35,0.0020499999999998852,0.00036999999999998145,SWEEP_EXTREME,FIXED_RR,CONFIRMED,SELL_SIDE,M15,1.15268,1.520731604013839,NEUTRAL,MODERATE_DISPLACEMENT,1.584095420848892,,True,STRONG_UPTREND,LOW_VOLATILITY,6
H2,14697,14694,-1,2026-08-05 10:30:00+00:00,2026-08-05 11:15:00+00:00,1.15341,1.1543,1.1543,1.15163,-0.0008900000000000574,SL,4,0.0,0.0009399999999999409,SWEEP_EXTREME,FIXED_RR,CONFIRMED,BUY_SIDE,M15,1.15407,2.5278699829760827,NEUTRAL,STRONG_DISPLACEMENT,2.022295986380866,,False,STRONG_UPTREND,LOW_VOLATILITY,10
H2,14697,14694,-1,2026-08-05 10:30:00+00:00,2026-08-05 11:15:00+00:00,1.15341,1.1543,1.1543,1.15163,-0.0008900000000000574,SL,4,0.0,0.0009399999999999409,SWEEP_EXTREME,FIXED_RR,CONFIRMED,BUY_SIDE,M15,1.15404,2.5278699829760827,NEUTRAL,STRONG_DISPLACEMENT,2.022295986380866,,False,STRONG_UPTREND,LOW_VOLATILITY,10
H2,14697,14694,-1,2026-08-05 10:30:00+00:00,2026-08-05 11:15:00+00:00,1.15341,1.1543,1.1543,1.15163,-0.0008900000000000574,SL,4,0.0,0.0009399999999999409,SWEEP_EXTREME,FIXED_RR,CONFIRMED,BUY_SIDE,M15,1.15382,2.5278699829760827,NEUTRAL,STRONG_DISPLACEMENT,2.022295986380866,,False,STRONG_UPTREND,LOW_VOLATILITY,10
H2,14720,14717,-1,2026-08-05 16:15:00+00:00,2026-08-05 21:00:00+00:00,1.15461,1.15578,1.15578,1.1522699999999997,-0.0011700000000001154,SL,20,0.0006099999999999994,0.0012500000000001954,SWEEP_EXTREME,FIXED_RR,CONFIRMED,BUY_SIDE,M15,1.15562,1.0280275054066221,BULLISH,MODERATE_DISPLACEMENT,1.4579299167589426,,False,STRONG_UPTREND,NORMAL_VOLATILITY,16
H2,14720,14717,-1,2026-08-05 16:15:00+00:00,2026-08-05 21:00:00+00:00,1.15461,1.15578,1.15578,1.1522699999999997,-0.0011700000000001154,SL,20,0.0006099999999999994,0.0012500000000001954,SWEEP_EXTREME,FIXED_RR,CONFIRMED,BUY_SIDE,M15,1.15553,1.0280275054066221,BULLISH,MODERATE_DISPLACEMENT,1.4579299167589426,,False,STRONG_UPTREND,NORMAL_VOLATILITY,16
H2,14744,14741,-1,2026-08-05 22:15:00+00:00,2026-08-06 17:00:00+00:00,1.15512,1.1533399999999994,1.1560100000000002,1.1533399999999994,0.001780000000000559,TP,76,0.0018699999999998163,0.0008600000000000829,SWEEP_EXTREME,FIXED_RR,CONFIRMED,BUY_SIDE,H4,1.1559,0.9775053256633761,BEARISH,MODERATE_DISPLACEMENT,1.411952137068785,,False,STRONG_UPTREND,NORMAL_VOLATILITY,22
H2,14787,14784,1,2026-08-06 09:00:00+00:00,2026-08-06 09:30:00+00:00,1.15493,1.15441,1.15441,1.1559700000000002,-0.000520000000000076,SL,3,0.00022999999999995246,0.0006200000000000649,SWEEP_EXTREME,FIXED_RR,CONFIRMED,SELL_SIDE,M15,1.15468,1.5805125210178852,BEARISH,MODERATE_DISPLACEMENT,1.345117039164094,,True,STRONG_UPTREND,LOW_VOLATILITY,9
H2,15014,15011,1,2026-08-10 17:45:00+00:00,2026-08-10 20:15:00+00:00,1.15533,1.1543299999999999,1.1543299999999999,1.1573300000000002,-0.001000000000000112,SL,11,0.0002500000000000835,0.0012399999999999078,SWEEP_EXTREME,FIXED_RR,CONFIRMED,SELL_SIDE,M15,1.15453,1.6064791223843544,BEARISH,MODERATE_DISPLACEMENT,1.9006231870462005,,True,UPTREND,LOW_VOLATILITY,17
H2,15066,15063,1,2026-08-11 06:45:00+00:00,2026-08-11 09:15:00+00:00,1.15434,1.1538199999999998,1.1538199999999998,1.15538,-0.000520000000000076,SL,11,0.00021000000000004349,0.0008899999999998354,SWEEP_EXTREME,FIXED_RR,CONFIRMED,SELL_SIDE,M15,1.154,1.1432097572217235,NEUTRAL,MODERATE_DISPLACEMENT,1.2861109768737449,,True,DOWNTREND,LOW_VOLATILITY,6
H2,15099,15096,-1,2026-08-11 15:00:00+00:00,2026-08-11 15:45:00+00:00,1.15365,1.15442,1.15442,1.1521100000000002,-0.0007699999999999374,SL,4,0.00026999999999999247,0.0007800000000000029,SWEEP_EXTREME,FIXED_RR,CONFIRMED,BUY_SIDE,M15,1.15435,2.4445687493364945,NEUTRAL,MODERATE_DISPLACEMENT,1.4348555702629815,,False,STRONG_DOWNTREND,LOW_VOLATILITY,15
H2,15099,15096,-1,2026-08-11 15:00:00+00:00,2026-08-11 15:45:00+00:00,1.15365,1.15442,1.15442,1.1521100000000002,-0.0007699999999999374,SL,4,0.00026999999999999247,0.0007800000000000029,SWEEP_EXTREME,FIXED_RR,CONFIRMED,BUY_SIDE,M15,1.15402,2.4445687493364945,NEUTRAL,MODERATE_DISPLACEMENT,1.4348555702629815,,False,STRONG_DOWNTREND,LOW_VOLATILITY,15
H2,15099,15096,-1,2026-08-11 15:00:00+00:00,2026-08-11 15:45:00+00:00,1.15365,1.15442,1.15442,1.1521100000000002,-0.0007699999999999374,SL,4,0.00026999999999999247,0.0007800000000000029,SWEEP_EXTREME,FIXED_RR,CONFIRMED,BUY_SIDE,M15,1.15388,2.4445687493364945,NEUTRAL,MODERATE_DISPLACEMENT,1.4348555702629815,,False,STRONG_DOWNTREND,LOW_VOLATILITY,15
H2,15187,15184,-1,2026-08-12 13:00:00+00:00,2026-08-12 14:45:00+00:00,1.1536,1.1541800000000002,1.1541800000000002,1.1524399999999995,-0.000580000000000247,SL,8,0.00035999999999991594,0.0009700000000001374,SWEEP_EXTREME,FIXED_RR,CONFIRMED,BUY_SIDE,M15,1.15405,1.6068573033419655,BULLISH,MODERATE_DISPLACEMENT,1.8568128838618445,,False,DOWNTREND,LOW_VOLATILITY,13
H2,15187,15184,-1,2026-08-12 13:00:00+00:00,2026-08-12 14:45:00+00:00,1.1536,1.1541800000000002,1.1541800000000002,1.1524399999999995,-0.000580000000000247,SL,8,0.00035999999999991594,0.0009700000000001374,SWEEP_EXTREME,FIXED_RR,CONFIRMED,BUY_SIDE,M15,1.15402,1.6068573033419655,BULLISH,MODERATE_DISPLACEMENT,1.8568128838618445,,False,DOWNTREND,LOW_VOLATILITY,13
H2,15188,15185,-1,2026-08-12 13:15:00+00:00,2026-08-12 15:30:00+00:00,1.15363,1.1550500000000001,1.1550500000000001,1.1507899999999995,-0.0014200000000001989,SL,10,0.00038999999999989043,0.0026800000000000157,SWEEP_EXTREME,FIXED_RR,CONFIRMED,BUY_SIDE,H4,1.15485,2.993102348626227,BULLISH,STRONG_DISPLACEMENT,2.0256349228073978,,False,DOWNTREND,LOW_VOLATILITY,13
H2,15188,15185,-1,2026-08-12 13:15:00+00:00,2026-08-12 15:30:00+00:00,1.15363,1.1550500000000001,1.1550500000000001,1.1507899999999995,-0.0014200000000001989,SL,10,0.00038999999999989043,0.0026800000000000157,SWEEP_EXTREME,FIXED_RR,CONFIRMED,BUY_SIDE,M15,1.15499,2.993102348626227,BULLISH,STRONG_DISPLACEMENT,2.0256349228073978,,False,DOWNTREND,LOW_VOLATILITY,13
H2,15188,15185,-1,2026-08-12 13:15:00+00:00,2026-08-12 15:30:00+00:00,1.15363,1.1550500000000001,1.1550500000000001,1.1507899999999995,-0.0014200000000001989,SL,10,0.00038999999999989043,0.0026800000000000157,SWEEP_EXTREME,FIXED_RR,CONFIRMED,BUY_SIDE,M15,1.15448,2.993102348626227,BULLISH,STRONG_DISPLACEMENT,2.0256349228073978,,False,DOWNTREND,LOW_VOLATILITY,13
H2,15194,15191,1,2026-08-12 14:45:00+00:00,2026-08-12 15:30:00+00:00,1.15406,1.1558000000000004,1.15319,1.1558000000000004,0.0017400000000002969,TP,4,0.0022499999999998632,0.0007800000000000029,SWEEP_EXTREME,FIXED_RR,CONFIRMED,SELL_SIDE,M15,1.15346,1.5568156178100552,BULLISH,MODERATE_DISPLACEMENT,1.5031323206444378,,True,DOWNTREND,LOW_VOLATILITY,14
H2,15298,15295,-1,2026-08-13 16:45:00+00:00,2026-08-13 17:15:00+00:00,1.15341,1.1545,1.1545,1.15123,-0.0010900000000000354,SL,3,0.0003500000000000725,0.0011499999999999844,SWEEP_EXTREME,FIXED_RR,CONFIRMED,BUY_SIDE,M15,1.15388,2.998668913387969,BULLISH,STRONG_DISPLACEMENT,2.2320918979354207,,False,RANGE,NORMAL_VOLATILITY,16
H2,15472,15469,-1,2026-08-17 12:15:00+00:00,2026-08-18 09:00:00+00:00,1.15987,1.1567099999999997,1.16145,1.1567099999999997,0.0031600000000002737,TP,84,0.003169999999999895,0.00036999999999998145,SWEEP_EXTREME,FIXED_RR,CONFIRMED,BUY_SIDE,M15,1.1612,1.7051868394728211,BULLISH,STRONG_DISPLACEMENT,3.322928199998231,,False,STRONG_UPTREND,NORMAL_VOLATILITY,12
H2,15513,15510,1,2026-08-17 22:30:00+00:00,2026-08-18 07:00:00+00:00,1.15789,1.1570399999999998,1.1570399999999998,1.1595900000000006,-0.0008500000000002395,SL,35,0.0006999999999999229,0.0008600000000000829,SWEEP_EXTREME,FIXED_RR,CONFIRMED,SELL_SIDE,M15,1.15726,0.7076120712074054,BEARISH,MODERATE_DISPLACEMENT,1.3747891669169883,,True,STRONG_UPTREND,LOW_VOLATILITY,22
H2,15539,15536,-1,2026-08-18 05:00:00+00:00,2026-08-18 17:00:00+00:00,1.15796,1.15863,1.15863,1.1566200000000002,-0.0006699999999999484,SL,49,0.0013000000000000789,0.0007399999999999629,SWEEP_EXTREME,FIXED_RR,CONFIRMED,BUY_SIDE,M15,1.15849,1.4265492977610728,NEUTRAL,MODERATE_DISPLACEMENT,1.7752613483251878,,False,STRONG_UPTREND,LOW_VOLATILITY,5
H2,15580,15577,1,2026-08-18 15:15:00+00:00,2026-08-18 15:30:00+00:00,1.15776,1.1572099999999998,1.1572099999999998,1.15886,-0.0005500000000000504,SL,2,0.00017000000000000348,0.0005999999999999339,SWEEP_EXTREME,FIXED_RR,CONFIRMED,SELL_SIDE,M15,1.15739,0.7401911047123104,BULLISH,MODERATE_DISPLACEMENT,1.3095688775669128,,True,UPTREND,LOW_VOLATILITY,15
H2,15613,15610,-1,2026-08-18 23:30:00+00:00,2026-08-19 03:00:00+00:00,1.15731,1.1581400000000002,1.1581400000000002,1.1556499999999998,-0.0008300000000001084,SL,15,2.999999999997449e-05,0.0008599999999998609,SWEEP_EXTREME,FIXED_RR,CONFIRMED,BUY_SIDE,M15,1.15788,1.2599715835630678,NEUTRAL,MODERATE_DISPLACEMENT,1.5280506438956227,,False,RANGE,LOW_VOLATILITY,23
H2,15629,15626,1,2026-08-19 03:30:00+00:00,2026-08-19 04:00:00+00:00,1.15793,1.15729,1.15729,1.1592099999999999,-0.0006399999999999739,SL,3,4.0000000000040004e-05,0.0007899999999998464,SWEEP_EXTREME,FIXED_RR,CONFIRMED,SELL_SIDE,M15,1.15736,0.8487218038283108,BULLISH,MODERATE_DISPLACEMENT,1.955750243604475,,True,RANGE,LOW_VOLATILITY,3
H2,15631,15628,-1,2026-08-19 04:00:00+00:00,2026-08-19 05:15:00+00:00,1.15742,1.15822,1.15822,1.1558199999999996,-0.0008000000000001339,SL,6,0.0004099999999997994,0.0011100000000001664,SWEEP_EXTREME,FIXED_RR,CONFIRMED,BUY_SIDE,M15,1.15809,2.1860630915114596,NEUTRAL,STRONG_DISPLACEMENT,2.118799611772933,,False,RANGE,LOW_VOLATILITY,4
H2,15631,15628,-1,2026-08-19 04:00:00+00:00,2026-08-19 05:15:00+00:00,1.15742,1.15822,1.15822,1.1558199999999996,-0.0008000000000001339,SL,6,0.0004099999999997994,0.0011100000000001664,SWEEP_EXTREME,FIXED_RR,CONFIRMED,BUY_SIDE,M15,1.15783,2.1860630915114596,NEUTRAL,STRONG_DISPLACEMENT,2.118799611772933,,False,RANGE,LOW_VOLATILITY,4
H2,15635,15632,1,2026-08-19 05:00:00+00:00,2026-08-19 09:00:00+00:00,1.15771,1.1589500000000001,1.15709,1.1589500000000001,0.0012400000000001299,TP,17,0.0014399999999998858,5.999999999994898e-05,SWEEP_EXTREME,FIXED_RR,CONFIRMED,SELL_SIDE,M15,1.15718,0.9957123564895668,NEUTRAL,MODERATE_DISPLACEMENT,1.4935685347350411,,True,RANGE,LOW_VOLATILITY,5
H2,15635,15632,1,2026-08-19 05:00:00+00:00,2026-08-19 09:00:00+00:00,1.15771,1.1589500000000001,1.15709,1.1589500000000001,0.0012400000000001299,TP,17,0.0014399999999998858,5.999999999994898e-05,SWEEP_EXTREME,FIXED_RR,CONFIRMED,SELL_SIDE,M15,1.15734,0.9957123564895668,NEUTRAL,MODERATE_DISPLACEMENT,1.4935685347350411,,True,RANGE,LOW_VOLATILITY,5
H2,15636,15633,1,2026-08-19 05:15:00+00:00,2026-08-19 09:15:00+00:00,1.15791,1.15981,1.15696,1.15981,0.0019000000000000128,TP,17,0.0019599999999999618,0.00015999999999993797,SWEEP_EXTREME,FIXED_RR,CONFIRMED,SELL_SIDE,M15,1.15707,1.1952941130773393,NEUTRAL,MODERATE_DISPLACEMENT,1.6856711851096964,,True,RANGE,LOW_VOLATILITY,5
H2,15743,15740,-1,2026-08-20 08:00:00+00:00,2026-08-20 09:45:00+00:00,1.16729,1.16808,1.16808,1.1657099999999998,-0.0007900000000000684,SL,8,0.00026999999999999247,0.0015500000000001624,SWEEP_EXTREME,FIXED_RR,CONFIRMED,BUY_SIDE,M15,1.16802,0.4696616158459287,NEUTRAL,MODERATE_DISPLACEMENT,1.502917170707076,,False,STRONG_UPTREND,LOW_VOLATILITY,8
H2,15767,15764,-1,2026-08-20 14:00:00+00:00,2026-08-21 12:00:00+00:00,1.16971,1.17111,1.17111,1.16691,-0.0014000000000000679,SL,89,0.00279000000000007,0.0014399999999998858,SWEEP_EXTREME,FIXED_RR,CONFIRMED,BUY_SIDE,M15,1.17097,1.0661548244471049,BULLISH,MODERATE_DISPLACEMENT,1.776924707411961,,False,STRONG_UPTREND,NORMAL_VOLATILITY,14
H2,15845,15842,-1,2026-08-21 09:30:00+00:00,2026-08-21 09:45:00+00:00,1.1692,1.16972,1.16972,1.1681599999999999,-0.000520000000000076,SL,2,1.999999999990898e-05,0.0006099999999999994,SWEEP_EXTREME,FIXED_RR,CONFIRMED,BUY_SIDE,M15,1.16954,1.8668223270530406,BEARISH,MODERATE_DISPLACEMENT,1.3498561441766472,,False,STRONG_UPTREND,LOW_VOLATILITY,9
H2,15851,15848,-1,2026-08-21 11:00:00+00:00,2026-08-21 11:30:00+00:00,1.16907,1.17009,1.17009,1.16703,-0.0010200000000000209,SL,3,0.00016000000000016001,0.0014300000000000423,SWEEP_EXTREME,FIXED_RR,CONFIRMED,BUY_SIDE,M15,1.16994,1.4554509751744409,NEUTRAL,MODERATE_DISPLACEMENT,1.4315911231222447,,False,STRONG_UPTREND,LOW_VOLATILITY,11
H2,15853,15850,1,2026-08-21 11:30:00+00:00,2026-08-21 12:00:00+00:00,1.16957,1.1709700000000003,1.1688699999999999,1.1709700000000003,0.00140000000000029,TP,3,0.0015799999999999148,8.000000000008001e-05,SWEEP_EXTREME,FIXED_RR,CONFIRMED,SELL_SIDE,M15,1.16902,1.5757660670869094,NEUTRAL,MODERATE_DISPLACEMENT,1.2519785190552015,,True,STRONG_UPTREND,LOW_VOLATILITY,11
H2,15859,15856,-1,2026-08-21 13:00:00+00:00,2026-08-21 17:00:00+00:00,1.17003,1.1676899999999997,1.1712,1.1676899999999997,0.002340000000000231,TP,17,0.0023699999999999832,0.0010499999999999954,SWEEP_EXTREME,FIXED_RR,CONFIRMED,BUY_SIDE,H4,1.17106,1.6679924981216554,NEUTRAL,MODERATE_DISPLACEMENT,1.7050589980801611,,False,STRONG_UPTREND,NORMAL_VOLATILITY,13
H2,16039,16036,-1,2026-08-25 10:00:00+00:00,2026-08-25 10:00:00+00:00,1.16527,1.16579,1.16579,1.1642299999999999,-0.000520000000000076,SL,1,1.0000000000065512e-05,0.0006599999999998829,SWEEP_EXTREME,FIXED_RR,CONFIRMED,BUY_SIDE,M15,1.16568,1.598601702132909,BEARISH,MODERATE_DISPLACEMENT,1.7101320534444306,,False,STRONG_DOWNTREND,LOW_VOLATILITY,10
H2,16093,16090,1,2026-08-25 23:30:00+00:00,2026-08-26 05:15:00+00:00,1.16766,1.16682,1.16682,1.1693399999999998,-0.0008399999999999519,SL,24,9.000000000014552e-05,0.0008399999999999519,SWEEP_EXTREME,FIXED_RR,CONFIRMED,SELL_SIDE,M15,1.1669,1.2777621942658481,NEUTRAL,MODERATE_DISPLACEMENT,1.635535608660399,,True,UPTREND,LOW_VOLATILITY,23
H2,16137,16134,1,2026-08-26 10:30:00+00:00,2026-08-26 15:45:00+00:00,1.16697,1.16593,1.16593,1.1690500000000004,-0.001040000000000152,SL,22,0.0007199999999998319,0.0014100000000001334,SWEEP_EXTREME,FIXED_RR,CONFIRMED,SELL_SIDE,M15,1.16605,1.4415286138345815,BEARISH,MODERATE_DISPLACEMENT,1.990682371485524,,True,RANGE,LOW_VOLATILITY,10
H2,16144,16141,-1,2026-08-26 12:15:00+00:00,2026-08-26 17:15:00+00:00,1.16665,1.16447,1.16774,1.16447,0.0021800000000000708,TP,21,0.002389999999999892,0.0008600000000000829,SWEEP_EXTREME,FIXED_RR,CONFIRMED,BUY_SIDE,M15,1.16756,0.8346366809941611,NEUTRAL,STRONG_DISPLACEMENT,3.1839843756447483,,False,DOWNTREND,LOW_VOLATILITY,12
H2,16158,16155,-1,2026-08-26 15:45:00+00:00,2026-08-26 17:00:00+00:00,1.16635,1.1650899999999997,1.1669800000000001,1.1650899999999997,0.001260000000000261,TP,6,0.0015499999999999403,0.00018999999999991246,SWEEP_EXTREME,FIXED_RR,CONFIRMED,BUY_SIDE,M15,1.16659,1.2090510054733603,BEARISH,MODERATE_DISPLACEMENT,1.504596806811399,,False,RANGE,LOW_VOLATILITY,15
H2,16159,16156,-1,2026-08-26 16:00:00+00:00,2026-08-27 15:45:00+00:00,1.16559,1.16411,1.16738,1.1620099999999995,0.0014799999999999258,TIME,96,0.0019499999999998963,0.000360000000000138,SWEEP_EXTREME,FIXED_RR,CONFIRMED,BUY_SIDE,M15,1.16693,1.3585877503183148,BEARISH,STRONG_DISPLACEMENT,4.38928350102809,,False,RANGE,LOW_VOLATILITY,16
H2,16309,16306,-1,2026-08-28 05:30:00+00:00,2026-08-28 17:00:00+00:00,1.16477,1.1655900000000001,1.1655900000000001,1.16313,-0.0008200000000000429,SL,47,0.003750000000000142,0.0011799999999999589,SWEEP_EXTREME,FIXED_RR,CONFIRMED,BUY_SIDE,M15,1.16549,1.269926946016729,BULLISH,STRONG_DISPLACEMENT,2.5821847902342974,,False,DOWNTREND,LOW_VOLATILITY,5
H2,16332,16329,1,2026-08-28 11:15:00+00:00,2026-08-28 12:30:00+00:00,1.16462,1.1641199999999998,1.1641199999999998,1.1656200000000003,-0.000500000000000167,SL,6,8.999999999992347e-05,0.0005900000000000905,SWEEP_EXTREME,FIXED_RR,CONFIRMED,SELL_SIDE,M15,1.16427,1.3873860071427897,BEARISH,MODERATE_DISPLACEMENT,1.422070657320801,,True,STRONG_DOWNTREND,LOW_VOLATILITY,11
H2,16343,16340,1,2026-08-28 14:00:00+00:00,2026-08-28 16:45:00+00:00,1.16491,1.1638799999999998,1.1638799999999998,1.16697,-0.0010300000000000864,SL,12,0.00013000000000018552,0.0011799999999999589,SWEEP_EXTREME,FIXED_RR,CONFIRMED,SELL_SIDE,M15,1.16396,0.9400989922844928,NEUTRAL,STRONG_DISPLACEMENT,2.7554625635906422,,True,STRONG_DOWNTREND,LOW_VOLATILITY,14
H2,16354,16351,-1,2026-08-28 16:45:00+00:00,2026-08-28 17:00:00+00:00,1.16413,1.1650900000000002,1.1650900000000002,1.16221,-0.0009600000000000719,SL,2,0.003110000000000168,0.0018199999999999328,SWEEP_EXTREME,FIXED_RR,CONFIRMED,BUY_SIDE,M15,1.16496,2.5973822940047464,BEARISH,STRONG_DISPLACEMENT,2.122591982196847,,False,STRONG_DOWNTREND,LOW_VOLATILITY,16
H2,16354,16351,-1,2026-08-28 16:45:00+00:00,2026-08-28 17:00:00+00:00,1.16413,1.1650900000000002,1.1650900000000002,1.16221,-0.0009600000000000719,SL,2,0.003110000000000168,0.0018199999999999328,SWEEP_EXTREME,FIXED_RR,CONFIRMED,BUY_SIDE,M15,1.16483,2.5973822940047464,BEARISH,STRONG_DISPLACEMENT,2.122591982196847,,False,STRONG_DOWNTREND,LOW_VOLATILITY,16
H2,16426,16423,1,2026-08-31 10:45:00+00:00,2026-09-01 00:00:00+00:00,1.1599,1.1617,1.1584299999999998,1.16284,0.0018000000000000238,TIME,54,0.0021800000000000708,0.0007399999999999629,SWEEP_EXTREME,FIXED_RR,CONFIRMED,SELL_SIDE,M15,1.15856,1.2926071433517936,BEARISH,STRONG_DISPLACEMENT,2.9011849217446124,,True,STRONG_DOWNTREND,LOW_VOLATILITY,10
H2,16449,16446,1,2026-08-31 16:30:00+00:00,2026-08-31 17:45:00+00:00,1.15999,1.1617500000000005,1.1591099999999999,1.1617500000000005,0.0017600000000004279,TP,6,0.0018299999999999983,0.0005399999999999849,SWEEP_EXTREME,FIXED_RR,CONFIRMED,SELL_SIDE,M15,1.1593,1.1889088560066885,BULLISH,MODERATE_DISPLACEMENT,1.3683667965356334,,True,STRONG_DOWNTREND,LOW_VOLATILITY,16
