hypothesis,signal_index,sweep_index,direction,entry_time,exit_time,entry,exit,sl,tp,pnl,reason,bars_held,mfe,mae,sl_mode,tp_mode,sweep_class,zone_type,zone_timeframe,zone_level,pierce_atr,sweep_trend_before,displacement,displacement_run_atr,structure_break,htf_aligned,regime,volatility,entry_hour
H7,33,30,-1,2026-01-02 08:30:00+00:00,2026-01-02 09:30:00+00:00,1.17435,1.17383,1.17581,1.17383,0.000520000000000076,TP,5,0.0011399999999999189,0.00034000000000000696,SWEEP_EXTREME,OPPOSITE_LIQUIDITY,CONFIRMED,BUY_SIDE,H4,1.17497,0.7958723041747158,NEUTRAL,STRONG_DISPLACEMENT,4.522001728267658,,False,RANGE,LOW_VOLATILITY,8
H7,33,30,-1,2026-01-02 08:30:00+00:00,2026-01-02 09:30:00+00:00,1.17435,1.17383,1.17581,1.17383,0.000520000000000076,TP,5,0.0011399999999999189,0.00034000000000000696,SWEEP_EXTREME,OPPOSITE_LIQUIDITY,CONFIRMED,BUY_SIDE,M15,1.17532,0.7958723041747158,NEUTRAL,STRONG_DISPLACEMENT,4.522001728267658,,False,RANGE,LOW_VOLATILITY,8
H7,51,48,1,2026-01-02 13:00:00+00:00,2026-01-02 17:15:00+00:00,1.17209,1.17372,1.1714699999999998,1.17372,0.0016300000000000203,TP,18,0.0016699999999998383,0.0005800000000000249,SWEEP_EXTREME,OPPOSITE_LIQUIDITY,CONFIRMED,SELL_SIDE,H4,1.17193,1.1709429010168817,BEARISH,MODERATE_DISPLACEMENT,0.9163900964478633,,False,RANGE,NORMAL_VOLATILITY,13
H7,51,48,1,2026-01-02 13:00:00+00:00,2026-01-02 17:15:00+00:00,1.17209,1.17372,1.1714699999999998,1.17372,0.0016300000000000203,TP,18,0.0016699999999998383,0.0005800000000000249,SWEEP_EXTREME,OPPOSITE_LIQUIDITY,CONFIRMED,SELL_SIDE,H4,1.17199,1.1709429010168817,BEARISH,MODERATE_DISPLACEMENT,0.9163900964478633,,False,RANGE,NORMAL_VOLATILITY,13
H7,87,84,1,2026-01-02 22:00:00+00:00,2026-01-02 22:00:00+00:00,1.17231,1.17236,1.1714,1.17236,5.0000000000105516e-05,TP,1,5.0000000000105516e-05,0.0007999999999999119,SWEEP_EXTREME,OPPOSITE_LIQUIDITY,CONFIRMED,SELL_SIDE,M15,1.17151,0.7545877858150669,BULLISH,MODERATE_DISPLACEMENT,1.0170531026206242,,False,RANGE,NORMAL_VOLATILITY,22
H7,226,223,1,2026-01-06 08:45:00+00:00,2026-01-06 08:45:00+00:00,1.17342,1.17369,1.1726599999999998,1.17369,0.00026999999999999247,TP,1,0.000280000000000058,9.999999999843467e-06,SWEEP_EXTREME,OPPOSITE_LIQUIDITY,CONFIRMED,SELL_SIDE,M15,1.17313,1.5094254589233456,BULLISH,STRONG_DISPLACEMENT,1.3633520274142337,,False,STRONG_UPTREND,LOW_VOLATILITY,8
H7,274,271,-1,2026-01-06 20:45:00+00:00,2026-01-06 21:00:00+00:00,1.16935,1.16857,1.17012,1.16857,0.0007799999999997809,TP,2,0.0009499999999997844,6.000000000017103e-05,SWEEP_EXTREME,OPPOSITE_LIQUIDITY,CONFIRMED,BUY_SIDE,M15,1.16982,0.7821358829883126,NEUTRAL,MODERATE_DISPLACEMENT,1.0096663216760284,,False,STRONG_DOWNTREND,NORMAL_VOLATILITY,20
H7,404,401,1,2026-01-08 05:15:00+00:00,2026-01-08 05:30:00+00:00,1.16803,1.16822,1.16719,1.16822,0.0001900000000001345,TP,2,0.0002300000000001745,2.999999999997449e-05,SWEEP_EXTREME,OPPOSITE_LIQUIDITY,CONFIRMED,SELL_SIDE,M15,1.16727,1.1413300999786082,NEUTRAL,STRONG_DISPLACEMENT,2.2090259999581217,,False,STRONG_DOWNTREND,LOW_VOLATILITY,5
H7,416,413,1,2026-01-08 08:15:00+00:00,2026-01-08 08:15:00+00:00,1.16811,1.16767,1.16767,1.16822,-0.00043999999999999595,SL,1,2.999999999997449e-05,0.0006399999999999739,SWEEP_EXTREME,OPPOSITE_LIQUIDITY,CONFIRMED,SELL_SIDE,M15,1.16777,0.9161522453894264,NEUTRAL,STRONG_DISPLACEMENT,1.314479308602259,,False,STRONG_DOWNTREND,LOW_VOLATILITY,8
H7,417,414,-1,2026-01-08 08:30:00+00:00,2026-01-08 10:00:00+00:00,1.16757,1.16748,1.1683100000000002,1.16748,8.999999999992347e-05,TP,7,0.00012999999999996348,0.0007099999999999884,SWEEP_EXTREME,OPPOSITE_LIQUIDITY,CONFIRMED,BUY_SIDE,M15,1.16809,1.7950397446661128,NEUTRAL,STRONG_DISPLACEMENT,2.1316096967906977,,False,STRONG_DOWNTREND,LOW_VOLATILITY,8
H7,418,415,-1,2026-01-08 08:45:00+00:00,2026-01-08 08:45:00+00:00,1.16797,1.16785,1.16832,1.16785,0.00011999999999989797,TP,1,0.00014999999999987246,0.0002900000000001235,SWEEP_EXTREME,OPPOSITE_LIQUIDITY,CONFIRMED,BUY_SIDE,M15,1.16826,1.0090100461868,BEARISH,MODERATE_DISPLACEMENT,0.9716393037360209,,False,STRONG_DOWNTREND,LOW_VOLATILITY,8
H7,420,417,1,2026-01-08 09:15:00+00:00,2026-01-08 09:15:00+00:00,1.16781,1.16809,1.16742,1.16809,0.000280000000000058,TP,1,0.00031999999999987594,7.00000000000145e-05,SWEEP_EXTREME,OPPOSITE_LIQUIDITY,CONFIRMED,SELL_SIDE,M15,1.16772,2.2151546441169367,BEARISH,MODERATE_DISPLACEMENT,0.8265502403424803,,False,STRONG_DOWNTREND,LOW_VOLATILITY,9
H7,545,542,-1,2026-01-09 16:30:00+00:00,2026-01-09 16:30:00+00:00,1.16381,1.16367,1.1661100000000002,1.16367,0.000140000000000029,TP,1,0.0005299999999999194,0.0006299999999999084,SWEEP_EXTREME,OPPOSITE_LIQUIDITY,CONFIRMED,BUY_SIDE,M15,1.1659,5.410222303241155,NEUTRAL,STRONG_DISPLACEMENT,2.8194116228155415,,False,STRONG_DOWNTREND,NORMAL_VOLATILITY,16
H7,545,542,-1,2026-01-09 16:30:00+00:00,2026-01-09 16:30:00+00:00,1.16381,1.16367,1.1661100000000002,1.16367,0.000140000000000029,TP,1,0.0005299999999999194,0.0006299999999999084,SWEEP_EXTREME,OPPOSITE_LIQUIDITY,CONFIRMED,BUY_SIDE,M15,1.16561,5.410222303241155,NEUTRAL,STRONG_DISPLACEMENT,2.8194116228155415,,False,STRONG_DOWNTREND,NORMAL_VOLATILITY,16
H7,545,542,-1,2026-01-09 16:30:00+00:00,2026-01-09 16:30:00+00:00,1.16381,1.16367,1.1661100000000002,1.16367,0.000140000000000029,TP,1,0.0005299999999999194,0.0006299999999999084,SWEEP_EXTREME,OPPOSITE_LIQUIDITY,CONFIRMED,BUY_SIDE,M15,1.1653,5.410222303241155,NEUTRAL,STRONG_DISPLACEMENT,2.8194116228155415,,False,STRONG_DOWNTREND,NORMAL_VOLATILITY,16
H7,545,542,-1,2026-01-09 16:30:00+00:00,2026-01-09 16:30:00+00:00,1.16381,1.16367,1.1661100000000002,1.16367,0.000140000000000029,TP,1,0.0005299999999999194,0.0006299999999999084,SWEEP_EXTREME,OPPOSITE_LIQUIDITY,CONFIRMED,BUY_SIDE,M15,1.16501,5.410222303241155,NEUTRAL,STRONG_DISPLACEMENT,2.8194116228155415,,False,STRONG_DOWNTREND,NORMAL_VOLATILITY,16
H7,545,542,-1,2026-01-09 16:30:00+00:00,2026-01-09 16:30:00+00:00,1.16381,1.16367,1.1661100000000002,1.16367,0.000140000000000029,TP,1,0.0005299999999999194,0.0006299999999999084,SWEEP_EXTREME,OPPOSITE_LIQUIDITY,CONFIRMED,BUY_SIDE,M15,1.16469,5.410222303241155,NEUTRAL,STRONG_DISPLACEMENT,2.8194116228155415,,False,STRONG_DOWNTREND,NORMAL_VOLATILITY,16
H7,545,542,-1,2026-01-09 16:30:00+00:00,2026-01-09 16:30:00+00:00,1.16381,1.16367,1.1661100000000002,1.16367,0.000140000000000029,TP,1,0.0005299999999999194,0.0006299999999999084,SWEEP_EXTREME,OPPOSITE_LIQUIDITY,CONFIRMED,BUY_SIDE,M15,1.16466,5.410222303241155,NEUTRAL,STRONG_DISPLACEMENT,2.8194116228155415,,False,STRONG_DOWNTREND,NORMAL_VOLATILITY,16
H7,551,548,1,2026-01-09 18:00:00+00:00,2026-01-12 02:30:00+00:00,1.16404,1.16466,1.1621199999999998,1.16466,0.0006200000000000649,TP,35,0.0018800000000001038,0.0019000000000000128,SWEEP_EXTREME,OPPOSITE_LIQUIDITY,CONFIRMED,SELL_SIDE,M15,1.16251,1.920355322134188,NEUTRAL,STRONG_DISPLACEMENT,1.636279091049149,,False,STRONG_DOWNTREND,HIGH_VOLATILITY,18
H7,590,587,-1,2026-01-12 03:45:00+00:00,2026-01-12 03:45:00+00:00,1.16581,1.16561,1.16653,1.16561,0.00019999999999997797,TP,1,0.00026999999999999247,7.00000000000145e-05,SWEEP_EXTREME,OPPOSITE_LIQUIDITY,CONFIRMED,BUY_SIDE,H4,1.16606,1.269884830223507,BEARISH,MODERATE_DISPLACEMENT,0.9091220943644325,,False,RANGE,NORMAL_VOLATILITY,3
H7,590,587,-1,2026-01-12 03:45:00+00:00,2026-01-12 03:45:00+00:00,1.16581,1.16561,1.16653,1.16561,0.00019999999999997797,TP,1,0.00026999999999999247,7.00000000000145e-05,SWEEP_EXTREME,OPPOSITE_LIQUIDITY,CONFIRMED,BUY_SIDE,M15,1.16623,1.269884830223507,BEARISH,MODERATE_DISPLACEMENT,0.9091220943644325,,False,RANGE,NORMAL_VOLATILITY,3
H7,590,587,-1,2026-01-12 03:45:00+00:00,2026-01-12 03:45:00+00:00,1.16581,1.16561,1.16653,1.16561,0.00019999999999997797,TP,1,0.00026999999999999247,7.00000000000145e-05,SWEEP_EXTREME,OPPOSITE_LIQUIDITY,CONFIRMED,BUY_SIDE,M15,1.16621,1.269884830223507,BEARISH,MODERATE_DISPLACEMENT,0.9091220943644325,,False,RANGE,NORMAL_VOLATILITY,3
H7,605,602,1,2026-01-12 07:30:00+00:00,2026-01-12 08:45:00+00:00,1.16656,1.16712,1.16523,1.16712,0.0005599999999998939,TP,6,0.0007200000000000539,0.00017000000000000348,SWEEP_EXTREME,OPPOSITE_LIQUIDITY,CONFIRMED,SELL_SIDE,M15,1.16537,0.5653422135030899,BEARISH,STRONG_DISPLACEMENT,2.2048346326625112,,False,UPTREND,NORMAL_VOLATILITY,7
H7,624,621,-1,2026-01-12 12:15:00+00:00,2026-01-12 12:15:00+00:00,1.1684,1.16823,1.16961,1.16823,0.00017000000000000348,TP,1,0.0008300000000001084,7.999999999985796e-05,SWEEP_EXTREME,OPPOSITE_LIQUIDITY,CONFIRMED,BUY_SIDE,M15,1.16947,0.9340432754464344,BULLISH,STRONG_DISPLACEMENT,1.634575732031017,,False,STRONG_UPTREND,NORMAL_VOLATILITY,12
H7,642,639,-1,2026-01-12 16:45:00+00:00,2026-01-12 16:45:00+00:00,1.16765,1.16757,1.1699000000000002,1.16757,8.000000000008001e-05,TP,1,0.00017000000000000348,0.00024999999999986144,SWEEP_EXTREME,OPPOSITE_LIQUIDITY,CONFIRMED,BUY_SIDE,M15,1.16956,1.0842866471950672,NEUTRAL,STRONG_DISPLACEMENT,2.2953080973085913,,False,STRONG_UPTREND,NORMAL_VOLATILITY,16
H7,736,733,1,2026-01-13 16:15:00+00:00,2026-01-13 16:15:00+00:00,1.16676,1.16686,1.16495,1.16686,9.999999999998899e-05,TP,1,0.00024000000000001798,0.000220000000000109,SWEEP_EXTREME,OPPOSITE_LIQUIDITY,CONFIRMED,SELL_SIDE,M15,1.16528,1.0854644766841546,NEUTRAL,STRONG_DISPLACEMENT,3.1130301972832615,,False,RANGE,NORMAL_VOLATILITY,16
H7,779,776,1,2026-01-14 03:00:00+00:00,2026-01-14 03:00:00+00:00,1.16429,1.16374,1.16374,1.16454,-0.0005500000000000504,SL,1,2.999999999997449e-05,0.000600000000000156,SWEEP_EXTREME,OPPOSITE_LIQUIDITY,CONFIRMED,SELL_SIDE,M15,1.16411,1.4998610720795789,BEARISH,STRONG_DISPLACEMENT,1.3528158689348038,,False,STRONG_DOWNTREND,LOW_VOLATILITY,3
H7,779,776,1,2026-01-14 03:00:00+00:00,2026-01-14 03:00:00+00:00,1.16429,1.16374,1.16374,1.16454,-0.0005500000000000504,SL,1,2.999999999997449e-05,0.000600000000000156,SWEEP_EXTREME,OPPOSITE_LIQUIDITY,CONFIRMED,SELL_SIDE,M15,1.16413,1.4998610720795789,BEARISH,STRONG_DISPLACEMENT,1.3528158689348038,,False,STRONG_DOWNTREND,LOW_VOLATILITY,3
H7,787,784,1,2026-01-14 05:00:00+00:00,2026-01-14 05:00:00+00:00,1.16434,1.16454,1.1635499999999999,1.16454,0.00019999999999997797,TP,1,0.00019999999999997797,0.0,SWEEP_EXTREME,OPPOSITE_LIQUIDITY,CONFIRMED,SELL_SIDE,M15,1.16367,1.0398337181141162,BEARISH,STRONG_DISPLACEMENT,1.8044173343740564,,False,STRONG_DOWNTREND,LOW_VOLATILITY,5
H7,793,790,-1,2026-01-14 06:30:00+00:00,2026-01-14 06:45:00+00:00,1.16448,1.16435,1.1648200000000002,1.16435,0.00012999999999996348,TP,2,0.000140000000000029,0.0001100000000000545,SWEEP_EXTREME,OPPOSITE_LIQUIDITY,CONFIRMED,BUY_SIDE,M15,1.16463,1.1026351669575045,BEARISH,MODERATE_DISPLACEMENT,0.9080524904357614,,False,STRONG_DOWNTREND,LOW_VOLATILITY,6
H7,812,809,1,2026-01-14 11:15:00+00:00,2026-01-14 11:15:00+00:00,1.16496,1.16501,1.16404,1.16501,5.0000000000105516e-05,TP,1,0.00015999999999993797,0.00035999999999991594,SWEEP_EXTREME,OPPOSITE_LIQUIDITY,CONFIRMED,SELL_SIDE,M15,1.16413,1.4505797802504896,BULLISH,STRONG_DISPLACEMENT,2.042653159945305,,False,STRONG_DOWNTREND,LOW_VOLATILITY,11
H7,812,809,1,2026-01-14 11:15:00+00:00,2026-01-14 11:15:00+00:00,1.16496,1.16501,1.16404,1.16501,5.0000000000105516e-05,TP,1,0.00015999999999993797,0.00035999999999991594,SWEEP_EXTREME,OPPOSITE_LIQUIDITY,CONFIRMED,SELL_SIDE,M15,1.16444,1.4505797802504896,BULLISH,STRONG_DISPLACEMENT,2.042653159945305,,False,STRONG_DOWNTREND,LOW_VOLATILITY,11
H7,830,827,-1,2026-01-14 15:45:00+00:00,2026-01-14 15:45:00+00:00,1.16527,1.16517,1.1660400000000002,1.16517,9.999999999998899e-05,TP,1,0.0007500000000000284,8.999999999992347e-05,SWEEP_EXTREME,OPPOSITE_LIQUIDITY,CONFIRMED,BUY_SIDE,M15,1.16578,2.855301749946981,BEARISH,STRONG_DISPLACEMENT,1.3777330122122973,,False,DOWNTREND,NORMAL_VOLATILITY,15
H7,830,827,-1,2026-01-14 15:45:00+00:00,2026-01-14 15:45:00+00:00,1.16527,1.16517,1.1660400000000002,1.16517,9.999999999998899e-05,TP,1,0.0007500000000000284,8.999999999992347e-05,SWEEP_EXTREME,OPPOSITE_LIQUIDITY,CONFIRMED,BUY_SIDE,M15,1.16536,2.855301749946981,BEARISH,STRONG_DISPLACEMENT,1.3777330122122973,,False,DOWNTREND,NORMAL_VOLATILITY,15
H7,857,854,1,2026-01-14 22:30:00+00:00,2026-01-14 22:30:00+00:00,1.16437,1.16454,1.1635099999999998,1.16454,0.00017000000000000348,TP,1,0.0003500000000000725,7.00000000000145e-05,SWEEP_EXTREME,OPPOSITE_LIQUIDITY,CONFIRMED,SELL_SIDE,H4,1.1636,0.721575405330394,NEUTRAL,MODERATE_DISPLACEMENT,1.1884771381909878,,False,DOWNTREND,LOW_VOLATILITY,22
H7,970,967,-1,2026-01-16 02:45:00+00:00,2026-01-16 02:45:00+00:00,1.16054,1.16034,1.1610500000000001,1.16034,0.00019999999999997797,TP,1,0.00028999999999990145,2.0000000000131024e-05,SWEEP_EXTREME,OPPOSITE_LIQUIDITY,CONFIRMED,BUY_SIDE,M15,1.16094,0.7934969888435407,NEUTRAL,MODERATE_DISPLACEMENT,1.0376499084880197,,False,STRONG_DOWNTREND,LOW_VOLATILITY,2
H7,997,994,1,2026-01-16 09:30:00+00:00,2026-01-16 09:45:00+00:00,1.16124,1.16135,1.1604199999999998,1.16135,0.0001100000000000545,TP,2,0.00021999999999988695,0.0003500000000000725,SWEEP_EXTREME,OPPOSITE_LIQUIDITY,CONFIRMED,SELL_SIDE,M15,1.16058,1.2100626437906132,BEARISH,STRONG_DISPLACEMENT,2.5929913795508757,,False,STRONG_DOWNTREND,LOW_VOLATILITY,9
H7,1031,1028,-1,2026-01-16 18:00:00+00:00,2026-01-16 20:00:00+00:00,1.15933,1.15914,1.1625500000000002,1.15914,0.00018999999999991246,TP,9,0.00039999999999995595,0.0012400000000001299,SWEEP_EXTREME,OPPOSITE_LIQUIDITY,CONFIRMED,BUY_SIDE,M15,1.16235,1.4841922904603932,NEUTRAL,STRONG_DISPLACEMENT,6.700068054077069,,False,DOWNTREND,NORMAL_VOLATILITY,18
H7,1031,1028,-1,2026-01-16 18:00:00+00:00,2026-01-16 20:00:00+00:00,1.15933,1.15914,1.1625500000000002,1.15914,0.00018999999999991246,TP,9,0.00039999999999995595,0.0012400000000001299,SWEEP_EXTREME,OPPOSITE_LIQUIDITY,CONFIRMED,BUY_SIDE,M15,1.16211,1.4841922904603932,NEUTRAL,STRONG_DISPLACEMENT,6.700068054077069,,False,DOWNTREND,NORMAL_VOLATILITY,18
H7,1033,1030,1,2026-01-16 18:30:00+00:00,2026-01-19 00:00:00+00:00,1.15983,1.15838,1.15838,1.16094,-0.0014499999999999513,SL,23,0.000740000000000185,0.0020799999999998597,SWEEP_EXTREME,OPPOSITE_LIQUIDITY,CONFIRMED,SELL_SIDE,H4,1.15914,2.8520840975965855,NEUTRAL,STRONG_DISPLACEMENT,1.232211090709006,,False,DOWNTREND,NORMAL_VOLATILITY,18
H7,1033,1030,1,2026-01-16 18:30:00+00:00,2026-01-19 00:00:00+00:00,1.15983,1.15838,1.15838,1.16094,-0.0014499999999999513,SL,23,0.000740000000000185,0.0020799999999998597,SWEEP_EXTREME,OPPOSITE_LIQUIDITY,CONFIRMED,SELL_SIDE,H4,1.15929,2.8520840975965855,NEUTRAL,STRONG_DISPLACEMENT,1.232211090709006,,False,DOWNTREND,NORMAL_VOLATILITY,18
H7,1069,1066,-1,2026-01-19 03:30:00+00:00,2026-01-19 04:00:00+00:00,1.16247,1.16214,1.1638300000000001,1.16214,0.00032999999999994145,TP,3,0.0004499999999998394,0.000460000000000127,SWEEP_EXTREME,OPPOSITE_LIQUIDITY,CONFIRMED,BUY_SIDE,M15,1.1635,1.5974230999397023,NEUTRAL,MODERATE_DISPLACEMENT,1.1036741417767053,,False,RANGE,HIGH_VOLATILITY,3
H7,1069,1066,-1,2026-01-19 03:30:00+00:00,2026-01-19 04:00:00+00:00,1.16247,1.16214,1.1638300000000001,1.16214,0.00032999999999994145,TP,3,0.0004499999999998394,0.000460000000000127,SWEEP_EXTREME,OPPOSITE_LIQUIDITY,CONFIRMED,BUY_SIDE,M15,1.16273,1.5974230999397023,NEUTRAL,MODERATE_DISPLACEMENT,1.1036741417767053,,False,RANGE,HIGH_VOLATILITY,3
H7,1069,1066,-1,2026-01-19 03:30:00+00:00,2026-01-19 04:00:00+00:00,1.16247,1.16214,1.1638300000000001,1.16214,0.00032999999999994145,TP,3,0.0004499999999998394,0.000460000000000127,SWEEP_EXTREME,OPPOSITE_LIQUIDITY,CONFIRMED,BUY_SIDE,M15,1.16269,1.5974230999397023,NEUTRAL,MODERATE_DISPLACEMENT,1.1036741417767053,,False,RANGE,HIGH_VOLATILITY,3
H7,1093,1090,1,2026-01-19 09:30:00+00:00,2026-01-19 09:30:00+00:00,1.16355,1.16251,1.16251,1.16365,-0.001040000000000152,SL,1,0.0,0.001180000000000181,SWEEP_EXTREME,OPPOSITE_LIQUIDITY,CONFIRMED,SELL_SIDE,M15,1.16266,1.0475681355574429,NEUTRAL,STRONG_DISPLACEMENT,1.7400284285533947,,False,UPTREND,NORMAL_VOLATILITY,9
H7,1095,1092,-1,2026-01-19 10:00:00+00:00,2026-01-19 10:00:00+00:00,1.1626,1.16253,1.1641800000000002,1.16253,7.00000000000145e-05,TP,1,0.0006500000000000394,0.00017999999999984695,SWEEP_EXTREME,OPPOSITE_LIQUIDITY,CONFIRMED,BUY_SIDE,M15,1.16324,2.246513681074118,NEUTRAL,STRONG_DISPLACEMENT,2.2303517121454215,,True,UPTREND,NORMAL_VOLATILITY,10
H7,1095,1092,-1,2026-01-19 10:00:00+00:00,2026-01-19 10:00:00+00:00,1.1626,1.16253,1.1641800000000002,1.16253,7.00000000000145e-05,TP,1,0.0006500000000000394,0.00017999999999984695,SWEEP_EXTREME,OPPOSITE_LIQUIDITY,CONFIRMED,BUY_SIDE,M15,1.16374,2.246513681074118,NEUTRAL,STRONG_DISPLACEMENT,2.2303517121454215,,True,UPTREND,NORMAL_VOLATILITY,10
H7,1095,1092,-1,2026-01-19 10:00:00+00:00,2026-01-19 10:00:00+00:00,1.1626,1.16253,1.1641800000000002,1.16253,7.00000000000145e-05,TP,1,0.0006500000000000394,0.00017999999999984695,SWEEP_EXTREME,OPPOSITE_LIQUIDITY,CONFIRMED,BUY_SIDE,M15,1.16409,2.246513681074118,NEUTRAL,STRONG_DISPLACEMENT,2.2303517121454215,,True,UPTREND,NORMAL_VOLATILITY,10
H7,1095,1092,-1,2026-01-19 10:00:00+00:00,2026-01-19 10:00:00+00:00,1.1626,1.16253,1.1641800000000002,1.16253,7.00000000000145e-05,TP,1,0.0006500000000000394,0.00017999999999984695,SWEEP_EXTREME,OPPOSITE_LIQUIDITY,CONFIRMED,BUY_SIDE,M15,1.16378,2.246513681074118,NEUTRAL,STRONG_DISPLACEMENT,2.2303517121454215,,True,UPTREND,NORMAL_VOLATILITY,10
H7,1126,1123,-1,2026-01-19 17:45:00+00:00,2026-01-19 17:45:00+00:00,1.1634,1.16334,1.1643100000000002,1.16334,5.999999999994898e-05,TP,1,0.00022999999999995246,0.0007500000000000284,SWEEP_EXTREME,OPPOSITE_LIQUIDITY,CONFIRMED,BUY_SIDE,M15,1.16417,1.345560343497462,BULLISH,MODERATE_DISPLACEMENT,1.099190139758555,,True,STRONG_UPTREND,NORMAL_VOLATILITY,17
H7,1126,1123,-1,2026-01-19 17:45:00+00:00,2026-01-19 17:45:00+00:00,1.1634,1.16334,1.1643100000000002,1.16334,5.999999999994898e-05,TP,1,0.00022999999999995246,0.0007500000000000284,SWEEP_EXTREME,OPPOSITE_LIQUIDITY,CONFIRMED,BUY_SIDE,M15,1.16414,1.345560343497462,BULLISH,MODERATE_DISPLACEMENT,1.099190139758555,,True,STRONG_UPTREND,NORMAL_VOLATILITY,17
H7,1139,1136,-1,2026-01-19 21:00:00+00:00,2026-01-19 21:45:00+00:00,1.16431,1.16425,1.1649100000000001,1.16425,5.999999999994898e-05,TP,4,5.999999999994898e-05,0.00036999999999998145,SWEEP_EXTREME,OPPOSITE_LIQUIDITY,CONFIRMED,BUY_SIDE,M15,1.16477,0.6264125238506021,BULLISH,MODERATE_DISPLACEMENT,1.0440208730843368,,True,STRONG_UPTREND,LOW_VOLATILITY,21
H7,1139,1136,-1,2026-01-19 21:00:00+00:00,2026-01-19 21:45:00+00:00,1.16431,1.16425,1.1649100000000001,1.16425,5.999999999994898e-05,TP,4,5.999999999994898e-05,0.00036999999999998145,SWEEP_EXTREME,OPPOSITE_LIQUIDITY,CONFIRMED,BUY_SIDE,M15,1.16473,0.6264125238506021,BULLISH,MODERATE_DISPLACEMENT,1.0440208730843368,,True,STRONG_UPTREND,LOW_VOLATILITY,21
H7,1156,1153,-1,2026-01-20 01:15:00+00:00,2026-01-20 01:15:00+00:00,1.16421,1.16415,1.16474,1.16415,5.999999999994898e-05,TP,1,0.00022999999999995246,0.0,SWEEP_EXTREME,OPPOSITE_LIQUIDITY,CONFIRMED,BUY_SIDE,M15,1.16468,0.5626070356170912,NEUTRAL,STRONG_DISPLACEMENT,1.4230648547959126,,True,STRONG_UPTREND,LOW_VOLATILITY,1
H7,1156,1153,-1,2026-01-20 01:15:00+00:00,2026-01-20 01:15:00+00:00,1.16421,1.16415,1.16474,1.16415,5.999999999994898e-05,TP,1,0.00022999999999995246,0.0,SWEEP_EXTREME,OPPOSITE_LIQUIDITY,CONFIRMED,BUY_SIDE,M15,1.16462,0.5626070356170912,NEUTRAL,STRONG_DISPLACEMENT,1.4230648547959126,,True,STRONG_UPTREND,LOW_VOLATILITY,1
H7,1212,1209,-1,2026-01-20 15:15:00+00:00,2026-01-20 15:15:00+00:00,1.17281,1.17271,1.17442,1.17271,9.999999999998899e-05,TP,1,0.0009699999999999154,0.0004900000000001015,SWEEP_EXTREME,OPPOSITE_LIQUIDITY,CONFIRMED,BUY_SIDE,H4,1.17427,0.699622080714968,BULLISH,STRONG_DISPLACEMENT,1.767466309174914,,False,STRONG_UPTREND,NORMAL_VOLATILITY,15
H7,1217,1214,-1,2026-01-20 16:30:00+00:00,2026-01-20 16:30:00+00:00,1.1726,1.17238,1.17693,1.17238,0.000220000000000109,TP,1,0.0010700000000001264,7.999999999985796e-05,SWEEP_EXTREME,OPPOSITE_LIQUIDITY,CONFIRMED,BUY_SIDE,M15,1.17437,4.363122124685416,BULLISH,MODERATE_DISPLACEMENT,0.8121455043968385,,False,STRONG_UPTREND,HIGH_VOLATILITY,16
H7,1217,1214,-1,2026-01-20 16:30:00+00:00,2026-01-20 16:30:00+00:00,1.1726,1.17238,1.17693,1.17238,0.000220000000000109,TP,1,0.0010700000000001264,7.999999999985796e-05,SWEEP_EXTREME,OPPOSITE_LIQUIDITY,CONFIRMED,BUY_SIDE,M15,1.17576,4.363122124685416,BULLISH,MODERATE_DISPLACEMENT,0.8121455043968385,,False,STRONG_UPTREND,HIGH_VOLATILITY,16
H7,1217,1214,-1,2026-01-20 16:30:00+00:00,2026-01-20 16:30:00+00:00,1.1726,1.17238,1.17693,1.17238,0.000220000000000109,TP,1,0.0010700000000001264,7.999999999985796e-05,SWEEP_EXTREME,OPPOSITE_LIQUIDITY,CONFIRMED,BUY_SIDE,M15,1.17636,4.363122124685416,BULLISH,MODERATE_DISPLACEMENT,0.8121455043968385,,False,STRONG_UPTREND,HIGH_VOLATILITY,16
H7,1217,1214,-1,2026-01-20 16:30:00+00:00,2026-01-20 16:30:00+00:00,1.1726,1.17238,1.17693,1.17238,0.000220000000000109,TP,1,0.0010700000000001264,7.999999999985796e-05,SWEEP_EXTREME,OPPOSITE_LIQUIDITY,CONFIRMED,BUY_SIDE,H4,1.17545,4.363122124685416,BULLISH,MODERATE_DISPLACEMENT,0.8121455043968385,,False,STRONG_UPTREND,HIGH_VOLATILITY,16
H7,1217,1214,-1,2026-01-20 16:30:00+00:00,2026-01-20 16:30:00+00:00,1.1726,1.17238,1.17693,1.17238,0.000220000000000109,TP,1,0.0010700000000001264,7.999999999985796e-05,SWEEP_EXTREME,OPPOSITE_LIQUIDITY,CONFIRMED,BUY_SIDE,H4,1.17593,4.363122124685416,BULLISH,MODERATE_DISPLACEMENT,0.8121455043968385,,False,STRONG_UPTREND,HIGH_VOLATILITY,16
H7,1217,1214,-1,2026-01-20 16:30:00+00:00,2026-01-20 16:30:00+00:00,1.1726,1.17238,1.17693,1.17238,0.000220000000000109,TP,1,0.0010700000000001264,7.999999999985796e-05,SWEEP_EXTREME,OPPOSITE_LIQUIDITY,CONFIRMED,BUY_SIDE,H4,1.1758,4.363122124685416,BULLISH,MODERATE_DISPLACEMENT,0.8121455043968385,,False,STRONG_UPTREND,HIGH_VOLATILITY,16
H7,1217,1214,-1,2026-01-20 16:30:00+00:00,2026-01-20 16:30:00+00:00,1.1726,1.17238,1.17693,1.17238,0.000220000000000109,TP,1,0.0010700000000001264,7.999999999985796e-05,SWEEP_EXTREME,OPPOSITE_LIQUIDITY,CONFIRMED,BUY_SIDE,H4,1.1763,4.363122124685416,BULLISH,MODERATE_DISPLACEMENT,0.8121455043968385,,False,STRONG_UPTREND,HIGH_VOLATILITY,16
H7,1217,1214,-1,2026-01-20 16:30:00+00:00,2026-01-20 16:30:00+00:00,1.1726,1.17238,1.17693,1.17238,0.000220000000000109,TP,1,0.0010700000000001264,7.999999999985796e-05,SWEEP_EXTREME,OPPOSITE_LIQUIDITY,CONFIRMED,BUY_SIDE,H4,1.17648,4.363122124685416,BULLISH,MODERATE_DISPLACEMENT,0.8121455043968385,,False,STRONG_UPTREND,HIGH_VOLATILITY,16
H7,1242,1239,1,2026-01-20 22:45:00+00:00,2026-01-20 22:45:00+00:00,1.17189,1.17197,1.1710699999999998,1.17197,7.999999999985796e-05,TP,1,0.00011999999999989797,0.0001900000000001345,SWEEP_EXTREME,OPPOSITE_LIQUIDITY,CONFIRMED,SELL_SIDE,M15,1.17152,0.9221425180942902,BULLISH,MODERATE_DISPLACEMENT,0.8589820716493528,,True,STRONG_UPTREND,NORMAL_VOLATILITY,22
H7,1258,1255,-1,2026-01-21 02:45:00+00:00,2026-01-21 02:45:00+00:00,1.17184,1.17172,1.1729200000000002,1.17172,0.00011999999999989797,TP,1,0.00019999999999997797,0.000520000000000076,SWEEP_EXTREME,OPPOSITE_LIQUIDITY,CONFIRMED,BUY_SIDE,M15,1.17266,0.7108211036951146,NEUTRAL,STRONG_DISPLACEMENT,1.698072636604509,,False,STRONG_UPTREND,LOW_VOLATILITY,2
H7,1258,1255,-1,2026-01-21 02:45:00+00:00,2026-01-21 02:45:00+00:00,1.17184,1.17172,1.1729200000000002,1.17172,0.00011999999999989797,TP,1,0.00019999999999997797,0.000520000000000076,SWEEP_EXTREME,OPPOSITE_LIQUIDITY,CONFIRMED,BUY_SIDE,M15,1.17255,0.7108211036951146,NEUTRAL,STRONG_DISPLACEMENT,1.698072636604509,,False,STRONG_UPTREND,LOW_VOLATILITY,2
H7,1260,1257,1,2026-01-21 03:15:00+00:00,2026-01-21 03:15:00+00:00,1.17251,1.17266,1.1718099999999998,1.17266,0.0001500000000000945,TP,1,0.0006800000000000139,0.00018999999999991246,SWEEP_EXTREME,OPPOSITE_LIQUIDITY,CONFIRMED,SELL_SIDE,M15,1.17198,0.9876925840746185,BULLISH,MODERATE_DISPLACEMENT,1.0272002874369714,,True,STRONG_UPTREND,NORMAL_VOLATILITY,3
H7,1314,1311,-1,2026-01-21 16:45:00+00:00,2026-01-21 16:45:00+00:00,1.17261,1.17238,1.17435,1.17238,0.00022999999999995246,TP,1,0.0005599999999998939,0.000360000000000138,SWEEP_EXTREME,OPPOSITE_LIQUIDITY,CONFIRMED,BUY_SIDE,M15,1.17397,1.6430605012845618,BULLISH,STRONG_DISPLACEMENT,2.001546428837955,,False,STRONG_UPTREND,NORMAL_VOLATILITY,16
H7,1314,1311,-1,2026-01-21 16:45:00+00:00,2026-01-21 16:45:00+00:00,1.17261,1.17238,1.17435,1.17238,0.00022999999999995246,TP,1,0.0005599999999998939,0.000360000000000138,SWEEP_EXTREME,OPPOSITE_LIQUIDITY,CONFIRMED,BUY_SIDE,M15,1.17427,1.6430605012845618,BULLISH,STRONG_DISPLACEMENT,2.001546428837955,,False,STRONG_UPTREND,NORMAL_VOLATILITY,16
H7,1371,1368,-1,2026-01-22 07:00:00+00:00,2026-01-22 07:00:00+00:00,1.16913,1.16907,1.1697300000000002,1.16907,5.999999999994898e-05,TP,1,0.00017000000000000348,2.999999999997449e-05,SWEEP_EXTREME,OPPOSITE_LIQUIDITY,CONFIRMED,BUY_SIDE,M15,1.16934,1.6111933407468193,BULLISH,MODERATE_DISPLACEMENT,1.0343463422080146,,False,DOWNTREND,LOW_VOLATILITY,7
H7,1389,1386,1,2026-01-22 11:30:00+00:00,2026-01-22 11:30:00+00:00,1.16928,1.16934,1.16834,1.16934,5.999999999994898e-05,TP,1,0.00022999999999995246,0.00034000000000000696,SWEEP_EXTREME,OPPOSITE_LIQUIDITY,CONFIRMED,SELL_SIDE,M15,1.16841,1.319338059419841,NEUTRAL,STRONG_DISPLACEMENT,1.2062519400414997,,True,DOWNTREND,NORMAL_VOLATILITY,11
H7,1392,1389,-1,2026-01-22 12:15:00+00:00,2026-01-22 12:15:00+00:00,1.16883,1.1687,1.16979,1.1687,0.00012999999999996348,TP,1,0.000180000000000069,5.999999999994898e-05,SWEEP_EXTREME,OPPOSITE_LIQUIDITY,CONFIRMED,BUY_SIDE,M15,1.16971,1.649800799939151,NEUTRAL,MODERATE_DISPLACEMENT,0.8158355604096119,,False,DOWNTREND,NORMAL_VOLATILITY,12
H7,1392,1389,-1,2026-01-22 12:15:00+00:00,2026-01-22 12:15:00+00:00,1.16883,1.1687,1.16979,1.1687,0.00012999999999996348,TP,1,0.000180000000000069,5.999999999994898e-05,SWEEP_EXTREME,OPPOSITE_LIQUIDITY,CONFIRMED,BUY_SIDE,M15,1.16959,1.649800799939151,NEUTRAL,MODERATE_DISPLACEMENT,0.8158355604096119,,False,DOWNTREND,NORMAL_VOLATILITY,12
H7,1447,1444,-1,2026-01-23 02:00:00+00:00,2026-01-23 02:00:00+00:00,1.17536,1.17494,1.1759600000000001,1.17494,0.0004199999999998649,TP,1,0.00048000000000003595,0.0,SWEEP_EXTREME,OPPOSITE_LIQUIDITY,CONFIRMED,BUY_SIDE,M15,1.1756,0.8535335109800882,BULLISH,MODERATE_DISPLACEMENT,0.8535335109800882,,False,STRONG_UPTREND,LOW_VOLATILITY,2
H7,1472,1469,-1,2026-01-23 08:15:00+00:00,2026-01-23 08:15:00+00:00,1.17475,1.17468,1.1754300000000002,1.17468,7.00000000000145e-05,TP,1,0.00041000000000002146,1.0000000000065512e-05,SWEEP_EXTREME,OPPOSITE_LIQUIDITY,CONFIRMED,BUY_SIDE,M15,1.17536,1.1325154829904713,BEARISH,MODERATE_DISPLACEMENT,0.9488643235867581,,False,STRONG_UPTREND,LOW_VOLATILITY,8
H7,1504,1501,-1,2026-01-23 16:15:00+00:00,2026-01-23 16:15:00+00:00,1.1739,1.17383,1.17477,1.17383,7.00000000000145e-05,TP,1,0.00012999999999996348,0.0006300000000001305,SWEEP_EXTREME,OPPOSITE_LIQUIDITY,CONFIRMED,BUY_SIDE,M15,1.17451,1.176513171368394,NEUTRAL,MODERATE_DISPLACEMENT,0.9172814556432674,,False,STRONG_UPTREND,NORMAL_VOLATILITY,16
H7,1568,1565,-1,2026-01-26 08:15:00+00:00,2026-01-26 09:45:00+00:00,1.18524,1.18442,1.1870200000000002,1.18442,0.0008200000000000429,TP,7,0.0016000000000000458,0.0010200000000000209,SWEEP_EXTREME,OPPOSITE_LIQUIDITY,CONFIRMED,BUY_SIDE,M15,1.18691,1.2685718478225836,BEARISH,STRONG_DISPLACEMENT,1.617429105973706,,False,STRONG_UPTREND,HIGH_VOLATILITY,8
H7,1578,1575,1,2026-01-26 10:45:00+00:00,2026-01-26 11:30:00+00:00,1.18484,1.18626,1.18359,1.18626,0.0014200000000001989,TP,4,0.0019000000000000128,0.0006499999999998174,SWEEP_EXTREME,OPPOSITE_LIQUIDITY,CONFIRMED,SELL_SIDE,M15,1.18442,1.2684918527462545,BEARISH,MODERATE_DISPLACEMENT,0.9820582085776649,,True,STRONG_UPTREND,HIGH_VOLATILITY,10
H7,1599,1596,1,2026-01-26 16:00:00+00:00,2026-01-26 16:00:00+00:00,1.18557,1.18579,1.1834399999999998,1.18579,0.00021999999999988695,TP,1,0.00025999999999992696,0.00032999999999994145,SWEEP_EXTREME,OPPOSITE_LIQUIDITY,CONFIRMED,SELL_SIDE,M15,1.18364,1.049092182157197,NEUTRAL,STRONG_DISPLACEMENT,1.9639981549686527,,True,STRONG_UPTREND,HIGH_VOLATILITY,16
H7,1653,1650,-1,2026-01-27 05:30:00+00:00,2026-01-27 05:45:00+00:00,1.18839,1.18798,1.18998,1.18798,0.00041000000000002146,TP,2,0.0004900000000001015,0.0004999999999999449,SWEEP_EXTREME,OPPOSITE_LIQUIDITY,CONFIRMED,BUY_SIDE,M15,1.18914,1.9703344680486188,BULLISH,STRONG_DISPLACEMENT,2.2295890033183556,,False,STRONG_UPTREND,NORMAL_VOLATILITY,5
H7,1653,1650,-1,2026-01-27 05:30:00+00:00,2026-01-27 05:45:00+00:00,1.18839,1.18798,1.18998,1.18798,0.00041000000000002146,TP,2,0.0004900000000001015,0.0004999999999999449,SWEEP_EXTREME,OPPOSITE_LIQUIDITY,CONFIRMED,BUY_SIDE,M15,1.18902,1.9703344680486188,BULLISH,STRONG_DISPLACEMENT,2.2295890033183556,,False,STRONG_UPTREND,NORMAL_VOLATILITY,5
H7,1759,1756,1,2026-01-28 08:00:00+00:00,2026-01-28 08:15:00+00:00,1.19969,1.20016,1.19743,1.20016,0.00046999999999997044,TP,2,0.000560000000000116,0.00041000000000002146,SWEEP_EXTREME,OPPOSITE_LIQUIDITY,CONFIRMED,SELL_SIDE,M15,1.19871,2.6589821704250785,NEUTRAL,STRONG_DISPLACEMENT,1.314091574573024,,True,STRONG_UPTREND,HIGH_VOLATILITY,8
H7,1759,1756,1,2026-01-28 08:00:00+00:00,2026-01-28 08:15:00+00:00,1.19969,1.20016,1.19743,1.20016,0.00046999999999997044,TP,2,0.000560000000000116,0.00041000000000002146,SWEEP_EXTREME,OPPOSITE_LIQUIDITY,CONFIRMED,SELL_SIDE,M15,1.19912,2.6589821704250785,NEUTRAL,STRONG_DISPLACEMENT,1.314091574573024,,True,STRONG_UPTREND,HIGH_VOLATILITY,8
H7,1768,1765,-1,2026-01-28 10:15:00+00:00,2026-01-28 10:15:00+00:00,1.19923,1.19912,1.20262,1.19912,0.0001100000000000545,TP,1,0.000460000000000127,0.0012399999999999078,SWEEP_EXTREME,OPPOSITE_LIQUIDITY,CONFIRMED,BUY_SIDE,M15,1.20234,2.0531477757934695,NEUTRAL,MODERATE_DISPLACEMENT,0.97301351113695,,False,STRONG_UPTREND,HIGH_VOLATILITY,10
H7,1782,1779,-1,2026-01-28 13:45:00+00:00,2026-01-28 15:15:00+00:00,1.19666,1.19586,1.1995300000000002,1.19586,0.0008000000000001339,TP,7,0.0009200000000000319,0.0016699999999998383,SWEEP_EXTREME,OPPOSITE_LIQUIDITY,CONFIRMED,BUY_SIDE,M15,1.19927,0.8068654474224295,NEUTRAL,STRONG_DISPLACEMENT,1.9025037918171008,,False,STRONG_UPTREND,HIGH_VOLATILITY,13
H7,1815,1812,1,2026-01-28 22:00:00+00:00,2026-01-28 22:00:00+00:00,1.19404,1.19422,1.1895099999999998,1.19422,0.000180000000000069,TP,1,0.0008699999999999264,0.001100000000000101,SWEEP_EXTREME,OPPOSITE_LIQUIDITY,CONFIRMED,SELL_SIDE,M15,1.19141,2.501418428538258,NEUTRAL,STRONG_DISPLACEMENT,2.019614878978181,,True,RANGE,HIGH_VOLATILITY,22
H7,1837,1834,-1,2026-01-29 03:30:00+00:00,2026-01-29 04:00:00+00:00,1.19609,1.19586,1.19856,1.19586,0.0002300000000001745,TP,3,0.0007900000000000684,0.00042999999999993044,SWEEP_EXTREME,OPPOSITE_LIQUIDITY,CONFIRMED,BUY_SIDE,M15,1.19833,1.0983535827115087,BULLISH,STRONG_DISPLACEMENT,1.2954939693520946,,False,STRONG_UPTREND,HIGH_VOLATILITY,3
H7,1843,1840,1,2026-01-29 05:00:00+00:00,2026-01-29 05:00:00+00:00,1.19729,1.19775,1.19525,1.19775,0.000460000000000127,TP,1,0.000660000000000105,0.00024999999999986144,SWEEP_EXTREME,OPPOSITE_LIQUIDITY,CONFIRMED,SELL_SIDE,M15,1.19566,0.8687571547400703,BULLISH,STRONG_DISPLACEMENT,1.3772979282462292,,True,STRONG_UPTREND,HIGH_VOLATILITY,5
H7,1863,1860,-1,2026-01-29 10:00:00+00:00,2026-01-29 10:15:00+00:00,1.1974,1.19724,1.19968,1.19724,0.00015999999999993797,TP,2,0.00019999999999997797,0.0011699999999998933,SWEEP_EXTREME,OPPOSITE_LIQUIDITY,CONFIRMED,BUY_SIDE,M15,1.19934,1.5935041960016967,BEARISH,STRONG_DISPLACEMENT,1.5035483139693175,,False,STRONG_UPTREND,NORMAL_VOLATILITY,10
H7,1863,1860,-1,2026-01-29 10:00:00+00:00,2026-01-29 10:15:00+00:00,1.1974,1.19724,1.19968,1.19724,0.00015999999999993797,TP,2,0.00019999999999997797,0.0011699999999998933,SWEEP_EXTREME,OPPOSITE_LIQUIDITY,CONFIRMED,BUY_SIDE,M15,1.19948,1.5935041960016967,BEARISH,STRONG_DISPLACEMENT,1.5035483139693175,,False,STRONG_UPTREND,NORMAL_VOLATILITY,10
H7,1863,1860,-1,2026-01-29 10:00:00+00:00,2026-01-29 10:15:00+00:00,1.1974,1.19724,1.19968,1.19724,0.00015999999999993797,TP,2,0.00019999999999997797,0.0011699999999998933,SWEEP_EXTREME,OPPOSITE_LIQUIDITY,CONFIRMED,BUY_SIDE,M15,1.19889,1.5935041960016967,BEARISH,STRONG_DISPLACEMENT,1.5035483139693175,,False,STRONG_UPTREND,NORMAL_VOLATILITY,10
H7,1890,1887,1,2026-01-29 16:45:00+00:00,2026-01-29 16:45:00+00:00,1.19683,1.19708,1.19397,1.19708,0.00024999999999986144,TP,1,0.00029999999999996696,0.0007300000000001194,SWEEP_EXTREME,OPPOSITE_LIQUIDITY,CONFIRMED,SELL_SIDE,M15,1.1942,2.3557726794672194,NEUTRAL,MODERATE_DISPLACEMENT,1.1730786403878333,,True,RANGE,HIGH_VOLATILITY,16
H7,1894,1891,-1,2026-01-29 17:45:00+00:00,2026-01-30 01:15:00+00:00,1.19133,1.1971800000000001,1.1971800000000001,1.18956,-0.005850000000000133,SL,31,5.0000000000105516e-05,0.006080000000000085,SWEEP_EXTREME,OPPOSITE_LIQUIDITY,CONFIRMED,BUY_SIDE,M15,1.19708,0.9636244812661966,NEUTRAL,STRONG_DISPLACEMENT,5.323323590683663,,False,RANGE,HIGH_VOLATILITY,17
H7,1915,1912,1,2026-01-29 23:00:00+00:00,2026-01-29 23:30:00+00:00,1.19647,1.19708,1.1945199999999998,1.19708,0.0006099999999999994,TP,3,0.0006500000000000394,0.00031000000000003247,SWEEP_EXTREME,OPPOSITE_LIQUIDITY,CONFIRMED,SELL_SIDE,M15,1.19483,1.0593691031800412,BULLISH,MODERATE_DISPLACEMENT,0.8349264965738603,,True,RANGE,HIGH_VOLATILITY,23
H7,1915,1912,1,2026-01-29 23:00:00+00:00,2026-01-29 23:30:00+00:00,1.19647,1.19708,1.1945199999999998,1.19708,0.0006099999999999994,TP,3,0.0006500000000000394,0.00031000000000003247,SWEEP_EXTREME,OPPOSITE_LIQUIDITY,CONFIRMED,SELL_SIDE,M15,1.195,1.0593691031800412,BULLISH,MODERATE_DISPLACEMENT,0.8349264965738603,,True,RANGE,HIGH_VOLATILITY,23
H7,1940,1937,1,2026-01-30 05:15:00+00:00,2026-01-30 09:45:00+00:00,1.19184,1.19385,1.1894099999999999,1.19385,0.0020100000000000673,TP,19,0.0023999999999999577,0.0005500000000000504,SWEEP_EXTREME,OPPOSITE_LIQUIDITY,CONFIRMED,SELL_SIDE,H4,1.18956,2.478071441601722,BEARISH,MODERATE_DISPLACEMENT,0.8049786211572273,,True,DOWNTREND,HIGH_VOLATILITY,5
H7,1940,1937,1,2026-01-30 05:15:00+00:00,2026-01-30 09:45:00+00:00,1.19184,1.19385,1.1894099999999999,1.19385,0.0020100000000000673,TP,19,0.0023999999999999577,0.0005500000000000504,SWEEP_EXTREME,OPPOSITE_LIQUIDITY,CONFIRMED,SELL_SIDE,H4,1.1906,2.478071441601722,BEARISH,MODERATE_DISPLACEMENT,0.8049786211572273,,True,DOWNTREND,HIGH_VOLATILITY,5
H7,1951,1948,-1,2026-01-30 08:00:00+00:00,2026-01-30 08:00:00+00:00,1.19245,1.19232,1.19351,1.19232,0.00012999999999996348,TP,1,0.00012999999999996348,0.0008399999999999519,SWEEP_EXTREME,OPPOSITE_LIQUIDITY,CONFIRMED,BUY_SIDE,M15,1.19344,1.0230481625422483,NEUTRAL,MODERATE_DISPLACEMENT,0.9178749869537314,,False,STRONG_DOWNTREND,HIGH_VOLATILITY,8
H7,1958,1955,1,2026-01-30 09:45:00+00:00,2026-01-30 09:45:00+00:00,1.19305,1.19329,1.19133,1.19329,0.00024000000000001798,TP,1,0.0011900000000000244,0.00012999999999996348,SWEEP_EXTREME,OPPOSITE_LIQUIDITY,CONFIRMED,SELL_SIDE,M15,1.19144,0.8762234453869361,BEARISH,MODERATE_DISPLACEMENT,1.0929238673645438,,True,STRONG_DOWNTREND,HIGH_VOLATILITY,9
H7,1970,1967,1,2026-01-30 12:45:00+00:00,2026-01-30 13:00:00+00:00,1.19164,1.19329,1.18977,1.19329,0.0016499999999999293,TP,2,0.0018000000000000238,0.0,SWEEP_EXTREME,OPPOSITE_LIQUIDITY,CONFIRMED,SELL_SIDE,M15,1.19129,1.4583678569817184,NEUTRAL,MODERATE_DISPLACEMENT,0.884135513295187,,True,STRONG_DOWNTREND,HIGH_VOLATILITY,12
H7,1970,1967,1,2026-01-30 12:45:00+00:00,2026-01-30 13:00:00+00:00,1.19164,1.19329,1.18977,1.19329,0.0016499999999999293,TP,2,0.0018000000000000238,0.0,SWEEP_EXTREME,OPPOSITE_LIQUIDITY,CONFIRMED,SELL_SIDE,M15,1.19138,1.4583678569817184,NEUTRAL,MODERATE_DISPLACEMENT,0.884135513295187,,True,STRONG_DOWNTREND,HIGH_VOLATILITY,12
H7,1978,1975,-1,2026-01-30 14:45:00+00:00,2026-01-30 14:45:00+00:00,1.19267,1.19233,1.1950900000000002,1.19233,0.00034000000000000696,TP,1,0.0011699999999998933,5.0000000000105516e-05,SWEEP_EXTREME,OPPOSITE_LIQUIDITY,CONFIRMED,BUY_SIDE,M15,1.19431,1.730605356228696,BEARISH,STRONG_DISPLACEMENT,2.0786075202529153,,False,DOWNTREND,HIGH_VOLATILITY,14
H7,2060,2057,-1,2026-02-02 11:15:00+00:00,2026-02-02 11:15:00+00:00,1.1852,1.18506,1.1867,1.18506,0.000140000000000029,TP,1,0.00042999999999993044,0.0007900000000000684,SWEEP_EXTREME,OPPOSITE_LIQUIDITY,CONFIRMED,BUY_SIDE,M15,1.18633,1.05678094925712,BEARISH,MODERATE_DISPLACEMENT,1.1568970391866562,,False,STRONG_DOWNTREND,HIGH_VOLATILITY,11
H7,2103,2100,1,2026-02-02 22:00:00+00:00,2026-02-03 01:15:00+00:00,1.17886,1.17967,1.17753,1.17967,0.0008099999999999774,TP,14,0.0009299999999998754,0.0008399999999999519,SWEEP_EXTREME,OPPOSITE_LIQUIDITY,CONFIRMED,SELL_SIDE,M15,1.17772,0.48645752783280044,NEUTRAL,MODERATE_DISPLACEMENT,1.1218306254106867,,True,STRONG_DOWNTREND,HIGH_VOLATILITY,22
H7,2129,2126,-1,2026-02-03 04:30:00+00:00,2026-02-03 04:30:00+00:00,1.18064,1.18053,1.18134,1.18053,0.00010999999999983245,TP,1,0.0003799999999998249,8.000000000008001e-05,SWEEP_EXTREME,OPPOSITE_LIQUIDITY,CONFIRMED,BUY_SIDE,M15,1.18124,0.999467620682245,BULLISH,MODERATE_DISPLACEMENT,1.1085004520292963,,False,STRONG_DOWNTREND,NORMAL_VOLATILITY,4
H7,2134,2131,1,2026-02-03 05:45:00+00:00,2026-02-03 05:45:00+00:00,1.18108,1.18124,1.18001,1.18124,0.00016000000000016001,TP,1,0.00017000000000000348,0.00015999999999993797,SWEEP_EXTREME,OPPOSITE_LIQUIDITY,CONFIRMED,SELL_SIDE,M15,1.18015,0.5300896277421391,BULLISH,STRONG_DISPLACEMENT,1.845497222509605,,True,STRONG_DOWNTREND,LOW_VOLATILITY,5
H7,2139,2136,-1,2026-02-03 07:00:00+00:00,2026-02-03 07:15:00+00:00,1.18091,1.18053,1.18154,1.18053,0.0003799999999998249,TP,2,0.00043999999999999595,0.0003500000000000725,SWEEP_EXTREME,OPPOSITE_LIQUIDITY,CONFIRMED,BUY_SIDE,M15,1.18147,1.1708689903852447,NEUTRAL,MODERATE_DISPLACEMENT,0.8074958554384244,,False,STRONG_DOWNTREND,LOW_VOLATILITY,7
H7,2179,2176,1,2026-02-03 17:00:00+00:00,2026-02-03 17:00:00+00:00,1.17909,1.17942,1.17794,1.17942,0.00032999999999994145,TP,1,0.0007200000000000539,0.00048000000000003595,SWEEP_EXTREME,OPPOSITE_LIQUIDITY,CONFIRMED,SELL_SIDE,M15,1.17802,2.1116357320447836,BULLISH,MODERATE_DISPLACEMENT,0.9141837620438392,,True,STRONG_DOWNTREND,NORMAL_VOLATILITY,17
H7,2179,2176,1,2026-02-03 17:00:00+00:00,2026-02-03 17:00:00+00:00,1.17909,1.17942,1.17794,1.17942,0.00032999999999994145,TP,1,0.0007200000000000539,0.00048000000000003595,SWEEP_EXTREME,OPPOSITE_LIQUIDITY,CONFIRMED,SELL_SIDE,M15,1.17825,2.1116357320447836,BULLISH,MODERATE_DISPLACEMENT,0.9141837620438392,,True,STRONG_DOWNTREND,NORMAL_VOLATILITY,17
H7,2179,2176,1,2026-02-03 17:00:00+00:00,2026-02-03 17:00:00+00:00,1.17909,1.17942,1.17794,1.17942,0.00032999999999994145,TP,1,0.0007200000000000539,0.00048000000000003595,SWEEP_EXTREME,OPPOSITE_LIQUIDITY,CONFIRMED,SELL_SIDE,M15,1.17866,2.1116357320447836,BULLISH,MODERATE_DISPLACEMENT,0.9141837620438392,,True,STRONG_DOWNTREND,NORMAL_VOLATILITY,17
H7,2251,2248,-1,2026-02-04 11:00:00+00:00,2026-02-04 11:30:00+00:00,1.18286,1.18239,1.18384,1.18239,0.00046999999999997044,TP,3,0.0012499999999999734,0.00038999999999989043,SWEEP_EXTREME,OPPOSITE_LIQUIDITY,CONFIRMED,BUY_SIDE,M15,1.1836,1.958304364309487,NEUTRAL,MODERATE_DISPLACEMENT,1.1393770846892353,,False,UPTREND,NORMAL_VOLATILITY,11
H7,2321,2318,-1,2026-02-05 04:30:00+00:00,2026-02-05 04:30:00+00:00,1.17947,1.17941,1.18086,1.17941,5.999999999994898e-05,TP,1,7.00000000000145e-05,0.00045000000000006146,SWEEP_EXTREME,OPPOSITE_LIQUIDITY,CONFIRMED,BUY_SIDE,M15,1.18077,1.4378838511491467,BEARISH,STRONG_DISPLACEMENT,2.4514741068775945,,False,STRONG_DOWNTREND,LOW_VOLATILITY,4
H7,2321,2318,-1,2026-02-05 04:30:00+00:00,2026-02-05 04:30:00+00:00,1.17947,1.17941,1.18086,1.17941,5.999999999994898e-05,TP,1,7.00000000000145e-05,0.00045000000000006146,SWEEP_EXTREME,OPPOSITE_LIQUIDITY,CONFIRMED,BUY_SIDE,M15,1.18074,1.4378838511491467,BEARISH,STRONG_DISPLACEMENT,2.4514741068775945,,False,STRONG_DOWNTREND,LOW_VOLATILITY,4
H7,2354,2351,1,2026-02-05 12:45:00+00:00,2026-02-05 12:45:00+00:00,1.17899,1.17909,1.17797,1.17909,9.999999999998899e-05,TP,1,0.00018999999999991246,0.00028999999999990145,SWEEP_EXTREME,OPPOSITE_LIQUIDITY,CONFIRMED,SELL_SIDE,M15,1.17826,1.3636512942748,BULLISH,STRONG_DISPLACEMENT,1.4394096995124572,,True,STRONG_DOWNTREND,NORMAL_VOLATILITY,12
H7,2411,2408,1,2026-02-06 03:00:00+00:00,2026-02-06 03:00:00+00:00,1.17827,1.17842,1.1773699999999998,1.17842,0.0001500000000000945,TP,1,0.00019999999999997797,0.00029999999999996696,SWEEP_EXTREME,OPPOSITE_LIQUIDITY,CONFIRMED,SELL_SIDE,M15,1.17747,0.9712045828893096,NEUTRAL,STRONG_DISPLACEMENT,1.6996080200560673,,True,STRONG_DOWNTREND,NORMAL_VOLATILITY,3
H7,2437,2434,-1,2026-02-06 09:30:00+00:00,2026-02-06 09:30:00+00:00,1.17935,1.1792,1.1802100000000002,1.1792,0.00014999999999987246,TP,1,0.00029999999999996696,0.000320000000000098,SWEEP_EXTREME,OPPOSITE_LIQUIDITY,CONFIRMED,BUY_SIDE,M15,1.18012,1.3231821380508204,BULLISH,STRONG_DISPLACEMENT,1.4144360786056303,,False,DOWNTREND,LOW_VOLATILITY,9
H7,2469,2466,-1,2026-02-06 17:30:00+00:00,2026-02-06 17:30:00+00:00,1.18075,1.18058,1.18259,1.18058,0.00017000000000000348,TP,1,0.00026999999999999247,0.0007699999999999374,SWEEP_EXTREME,OPPOSITE_LIQUIDITY,CONFIRMED,BUY_SIDE,H4,1.18217,2.133474525129658,NEUTRAL,STRONG_DISPLACEMENT,2.458133691997297,,False,RANGE,NORMAL_VOLATILITY,17
H7,2469,2466,-1,2026-02-06 17:30:00+00:00,2026-02-06 17:30:00+00:00,1.18075,1.18058,1.18259,1.18058,0.00017000000000000348,TP,1,0.00026999999999999247,0.0007699999999999374,SWEEP_EXTREME,OPPOSITE_LIQUIDITY,CONFIRMED,BUY_SIDE,M15,1.18221,2.133474525129658,NEUTRAL,STRONG_DISPLACEMENT,2.458133691997297,,False,RANGE,NORMAL_VOLATILITY,17
H7,2470,2467,-1,2026-02-06 17:45:00+00:00,2026-02-06 18:15:00+00:00,1.18123,1.18097,1.18266,1.18097,0.00025999999999992696,TP,3,0.00025999999999992696,0.0009300000000000974,SWEEP_EXTREME,OPPOSITE_LIQUIDITY,CONFIRMED,BUY_SIDE,M15,1.18256,1.2439295488108477,NEUTRAL,STRONG_DISPLACEMENT,1.2894391664502278,,False,RANGE,NORMAL_VOLATILITY,17
H7,2479,2476,1,2026-02-06 20:00:00+00:00,2026-02-06 20:00:00+00:00,1.18179,1.18188,1.18089,1.18188,9.000000000014552e-05,TP,1,0.000300000000000189,0.00023999999999979593,SWEEP_EXTREME,OPPOSITE_LIQUIDITY,CONFIRMED,SELL_SIDE,M15,1.18097,0.8201600283898194,NEUTRAL,MODERATE_DISPLACEMENT,0.8863019661633483,,True,STRONG_UPTREND,NORMAL_VOLATILITY,20
H7,2495,2492,-1,2026-02-09 00:00:00+00:00,2026-02-09 00:00:00+00:00,1.18095,1.18087,1.18239,1.18087,7.999999999985796e-05,TP,1,0.00017000000000000348,0.000520000000000076,SWEEP_EXTREME,OPPOSITE_LIQUIDITY,CONFIRMED,BUY_SIDE,M15,1.18228,0.45175256100903005,NEUTRAL,STRONG_DISPLACEMENT,1.5713132556837346,,False,STRONG_UPTREND,LOW_VOLATILITY,0
H7,2627,2624,-1,2026-02-10 09:00:00+00:00,2026-02-10 09:00:00+00:00,1.1903,1.19017,1.1913600000000002,1.19017,0.00012999999999996348,TP,1,0.00026999999999999247,0.000600000000000156,SWEEP_EXTREME,OPPOSITE_LIQUIDITY,CONFIRMED,BUY_SIDE,M15,1.19104,1.7913060071203262,NEUTRAL,MODERATE_DISPLACEMENT,1.1613962024186106,,False,STRONG_UPTREND,NORMAL_VOLATILITY,9
H7,2655,2652,1,2026-02-10 16:00:00+00:00,2026-02-10 16:00:00+00:00,1.19054,1.1907,1.1887599999999998,1.1907,0.00016000000000016001,TP,1,0.0010100000000001774,0.00027999999999983594,SWEEP_EXTREME,OPPOSITE_LIQUIDITY,CONFIRMED,SELL_SIDE,M15,1.18906,1.1979197593725772,BEARISH,STRONG_DISPLACEMENT,1.8890273128565074,,True,STRONG_UPTREND,NORMAL_VOLATILITY,16
H7,2660,2657,-1,2026-02-10 17:15:00+00:00,2026-02-10 17:15:00+00:00,1.19045,1.19035,1.1923000000000001,1.19035,9.999999999998899e-05,TP,1,0.00035999999999991594,0.00021999999999988695,SWEEP_EXTREME,OPPOSITE_LIQUIDITY,CONFIRMED,BUY_SIDE,M15,1.19222,0.9938465345726764,BEARISH,STRONG_DISPLACEMENT,2.140592536002557,,False,STRONG_UPTREND,HIGH_VOLATILITY,17
H7,2660,2657,-1,2026-02-10 17:15:00+00:00,2026-02-10 17:15:00+00:00,1.19045,1.19035,1.1923000000000001,1.19035,9.999999999998899e-05,TP,1,0.00035999999999991594,0.00021999999999988695,SWEEP_EXTREME,OPPOSITE_LIQUIDITY,CONFIRMED,BUY_SIDE,M15,1.19198,0.9938465345726764,BEARISH,STRONG_DISPLACEMENT,2.140592536002557,,False,STRONG_UPTREND,HIGH_VOLATILITY,17
H7,2660,2657,-1,2026-02-10 17:15:00+00:00,2026-02-10 17:15:00+00:00,1.19045,1.19035,1.1923000000000001,1.19035,9.999999999998899e-05,TP,1,0.00035999999999991594,0.00021999999999988695,SWEEP_EXTREME,OPPOSITE_LIQUIDITY,CONFIRMED,BUY_SIDE,M15,1.19174,0.9938465345726764,BEARISH,STRONG_DISPLACEMENT,2.140592536002557,,False,STRONG_UPTREND,HIGH_VOLATILITY,17
H7,2661,2658,-1,2026-02-10 17:30:00+00:00,2026-02-10 17:30:00+00:00,1.19017,1.19,1.1929100000000001,1.19,0.00017000000000000348,TP,1,0.0005599999999998939,0.000140000000000029,SWEEP_EXTREME,OPPOSITE_LIQUIDITY,CONFIRMED,BUY_SIDE,H4,1.19266,1.73154484792239,BEARISH,STRONG_DISPLACEMENT,1.6473725289261516,,False,STRONG_UPTREND,HIGH_VOLATILITY,17
H7,2679,2676,1,2026-02-10 22:00:00+00:00,2026-02-11 02:00:00+00:00,1.19022,1.18861,1.18861,1.19052,-0.0016100000000001113,SL,17,0.0001100000000000545,0.0016599999999999948,SWEEP_EXTREME,OPPOSITE_LIQUIDITY,CONFIRMED,SELL_SIDE,M15,1.18881,0.7918852855629009,BEARISH,STRONG_DISPLACEMENT,1.531843667154412,,True,STRONG_UPTREND,NORMAL_VOLATILITY,22
H7,2698,2695,1,2026-02-11 02:45:00+00:00,2026-02-11 02:45:00+00:00,1.18971,1.1898,1.18857,1.1898,8.999999999992347e-05,TP,1,0.00031999999999987594,0.00012000000000012001,SWEEP_EXTREME,OPPOSITE_LIQUIDITY,CONFIRMED,SELL_SIDE,M15,1.18866,0.5105389461889558,BEARISH,STRONG_DISPLACEMENT,2.0208833286644787,,True,STRONG_UPTREND,LOW_VOLATILITY,2
H7,2723,2720,-1,2026-02-11 09:00:00+00:00,2026-02-11 09:00:00+00:00,1.19151,1.19144,1.1926,1.19144,7.00000000000145e-05,TP,1,0.000560000000000116,0.00021999999999988695,SWEEP_EXTREME,OPPOSITE_LIQUIDITY,CONFIRMED,BUY_SIDE,M15,1.19191,1.6012535774420065,BULLISH,STRONG_DISPLACEMENT,1.2581278108471396,,False,STRONG_UPTREND,NORMAL_VOLATILITY,9
H7,2741,2738,-1,2026-02-11 13:30:00+00:00,2026-02-11 13:30:00+00:00,1.19141,1.19129,1.1924700000000001,1.19129,0.00012000000000012001,TP,1,0.0009300000000000974,5.999999999994898e-05,SWEEP_EXTREME,OPPOSITE_LIQUIDITY,CONFIRMED,BUY_SIDE,M15,1.19199,1.5793619262069432,NEUTRAL,STRONG_DISPLACEMENT,1.7506180386866235,,False,STRONG_UPTREND,NORMAL_VOLATILITY,13
H7,2843,2840,-1,2026-02-12 15:00:00+00:00,2026-02-12 15:00:00+00:00,1.18728,1.18716,1.18866,1.18716,0.00011999999999989797,TP,1,0.00012999999999996348,0.0005500000000000504,SWEEP_EXTREME,OPPOSITE_LIQUIDITY,CONFIRMED,BUY_SIDE,M15,1.18844,0.6598053518062197,NEUTRAL,STRONG_DISPLACEMENT,1.6495133795157157,,False,RANGE,NORMAL_VOLATILITY,15
H7,2846,2843,1,2026-02-12 15:45:00+00:00,2026-02-12 15:45:00+00:00,1.18802,1.18809,1.18664,1.18809,7.00000000000145e-05,TP,1,0.0004899999999998794,0.00016000000000016001,SWEEP_EXTREME,OPPOSITE_LIQUIDITY,CONFIRMED,SELL_SIDE,M15,1.18704,1.136860301108086,BULLISH,MODERATE_DISPLACEMENT,1.0785597728463985,,True,RANGE,NORMAL_VOLATILITY,15
H7,2858,2855,-1,2026-02-12 18:45:00+00:00,2026-02-12 18:45:00+00:00,1.18758,1.18746,1.1888800000000002,1.18746,0.00012000000000012001,TP,1,0.001180000000000181,1.999999999990898e-05,SWEEP_EXTREME,OPPOSITE_LIQUIDITY,CONFIRMED,BUY_SIDE,M15,1.18879,0.9968423546374419,BULLISH,STRONG_DISPLACEMENT,1.3025406767261827,,False,RANGE,HIGH_VOLATILITY,18
H7,2894,2891,-1,2026-02-13 03:45:00+00:00,2026-02-13 03:45:00+00:00,1.18649,1.18641,1.1872800000000001,1.18641,8.000000000008001e-05,TP,1,0.000220000000000109,0.0005100000000000104,SWEEP_EXTREME,OPPOSITE_LIQUIDITY,CONFIRMED,BUY_SIDE,M15,1.18715,1.2698807718116407,NEUTRAL,STRONG_DISPLACEMENT,1.566186285234451,,False,STRONG_DOWNTREND,LOW_VOLATILITY,3
H7,2919,2916,1,2026-02-13 10:00:00+00:00,2026-02-13 10:00:00+00:00,1.18585,1.18596,1.18468,1.18596,0.00010999999999983245,TP,1,0.00034000000000000696,0.0002500000000000835,SWEEP_EXTREME,OPPOSITE_LIQUIDITY,CONFIRMED,SELL_SIDE,H4,1.18515,1.775992815718914,BEARISH,STRONG_DISPLACEMENT,1.837946053476508,,True,STRONG_DOWNTREND,NORMAL_VOLATILITY,10
H7,2919,2916,1,2026-02-13 10:00:00+00:00,2026-02-13 10:00:00+00:00,1.18585,1.18596,1.18468,1.18596,0.00010999999999983245,TP,1,0.00034000000000000696,0.0002500000000000835,SWEEP_EXTREME,OPPOSITE_LIQUIDITY,CONFIRMED,SELL_SIDE,M15,1.18509,1.775992815718914,BEARISH,STRONG_DISPLACEMENT,1.837946053476508,,True,STRONG_DOWNTREND,NORMAL_VOLATILITY,10
H7,2954,2951,1,2026-02-13 18:45:00+00:00,2026-02-13 18:45:00+00:00,1.1872,1.18732,1.18468,1.18732,0.00011999999999989797,TP,1,0.00014999999999987246,0.0007300000000001194,SWEEP_EXTREME,OPPOSITE_LIQUIDITY,CONFIRMED,SELL_SIDE,M15,1.1857,1.5611499647683809,NEUTRAL,STRONG_DISPLACEMENT,2.562439252516515,,True,RANGE,HIGH_VOLATILITY,18
H7,2954,2951,1,2026-02-13 18:45:00+00:00,2026-02-13 18:45:00+00:00,1.1872,1.18732,1.18468,1.18732,0.00011999999999989797,TP,1,0.00014999999999987246,0.0007300000000001194,SWEEP_EXTREME,OPPOSITE_LIQUIDITY,CONFIRMED,SELL_SIDE,M15,1.18558,1.5611499647683809,NEUTRAL,STRONG_DISPLACEMENT,2.562439252516515,,True,RANGE,HIGH_VOLATILITY,18
H7,2954,2951,1,2026-02-13 18:45:00+00:00,2026-02-13 18:45:00+00:00,1.1872,1.18732,1.18468,1.18732,0.00011999999999989797,TP,1,0.00014999999999987246,0.0007300000000001194,SWEEP_EXTREME,OPPOSITE_LIQUIDITY,CONFIRMED,SELL_SIDE,M15,1.18523,1.5611499647683809,NEUTRAL,STRONG_DISPLACEMENT,2.562439252516515,,True,RANGE,HIGH_VOLATILITY,18
H7,2954,2951,1,2026-02-13 18:45:00+00:00,2026-02-13 18:45:00+00:00,1.1872,1.18732,1.18468,1.18732,0.00011999999999989797,TP,1,0.00014999999999987246,0.0007300000000001194,SWEEP_EXTREME,OPPOSITE_LIQUIDITY,CONFIRMED,SELL_SIDE,M15,1.18544,1.5611499647683809,NEUTRAL,STRONG_DISPLACEMENT,2.562439252516515,,True,RANGE,HIGH_VOLATILITY,18
H7,3010,3007,1,2026-02-16 08:45:00+00:00,2026-02-16 10:15:00+00:00,1.187,1.1858799999999998,1.1858799999999998,1.18708,-0.001120000000000232,SL,7,2.999999999997449e-05,0.0012600000000000389,SWEEP_EXTREME,OPPOSITE_LIQUIDITY,CONFIRMED,SELL_SIDE,M15,1.18603,1.7227335745290588,BEARISH,STRONG_DISPLACEMENT,1.2797449410786514,,True,RANGE,LOW_VOLATILITY,8
H7,3013,3010,-1,2026-02-16 09:30:00+00:00,2026-02-16 09:30:00+00:00,1.18658,1.18649,1.1870500000000002,1.18649,8.999999999992347e-05,TP,1,0.0005500000000000504,2.999999999997449e-05,SWEEP_EXTREME,OPPOSITE_LIQUIDITY,CONFIRMED,BUY_SIDE,M15,1.18689,1.103998946842334,BEARISH,MODERATE_DISPLACEMENT,1.0783245527295624,,False,DOWNTREND,LOW_VOLATILITY,9
H7,3013,3010,-1,2026-02-16 09:30:00+00:00,2026-02-16 09:30:00+00:00,1.18658,1.18649,1.1870500000000002,1.18649,8.999999999992347e-05,TP,1,0.0005500000000000504,2.999999999997449e-05,SWEEP_EXTREME,OPPOSITE_LIQUIDITY,CONFIRMED,BUY_SIDE,M15,1.1868,1.103998946842334,BEARISH,MODERATE_DISPLACEMENT,1.0783245527295624,,False,DOWNTREND,LOW_VOLATILITY,9
H7,3020,3017,1,2026-02-16 11:15:00+00:00,2026-02-16 11:15:00+00:00,1.18675,1.1868,1.18569,1.1868,5.0000000000105516e-05,TP,1,5.999999999994898e-05,0.00045000000000006146,SWEEP_EXTREME,OPPOSITE_LIQUIDITY,CONFIRMED,SELL_SIDE,M15,1.18585,2.2500522671871908,NEUTRAL,MODERATE_DISPLACEMENT,1.0066023300575198,,True,DOWNTREND,NORMAL_VOLATILITY,11
H7,3020,3017,1,2026-02-16 11:15:00+00:00,2026-02-16 11:15:00+00:00,1.18675,1.1868,1.18569,1.1868,5.0000000000105516e-05,TP,1,5.999999999994898e-05,0.00045000000000006146,SWEEP_EXTREME,OPPOSITE_LIQUIDITY,CONFIRMED,SELL_SIDE,M15,1.18593,2.2500522671871908,NEUTRAL,MODERATE_DISPLACEMENT,1.0066023300575198,,True,DOWNTREND,NORMAL_VOLATILITY,11
H7,3030,3027,-1,2026-02-16 13:45:00+00:00,2026-02-16 13:45:00+00:00,1.18622,1.18614,1.1868100000000001,1.18614,8.000000000008001e-05,TP,1,0.000360000000000138,0.00011999999999989797,SWEEP_EXTREME,OPPOSITE_LIQUIDITY,CONFIRMED,BUY_SIDE,M15,1.18666,1.3044321667849492,NEUTRAL,MODERATE_DISPLACEMENT,0.8566420199782337,,False,DOWNTREND,LOW_VOLATILITY,13
H7,3083,3080,-1,2026-02-17 03:00:00+00:00,2026-02-17 03:00:00+00:00,1.18434,1.18423,1.18524,1.18423,0.0001100000000000545,TP,1,0.000280000000000058,9.999999999998899e-05,SWEEP_EXTREME,OPPOSITE_LIQUIDITY,CONFIRMED,BUY_SIDE,M15,1.18518,1.5367137536427,BEARISH,STRONG_DISPLACEMENT,2.1304440675501244,,False,STRONG_DOWNTREND,LOW_VOLATILITY,3
H7,3144,3141,1,2026-02-17 18:15:00+00:00,2026-02-17 18:15:00+00:00,1.1822,1.18228,1.18072,1.18228,8.000000000008001e-05,TP,1,0.0008500000000000174,0.00014999999999987246,SWEEP_EXTREME,OPPOSITE_LIQUIDITY,CONFIRMED,SELL_SIDE,M15,1.18078,1.2696949215297357,BEARISH,STRONG_DISPLACEMENT,1.8397620291553372,,True,STRONG_DOWNTREND,NORMAL_VOLATILITY,18
H7,3144,3141,1,2026-02-17 18:15:00+00:00,2026-02-17 18:15:00+00:00,1.1822,1.18228,1.18072,1.18228,8.000000000008001e-05,TP,1,0.0008500000000000174,0.00014999999999987246,SWEEP_EXTREME,OPPOSITE_LIQUIDITY,CONFIRMED,SELL_SIDE,M15,1.18096,1.2696949215297357,BEARISH,STRONG_DISPLACEMENT,1.8397620291553372,,True,STRONG_DOWNTREND,NORMAL_VOLATILITY,18
H7,3145,3142,1,2026-02-17 18:30:00+00:00,2026-02-17 18:30:00+00:00,1.18278,1.18288,1.18041,1.18288,9.999999999998899e-05,TP,1,0.0007399999999999629,9.999999999998899e-05,SWEEP_EXTREME,OPPOSITE_LIQUIDITY,CONFIRMED,SELL_SIDE,M15,1.18048,0.851748382918608,BEARISH,STRONG_DISPLACEMENT,2.4242069359988463,,True,STRONG_DOWNTREND,NORMAL_VOLATILITY,18
H7,3157,3154,-1,2026-02-17 21:30:00+00:00,2026-02-17 22:45:00+00:00,1.18437,1.1852200000000002,1.1852200000000002,1.18423,-0.0008500000000002395,SL,6,5.999999999994898e-05,0.0008900000000000574,SWEEP_EXTREME,OPPOSITE_LIQUIDITY,CONFIRMED,BUY_SIDE,M15,1.18498,1.27394979239106,BEARISH,MODERATE_DISPLACEMENT,0.952245299363208,,False,STRONG_DOWNTREND,NORMAL_VOLATILITY,21
H7,3175,3172,-1,2026-02-18 02:00:00+00:00,2026-02-18 02:30:00+00:00,1.18505,1.18487,1.1857900000000001,1.18487,0.00017999999999984695,TP,3,0.00028999999999990145,0.00029999999999996696,SWEEP_EXTREME,OPPOSITE_LIQUIDITY,CONFIRMED,BUY_SIDE,M15,1.1855,1.2650184994953537,BULLISH,MODERATE_DISPLACEMENT,0.9124723602917231,,False,UPTREND,LOW_VOLATILITY,2
H7,3217,3214,1,2026-02-18 12:30:00+00:00,2026-02-18 14:15:00+00:00,1.18391,1.18423,1.18274,1.18423,0.00031999999999987594,TP,8,0.00038999999999989043,0.0010099999999999554,SWEEP_EXTREME,OPPOSITE_LIQUIDITY,CONFIRMED,SELL_SIDE,M15,1.1828,1.4184510327237188,NEUTRAL,STRONG_DISPLACEMENT,1.5544668851767254,,True,STRONG_DOWNTREND,NORMAL_VOLATILITY,12
H7,3219,3216,-1,2026-02-18 13:00:00+00:00,2026-02-18 13:00:00+00:00,1.1832,1.18304,1.1841000000000002,1.18304,0.00015999999999993797,TP,1,0.00029999999999996696,8.000000000008001e-05,SWEEP_EXTREME,OPPOSITE_LIQUIDITY,CONFIRMED,BUY_SIDE,M15,1.18385,1.0696522860908955,NEUTRAL,STRONG_DISPLACEMENT,1.2760764114769747,,False,STRONG_DOWNTREND,NORMAL_VOLATILITY,13
H7,3231,3228,-1,2026-02-18 16:00:00+00:00,2026-02-18 16:00:00+00:00,1.18236,1.18221,1.1849,1.18221,0.0001500000000000945,TP,1,0.00021000000000004349,0.00041000000000002146,SWEEP_EXTREME,OPPOSITE_LIQUIDITY,CONFIRMED,BUY_SIDE,M15,1.18472,1.58585758943491,BULLISH,STRONG_DISPLACEMENT,3.7483906659368422,,False,DOWNTREND,NORMAL_VOLATILITY,16
H7,3361,3358,-1,2026-02-20 00:30:00+00:00,2026-02-20 03:00:00+00:00,1.17714,1.17656,1.17778,1.17656,0.0005800000000000249,TP,11,0.0005800000000000249,0.0004199999999998649,SWEEP_EXTREME,OPPOSITE_LIQUIDITY,CONFIRMED,BUY_SIDE,M15,1.17754,0.8523738934345348,BULLISH,MODERATE_DISPLACEMENT,0.9045600501753932,,True,STRONG_DOWNTREND,NORMAL_VOLATILITY,0
H7,3361,3358,-1,2026-02-20 00:30:00+00:00,2026-02-20 03:00:00+00:00,1.17714,1.17656,1.17778,1.17656,0.0005800000000000249,TP,11,0.0005800000000000249,0.0004199999999998649,SWEEP_EXTREME,OPPOSITE_LIQUIDITY,CONFIRMED,BUY_SIDE,M15,1.17741,0.8523738934345348,BULLISH,MODERATE_DISPLACEMENT,0.9045600501753932,,True,STRONG_DOWNTREND,NORMAL_VOLATILITY,0
H7,3387,3384,-1,2026-02-20 07:00:00+00:00,2026-02-20 07:00:00+00:00,1.17529,1.17518,1.17599,1.17518,0.0001100000000000545,TP,1,0.00028999999999990145,0.000140000000000029,SWEEP_EXTREME,OPPOSITE_LIQUIDITY,CONFIRMED,BUY_SIDE,M15,1.17588,0.6860439445276075,BEARISH,STRONG_DISPLACEMENT,1.4737240289853355,,True,STRONG_DOWNTREND,LOW_VOLATILITY,7
H7,3399,3396,-1,2026-02-20 10:00:00+00:00,2026-02-20 10:00:00+00:00,1.17511,1.175,1.1762000000000001,1.175,0.0001100000000000545,TP,1,0.0007900000000000684,0.00026999999999999247,SWEEP_EXTREME,OPPOSITE_LIQUIDITY,CONFIRMED,BUY_SIDE,M15,1.17596,1.6912459294447049,BEARISH,STRONG_DISPLACEMENT,2.46438692576207,,True,STRONG_DOWNTREND,LOW_VOLATILITY,10
H7,3399,3396,-1,2026-02-20 10:00:00+00:00,2026-02-20 10:00:00+00:00,1.17511,1.175,1.1762000000000001,1.175,0.0001100000000000545,TP,1,0.0007900000000000684,0.00026999999999999247,SWEEP_EXTREME,OPPOSITE_LIQUIDITY,CONFIRMED,BUY_SIDE,M15,1.17567,1.6912459294447049,BEARISH,STRONG_DISPLACEMENT,2.46438692576207,,True,STRONG_DOWNTREND,LOW_VOLATILITY,10
H7,3402,3399,1,2026-02-20 10:45:00+00:00,2026-02-20 10:45:00+00:00,1.17576,1.17588,1.17491,1.17588,0.00012000000000012001,TP,1,0.0005900000000000905,4.999999999988347e-05,SWEEP_EXTREME,OPPOSITE_LIQUIDITY,CONFIRMED,SELL_SIDE,M15,1.17513,1.726488505679339,NEUTRAL,STRONG_DISPLACEMENT,1.3475032239447247,,False,STRONG_DOWNTREND,NORMAL_VOLATILITY,10
H7,3402,3399,1,2026-02-20 10:45:00+00:00,2026-02-20 10:45:00+00:00,1.17576,1.17588,1.17491,1.17588,0.00012000000000012001,TP,1,0.0005900000000000905,4.999999999988347e-05,SWEEP_EXTREME,OPPOSITE_LIQUIDITY,CONFIRMED,SELL_SIDE,M15,1.175,1.726488505679339,NEUTRAL,STRONG_DISPLACEMENT,1.3475032239447247,,False,STRONG_DOWNTREND,NORMAL_VOLATILITY,10
H7,3429,3426,1,2026-02-20 17:30:00+00:00,2026-02-20 17:30:00+00:00,1.17994,1.18008,1.1755399999999998,1.18008,0.000140000000000029,TP,1,0.00039999999999995595,0.0011900000000000244,SWEEP_EXTREME,OPPOSITE_LIQUIDITY,CONFIRMED,SELL_SIDE,M15,1.17571,1.1057113322102339,NEUTRAL,STRONG_DISPLACEMENT,4.573624146869476,,False,RANGE,HIGH_VOLATILITY,17
H7,3492,3489,-1,2026-02-23 09:15:00+00:00,2026-02-23 09:15:00+00:00,1.1824,1.18225,1.1834200000000001,1.18225,0.00014999999999987246,TP,1,0.00021999999999988695,0.00010000000000021103,SWEEP_EXTREME,OPPOSITE_LIQUIDITY,CONFIRMED,BUY_SIDE,M15,1.1831,1.2318828177388153,BEARISH,MODERATE_DISPLACEMENT,1.199032609265931,,False,STRONG_UPTREND,NORMAL_VOLATILITY,9
H7,3492,3489,-1,2026-02-23 09:15:00+00:00,2026-02-23 09:15:00+00:00,1.1824,1.18225,1.1834200000000001,1.18225,0.00014999999999987246,TP,1,0.00021999999999988695,0.00010000000000021103,SWEEP_EXTREME,OPPOSITE_LIQUIDITY,CONFIRMED,BUY_SIDE,M15,1.18307,1.2318828177388153,BEARISH,MODERATE_DISPLACEMENT,1.199032609265931,,False,STRONG_UPTREND,NORMAL_VOLATILITY,9
H7,3516,3513,1,2026-02-23 15:15:00+00:00,2026-02-23 15:15:00+00:00,1.1785,1.17871,1.17739,1.17871,0.00020999999999982144,TP,1,0.0007999999999999119,3.0000000000196536e-05,SWEEP_EXTREME,OPPOSITE_LIQUIDITY,CONFIRMED,SELL_SIDE,M15,1.17774,1.55689783581442,BEARISH,STRONG_DISPLACEMENT,1.4243958923410793,,True,RANGE,NORMAL_VOLATILITY,15
H7,3516,3513,1,2026-02-23 15:15:00+00:00,2026-02-23 15:15:00+00:00,1.1785,1.17871,1.17739,1.17871,0.00020999999999982144,TP,1,0.0007999999999999119,3.0000000000196536e-05,SWEEP_EXTREME,OPPOSITE_LIQUIDITY,CONFIRMED,SELL_SIDE,M15,1.17795,1.55689783581442,BEARISH,STRONG_DISPLACEMENT,1.4243958923410793,,True,RANGE,NORMAL_VOLATILITY,15
H7,3516,3513,1,2026-02-23 15:15:00+00:00,2026-02-23 15:15:00+00:00,1.1785,1.17871,1.17739,1.17871,0.00020999999999982144,TP,1,0.0007999999999999119,3.0000000000196536e-05,SWEEP_EXTREME,OPPOSITE_LIQUIDITY,CONFIRMED,SELL_SIDE,M15,1.17808,1.55689783581442,BEARISH,STRONG_DISPLACEMENT,1.4243958923410793,,True,RANGE,NORMAL_VOLATILITY,15
H7,3530,3527,1,2026-02-23 18:45:00+00:00,2026-02-23 18:45:00+00:00,1.18012,1.18019,1.1791399999999999,1.18019,7.00000000000145e-05,TP,1,0.0004999999999999449,0.000140000000000029,SWEEP_EXTREME,OPPOSITE_LIQUIDITY,CONFIRMED,SELL_SIDE,M15,1.17942,1.3027021988685925,BULLISH,MODERATE_DISPLACEMENT,0.8730876439224954,,False,RANGE,NORMAL_VOLATILITY,18
H7,3565,3562,-1,2026-02-24 03:30:00+00:00,2026-02-24 03:30:00+00:00,1.17735,1.17726,1.17967,1.17726,8.999999999992347e-05,TP,1,0.00021999999999988695,0.0007100000000002105,SWEEP_EXTREME,OPPOSITE_LIQUIDITY,CONFIRMED,BUY_SIDE,M15,1.17952,1.4348991821610133,NEUTRAL,STRONG_DISPLACEMENT,4.216396058351412,,True,DOWNTREND,NORMAL_VOLATILITY,3
H7,3568,3565,1,2026-02-24 04:15:00+00:00,2026-02-24 04:30:00+00:00,1.17818,1.17828,1.1771299999999998,1.17828,9.999999999998899e-05,TP,2,0.00024000000000001798,0.00035999999999991594,SWEEP_EXTREME,OPPOSITE_LIQUIDITY,CONFIRMED,SELL_SIDE,H4,1.17744,2.2123897534382646,NEUTRAL,STRONG_DISPLACEMENT,1.5694730729519817,,False,DOWNTREND,NORMAL_VOLATILITY,4
H7,3575,3572,-1,2026-02-24 06:00:00+00:00,2026-02-24 06:00:00+00:00,1.1775,1.17744,1.1785700000000001,1.17744,5.999999999994898e-05,TP,1,0.000280000000000058,0.00015999999999993797,SWEEP_EXTREME,OPPOSITE_LIQUIDITY,CONFIRMED,BUY_SIDE,M15,1.17845,0.6136347587760793,BEARISH,STRONG_DISPLACEMENT,1.4931779130222018,,True,STRONG_DOWNTREND,LOW_VOLATILITY,6
H7,3686,3683,-1,2026-02-25 09:45:00+00:00,2026-02-25 09:45:00+00:00,1.18015,1.18006,1.1806800000000002,1.18006,8.999999999992347e-05,TP,1,0.00046999999999997044,0.00046999999999997044,SWEEP_EXTREME,OPPOSITE_LIQUIDITY,CONFIRMED,BUY_SIDE,M15,1.18055,1.048779264931052,BULLISH,MODERATE_DISPLACEMENT,0.8256347404776472,,False,STRONG_UPTREND,LOW_VOLATILITY,9
H7,3704,3701,1,2026-02-25 14:15:00+00:00,2026-02-25 14:15:00+00:00,1.17816,1.17822,1.1770699999999998,1.17822,5.999999999994898e-05,TP,1,0.00026999999999999247,0.00012000000000012001,SWEEP_EXTREME,OPPOSITE_LIQUIDITY,CONFIRMED,SELL_SIDE,M15,1.17713,1.7616507024610921,NEUTRAL,STRONG_DISPLACEMENT,2.024885864897688,,False,RANGE,NORMAL_VOLATILITY,14
H7,3704,3701,1,2026-02-25 14:15:00+00:00,2026-02-25 14:15:00+00:00,1.17816,1.17822,1.1770699999999998,1.17822,5.999999999994898e-05,TP,1,0.00026999999999999247,0.00012000000000012001,SWEEP_EXTREME,OPPOSITE_LIQUIDITY,CONFIRMED,SELL_SIDE,M15,1.17732,1.7616507024610921,NEUTRAL,STRONG_DISPLACEMENT,2.024885864897688,,False,RANGE,NORMAL_VOLATILITY,14
H7,3704,3701,1,2026-02-25 14:15:00+00:00,2026-02-25 14:15:00+00:00,1.17816,1.17822,1.1770699999999998,1.17822,5.999999999994898e-05,TP,1,0.00026999999999999247,0.00012000000000012001,SWEEP_EXTREME,OPPOSITE_LIQUIDITY,CONFIRMED,SELL_SIDE,M15,1.1775,1.7616507024610921,NEUTRAL,STRONG_DISPLACEMENT,2.024885864897688,,False,RANGE,NORMAL_VOLATILITY,14
H7,3704,3701,1,2026-02-25 14:15:00+00:00,2026-02-25 14:15:00+00:00,1.17816,1.17822,1.1770699999999998,1.17822,5.999999999994898e-05,TP,1,0.00026999999999999247,0.00012000000000012001,SWEEP_EXTREME,OPPOSITE_LIQUIDITY,CONFIRMED,SELL_SIDE,M15,1.17763,1.7616507024610921,NEUTRAL,STRONG_DISPLACEMENT,2.024885864897688,,False,RANGE,NORMAL_VOLATILITY,14
H7,3761,3758,-1,2026-02-26 04:30:00+00:00,2026-02-26 04:30:00+00:00,1.182,1.18193,1.18283,1.18193,7.00000000000145e-05,TP,1,0.0006899999999998574,0.0,SWEEP_EXTREME,OPPOSITE_LIQUIDITY,CONFIRMED,BUY_SIDE,M15,1.18274,1.5083679331679214,BULLISH,STRONG_DISPLACEMENT,1.7080048654992883,,False,STRONG_UPTREND,LOW_VOLATILITY,4
H7,3771,3768,1,2026-02-26 07:00:00+00:00,2026-02-26 07:00:00+00:00,1.18181,1.18188,1.18125,1.18188,7.00000000000145e-05,TP,1,0.0001100000000000545,0.000180000000000069,SWEEP_EXTREME,OPPOSITE_LIQUIDITY,CONFIRMED,SELL_SIDE,M15,1.18131,1.0257109709949228,NEUTRAL,MODERATE_DISPLACEMENT,0.9790877450408199,,True,STRONG_UPTREND,LOW_VOLATILITY,7
H7,3858,3855,1,2026-02-27 10:00:00+00:00,2026-02-27 10:00:00+00:00,1.18148,1.18157,1.17979,1.18157,8.999999999992347e-05,TP,1,0.0006800000000000139,9.999999999998899e-05,SWEEP_EXTREME,OPPOSITE_LIQUIDITY,CONFIRMED,SELL_SIDE,M15,1.18019,1.223657796061661,NEUTRAL,STRONG_DISPLACEMENT,3.49923194312399,,True,UPTREND,NORMAL_VOLATILITY,10
H7,3869,3866,1,2026-02-27 12:45:00+00:00,2026-02-27 13:00:00+00:00,1.18023,1.1803,1.17923,1.1803,7.00000000000145e-05,TP,2,7.00000000000145e-05,0.0006299999999999084,SWEEP_EXTREME,OPPOSITE_LIQUIDITY,CONFIRMED,SELL_SIDE,M15,1.17969,1.9564002899714057,NEUTRAL,MODERATE_DISPLACEMENT,1.193735770151807,,False,UPTREND,NORMAL_VOLATILITY,12
H7,3884,3881,1,2026-02-27 16:30:00+00:00,2026-02-27 16:30:00+00:00,1.18016,1.1803,1.17906,1.1803,0.00013999999999980695,TP,1,0.0013799999999999368,0.0001100000000000545,SWEEP_EXTREME,OPPOSITE_LIQUIDITY,CONFIRMED,SELL_SIDE,M15,1.17985,2.0122692946567056,BULLISH,MODERATE_DISPLACEMENT,1.0643407839510386,,False,RANGE,NORMAL_VOLATILITY,16
H7,3884,3881,1,2026-02-27 16:30:00+00:00,2026-02-27 16:30:00+00:00,1.18016,1.1803,1.17906,1.1803,0.00013999999999980695,TP,1,0.0013799999999999368,0.0001100000000000545,SWEEP_EXTREME,OPPOSITE_LIQUIDITY,CONFIRMED,SELL_SIDE,M15,1.1797,2.0122692946567056,BULLISH,MODERATE_DISPLACEMENT,1.0643407839510386,,False,RANGE,NORMAL_VOLATILITY,16
H7,3884,3881,1,2026-02-27 16:30:00+00:00,2026-02-27 16:30:00+00:00,1.18016,1.1803,1.17906,1.1803,0.00013999999999980695,TP,1,0.0013799999999999368,0.0001100000000000545,SWEEP_EXTREME,OPPOSITE_LIQUIDITY,CONFIRMED,SELL_SIDE,M15,1.1796,2.0122692946567056,BULLISH,MODERATE_DISPLACEMENT,1.0643407839510386,,False,RANGE,NORMAL_VOLATILITY,16
H7,3884,3881,1,2026-02-27 16:30:00+00:00,2026-02-27 16:30:00+00:00,1.18016,1.1803,1.17906,1.1803,0.00013999999999980695,TP,1,0.0013799999999999368,0.0001100000000000545,SWEEP_EXTREME,OPPOSITE_LIQUIDITY,CONFIRMED,SELL_SIDE,M15,1.17928,2.0122692946567056,BULLISH,MODERATE_DISPLACEMENT,1.0643407839510386,,False,RANGE,NORMAL_VOLATILITY,16
H7,3918,3915,1,2026-03-02 01:00:00+00:00,2026-03-02 01:00:00+00:00,1.17752,1.17769,1.1763499999999998,1.17769,0.00017000000000000348,TP,1,0.0012400000000001299,0.0008899999999998354,SWEEP_EXTREME,OPPOSITE_LIQUIDITY,CONFIRMED,SELL_SIDE,H4,1.17659,0.8352251337796653,BULLISH,MODERATE_DISPLACEMENT,1.1359061819400778,,False,RANGE,HIGH_VOLATILITY,1
H7,3918,3915,1,2026-03-02 01:00:00+00:00,2026-03-02 01:00:00+00:00,1.17752,1.17769,1.1763499999999998,1.17769,0.00017000000000000348,TP,1,0.0012400000000001299,0.0008899999999998354,SWEEP_EXTREME,OPPOSITE_LIQUIDITY,CONFIRMED,SELL_SIDE,H4,1.17709,0.8352251337796653,BULLISH,MODERATE_DISPLACEMENT,1.1359061819400778,,False,RANGE,HIGH_VOLATILITY,1
H7,3918,3915,1,2026-03-02 01:00:00+00:00,2026-03-02 01:00:00+00:00,1.17752,1.17769,1.1763499999999998,1.17769,0.00017000000000000348,TP,1,0.0012400000000001299,0.0008899999999998354,SWEEP_EXTREME,OPPOSITE_LIQUIDITY,CONFIRMED,SELL_SIDE,H4,1.17738,0.8352251337796653,BULLISH,MODERATE_DISPLACEMENT,1.1359061819400778,,False,RANGE,HIGH_VOLATILITY,1
H7,3918,3915,1,2026-03-02 01:00:00+00:00,2026-03-02 01:00:00+00:00,1.17752,1.17769,1.1763499999999998,1.17769,0.00017000000000000348,TP,1,0.0012400000000001299,0.0008899999999998354,SWEEP_EXTREME,OPPOSITE_LIQUIDITY,CONFIRMED,SELL_SIDE,M15,1.17655,0.8352251337796653,BULLISH,MODERATE_DISPLACEMENT,1.1359061819400778,,False,RANGE,HIGH_VOLATILITY,1
H7,3918,3915,1,2026-03-02 01:00:00+00:00,2026-03-02 01:00:00+00:00,1.17752,1.17769,1.1763499999999998,1.17769,0.00017000000000000348,TP,1,0.0012400000000001299,0.0008899999999998354,SWEEP_EXTREME,OPPOSITE_LIQUIDITY,CONFIRMED,SELL_SIDE,M15,1.17728,0.8352251337796653,BULLISH,MODERATE_DISPLACEMENT,1.1359061819400778,,False,RANGE,HIGH_VOLATILITY,1
H7,3925,3922,1,2026-03-02 02:45:00+00:00,2026-03-02 02:45:00+00:00,1.17706,1.17721,1.1756199999999999,1.17721,0.0001500000000000945,TP,1,0.0007299999999998974,0.00038999999999989043,SWEEP_EXTREME,OPPOSITE_LIQUIDITY,CONFIRMED,SELL_SIDE,M15,1.17571,1.0332900305490824,BEARISH,MODERATE_DISPLACEMENT,1.1210222029541137,,False,DOWNTREND,HIGH_VOLATILITY,2
H7,3960,3957,1,2026-03-02 11:30:00+00:00,2026-03-02 11:30:00+00:00,1.1737,1.17377,1.16974,1.17377,7.00000000000145e-05,TP,1,0.000520000000000076,0.00032999999999994145,SWEEP_EXTREME,OPPOSITE_LIQUIDITY,CONFIRMED,SELL_SIDE,M15,1.16998,1.4885955272219165,BULLISH,STRONG_DISPLACEMENT,2.39673242118742,,False,STRONG_DOWNTREND,HIGH_VOLATILITY,11
H7,3967,3964,-1,2026-03-02 13:15:00+00:00,2026-03-02 13:15:00+00:00,1.17339,1.17318,1.17477,1.17318,0.00021000000000004349,TP,1,0.0006999999999999229,2.999999999997449e-05,SWEEP_EXTREME,OPPOSITE_LIQUIDITY,CONFIRMED,BUY_SIDE,M15,1.17437,1.172860612630331,NEUTRAL,MODERATE_DISPLACEMENT,1.06203913742125,,True,STRONG_DOWNTREND,HIGH_VOLATILITY,13
H7,3981,3978,1,2026-03-02 16:45:00+00:00,2026-03-02 16:45:00+00:00,1.17173,1.17183,1.16949,1.17183,9.999999999998899e-05,TP,1,0.0006500000000000394,0.00034000000000000696,SWEEP_EXTREME,OPPOSITE_LIQUIDITY,CONFIRMED,SELL_SIDE,M15,1.16968,1.253976648090504,BEARISH,STRONG_DISPLACEMENT,1.7299385875118314,,False,STRONG_DOWNTREND,HIGH_VOLATILITY,16
H7,3984,3981,-1,2026-03-02 17:30:00+00:00,2026-03-02 17:30:00+00:00,1.1702,1.17013,1.17198,1.17013,7.00000000000145e-05,TP,1,0.0009799999999999809,0.000320000000000098,SWEEP_EXTREME,OPPOSITE_LIQUIDITY,CONFIRMED,BUY_SIDE,M15,1.17183,1.4724929827118554,BEARISH,STRONG_DISPLACEMENT,1.302262580086227,,True,STRONG_DOWNTREND,HIGH_VOLATILITY,17
H7,4006,4003,1,2026-03-02 23:00:00+00:00,2026-03-02 23:00:00+00:00,1.169,1.16909,1.1678799999999998,1.16909,8.999999999992347e-05,TP,1,0.00043999999999999595,0.0001100000000000545,SWEEP_EXTREME,OPPOSITE_LIQUIDITY,CONFIRMED,SELL_SIDE,M15,1.16868,2.9931846999663865,NEUTRAL,MODERATE_DISPLACEMENT,0.8881853709099812,,False,STRONG_DOWNTREND,HIGH_VOLATILITY,23
H7,4027,4024,-1,2026-03-03 04:15:00+00:00,2026-03-03 04:15:00+00:00,1.16913,1.16907,1.17073,1.16907,5.999999999994898e-05,TP,1,0.0005599999999998939,0.00039999999999995595,SWEEP_EXTREME,OPPOSITE_LIQUIDITY,CONFIRMED,BUY_SIDE,M15,1.16979,1.6330037120752696,BULLISH,STRONG_DISPLACEMENT,1.647455072359218,,True,STRONG_DOWNTREND,NORMAL_VOLATILITY,4
H7,4096,4093,-1,2026-03-03 21:30:00+00:00,2026-03-03 21:30:00+00:00,1.16029,1.16226,1.16226,1.16022,-0.0019700000000000273,SL,1,0.000320000000000098,0.0022800000000000598,SWEEP_EXTREME,OPPOSITE_LIQUIDITY,CONFIRMED,BUY_SIDE,M15,1.16153,1.2810023162279414,NEUTRAL,MODERATE_DISPLACEMENT,0.9864402862930757,,True,STRONG_DOWNTREND,HIGH_VOLATILITY,21
H7,4114,4111,-1,2026-03-04 02:00:00+00:00,2026-03-04 02:00:00+00:00,1.16106,1.16095,1.16196,1.16095,0.0001100000000000545,TP,1,0.0007900000000000684,4.0000000000040004e-05,SWEEP_EXTREME,OPPOSITE_LIQUIDITY,CONFIRMED,BUY_SIDE,M15,1.16154,1.0261066215926016,NEUTRAL,MODERATE_DISPLACEMENT,0.9915187579431883,,True,STRONG_DOWNTREND,NORMAL_VOLATILITY,2
H7,4133,4130,-1,2026-03-04 06:45:00+00:00,2026-03-04 06:45:00+00:00,1.15969,1.15954,1.1609600000000002,1.15954,0.0001500000000000945,TP,1,0.0006800000000000139,8.999999999992347e-05,SWEEP_EXTREME,OPPOSITE_LIQUIDITY,CONFIRMED,BUY_SIDE,M15,1.16042,0.9365616069422852,BEARISH,STRONG_DISPLACEMENT,1.462575660156102,,True,STRONG_DOWNTREND,NORMAL_VOLATILITY,6
H7,4147,4144,-1,2026-03-04 10:15:00+00:00,2026-03-04 10:15:00+00:00,1.16087,1.16079,1.1623500000000002,1.16079,8.000000000008001e-05,TP,1,0.0010100000000001774,4.999999999988347e-05,SWEEP_EXTREME,OPPOSITE_LIQUIDITY,CONFIRMED,BUY_SIDE,M15,1.16203,1.26672982486381,BULLISH,STRONG_DISPLACEMENT,1.4597553219855315,,True,STRONG_DOWNTREND,HIGH_VOLATILITY,10
H7,4148,4145,-1,2026-03-04 10:30:00+00:00,2026-03-04 10:45:00+00:00,1.15988,1.15954,1.1628500000000002,1.15954,0.00034000000000000696,TP,2,0.0003900000000001125,0.0007399999999999629,SWEEP_EXTREME,OPPOSITE_LIQUIDITY,CONFIRMED,BUY_SIDE,H4,1.16257,0.9223478076310372,BULLISH,STRONG_DISPLACEMENT,3.0583111516184185,,True,STRONG_DOWNTREND,HIGH_VOLATILITY,10
H7,4148,4145,-1,2026-03-04 10:30:00+00:00,2026-03-04 10:45:00+00:00,1.15988,1.15954,1.1628500000000002,1.15954,0.00034000000000000696,TP,2,0.0003900000000001125,0.0007399999999999629,SWEEP_EXTREME,OPPOSITE_LIQUIDITY,CONFIRMED,BUY_SIDE,M15,1.16244,0.9223478076310372,BULLISH,STRONG_DISPLACEMENT,3.0583111516184185,,True,STRONG_DOWNTREND,HIGH_VOLATILITY,10
H7,4170,4167,-1,2026-03-04 16:00:00+00:00,2026-03-04 16:00:00+00:00,1.1631,1.163,1.1652500000000001,1.163,9.999999999998899e-05,TP,1,0.00042000000000008697,0.0006699999999999484,SWEEP_EXTREME,OPPOSITE_LIQUIDITY,CONFIRMED,BUY_SIDE,M15,1.16486,1.7719715315276519,NEUTRAL,STRONG_DISPLACEMENT,1.3531418968028692,,True,DOWNTREND,HIGH_VOLATILITY,16
H7,4219,4216,-1,2026-03-05 04:15:00+00:00,2026-03-05 04:15:00+00:00,1.16295,1.16284,1.16473,1.16284,0.00010999999999983245,TP,1,0.0007199999999998319,0.000220000000000109,SWEEP_EXTREME,OPPOSITE_LIQUIDITY,CONFIRMED,BUY_SIDE,M15,1.16461,1.099303490098295,BULLISH,STRONG_DISPLACEMENT,3.278956961844791,,True,DOWNTREND,NORMAL_VOLATILITY,4
H7,4219,4216,-1,2026-03-05 04:15:00+00:00,2026-03-05 04:15:00+00:00,1.16295,1.16284,1.16473,1.16284,0.00010999999999983245,TP,1,0.0007199999999998319,0.000220000000000109,SWEEP_EXTREME,OPPOSITE_LIQUIDITY,CONFIRMED,BUY_SIDE,M15,1.16452,1.099303490098295,BULLISH,STRONG_DISPLACEMENT,3.278956961844791,,True,DOWNTREND,NORMAL_VOLATILITY,4
H7,4238,4235,1,2026-03-05 09:00:00+00:00,2026-03-05 09:00:00+00:00,1.16066,1.16094,1.15875,1.16094,0.000280000000000058,TP,1,0.0005100000000000104,0.00043999999999999595,SWEEP_EXTREME,OPPOSITE_LIQUIDITY,CONFIRMED,SELL_SIDE,M15,1.1592,1.1244516330314054,BEARISH,STRONG_DISPLACEMENT,2.5831996975047624,,False,STRONG_DOWNTREND,NORMAL_VOLATILITY,9
H7,4247,4244,1,2026-03-05 11:15:00+00:00,2026-03-05 11:15:00+00:00,1.16409,1.16417,1.15818,1.16417,7.999999999985796e-05,TP,1,0.00014999999999987246,0.0017100000000001003,SWEEP_EXTREME,OPPOSITE_LIQUIDITY,CONFIRMED,SELL_SIDE,M15,1.15869,1.632592328722873,BEARISH,STRONG_DISPLACEMENT,6.167571019620637,,False,RANGE,HIGH_VOLATILITY,11
H7,4247,4244,1,2026-03-05 11:15:00+00:00,2026-03-05 11:15:00+00:00,1.16409,1.16417,1.15818,1.16417,7.999999999985796e-05,TP,1,0.00014999999999987246,0.0017100000000001003,SWEEP_EXTREME,OPPOSITE_LIQUIDITY,CONFIRMED,SELL_SIDE,M15,1.15875,1.632592328722873,BEARISH,STRONG_DISPLACEMENT,6.167571019620637,,False,RANGE,HIGH_VOLATILITY,11
H7,4293,4290,1,2026-03-05 22:45:00+00:00,2026-03-05 22:45:00+00:00,1.16047,1.16054,1.1569399999999999,1.16054,7.00000000000145e-05,TP,1,0.0003500000000000725,0.0005299999999999194,SWEEP_EXTREME,OPPOSITE_LIQUIDITY,CONFIRMED,SELL_SIDE,M15,1.1571,0.6940284450811233,BEARISH,STRONG_DISPLACEMENT,2.767438424760346,,False,STRONG_DOWNTREND,HIGH_VOLATILITY,22
H7,4328,4325,-1,2026-03-06 07:30:00+00:00,2026-03-06 07:30:00+00:00,1.16119,1.1611,1.16215,1.1611,8.999999999992347e-05,TP,1,0.00024000000000001798,0.000460000000000127,SWEEP_EXTREME,OPPOSITE_LIQUIDITY,CONFIRMED,BUY_SIDE,M15,1.16206,0.7515809953844118,BULLISH,MODERATE_DISPLACEMENT,1.0984645317159092,,True,RANGE,LOW_VOLATILITY,7
H7,4334,4331,1,2026-03-06 09:00:00+00:00,2026-03-06 09:15:00+00:00,1.16115,1.16135,1.16011,1.16135,0.00020000000000020002,TP,2,0.000660000000000105,0.0005299999999999194,SWEEP_EXTREME,OPPOSITE_LIQUIDITY,CONFIRMED,SELL_SIDE,M15,1.16031,1.3230895480790925,NEUTRAL,STRONG_DISPLACEMENT,1.3412140624364615,,False,DOWNTREND,NORMAL_VOLATILITY,9
H7,4334,4331,1,2026-03-06 09:00:00+00:00,2026-03-06 09:15:00+00:00,1.16115,1.16135,1.16011,1.16135,0.00020000000000020002,TP,2,0.000660000000000105,0.0005299999999999194,SWEEP_EXTREME,OPPOSITE_LIQUIDITY,CONFIRMED,SELL_SIDE,M15,1.16052,1.3230895480790925,NEUTRAL,STRONG_DISPLACEMENT,1.3412140624364615,,False,DOWNTREND,NORMAL_VOLATILITY,9
H7,4365,4362,1,2026-03-06 16:45:00+00:00,2026-03-06 16:45:00+00:00,1.15664,1.15688,1.1549999999999998,1.15688,0.00024000000000001798,TP,1,0.0008200000000000429,0.00035999999999991594,SWEEP_EXTREME,OPPOSITE_LIQUIDITY,CONFIRMED,SELL_SIDE,M15,1.15522,3.1197645695544276,BEARISH,MODERATE_DISPLACEMENT,0.8835423467658908,,False,STRONG_DOWNTREND,HIGH_VOLATILITY,16
H7,4382,4379,-1,2026-03-06 21:00:00+00:00,2026-03-06 23:15:00+00:00,1.15985,1.16179,1.16179,1.15954,-0.0019400000000000528,SL,10,0.0002900000000001235,0.0019599999999999618,SWEEP_EXTREME,OPPOSITE_LIQUIDITY,CONFIRMED,BUY_SIDE,M15,1.16131,1.5712038459919004,BULLISH,MODERATE_DISPLACEMENT,1.1202753879493912,,True,DOWNTREND,HIGH_VOLATILITY,21
H7,4439,4436,1,2026-03-09 11:15:00+00:00,2026-03-09 11:30:00+00:00,1.15429,1.15654,1.15211,1.15654,0.0022499999999998632,TP,2,0.0030399999999999316,0.000280000000000058,SWEEP_EXTREME,OPPOSITE_LIQUIDITY,CONFIRMED,SELL_SIDE,M15,1.15352,2.01920617107136,BULLISH,STRONG_DISPLACEMENT,1.44229012219394,,False,STRONG_DOWNTREND,HIGH_VOLATILITY,11
H7,4457,4454,1,2026-03-09 15:45:00+00:00,2026-03-09 16:00:00+00:00,1.15784,1.15496,1.15496,1.1585,-0.0028799999999999937,SL,2,0.00043999999999999595,0.0030799999999999716,SWEEP_EXTREME,OPPOSITE_LIQUIDITY,CONFIRMED,SELL_SIDE,M15,1.15551,1.0350069811297642,BULLISH,STRONG_DISPLACEMENT,2.053714639722305,,False,RANGE,HIGH_VOLATILITY,15
H7,4459,4456,-1,2026-03-09 16:15:00+00:00,2026-03-09 16:15:00+00:00,1.15596,1.15587,1.15789,1.15587,9.000000000014552e-05,TP,1,0.0002900000000001235,0.0008799999999999919,SWEEP_EXTREME,OPPOSITE_LIQUIDITY,CONFIRMED,BUY_SIDE,M15,1.15733,1.0334033591327179,NEUTRAL,STRONG_DISPLACEMENT,1.43572069742106,,True,DOWNTREND,HIGH_VOLATILITY,16
H7,4462,4459,1,2026-03-09 17:00:00+00:00,2026-03-09 17:00:00+00:00,1.1573,1.1585,1.15471,1.1585,0.0012000000000000899,TP,1,0.0012700000000001044,5.999999999994898e-05,SWEEP_EXTREME,OPPOSITE_LIQUIDITY,CONFIRMED,SELL_SIDE,M15,1.15501,2.178478229662486,NEUTRAL,MODERATE_DISPLACEMENT,0.9539741267148519,,False,DOWNTREND,HIGH_VOLATILITY,17
H7,4494,4491,-1,2026-03-10 01:00:00+00:00,2026-03-10 01:00:00+00:00,1.16297,1.16284,1.1646,1.16284,0.00012999999999996348,TP,1,0.0007399999999999629,0.00010999999999983245,SWEEP_EXTREME,OPPOSITE_LIQUIDITY,CONFIRMED,BUY_SIDE,M15,1.16444,1.2870319628054956,BULLISH,STRONG_DISPLACEMENT,1.5642388471018847,,True,STRONG_UPTREND,HIGH_VOLATILITY,1
H7,4494,4491,-1,2026-03-10 01:00:00+00:00,2026-03-10 01:00:00+00:00,1.16297,1.16284,1.1646,1.16284,0.00012999999999996348,TP,1,0.0007399999999999629,0.00010999999999983245,SWEEP_EXTREME,OPPOSITE_LIQUIDITY,CONFIRMED,BUY_SIDE,M15,1.16377,1.2870319628054956,BULLISH,STRONG_DISPLACEMENT,1.5642388471018847,,True,STRONG_UPTREND,HIGH_VOLATILITY,1
H7,4504,4501,-1,2026-03-10 03:30:00+00:00,2026-03-10 03:30:00+00:00,1.16167,1.16159,1.16362,1.16159,8.000000000008001e-05,TP,1,0.00035999999999991594,0.000180000000000069,SWEEP_EXTREME,OPPOSITE_LIQUIDITY,CONFIRMED,BUY_SIDE,M15,1.16314,1.220435600385865,NEUTRAL,STRONG_DISPLACEMENT,1.770631977609052,,True,STRONG_UPTREND,HIGH_VOLATILITY,3
H7,4544,4541,1,2026-03-10 13:30:00+00:00,2026-03-10 13:45:00+00:00,1.16439,1.16452,1.1619899999999999,1.16452,0.00012999999999996348,TP,2,0.00038999999999989043,0.0007699999999999374,SWEEP_EXTREME,OPPOSITE_LIQUIDITY,CONFIRMED,SELL_SIDE,M15,1.16275,2.484343025613914,NEUTRAL,MODERATE_DISPLACEMENT,0.814538696922732,,False,STRONG_UPTREND,HIGH_VOLATILITY,13
H7,4555,4552,-1,2026-03-10 16:15:00+00:00,2026-03-10 16:30:00+00:00,1.16309,1.1649500000000002,1.1649500000000002,1.163,-0.0018600000000001948,SL,2,7.999999999985796e-05,0.0018899999999999473,SWEEP_EXTREME,OPPOSITE_LIQUIDITY,CONFIRMED,BUY_SIDE,M15,1.16478,0.8793220287812852,NEUTRAL,STRONG_DISPLACEMENT,1.3238144828906453,,True,STRONG_UPTREND,HIGH_VOLATILITY,16
H7,4564,4561,-1,2026-03-10 18:30:00+00:00,2026-03-10 18:45:00+00:00,1.16455,1.16448,1.16557,1.16448,7.00000000000145e-05,TP,2,0.0002500000000000835,0.0009099999999999664,SWEEP_EXTREME,OPPOSITE_LIQUIDITY,CONFIRMED,BUY_SIDE,M15,1.1653,1.1827799948711095,BULLISH,MODERATE_DISPLACEMENT,0.8366004841773762,,True,STRONG_UPTREND,HIGH_VOLATILITY,18
H7,4566,4563,1,2026-03-10 19:00:00+00:00,2026-03-10 19:00:00+00:00,1.16516,1.16526,1.16384,1.16526,9.999999999998899e-05,TP,1,0.0009200000000000319,1.0000000000065512e-05,SWEEP_EXTREME,OPPOSITE_LIQUIDITY,CONFIRMED,SELL_SIDE,M15,1.16397,0.8517658323391699,BULLISH,MODERATE_DISPLACEMENT,0.8904824610818985,,False,STRONG_UPTREND,HIGH_VOLATILITY,19
H7,4637,4634,1,2026-03-11 12:45:00+00:00,2026-03-11 12:45:00+00:00,1.161,1.16107,1.15896,1.16107,7.00000000000145e-05,TP,1,0.00011999999999989797,0.0004999999999999449,SWEEP_EXTREME,OPPOSITE_LIQUIDITY,CONFIRMED,SELL_SIDE,M15,1.15904,0.7044968202712086,NEUTRAL,STRONG_DISPLACEMENT,1.9400758589012128,,False,RANGE,HIGH_VOLATILITY,12
H7,4654,4651,-1,2026-03-11 17:00:00+00:00,2026-03-11 17:00:00+00:00,1.1582,1.15814,1.1613300000000002,1.15814,5.999999999994898e-05,TP,1,0.0005699999999999594,0.0002300000000001745,SWEEP_EXTREME,OPPOSITE_LIQUIDITY,CONFIRMED,BUY_SIDE,M15,1.16116,2.3922361082114074,BEARISH,STRONG_DISPLACEMENT,1.3329433665680925,,True,DOWNTREND,HIGH_VOLATILITY,17
H7,4654,4651,-1,2026-03-11 17:00:00+00:00,2026-03-11 17:00:00+00:00,1.1582,1.15814,1.1613300000000002,1.15814,5.999999999994898e-05,TP,1,0.0005699999999999594,0.0002300000000001745,SWEEP_EXTREME,OPPOSITE_LIQUIDITY,CONFIRMED,BUY_SIDE,M15,1.16056,2.3922361082114074,BEARISH,STRONG_DISPLACEMENT,1.3329433665680925,,True,DOWNTREND,HIGH_VOLATILITY,17
H7,4677,4674,-1,2026-03-11 22:45:00+00:00,2026-03-12 00:15:00+00:00,1.15662,1.15628,1.15768,1.15628,0.00034000000000000696,TP,7,0.0006299999999999084,0.0008200000000000429,SWEEP_EXTREME,OPPOSITE_LIQUIDITY,CONFIRMED,BUY_SIDE,M15,1.15743,0.7231250858196486,NEUTRAL,MODERATE_DISPLACEMENT,0.9414269985198684,,True,STRONG_DOWNTREND,NORMAL_VOLATILITY,22
H7,4713,4710,1,2026-03-12 07:45:00+00:00,2026-03-12 10:00:00+00:00,1.15439,1.15556,1.1531399999999998,1.15556,0.0011699999999998933,TP,10,0.0012099999999999334,0.0007099999999999884,SWEEP_EXTREME,OPPOSITE_LIQUIDITY,CONFIRMED,SELL_SIDE,M15,1.15322,0.5369982261011919,BEARISH,STRONG_DISPLACEMENT,1.9331936139644499,,False,STRONG_DOWNTREND,NORMAL_VOLATILITY,7
H7,4732,4729,-1,2026-03-12 12:30:00+00:00,2026-03-12 13:00:00+00:00,1.15495,1.15605,1.15605,1.15476,-0.001100000000000101,SL,3,9.999999999843467e-06,0.0011300000000000754,SWEEP_EXTREME,OPPOSITE_LIQUIDITY,CONFIRMED,BUY_SIDE,M15,1.1556,0.7752823002559333,BULLISH,STRONG_DISPLACEMENT,1.4885420164916674,,True,STRONG_DOWNTREND,NORMAL_VOLATILITY,12
H7,4740,4737,-1,2026-03-12 14:30:00+00:00,2026-03-12 14:30:00+00:00,1.15405,1.15352,1.1566800000000002,1.15352,0.0005299999999999194,TP,1,0.0007399999999999629,8.999999999992347e-05,SWEEP_EXTREME,OPPOSITE_LIQUIDITY,CONFIRMED,BUY_SIDE,M15,1.15629,1.2854279599345917,BULLISH,STRONG_DISPLACEMENT,3.5230247790799134,,True,STRONG_DOWNTREND,NORMAL_VOLATILITY,14
H7,4794,4791,-1,2026-03-13 04:00:00+00:00,2026-03-13 04:30:00+00:00,1.15164,1.15153,1.15303,1.15153,0.0001100000000000545,TP,3,0.00039999999999995595,0.0005900000000000905,SWEEP_EXTREME,OPPOSITE_LIQUIDITY,CONFIRMED,BUY_SIDE,M15,1.15284,1.2957488452660715,BULLISH,STRONG_DISPLACEMENT,2.2326749333821856,,True,STRONG_DOWNTREND,NORMAL_VOLATILITY,4
H7,4844,4841,-1,2026-03-13 16:30:00+00:00,2026-03-13 16:30:00+00:00,1.14762,1.14736,1.1489500000000001,1.14736,0.000260000000000149,TP,1,0.0010200000000000209,0.0008500000000000174,SWEEP_EXTREME,OPPOSITE_LIQUIDITY,CONFIRMED,BUY_SIDE,M15,1.14887,1.1216115743025972,BULLISH,MODERATE_DISPLACEMENT,1.0065744897586373,,True,STRONG_DOWNTREND,HIGH_VOLATILITY,16
H7,4913,4910,1,2026-03-16 10:30:00+00:00,2026-03-16 11:00:00+00:00,1.14419,1.1446,1.1413499999999999,1.1446,0.00041000000000002146,TP,3,0.0004999999999999449,0.000660000000000105,SWEEP_EXTREME,OPPOSITE_LIQUIDITY,CONFIRMED,SELL_SIDE,M15,1.14241,2.1596003718748786,BEARISH,STRONG_DISPLACEMENT,3.4775917752986634,,False,STRONG_DOWNTREND,NORMAL_VOLATILITY,10
H7,4938,4935,-1,2026-03-16 16:45:00+00:00,2026-03-16 19:00:00+00:00,1.14836,1.15012,1.15012,1.14736,-0.0017599999999999838,SL,10,0.000700000000000145,0.0020400000000000418,SWEEP_EXTREME,OPPOSITE_LIQUIDITY,CONFIRMED,BUY_SIDE,M15,1.14902,1.48689618732759,BULLISH,STRONG_DISPLACEMENT,1.9018439605351884,,True,RANGE,HIGH_VOLATILITY,16
H7,4992,4989,-1,2026-03-17 06:15:00+00:00,2026-03-17 07:45:00+00:00,1.14903,1.14855,1.15015,1.14855,0.00048000000000003595,TP,7,0.0012499999999999734,0.0009500000000000064,SWEEP_EXTREME,OPPOSITE_LIQUIDITY,CONFIRMED,BUY_SIDE,M15,1.14996,0.8192537765955933,BEARISH,STRONG_DISPLACEMENT,2.098088940062903,,True,UPTREND,NORMAL_VOLATILITY,6
H7,4994,4991,1,2026-03-17 06:45:00+00:00,2026-03-17 06:45:00+00:00,1.14964,1.14996,1.14912,1.14996,0.000320000000000098,TP,1,0.00034000000000000696,1.0000000000065512e-05,SWEEP_EXTREME,OPPOSITE_LIQUIDITY,CONFIRMED,SELL_SIDE,M15,1.14932,1.1760356638184317,NEUTRAL,MODERATE_DISPLACEMENT,0.9016273422607106,,False,UPTREND,LOW_VOLATILITY,6
H7,5003,5000,1,2026-03-17 09:00:00+00:00,2026-03-17 09:00:00+00:00,1.14816,1.14847,1.1465299999999998,1.14847,0.00031000000000003247,TP,1,0.0008500000000000174,0.00021000000000004349,SWEEP_EXTREME,OPPOSITE_LIQUIDITY,CONFIRMED,SELL_SIDE,M15,1.14721,2.4312320253847624,BEARISH,STRONG_DISPLACEMENT,2.028821207390061,,False,RANGE,NORMAL_VOLATILITY,9
H7,5003,5000,1,2026-03-17 09:00:00+00:00,2026-03-17 09:00:00+00:00,1.14816,1.14847,1.1465299999999998,1.14847,0.00031000000000003247,TP,1,0.0008500000000000174,0.00021000000000004349,SWEEP_EXTREME,OPPOSITE_LIQUIDITY,CONFIRMED,SELL_SIDE,M15,1.14766,2.4312320253847624,BEARISH,STRONG_DISPLACEMENT,2.028821207390061,,False,RANGE,NORMAL_VOLATILITY,9
H7,5099,5096,-1,2026-03-18 09:00:00+00:00,2026-03-18 09:00:00+00:00,1.15422,1.15415,1.1548100000000001,1.15415,7.00000000000145e-05,TP,1,0.00017000000000000348,0.00035999999999991594,SWEEP_EXTREME,OPPOSITE_LIQUIDITY,CONFIRMED,BUY_SIDE,H4,1.15472,0.9558975047071963,BEARISH,MODERATE_DISPLACEMENT,1.0313630971840066,,True,STRONG_UPTREND,LOW_VOLATILITY,9
H7,5108,5105,1,2026-03-18 11:15:00+00:00,2026-03-18 11:15:00+00:00,1.15253,1.15284,1.15163,1.15284,0.00031000000000003247,TP,1,0.0010200000000000209,1.0000000000065512e-05,SWEEP_EXTREME,OPPOSITE_LIQUIDITY,CONFIRMED,SELL_SIDE,M15,1.15179,2.1936676599405605,NEUTRAL,MODERATE_DISPLACEMENT,0.8332536072644078,,False,STRONG_UPTREND,NORMAL_VOLATILITY,11
H7,5195,5192,-1,2026-03-19 09:00:00+00:00,2026-03-19 09:00:00+00:00,1.1465,1.14634,1.14731,1.14634,0.00016000000000016001,TP,1,0.0012400000000001299,0.0007999999999999119,SWEEP_EXTREME,OPPOSITE_LIQUIDITY,CONFIRMED,BUY_SIDE,M15,1.14709,1.468342591690685,BEARISH,STRONG_DISPLACEMENT,1.2129786627007542,,True,STRONG_DOWNTREND,NORMAL_VOLATILITY,9
H7,5220,5217,1,2026-03-19 15:15:00+00:00,2026-03-19 15:15:00+00:00,1.14882,1.14887,1.14625,1.14887,5.0000000000105516e-05,TP,1,0.0016300000000000203,0.0010799999999999699,SWEEP_EXTREME,OPPOSITE_LIQUIDITY,CONFIRMED,SELL_SIDE,M15,1.14652,1.3871488200330024,BEARISH,STRONG_DISPLACEMENT,2.1081011672870758,,False,STRONG_DOWNTREND,HIGH_VOLATILITY,15
H7,5231,5228,-1,2026-03-19 18:00:00+00:00,2026-03-19 18:00:00+00:00,1.1514,1.15126,1.1539300000000001,1.15126,0.000140000000000029,TP,1,0.00024000000000001798,0.0023800000000000487,SWEEP_EXTREME,OPPOSITE_LIQUIDITY,CONFIRMED,BUY_SIDE,M15,1.15295,1.601122397471352,BULLISH,MODERATE_DISPLACEMENT,0.9606734384827843,,True,RANGE,HIGH_VOLATILITY,18
H7,5231,5228,-1,2026-03-19 18:00:00+00:00,2026-03-19 18:00:00+00:00,1.1514,1.15126,1.1539300000000001,1.15126,0.000140000000000029,TP,1,0.00024000000000001798,0.0023800000000000487,SWEEP_EXTREME,OPPOSITE_LIQUIDITY,CONFIRMED,BUY_SIDE,M15,1.15281,1.601122397471352,BULLISH,MODERATE_DISPLACEMENT,0.9606734384827843,,True,RANGE,HIGH_VOLATILITY,18
H7,5247,5244,-1,2026-03-19 22:00:00+00:00,2026-03-19 22:00:00+00:00,1.15845,1.15819,1.1616600000000001,1.15819,0.00025999999999992696,TP,1,0.00029999999999996696,0.00034000000000000696,SWEEP_EXTREME,OPPOSITE_LIQUIDITY,CONFIRMED,BUY_SIDE,M15,1.16128,2.034440390086761,BULLISH,STRONG_DISPLACEMENT,1.4325349492327453,,True,STRONG_UPTREND,HIGH_VOLATILITY,22
H7,5259,5256,-1,2026-03-20 01:00:00+00:00,2026-03-20 01:00:00+00:00,1.15782,1.15775,1.1595600000000001,1.15775,7.00000000000145e-05,TP,1,8.000000000008001e-05,0.00032999999999994145,SWEEP_EXTREME,OPPOSITE_LIQUIDITY,CONFIRMED,BUY_SIDE,M15,1.159,1.1722839750964742,NEUTRAL,MODERATE_DISPLACEMENT,0.8361143057672482,,True,STRONG_UPTREND,HIGH_VOLATILITY,1
H7,5289,5286,1,2026-03-20 08:30:00+00:00,2026-03-20 08:30:00+00:00,1.15618,1.15629,1.1552699999999998,1.15629,0.0001100000000000545,TP,1,0.00043999999999999595,5.999999999994898e-05,SWEEP_EXTREME,OPPOSITE_LIQUIDITY,CONFIRMED,SELL_SIDE,M15,1.15541,1.2102070879319287,BEARISH,MODERATE_DISPLACEMENT,1.1691831188492279,,False,STRONG_UPTREND,NORMAL_VOLATILITY,8
H7,5300,5297,-1,2026-03-20 11:15:00+00:00,2026-03-20 11:15:00+00:00,1.15681,1.15644,1.15812,1.15644,0.00036999999999998145,TP,1,0.00043999999999999595,4.0000000000040004e-05,SWEEP_EXTREME,OPPOSITE_LIQUIDITY,CONFIRMED,BUY_SIDE,M15,1.158,1.1977391951423164,BULLISH,STRONG_DISPLACEMENT,1.3688447944488058,,True,STRONG_UPTREND,NORMAL_VOLATILITY,11
H7,5300,5297,-1,2026-03-20 11:15:00+00:00,2026-03-20 11:15:00+00:00,1.15681,1.15644,1.15812,1.15644,0.00036999999999998145,TP,1,0.00043999999999999595,4.0000000000040004e-05,SWEEP_EXTREME,OPPOSITE_LIQUIDITY,CONFIRMED,BUY_SIDE,M15,1.15769,1.1977391951423164,BULLISH,STRONG_DISPLACEMENT,1.3688447944488058,,True,STRONG_UPTREND,NORMAL_VOLATILITY,11
H7,5306,5303,1,2026-03-20 12:45:00+00:00,2026-03-20 12:45:00+00:00,1.15577,1.15597,1.1546699999999999,1.15597,0.00019999999999997797,TP,1,0.00048000000000003595,0.00041000000000002146,SWEEP_EXTREME,OPPOSITE_LIQUIDITY,CONFIRMED,SELL_SIDE,M15,1.15513,1.4671383680862922,BULLISH,STRONG_DISPLACEMENT,1.24978453577729,,False,STRONG_UPTREND,HIGH_VOLATILITY,12
H7,5306,5303,1,2026-03-20 12:45:00+00:00,2026-03-20 12:45:00+00:00,1.15577,1.15597,1.1546699999999999,1.15597,0.00019999999999997797,TP,1,0.00048000000000003595,0.00041000000000002146,SWEEP_EXTREME,OPPOSITE_LIQUIDITY,CONFIRMED,SELL_SIDE,M15,1.15502,1.4671383680862922,BULLISH,STRONG_DISPLACEMENT,1.24978453577729,,False,STRONG_UPTREND,HIGH_VOLATILITY,12
H7,5324,5321,1,2026-03-20 17:15:00+00:00,2026-03-20 17:15:00+00:00,1.15475,1.15491,1.15237,1.15491,0.00016000000000016001,TP,1,0.0010099999999999554,0.0007599999999998719,SWEEP_EXTREME,OPPOSITE_LIQUIDITY,CONFIRMED,SELL_SIDE,M15,1.15351,1.451732907682524,BEARISH,STRONG_DISPLACEMENT,2.080817167678084,,False,STRONG_UPTREND,HIGH_VOLATILITY,17
H7,5340,5337,-1,2026-03-20 21:15:00+00:00,2026-03-20 21:15:00+00:00,1.15508,1.15502,1.1572200000000001,1.15502,6.000000000017103e-05,TP,1,7.00000000000145e-05,0.0007099999999999884,SWEEP_EXTREME,OPPOSITE_LIQUIDITY,CONFIRMED,BUY_SIDE,M15,1.15705,2.008579165686143,BULLISH,STRONG_DISPLACEMENT,1.305576457696021,,True,UPTREND,HIGH_VOLATILITY,21
H7,5361,5358,1,2026-03-23 03:30:00+00:00,2026-03-23 03:30:00+00:00,1.15567,1.15576,1.1538,1.15576,8.999999999992347e-05,TP,1,0.0004900000000001015,0.00038999999999989043,SWEEP_EXTREME,OPPOSITE_LIQUIDITY,CONFIRMED,SELL_SIDE,M15,1.15405,1.9348750602103313,NEUTRAL,STRONG_DISPLACEMENT,1.5635354021903136,,False,UPTREND,HIGH_VOLATILITY,3
H7,5379,5376,-1,2026-03-23 08:00:00+00:00,2026-03-23 08:00:00+00:00,1.15341,1.15335,1.1552900000000002,1.15335,5.999999999994898e-05,TP,1,0.0009600000000000719,9.999999999843467e-06,SWEEP_EXTREME,OPPOSITE_LIQUIDITY,CONFIRMED,BUY_SIDE,M15,1.15514,0.6366402667181871,NEUTRAL,STRONG_DISPLACEMENT,2.235643727312092,,True,RANGE,NORMAL_VOLATILITY,8
H7,5384,5381,1,2026-03-23 09:15:00+00:00,2026-03-23 09:30:00+00:00,1.15328,1.15378,1.15217,1.15378,0.0004999999999999449,TP,2,0.0007399999999999629,0.0009600000000000719,SWEEP_EXTREME,OPPOSITE_LIQUIDITY,CONFIRMED,SELL_SIDE,H4,1.15242,1.1591073358581478,BULLISH,MODERATE_DISPLACEMENT,0.9873877305459708,,False,RANGE,NORMAL_VOLATILITY,9
H7,5384,5381,1,2026-03-23 09:15:00+00:00,2026-03-23 09:30:00+00:00,1.15328,1.15378,1.15217,1.15378,0.0004999999999999449,TP,2,0.0007399999999999629,0.0009600000000000719,SWEEP_EXTREME,OPPOSITE_LIQUIDITY,CONFIRMED,SELL_SIDE,M15,1.15233,1.1591073358581478,BULLISH,MODERATE_DISPLACEMENT,0.9873877305459708,,False,RANGE,NORMAL_VOLATILITY,9
H7,5392,5389,-1,2026-03-23 11:15:00+00:00,2026-03-23 11:15:00+00:00,1.1525,1.15242,1.1545800000000002,1.15242,8.000000000008001e-05,TP,1,0.0013800000000001589,9.999999999843467e-06,SWEEP_EXTREME,OPPOSITE_LIQUIDITY,CONFIRMED,BUY_SIDE,M15,1.15402,1.5647613701596954,BEARISH,STRONG_DISPLACEMENT,1.988550907911129,,True,DOWNTREND,HIGH_VOLATILITY,11
H7,5553,5550,-1,2026-03-25 03:30:00+00:00,2026-03-25 03:30:00+00:00,1.16198,1.16186,1.1631200000000002,1.16186,0.00012000000000012001,TP,1,0.00035999999999991594,0.00038000000000004697,SWEEP_EXTREME,OPPOSITE_LIQUIDITY,CONFIRMED,BUY_SIDE,M15,1.16282,1.7774469836164748,NEUTRAL,MODERATE_DISPLACEMENT,0.8435341617162213,,True,STRONG_UPTREND,HIGH_VOLATILITY,3
H7,5599,5596,-1,2026-03-25 15:00:00+00:00,2026-03-25 15:00:00+00:00,1.15912,1.15904,1.16138,1.15904,7.999999999985796e-05,TP,1,0.00045999999999990493,0.0007500000000000284,SWEEP_EXTREME,OPPOSITE_LIQUIDITY,CONFIRMED,BUY_SIDE,M15,1.16113,0.9314053335378639,BULLISH,STRONG_DISPLACEMENT,2.2120876671526855,,True,UPTREND,HIGH_VOLATILITY,15
H7,5647,5644,-1,2026-03-26 03:00:00+00:00,2026-03-26 03:00:00+00:00,1.15581,1.1565100000000001,1.1565100000000001,1.1557,-0.000700000000000145,SL,1,1.0000000000065512e-05,0.0007500000000000284,SWEEP_EXTREME,OPPOSITE_LIQUIDITY,CONFIRMED,BUY_SIDE,M15,1.15624,0.7916799329325975,BULLISH,STRONG_DISPLACEMENT,1.262408541703588,,True,STRONG_DOWNTREND,NORMAL_VOLATILITY,3
H7,5649,5646,1,2026-03-26 03:30:00+00:00,2026-03-26 03:30:00+00:00,1.15642,1.15654,1.1553799999999999,1.15654,0.00011999999999989797,TP,1,0.00026999999999999247,4.0000000000040004e-05,SWEEP_EXTREME,OPPOSITE_LIQUIDITY,CONFIRMED,SELL_SIDE,M15,1.15581,1.4331745853643725,BULLISH,STRONG_DISPLACEMENT,2.0562939703052634,,False,STRONG_DOWNTREND,NORMAL_VOLATILITY,3
H7,5649,5646,1,2026-03-26 03:30:00+00:00,2026-03-26 03:30:00+00:00,1.15642,1.15654,1.1553799999999999,1.15654,0.00011999999999989797,TP,1,0.00026999999999999247,4.0000000000040004e-05,SWEEP_EXTREME,OPPOSITE_LIQUIDITY,CONFIRMED,SELL_SIDE,M15,1.15547,1.4331745853643725,BULLISH,STRONG_DISPLACEMENT,2.0562939703052634,,False,STRONG_DOWNTREND,NORMAL_VOLATILITY,3
H7,5649,5646,1,2026-03-26 03:30:00+00:00,2026-03-26 03:30:00+00:00,1.15642,1.15654,1.1553799999999999,1.15654,0.00011999999999989797,TP,1,0.00026999999999999247,4.0000000000040004e-05,SWEEP_EXTREME,OPPOSITE_LIQUIDITY,CONFIRMED,SELL_SIDE,M15,1.1555,1.4331745853643725,BULLISH,STRONG_DISPLACEMENT,2.0562939703052634,,False,STRONG_DOWNTREND,NORMAL_VOLATILITY,3
H7,5687,5684,-1,2026-03-26 13:00:00+00:00,2026-03-26 13:00:00+00:00,1.15571,1.15558,1.15656,1.15558,0.00012999999999996348,TP,1,0.0006699999999999484,0.00015999999999993797,SWEEP_EXTREME,OPPOSITE_LIQUIDITY,CONFIRMED,BUY_SIDE,M15,1.15648,1.2931444895325883,NEUTRAL,MODERATE_DISPLACEMENT,0.8152432651401168,,True,STRONG_DOWNTREND,NORMAL_VOLATILITY,13
H7,5727,5724,-1,2026-03-26 23:00:00+00:00,2026-03-26 23:00:00+00:00,1.15262,1.15246,1.1559100000000002,1.15246,0.00015999999999993797,TP,1,0.0008399999999999519,0.0006099999999999994,SWEEP_EXTREME,OPPOSITE_LIQUIDITY,CONFIRMED,BUY_SIDE,M15,1.15549,4.226497902838512,BEARISH,STRONG_DISPLACEMENT,2.256250760161785,,True,STRONG_DOWNTREND,HIGH_VOLATILITY,23
H7,5727,5724,-1,2026-03-26 23:00:00+00:00,2026-03-26 23:00:00+00:00,1.15262,1.15246,1.1559100000000002,1.15246,0.00015999999999993797,TP,1,0.0008399999999999519,0.0006099999999999994,SWEEP_EXTREME,OPPOSITE_LIQUIDITY,CONFIRMED,BUY_SIDE,M15,1.15376,4.226497902838512,BEARISH,STRONG_DISPLACEMENT,2.256250760161785,,True,STRONG_DOWNTREND,HIGH_VOLATILITY,23
H7,5727,5724,-1,2026-03-26 23:00:00+00:00,2026-03-26 23:00:00+00:00,1.15262,1.15246,1.1559100000000002,1.15246,0.00015999999999993797,TP,1,0.0008399999999999519,0.0006099999999999994,SWEEP_EXTREME,OPPOSITE_LIQUIDITY,CONFIRMED,BUY_SIDE,M15,1.15345,4.226497902838512,BEARISH,STRONG_DISPLACEMENT,2.256250760161785,,True,STRONG_DOWNTREND,HIGH_VOLATILITY,23
H7,5741,5738,-1,2026-03-27 02:30:00+00:00,2026-03-27 02:30:00+00:00,1.1527,1.15263,1.15402,1.15263,7.00000000000145e-05,TP,1,9.000000000014552e-05,0.00031000000000003247,SWEEP_EXTREME,OPPOSITE_LIQUIDITY,CONFIRMED,BUY_SIDE,M15,1.15394,0.615896970748662,BEARISH,STRONG_DISPLACEMENT,1.3344434366224809,,True,STRONG_DOWNTREND,NORMAL_VOLATILITY,2
H7,5790,5787,1,2026-03-27 14:45:00+00:00,2026-03-27 14:45:00+00:00,1.15154,1.15161,1.1503199999999998,1.15161,7.00000000000145e-05,TP,1,0.00025999999999992696,0.00017000000000000348,SWEEP_EXTREME,OPPOSITE_LIQUIDITY,CONFIRMED,SELL_SIDE,M15,1.15079,1.2352725638872735,BEARISH,STRONG_DISPLACEMENT,1.220022285320329,,False,STRONG_DOWNTREND,NORMAL_VOLATILITY,14
H7,5804,5801,-1,2026-03-27 18:15:00+00:00,2026-03-27 18:15:00+00:00,1.15201,1.15187,1.1545500000000002,1.15187,0.000140000000000029,TP,1,0.00026999999999999247,0.000320000000000098,SWEEP_EXTREME,OPPOSITE_LIQUIDITY,CONFIRMED,BUY_SIDE,M15,1.15356,2.3542399623421044,NEUTRAL,STRONG_DISPLACEMENT,1.9293283593828414,,True,STRONG_DOWNTREND,HIGH_VOLATILITY,18
H7,5823,5820,-1,2026-03-30 00:00:00+00:00,2026-03-30 00:00:00+00:00,1.15008,1.15,1.15212,1.15,8.000000000008001e-05,TP,1,0.0007900000000000684,0.00011999999999989797,SWEEP_EXTREME,OPPOSITE_LIQUIDITY,CONFIRMED,BUY_SIDE,M15,1.15197,0.9103731116613889,NEUTRAL,STRONG_DISPLACEMENT,1.331590521534947,,True,STRONG_DOWNTREND,NORMAL_VOLATILITY,0
H7,5838,5835,1,2026-03-30 03:45:00+00:00,2026-03-30 06:00:00+00:00,1.15082,1.15161,1.14861,1.15161,0.0007900000000000684,TP,10,0.0008600000000000829,0.0006999999999999229,SWEEP_EXTREME,OPPOSITE_LIQUIDITY,CONFIRMED,SELL_SIDE,M15,1.14878,0.8007067848241136,BEARISH,STRONG_DISPLACEMENT,2.5229817559557004,,False,STRONG_DOWNTREND,NORMAL_VOLATILITY,3
H7,5866,5863,-1,2026-03-30 10:45:00+00:00,2026-03-30 10:45:00+00:00,1.14984,1.14946,1.15205,1.14946,0.00038000000000004697,TP,1,0.0005699999999999594,0.0001100000000000545,SWEEP_EXTREME,OPPOSITE_LIQUIDITY,CONFIRMED,BUY_SIDE,M15,1.15196,1.547656404100651,NEUTRAL,STRONG_DISPLACEMENT,2.3810098524627437,,True,STRONG_DOWNTREND,NORMAL_VOLATILITY,10
H7,5875,5872,1,2026-03-30 13:00:00+00:00,2026-03-30 13:00:00+00:00,1.14944,1.14955,1.14858,1.14955,0.0001100000000000545,TP,1,0.00021000000000004349,0.00038000000000004697,SWEEP_EXTREME,OPPOSITE_LIQUIDITY,CONFIRMED,SELL_SIDE,H4,1.14866,1.7416166767505081,BEARISH,MODERATE_DISPLACEMENT,1.0479218987227827,,False,STRONG_DOWNTREND,NORMAL_VOLATILITY,13
H7,5875,5872,1,2026-03-30 13:00:00+00:00,2026-03-30 13:00:00+00:00,1.14944,1.14955,1.14858,1.14955,0.0001100000000000545,TP,1,0.00021000000000004349,0.00038000000000004697,SWEEP_EXTREME,OPPOSITE_LIQUIDITY,CONFIRMED,SELL_SIDE,M15,1.14893,1.7416166767505081,BEARISH,MODERATE_DISPLACEMENT,1.0479218987227827,,False,STRONG_DOWNTREND,NORMAL_VOLATILITY,13
H7,5884,5881,-1,2026-03-30 15:15:00+00:00,2026-03-30 15:15:00+00:00,1.14758,1.14736,1.1500800000000002,1.14736,0.000220000000000109,TP,1,0.00041000000000002146,0.0009399999999999409,SWEEP_EXTREME,OPPOSITE_LIQUIDITY,CONFIRMED,BUY_SIDE,M15,1.14988,1.754376429647543,NEUTRAL,STRONG_DISPLACEMENT,2.21677021730659,,True,STRONG_DOWNTREND,NORMAL_VOLATILITY,15
H7,5884,5881,-1,2026-03-30 15:15:00+00:00,2026-03-30 15:15:00+00:00,1.14758,1.14736,1.1500800000000002,1.14736,0.000220000000000109,TP,1,0.00041000000000002146,0.0009399999999999409,SWEEP_EXTREME,OPPOSITE_LIQUIDITY,CONFIRMED,BUY_SIDE,M15,1.14972,1.754376429647543,NEUTRAL,STRONG_DISPLACEMENT,2.21677021730659,,True,STRONG_DOWNTREND,NORMAL_VOLATILITY,15
H7,5899,5896,1,2026-03-30 19:00:00+00:00,2026-03-30 19:30:00+00:00,1.14537,1.14563,1.1444999999999999,1.14563,0.00025999999999992696,TP,3,0.00039999999999995595,0.0006900000000000794,SWEEP_EXTREME,OPPOSITE_LIQUIDITY,CONFIRMED,SELL_SIDE,M15,1.14542,2.0906639365635082,BEARISH,MODERATE_DISPLACEMENT,0.807286074514572,,False,STRONG_DOWNTREND,HIGH_VOLATILITY,19
H7,5913,5910,-1,2026-03-30 22:30:00+00:00,2026-03-31 00:00:00+00:00,1.14562,1.14666,1.14666,1.14542,-0.0010399999999999299,SL,7,0.00013000000000018552,0.0011699999999998933,SWEEP_EXTREME,OPPOSITE_LIQUIDITY,CONFIRMED,BUY_SIDE,M15,1.14651,0.5076592338280377,BULLISH,MODERATE_DISPLACEMENT,0.9645525442732152,,True,STRONG_DOWNTREND,NORMAL_VOLATILITY,22
H7,5935,5932,1,2026-03-31 04:00:00+00:00,2026-03-31 04:00:00+00:00,1.14747,1.14753,1.14503,1.14753,5.999999999994898e-05,TP,1,0.00026999999999999247,0.00021999999999988695,SWEEP_EXTREME,OPPOSITE_LIQUIDITY,CONFIRMED,SELL_SIDE,M15,1.14514,1.5392303143371155,NEUTRAL,STRONG_DISPLACEMENT,4.201193328544849,,False,STRONG_DOWNTREND,NORMAL_VOLATILITY,4
H7,5936,5933,1,2026-03-31 04:15:00+00:00,2026-03-31 04:15:00+00:00,1.14773,1.14813,1.1445699999999999,1.14813,0.000400000000000178,TP,1,0.0012300000000000644,3.999999999981796e-05,SWEEP_EXTREME,OPPOSITE_LIQUIDITY,CONFIRMED,SELL_SIDE,M15,1.14468,1.2761250093275371,NEUTRAL,STRONG_DISPLACEMENT,4.324645864942992,,False,STRONG_DOWNTREND,NORMAL_VOLATILITY,4
H7,5940,5937,-1,2026-03-31 05:15:00+00:00,2026-03-31 05:30:00+00:00,1.14758,1.14736,1.14901,1.14736,0.000220000000000109,TP,2,0.0002900000000001235,0.00021000000000004349,SWEEP_EXTREME,OPPOSITE_LIQUIDITY,CONFIRMED,BUY_SIDE,M15,1.14889,1.8071316974481448,NEUTRAL,STRONG_DISPLACEMENT,1.8925079981149218,,True,STRONG_DOWNTREND,NORMAL_VOLATILITY,5
H7,5978,5975,1,2026-03-31 14:45:00+00:00,2026-03-31 14:45:00+00:00,1.14864,1.1487,1.1457,1.1487,5.999999999994898e-05,TP,1,0.00045999999999990493,0.000400000000000178,SWEEP_EXTREME,OPPOSITE_LIQUIDITY,CONFIRMED,SELL_SIDE,M15,1.14617,1.1903337316593672,NEUTRAL,STRONG_DISPLACEMENT,4.546413558420903,,False,STRONG_DOWNTREND,HIGH_VOLATILITY,14
H7,5978,5975,1,2026-03-31 14:45:00+00:00,2026-03-31 14:45:00+00:00,1.14864,1.1487,1.1457,1.1487,5.999999999994898e-05,TP,1,0.00045999999999990493,0.000400000000000178,SWEEP_EXTREME,OPPOSITE_LIQUIDITY,CONFIRMED,SELL_SIDE,M15,1.14601,1.1903337316593672,NEUTRAL,STRONG_DISPLACEMENT,4.546413558420903,,False,STRONG_DOWNTREND,HIGH_VOLATILITY,14
H7,5998,5995,1,2026-03-31 19:45:00+00:00,2026-03-31 19:45:00+00:00,1.15468,1.15478,1.15102,1.15478,9.999999999998899e-05,TP,1,0.0001900000000001345,0.0013699999999998713,SWEEP_EXTREME,OPPOSITE_LIQUIDITY,CONFIRMED,SELL_SIDE,M15,1.1511,1.1450959855255178,NEUTRAL,STRONG_DISPLACEMENT,2.5006875566254587,,False,STRONG_UPTREND,HIGH_VOLATILITY,19
H7,6052,6049,-1,2026-04-01 09:15:00+00:00,2026-04-01 09:15:00+00:00,1.15665,1.1573300000000002,1.1573300000000002,1.15659,-0.000680000000000236,SL,1,5.999999999994898e-05,0.0022900000000001253,SWEEP_EXTREME,OPPOSITE_LIQUIDITY,CONFIRMED,BUY_SIDE,M15,1.1571,1.3881681010538514,NEUTRAL,MODERATE_DISPLACEMENT,1.1212126970052618,,True,STRONG_UPTREND,NORMAL_VOLATILITY,9
H7,6090,6087,-1,2026-04-01 18:45:00+00:00,2026-04-01 18:45:00+00:00,1.16105,1.16098,1.16273,1.16098,7.00000000000145e-05,TP,1,0.00013999999999980695,0.0006500000000000394,SWEEP_EXTREME,OPPOSITE_LIQUIDITY,CONFIRMED,BUY_SIDE,M15,1.16237,1.2749914450121609,BULLISH,MODERATE_DISPLACEMENT,1.0165472331855783,,True,STRONG_UPTREND,HIGH_VOLATILITY,18
H7,6130,6127,-1,2026-04-02 04:45:00+00:00,2026-04-02 04:45:00+00:00,1.15529,1.15522,1.1598300000000001,1.15522,7.00000000000145e-05,TP,1,0.0007399999999999629,0.000260000000000149,SWEEP_EXTREME,OPPOSITE_LIQUIDITY,CONFIRMED,BUY_SIDE,M15,1.15958,0.9282037470146814,NEUTRAL,STRONG_DISPLACEMENT,7.189359931422404,,True,RANGE,HIGH_VOLATILITY,4
H7,6244,6241,1,2026-04-03 09:15:00+00:00,2026-04-03 09:15:00+00:00,1.15383,1.15388,1.1528299999999998,1.15388,5.0000000000105516e-05,TP,1,7.00000000000145e-05,0.00028999999999990145,SWEEP_EXTREME,OPPOSITE_LIQUIDITY,CONFIRMED,SELL_SIDE,M15,1.15313,1.1384469856126411,NEUTRAL,STRONG_DISPLACEMENT,2.247703022875409,,False,STRONG_DOWNTREND,LOW_VOLATILITY,9
H7,6252,6249,-1,2026-04-03 11:15:00+00:00,2026-04-03 13:45:00+00:00,1.15409,1.1546800000000002,1.1546800000000002,1.15389,-0.0005900000000000905,SL,11,0.00017000000000000348,0.0008099999999999774,SWEEP_EXTREME,OPPOSITE_LIQUIDITY,CONFIRMED,BUY_SIDE,M15,1.1545,1.6416346151345347,NEUTRAL,MODERATE_DISPLACEMENT,0.8073612861316503,,True,STRONG_DOWNTREND,LOW_VOLATILITY,11
H7,6303,6300,-1,2026-04-06 00:00:00+00:00,2026-04-06 01:00:00+00:00,1.15195,1.15187,1.15317,1.15187,8.000000000008001e-05,TP,5,0.0014499999999999513,0.00039999999999995595,SWEEP_EXTREME,OPPOSITE_LIQUIDITY,CONFIRMED,BUY_SIDE,M15,1.15278,3.828951779809526,BEARISH,STRONG_DISPLACEMENT,1.9901896256639715,,True,STRONG_DOWNTREND,NORMAL_VOLATILITY,0
H7,6303,6300,-1,2026-04-06 00:00:00+00:00,2026-04-06 01:00:00+00:00,1.15195,1.15187,1.15317,1.15187,8.000000000008001e-05,TP,5,0.0014499999999999513,0.00039999999999995595,SWEEP_EXTREME,OPPOSITE_LIQUIDITY,CONFIRMED,BUY_SIDE,M15,1.15218,3.828951779809526,BEARISH,STRONG_DISPLACEMENT,1.9901896256639715,,True,STRONG_DOWNTREND,NORMAL_VOLATILITY,0
H7,6305,6302,1,2026-04-06 00:30:00+00:00,2026-04-06 01:00:00+00:00,1.15222,1.15106,1.15106,1.15239,-0.0011600000000000499,SL,3,5.999999999994898e-05,0.0017199999999999438,SWEEP_EXTREME,OPPOSITE_LIQUIDITY,CONFIRMED,SELL_SIDE,M15,1.15128,1.5733660311753508,NEUTRAL,STRONG_DISPLACEMENT,1.3542897483537577,,False,STRONG_DOWNTREND,NORMAL_VOLATILITY,0
H7,6320,6317,-1,2026-04-06 04:15:00+00:00,2026-04-06 04:30:00+00:00,1.15083,1.1507,1.15188,1.1507,0.00012999999999996348,TP,2,0.0001500000000000945,0.00034000000000000696,SWEEP_EXTREME,OPPOSITE_LIQUIDITY,CONFIRMED,BUY_SIDE,M15,1.15168,0.8314108301452078,NEUTRAL,STRONG_DISPLACEMENT,1.2282205445327792,,True,STRONG_DOWNTREND,NORMAL_VOLATILITY,4
H7,6377,6374,-1,2026-04-06 18:30:00+00:00,2026-04-06 18:30:00+00:00,1.154,1.15392,1.1571900000000002,1.15392,7.999999999985796e-05,TP,1,0.00039999999999995595,0.00017000000000000348,SWEEP_EXTREME,OPPOSITE_LIQUIDITY,CONFIRMED,BUY_SIDE,M15,1.15687,2.3813412713145277,NEUTRAL,STRONG_DISPLACEMENT,2.8758274369427426,,True,STRONG_UPTREND,HIGH_VOLATILITY,18
H7,6441,6438,-1,2026-04-07 10:30:00+00:00,2026-04-07 10:45:00+00:00,1.15385,1.1546,1.1546,1.1538,-0.0007500000000000284,SL,2,2.999999999997449e-05,0.0007500000000000284,SWEEP_EXTREME,OPPOSITE_LIQUIDITY,CONFIRMED,BUY_SIDE,M15,1.15438,1.887783430547565,NEUTRAL,STRONG_DISPLACEMENT,1.2165715441308391,,True,RANGE,NORMAL_VOLATILITY,10
H7,6441,6438,-1,2026-04-07 10:30:00+00:00,2026-04-07 10:45:00+00:00,1.15385,1.1546,1.1546,1.1538,-0.0007500000000000284,SL,2,2.999999999997449e-05,0.0007500000000000284,SWEEP_EXTREME,OPPOSITE_LIQUIDITY,CONFIRMED,BUY_SIDE,M15,1.15396,1.887783430547565,NEUTRAL,STRONG_DISPLACEMENT,1.2165715441308391,,True,RANGE,NORMAL_VOLATILITY,10
H7,6450,6447,-1,2026-04-07 12:45:00+00:00,2026-04-07 12:45:00+00:00,1.15659,1.15645,1.1576000000000002,1.15645,0.000140000000000029,TP,1,0.00041000000000002146,1.0000000000065512e-05,SWEEP_EXTREME,OPPOSITE_LIQUIDITY,CONFIRMED,BUY_SIDE,H4,1.15714,1.5660872186949315,BULLISH,MODERATE_DISPLACEMENT,1.0086663442441632,,True,UPTREND,NORMAL_VOLATILITY,12
H7,6484,6481,1,2026-04-07 21:15:00+00:00,2026-04-07 21:15:00+00:00,1.15794,1.15799,1.15658,1.15799,5.0000000000105516e-05,TP,1,0.000360000000000138,0.00024000000000001798,SWEEP_EXTREME,OPPOSITE_LIQUIDITY,CONFIRMED,SELL_SIDE,M15,1.15666,0.4623123997727415,NEUTRAL,STRONG_DISPLACEMENT,1.4462080198023142,,False,STRONG_UPTREND,HIGH_VOLATILITY,21
H7,6505,6502,1,2026-04-08 02:30:00+00:00,2026-04-08 02:30:00+00:00,1.16762,1.16775,1.15878,1.16775,0.00012999999999996348,TP,1,0.0010399999999999299,0.00048000000000003595,SWEEP_EXTREME,OPPOSITE_LIQUIDITY,CONFIRMED,SELL_SIDE,M15,1.15909,5.234782232093482,BULLISH,STRONG_DISPLACEMENT,2.6944925597753935,,False,STRONG_UPTREND,HIGH_VOLATILITY,2
H7,6524,6521,1,2026-04-08 07:15:00+00:00,2026-04-08 07:15:00+00:00,1.16784,1.16791,1.1665699999999999,1.16791,7.00000000000145e-05,TP,1,0.00026999999999999247,0.00038000000000004697,SWEEP_EXTREME,OPPOSITE_LIQUIDITY,CONFIRMED,SELL_SIDE,M15,1.16687,0.8841944663832996,NEUTRAL,MODERATE_DISPLACEMENT,0.8657737483335282,,True,STRONG_UPTREND,HIGH_VOLATILITY,7
H7,6561,6558,-1,2026-04-08 16:30:00+00:00,2026-04-08 16:30:00+00:00,1.17036,1.1703,1.1715300000000002,1.1703,6.000000000017103e-05,TP,1,0.0016599999999999948,0.000140000000000029,SWEEP_EXTREME,OPPOSITE_LIQUIDITY,CONFIRMED,BUY_SIDE,M15,1.17134,1.3108445279979184,BULLISH,MODERATE_DISPLACEMENT,0.9541521394269175,,False,STRONG_UPTREND,HIGH_VOLATILITY,16
H7,6612,6609,1,2026-04-09 05:15:00+00:00,2026-04-09 05:15:00+00:00,1.16605,1.16616,1.1649299999999998,1.16616,0.0001100000000000545,TP,1,0.00039999999999995595,0.0,SWEEP_EXTREME,OPPOSITE_LIQUIDITY,CONFIRMED,SELL_SIDE,M15,1.16518,0.9271691494126975,BEARISH,STRONG_DISPLACEMENT,1.4620744279198858,,True,STRONG_UPTREND,NORMAL_VOLATILITY,5
H7,6625,6622,-1,2026-04-09 08:30:00+00:00,2026-04-09 08:30:00+00:00,1.16632,1.1662,1.1671500000000001,1.1662,0.00012000000000012001,TP,1,0.00022999999999995246,7.00000000000145e-05,SWEEP_EXTREME,OPPOSITE_LIQUIDITY,CONFIRMED,BUY_SIDE,M15,1.16703,0.7280395235797423,BULLISH,STRONG_DISPLACEMENT,1.2199581205932708,,False,STRONG_UPTREND,NORMAL_VOLATILITY,8
H7,6647,6644,-1,2026-04-09 14:00:00+00:00,2026-04-09 14:00:00+00:00,1.16709,1.16697,1.16799,1.16697,0.00011999999999989797,TP,1,0.00026999999999999247,0.0005699999999999594,SWEEP_EXTREME,OPPOSITE_LIQUIDITY,CONFIRMED,BUY_SIDE,M15,1.16791,0.9152941566696161,BULLISH,MODERATE_DISPLACEMENT,0.9857013994900251,,False,STRONG_UPTREND,NORMAL_VOLATILITY,14
H7,6650,6647,1,2026-04-09 14:45:00+00:00,2026-04-09 14:45:00+00:00,1.16881,1.16892,1.16699,1.16892,0.0001100000000000545,TP,1,0.00013000000000018552,0.0004199999999998649,SWEEP_EXTREME,OPPOSITE_LIQUIDITY,CONFIRMED,SELL_SIDE,M15,1.16719,1.1360698184271094,BULLISH,STRONG_DISPLACEMENT,3.065585224327229,,True,STRONG_UPTREND,NORMAL_VOLATILITY,14
H7,6676,6673,-1,2026-04-09 21:15:00+00:00,2026-04-09 21:15:00+00:00,1.17038,1.1703,1.17222,1.1703,8.000000000008001e-05,TP,1,0.0005399999999999849,0.00012000000000012001,SWEEP_EXTREME,OPPOSITE_LIQUIDITY,CONFIRMED,BUY_SIDE,H4,1.17216,0.7410346699682119,NEUTRAL,STRONG_DISPLACEMENT,1.9194012763110044,,False,STRONG_UPTREND,HIGH_VOLATILITY,21
H7,6695,6692,-1,2026-04-10 02:00:00+00:00,2026-04-10 02:45:00+00:00,1.16939,1.1691,1.17029,1.1691,0.00028999999999990145,TP,4,0.0004499999999998394,0.00019999999999997797,SWEEP_EXTREME,OPPOSITE_LIQUIDITY,CONFIRMED,BUY_SIDE,M15,1.17014,0.378506286336267,BEARISH,STRONG_DISPLACEMENT,1.2387478461917665,,False,STRONG_UPTREND,NORMAL_VOLATILITY,2
H7,6764,6761,-1,2026-04-10 19:15:00+00:00,2026-04-10 19:15:00+00:00,1.17247,1.17238,1.17399,1.17238,8.999999999992347e-05,TP,1,0.00043999999999999595,0.0,SWEEP_EXTREME,OPPOSITE_LIQUIDITY,CONFIRMED,BUY_SIDE,M15,1.17381,0.9415670210660617,BULLISH,MODERATE_DISPLACEMENT,0.8926544485433681,,False,STRONG_UPTREND,NORMAL_VOLATILITY,19
H7,6796,6793,1,2026-04-13 03:15:00+00:00,2026-04-13 03:15:00+00:00,1.16784,1.16791,1.16634,1.16791,7.00000000000145e-05,TP,1,0.000520000000000076,8.000000000008001e-05,SWEEP_EXTREME,OPPOSITE_LIQUIDITY,CONFIRMED,SELL_SIDE,M15,1.16655,0.7986830040347966,NEUTRAL,STRONG_DISPLACEMENT,1.2278261106805566,,False,RANGE,NORMAL_VOLATILITY,3
H7,6825,6822,1,2026-04-13 10:30:00+00:00,2026-04-13 10:30:00+00:00,1.16964,1.16971,1.16767,1.16971,7.00000000000145e-05,TP,1,0.00036999999999998145,0.000180000000000069,SWEEP_EXTREME,OPPOSITE_LIQUIDITY,CONFIRMED,SELL_SIDE,M15,1.16804,2.506381276912975,NEUTRAL,STRONG_DISPLACEMENT,3.2790251291949755,,True,RANGE,NORMAL_VOLATILITY,10
H7,6825,6822,1,2026-04-13 10:30:00+00:00,2026-04-13 10:30:00+00:00,1.16964,1.16971,1.16767,1.16971,7.00000000000145e-05,TP,1,0.00036999999999998145,0.000180000000000069,SWEEP_EXTREME,OPPOSITE_LIQUIDITY,CONFIRMED,SELL_SIDE,M15,1.16822,2.506381276912975,NEUTRAL,STRONG_DISPLACEMENT,3.2790251291949755,,True,RANGE,NORMAL_VOLATILITY,10
H7,6840,6837,1,2026-04-13 14:15:00+00:00,2026-04-13 14:15:00+00:00,1.16978,1.16985,1.16814,1.16985,7.00000000000145e-05,TP,1,0.0001100000000000545,0.00026999999999999247,SWEEP_EXTREME,OPPOSITE_LIQUIDITY,CONFIRMED,SELL_SIDE,M15,1.16826,0.7327242925816912,NEUTRAL,STRONG_DISPLACEMENT,2.2339155261635284,,True,RANGE,NORMAL_VOLATILITY,14
H7,6920,6917,1,2026-04-14 10:15:00+00:00,2026-04-14 10:30:00+00:00,1.17856,1.17871,1.1757399999999998,1.17871,0.00014999999999987246,TP,2,0.0006599999999998829,0.0006500000000000394,SWEEP_EXTREME,OPPOSITE_LIQUIDITY,CONFIRMED,SELL_SIDE,M15,1.17594,1.1887583193880715,BULLISH,STRONG_DISPLACEMENT,4.634142601003573,,True,STRONG_UPTREND,NORMAL_VOLATILITY,10
H7,6953,6950,-1,2026-04-14 18:30:00+00:00,2026-04-14 18:30:00+00:00,1.17976,1.1797,1.18087,1.1797,5.999999999994898e-05,TP,1,0.0005800000000000249,0.0005100000000000104,SWEEP_EXTREME,OPPOSITE_LIQUIDITY,CONFIRMED,BUY_SIDE,M15,1.18076,0.9822778928710906,BULLISH,MODERATE_DISPLACEMENT,1.1585841813351683,,False,STRONG_UPTREND,NORMAL_VOLATILITY,18
H7,6978,6975,-1,2026-04-15 00:45:00+00:00,2026-04-15 01:15:00+00:00,1.17902,1.17964,1.17964,1.17896,-0.0006200000000000649,SL,3,0.0,0.0009099999999999664,SWEEP_EXTREME,OPPOSITE_LIQUIDITY,CONFIRMED,BUY_SIDE,M15,1.17953,0.5752039919785052,BEARISH,MODERATE_DISPLACEMENT,1.0012810230736593,,False,STRONG_UPTREND,LOW_VOLATILITY,0
H7,6980,6977,1,2026-04-15 01:15:00+00:00,2026-04-15 01:15:00+00:00,1.17951,1.17957,1.17878,1.17957,5.999999999994898e-05,TP,1,0.0004199999999998649,5.999999999994898e-05,SWEEP_EXTREME,OPPOSITE_LIQUIDITY,CONFIRMED,SELL_SIDE,M15,1.17896,1.362590475055432,BEARISH,MODERATE_DISPLACEMENT,1.1739241015863902,,True,STRONG_UPTREND,LOW_VOLATILITY,1
H7,6989,6986,-1,2026-04-15 03:30:00+00:00,2026-04-15 03:30:00+00:00,1.17943,1.17931,1.1802100000000002,1.17931,0.00011999999999989797,TP,1,0.0005699999999999594,8.999999999992347e-05,SWEEP_EXTREME,OPPOSITE_LIQUIDITY,CONFIRMED,BUY_SIDE,M15,1.17994,1.3718301434150622,BULLISH,STRONG_DISPLACEMENT,1.3468877771709908,,False,STRONG_UPTREND,LOW_VOLATILITY,3
H7,7015,7012,-1,2026-04-15 10:00:00+00:00,2026-04-15 10:15:00+00:00,1.1784,1.1783,1.1799700000000002,1.1783,9.999999999998899e-05,TP,2,0.00016999999999978144,0.00042000000000008697,SWEEP_EXTREME,OPPOSITE_LIQUIDITY,CONFIRMED,BUY_SIDE,M15,1.17983,1.7240718678136753,NEUTRAL,STRONG_DISPLACEMENT,2.033520664600808,,False,STRONG_UPTREND,LOW_VOLATILITY,10
H7,7091,7088,-1,2026-04-16 05:00:00+00:00,2026-04-16 05:00:00+00:00,1.18024,1.18015,1.1809800000000001,1.18015,8.999999999992347e-05,TP,1,0.00012999999999996348,0.00034000000000000696,SWEEP_EXTREME,OPPOSITE_LIQUIDITY,CONFIRMED,BUY_SIDE,M15,1.18084,0.8980782701951945,BULLISH,STRONG_DISPLACEMENT,1.2059908199760785,,False,STRONG_UPTREND,LOW_VOLATILITY,5
H7,7128,7125,1,2026-04-16 14:15:00+00:00,2026-04-16 14:15:00+00:00,1.1786,1.17871,1.17715,1.17871,0.00010999999999983245,TP,1,0.00025999999999992696,0.000300000000000189,SWEEP_EXTREME,OPPOSITE_LIQUIDITY,CONFIRMED,SELL_SIDE,M15,1.17729,1.2438453704891153,BEARISH,STRONG_DISPLACEMENT,2.042363386111896,,True,RANGE,NORMAL_VOLATILITY,14
H7,7142,7139,1,2026-04-16 17:45:00+00:00,2026-04-16 18:45:00+00:00,1.17796,1.17821,1.17661,1.17821,0.0002500000000000835,TP,5,0.0002500000000000835,0.0011299999999998533,SWEEP_EXTREME,OPPOSITE_LIQUIDITY,CONFIRMED,SELL_SIDE,H4,1.17715,1.9580812926110522,NEUTRAL,MODERATE_DISPLACEMENT,1.1422140873563649,,True,DOWNTREND,NORMAL_VOLATILITY,17
H7,7150,7147,-1,2026-04-16 19:45:00+00:00,2026-04-16 19:45:00+00:00,1.17745,1.17738,1.17826,1.17738,7.00000000000145e-05,TP,1,0.0004300000000001525,0.00013999999999980695,SWEEP_EXTREME,OPPOSITE_LIQUIDITY,CONFIRMED,BUY_SIDE,M15,1.1782,0.8398609349138157,NEUTRAL,MODERATE_DISPLACEMENT,1.0159608083631182,,False,DOWNTREND,NORMAL_VOLATILITY,19
H7,7151,7148,-1,2026-04-16 20:00:00+00:00,2026-04-16 20:00:00+00:00,1.17748,1.17742,1.17859,1.17742,6.000000000017103e-05,TP,1,0.0007300000000001194,5.999999999994898e-05,SWEEP_EXTREME,OPPOSITE_LIQUIDITY,CONFIRMED,BUY_SIDE,M15,1.17845,0.8752712242270437,NEUTRAL,STRONG_DISPLACEMENT,1.4496679651258797,,False,DOWNTREND,NORMAL_VOLATILITY,20
H7,7191,7188,1,2026-04-17 06:00:00+00:00,2026-04-17 06:00:00+00:00,1.17769,1.17778,1.17719,1.17778,9.000000000014552e-05,TP,1,0.00021000000000004349,7.00000000000145e-05,SWEEP_EXTREME,OPPOSITE_LIQUIDITY,CONFIRMED,SELL_SIDE,M15,1.17741,0.9852458651473327,BEARISH,MODERATE_DISPLACEMENT,0.8374589853753421,,True,DOWNTREND,LOW_VOLATILITY,6
H7,7209,7206,1,2026-04-17 10:30:00+00:00,2026-04-17 10:30:00+00:00,1.17801,1.17809,1.1771099999999999,1.17809,8.000000000008001e-05,TP,1,0.0001100000000000545,0.0003900000000001125,SWEEP_EXTREME,OPPOSITE_LIQUIDITY,CONFIRMED,SELL_SIDE,M15,1.17724,1.0790323710787295,NEUTRAL,STRONG_DISPLACEMENT,1.7983872851306453,,True,DOWNTREND,LOW_VOLATILITY,10
H7,7304,7301,1,2026-04-20 10:15:00+00:00,2026-04-20 10:15:00+00:00,1.17669,1.17678,1.1745999999999999,1.17678,8.999999999992347e-05,TP,1,0.0004899999999998794,0.000320000000000098,SWEEP_EXTREME,OPPOSITE_LIQUIDITY,CONFIRMED,SELL_SIDE,M15,1.1747,0.8781732809148189,BEARISH,STRONG_DISPLACEMENT,3.1390023658232002,,True,STRONG_DOWNTREND,NORMAL_VOLATILITY,10
H7,7323,7320,-1,2026-04-20 15:00:00+00:00,2026-04-20 15:00:00+00:00,1.1767,1.17659,1.17734,1.17659,0.0001100000000000545,TP,1,0.0012600000000000389,0.00010999999999983245,SWEEP_EXTREME,OPPOSITE_LIQUIDITY,CONFIRMED,BUY_SIDE,M15,1.17718,0.8339021952162359,BULLISH,MODERATE_DISPLACEMENT,0.9301216792799489,,False,DOWNTREND,NORMAL_VOLATILITY,15
H7,7327,7324,1,2026-04-20 16:00:00+00:00,2026-04-20 16:00:00+00:00,1.1765,1.17662,1.17539,1.17662,0.00011999999999989797,TP,1,0.0006399999999999739,0.00043999999999999595,SWEEP_EXTREME,OPPOSITE_LIQUIDITY,CONFIRMED,SELL_SIDE,M15,1.17549,1.9771824349143512,BULLISH,STRONG_DISPLACEMENT,1.2555830061138253,,True,DOWNTREND,NORMAL_VOLATILITY,16
H7,7338,7335,1,2026-04-20 18:45:00+00:00,2026-04-20 19:00:00+00:00,1.17855,1.17862,1.1761599999999999,1.17862,7.00000000000145e-05,TP,2,0.00019999999999997797,0.00045999999999990493,SWEEP_EXTREME,OPPOSITE_LIQUIDITY,CONFIRMED,SELL_SIDE,M15,1.1766,1.969861017058198,BULLISH,STRONG_DISPLACEMENT,1.6725235050493876,,True,RANGE,HIGH_VOLATILITY,18
H7,7370,7367,-1,2026-04-21 02:45:00+00:00,2026-04-21 02:45:00+00:00,1.17853,1.17847,1.1790800000000001,1.17847,6.000000000017103e-05,TP,1,0.000260000000000149,0.0,SWEEP_EXTREME,OPPOSITE_LIQUIDITY,CONFIRMED,BUY_SIDE,M15,1.17902,0.8841229784698302,BULLISH,MODERATE_DISPLACEMENT,1.0135068289774936,,False,STRONG_UPTREND,LOW_VOLATILITY,2
H7,7370,7367,-1,2026-04-21 02:45:00+00:00,2026-04-21 02:45:00+00:00,1.17853,1.17847,1.1790800000000001,1.17847,6.000000000017103e-05,TP,1,0.000260000000000149,0.0,SWEEP_EXTREME,OPPOSITE_LIQUIDITY,CONFIRMED,BUY_SIDE,M15,1.17896,0.8841229784698302,BULLISH,MODERATE_DISPLACEMENT,1.0135068289774936,,False,STRONG_UPTREND,LOW_VOLATILITY,2
H7,7370,7367,-1,2026-04-21 02:45:00+00:00,2026-04-21 02:45:00+00:00,1.17853,1.17847,1.1790800000000001,1.17847,6.000000000017103e-05,TP,1,0.000260000000000149,0.0,SWEEP_EXTREME,OPPOSITE_LIQUIDITY,CONFIRMED,BUY_SIDE,M15,1.1789,0.8841229784698302,BULLISH,MODERATE_DISPLACEMENT,1.0135068289774936,,False,STRONG_UPTREND,LOW_VOLATILITY,2
H7,7425,7422,1,2026-04-21 16:30:00+00:00,2026-04-21 16:30:00+00:00,1.17669,1.17678,1.1753399999999998,1.17678,8.999999999992347e-05,TP,1,0.00045999999999990493,0.00015999999999993797,SWEEP_EXTREME,OPPOSITE_LIQUIDITY,CONFIRMED,SELL_SIDE,M15,1.17544,1.6876042812387324,NEUTRAL,STRONG_DISPLACEMENT,1.6876042812387324,,True,STRONG_DOWNTREND,NORMAL_VOLATILITY,16
H7,7425,7422,1,2026-04-21 16:30:00+00:00,2026-04-21 16:30:00+00:00,1.17669,1.17678,1.1753399999999998,1.17678,8.999999999992347e-05,TP,1,0.00045999999999990493,0.00015999999999993797,SWEEP_EXTREME,OPPOSITE_LIQUIDITY,CONFIRMED,SELL_SIDE,M15,1.17556,1.6876042812387324,NEUTRAL,STRONG_DISPLACEMENT,1.6876042812387324,,True,STRONG_DOWNTREND,NORMAL_VOLATILITY,16
H7,7442,7439,1,2026-04-21 20:45:00+00:00,2026-04-21 20:45:00+00:00,1.17586,1.17591,1.1738899999999999,1.17591,5.0000000000105516e-05,TP,1,6.000000000017103e-05,0.0019599999999999618,SWEEP_EXTREME,OPPOSITE_LIQUIDITY,CONFIRMED,SELL_SIDE,M15,1.17408,0.7034761435030362,BEARISH,STRONG_DISPLACEMENT,2.269706047906206,,True,STRONG_DOWNTREND,HIGH_VOLATILITY,20
H7,7443,7440,1,2026-04-21 21:00:00+00:00,2026-04-21 21:00:00+00:00,1.17427,1.17437,1.17217,1.17437,9.999999999998899e-05,TP,1,0.0004300000000001525,0.0005499999999998284,SWEEP_EXTREME,OPPOSITE_LIQUIDITY,CONFIRMED,SELL_SIDE,H4,1.17289,2.3740442679097566,BEARISH,STRONG_DISPLACEMENT,2.0891589557605648,,True,STRONG_DOWNTREND,HIGH_VOLATILITY,21
H7,7443,7440,1,2026-04-21 21:00:00+00:00,2026-04-21 21:00:00+00:00,1.17427,1.17437,1.17217,1.17437,9.999999999998899e-05,TP,1,0.0004300000000001525,0.0005499999999998284,SWEEP_EXTREME,OPPOSITE_LIQUIDITY,CONFIRMED,SELL_SIDE,M15,1.17357,2.3740442679097566,BEARISH,STRONG_DISPLACEMENT,2.0891589557605648,,True,STRONG_DOWNTREND,HIGH_VOLATILITY,21
H7,7445,7442,-1,2026-04-21 21:30:00+00:00,2026-04-21 21:30:00+00:00,1.1732,1.17313,1.1764000000000001,1.17313,7.00000000000145e-05,TP,1,8.999999999992347e-05,0.0005299999999999194,SWEEP_EXTREME,OPPOSITE_LIQUIDITY,CONFIRMED,BUY_SIDE,M15,1.17557,3.0701469721050496,BEARISH,STRONG_DISPLACEMENT,2.5681103603142073,,False,STRONG_DOWNTREND,HIGH_VOLATILITY,21
H7,7453,7450,1,2026-04-21 23:30:00+00:00,2026-04-22 00:00:00+00:00,1.17484,1.17497,1.1718099999999998,1.17497,0.00012999999999996348,TP,3,0.00031999999999987594,0.001140000000000141,SWEEP_EXTREME,OPPOSITE_LIQUIDITY,CONFIRMED,SELL_SIDE,M15,1.17289,2.5756596004615506,NEUTRAL,STRONG_DISPLACEMENT,1.9850624946232158,,True,STRONG_DOWNTREND,HIGH_VOLATILITY,23
H7,7453,7450,1,2026-04-21 23:30:00+00:00,2026-04-22 00:00:00+00:00,1.17484,1.17497,1.1718099999999998,1.17497,0.00012999999999996348,TP,3,0.00031999999999987594,0.001140000000000141,SWEEP_EXTREME,OPPOSITE_LIQUIDITY,CONFIRMED,SELL_SIDE,M15,1.17199,2.5756596004615506,NEUTRAL,STRONG_DISPLACEMENT,1.9850624946232158,,True,STRONG_DOWNTREND,HIGH_VOLATILITY,23
H7,7492,7489,-1,2026-04-22 09:15:00+00:00,2026-04-22 09:15:00+00:00,1.17488,1.1747,1.1763000000000001,1.1747,0.00017999999999984695,TP,1,0.00026999999999999247,0.000500000000000167,SWEEP_EXTREME,OPPOSITE_LIQUIDITY,CONFIRMED,BUY_SIDE,M15,1.17533,3.445313319344778,BEARISH,STRONG_DISPLACEMENT,1.3187802179309174,,False,STRONG_DOWNTREND,NORMAL_VOLATILITY,9
H7,7492,7489,-1,2026-04-22 09:15:00+00:00,2026-04-22 09:15:00+00:00,1.17488,1.1747,1.1763000000000001,1.1747,0.00017999999999984695,TP,1,0.00026999999999999247,0.000500000000000167,SWEEP_EXTREME,OPPOSITE_LIQUIDITY,CONFIRMED,BUY_SIDE,M15,1.17516,3.445313319344778,BEARISH,STRONG_DISPLACEMENT,1.3187802179309174,,False,STRONG_DOWNTREND,NORMAL_VOLATILITY,9
H7,7492,7489,-1,2026-04-22 09:15:00+00:00,2026-04-22 09:15:00+00:00,1.17488,1.1747,1.1763000000000001,1.1747,0.00017999999999984695,TP,1,0.00026999999999999247,0.000500000000000167,SWEEP_EXTREME,OPPOSITE_LIQUIDITY,CONFIRMED,BUY_SIDE,M15,1.17513,3.445313319344778,BEARISH,STRONG_DISPLACEMENT,1.3187802179309174,,False,STRONG_DOWNTREND,NORMAL_VOLATILITY,9
H7,7502,7499,-1,2026-04-22 11:45:00+00:00,2026-04-22 12:00:00+00:00,1.17504,1.17568,1.17568,1.17494,-0.0006399999999999739,SL,2,7.00000000000145e-05,0.0006899999999998574,SWEEP_EXTREME,OPPOSITE_LIQUIDITY,CONFIRMED,BUY_SIDE,M15,1.1755,1.2198507414329969,NEUTRAL,MODERATE_DISPLACEMENT,0.8025333825217554,,False,DOWNTREND,NORMAL_VOLATILITY,11
H7,7567,7564,1,2026-04-23 04:00:00+00:00,2026-04-23 04:00:00+00:00,1.17115,1.17121,1.1696199999999999,1.17121,6.000000000017103e-05,TP,1,0.000140000000000029,0.00029999999999996696,SWEEP_EXTREME,OPPOSITE_LIQUIDITY,CONFIRMED,SELL_SIDE,M15,1.17014,2.767462774438385,BULLISH,STRONG_DISPLACEMENT,3.5037602098391494,,True,STRONG_DOWNTREND,LOW_VOLATILITY,4
H7,7567,7564,1,2026-04-23 04:00:00+00:00,2026-04-23 04:00:00+00:00,1.17115,1.17121,1.1696199999999999,1.17121,6.000000000017103e-05,TP,1,0.000140000000000029,0.00029999999999996696,SWEEP_EXTREME,OPPOSITE_LIQUIDITY,CONFIRMED,SELL_SIDE,M15,1.1702,2.767462774438385,BULLISH,STRONG_DISPLACEMENT,3.5037602098391494,,True,STRONG_DOWNTREND,LOW_VOLATILITY,4
H7,7567,7564,1,2026-04-23 04:00:00+00:00,2026-04-23 04:00:00+00:00,1.17115,1.17121,1.1696199999999999,1.17121,6.000000000017103e-05,TP,1,0.000140000000000029,0.00029999999999996696,SWEEP_EXTREME,OPPOSITE_LIQUIDITY,CONFIRMED,SELL_SIDE,M15,1.17028,2.767462774438385,BULLISH,STRONG_DISPLACEMENT,3.5037602098391494,,True,STRONG_DOWNTREND,LOW_VOLATILITY,4
H7,7567,7564,1,2026-04-23 04:00:00+00:00,2026-04-23 04:00:00+00:00,1.17115,1.17121,1.1696199999999999,1.17121,6.000000000017103e-05,TP,1,0.000140000000000029,0.00029999999999996696,SWEEP_EXTREME,OPPOSITE_LIQUIDITY,CONFIRMED,SELL_SIDE,M15,1.17043,2.767462774438385,BULLISH,STRONG_DISPLACEMENT,3.5037602098391494,,True,STRONG_DOWNTREND,LOW_VOLATILITY,4
H7,7594,7591,-1,2026-04-23 10:45:00+00:00,2026-04-23 11:30:00+00:00,1.16976,1.1697,1.17096,1.1697,5.999999999994898e-05,TP,4,0.00024000000000001798,0.0007600000000000939,SWEEP_EXTREME,OPPOSITE_LIQUIDITY,CONFIRMED,BUY_SIDE,M15,1.17079,1.4325502700390824,NEUTRAL,STRONG_DISPLACEMENT,1.2982486822230273,,False,STRONG_DOWNTREND,NORMAL_VOLATILITY,10
H7,7636,7633,1,2026-04-23 21:15:00+00:00,2026-04-23 21:15:00+00:00,1.16957,1.16964,1.1677,1.16964,7.00000000000145e-05,TP,1,0.000280000000000058,0.00034000000000000696,SWEEP_EXTREME,OPPOSITE_LIQUIDITY,CONFIRMED,SELL_SIDE,M15,1.16781,1.1991016649354955,NEUTRAL,STRONG_DISPLACEMENT,1.5104069048709405,,True,STRONG_DOWNTREND,HIGH_VOLATILITY,21
H7,7637,7634,1,2026-04-23 21:30:00+00:00,2026-04-23 21:30:00+00:00,1.16953,1.16959,1.16698,1.16959,5.999999999994898e-05,TP,1,0.00031000000000003247,0.00046999999999997044,SWEEP_EXTREME,OPPOSITE_LIQUIDITY,CONFIRMED,SELL_SIDE,M15,1.16766,1.8530050845154042,NEUTRAL,STRONG_DISPLACEMENT,2.5640419192714514,,True,STRONG_DOWNTREND,HIGH_VOLATILITY,21
H7,7670,7667,-1,2026-04-24 05:45:00+00:00,2026-04-24 05:45:00+00:00,1.16804,1.16798,1.1689100000000001,1.16798,5.999999999994898e-05,TP,1,0.00035999999999991594,0.0,SWEEP_EXTREME,OPPOSITE_LIQUIDITY,CONFIRMED,BUY_SIDE,M15,1.16885,1.0258070942893855,NEUTRAL,STRONG_DISPLACEMENT,1.6292230321065921,,False,STRONG_DOWNTREND,LOW_VOLATILITY,5
H7,7717,7714,1,2026-04-24 17:30:00+00:00,2026-04-24 17:30:00+00:00,1.17115,1.17121,1.1698,1.17121,6.000000000017103e-05,TP,1,0.0005300000000001415,5.999999999994898e-05,SWEEP_EXTREME,OPPOSITE_LIQUIDITY,CONFIRMED,SELL_SIDE,M15,1.17013,0.7876810762897781,BULLISH,MODERATE_DISPLACEMENT,1.125258680414058,,True,RANGE,NORMAL_VOLATILITY,17
H7,7731,7728,-1,2026-04-24 21:00:00+00:00,2026-04-24 21:00:00+00:00,1.17135,1.17129,1.17216,1.17129,5.999999999994898e-05,TP,1,0.00029999999999996696,9.000000000014552e-05,SWEEP_EXTREME,OPPOSITE_LIQUIDITY,CONFIRMED,BUY_SIDE,M15,1.17198,0.5504356729335798,NEUTRAL,MODERATE_DISPLACEMENT,0.8256535094002088,,False,UPTREND,NORMAL_VOLATILITY,21
H7,7747,7744,1,2026-04-27 01:00:00+00:00,2026-04-27 01:00:00+00:00,1.17078,1.17084,1.16847,1.17084,6.000000000017103e-05,TP,1,0.00042000000000008697,0.0003799999999998249,SWEEP_EXTREME,OPPOSITE_LIQUIDITY,CONFIRMED,SELL_SIDE,M15,1.16985,2.0204901605628756,NEUTRAL,STRONG_DISPLACEMENT,1.2444078472340043,,False,UPTREND,NORMAL_VOLATILITY,1
H7,7747,7744,1,2026-04-27 01:00:00+00:00,2026-04-27 01:00:00+00:00,1.17078,1.17084,1.16847,1.17084,6.000000000017103e-05,TP,1,0.00042000000000008697,0.0003799999999998249,SWEEP_EXTREME,OPPOSITE_LIQUIDITY,CONFIRMED,SELL_SIDE,M15,1.17005,2.0204901605628756,NEUTRAL,STRONG_DISPLACEMENT,1.2444078472340043,,False,UPTREND,NORMAL_VOLATILITY,1
H7,7783,7780,1,2026-04-27 10:00:00+00:00,2026-04-27 10:00:00+00:00,1.17292,1.17297,1.1717,1.17297,5.0000000000105516e-05,TP,1,0.0007099999999999884,4.999999999988347e-05,SWEEP_EXTREME,OPPOSITE_LIQUIDITY,CONFIRMED,SELL_SIDE,M15,1.17193,1.2268738277448836,NEUTRAL,STRONG_DISPLACEMENT,2.271988569897746,,True,STRONG_UPTREND,LOW_VOLATILITY,10
H7,7794,7791,-1,2026-04-27 12:45:00+00:00,2026-04-27 12:45:00+00:00,1.17433,1.17428,1.17513,1.17428,5.0000000000105516e-05,TP,1,0.000300000000000189,0.00024999999999986144,SWEEP_EXTREME,OPPOSITE_LIQUIDITY,CONFIRMED,BUY_SIDE,M15,1.17475,1.0260808821620173,NEUTRAL,MODERATE_DISPLACEMENT,0.8440342740367293,,False,STRONG_UPTREND,NORMAL_VOLATILITY,12
H7,7805,7802,1,2026-04-27 15:30:00+00:00,2026-04-27 15:30:00+00:00,1.17492,1.17497,1.1737399999999998,1.17497,5.0000000000105516e-05,TP,1,5.0000000000105516e-05,0.00045000000000006146,SWEEP_EXTREME,OPPOSITE_LIQUIDITY,CONFIRMED,SELL_SIDE,M15,1.17383,1.1082388694689194,NEUTRAL,STRONG_DISPLACEMENT,1.5656072917892025,,True,STRONG_UPTREND,NORMAL_VOLATILITY,15
H7,7807,7804,-1,2026-04-27 16:00:00+00:00,2026-04-27 16:00:00+00:00,1.17447,1.1752200000000002,1.1752200000000002,1.17439,-0.0007500000000002505,SL,1,0.00020999999999982144,0.0008300000000001084,SWEEP_EXTREME,OPPOSITE_LIQUIDITY,CONFIRMED,BUY_SIDE,M15,1.17477,1.9178187971924443,NEUTRAL,MODERATE_DISPLACEMENT,1.17383736724703,,False,STRONG_UPTREND,NORMAL_VOLATILITY,16
H7,7807,7804,-1,2026-04-27 16:00:00+00:00,2026-04-27 16:00:00+00:00,1.17447,1.1752200000000002,1.1752200000000002,1.17439,-0.0007500000000002505,SL,1,0.00020999999999982144,0.0008300000000001084,SWEEP_EXTREME,OPPOSITE_LIQUIDITY,CONFIRMED,BUY_SIDE,M15,1.17508,1.9178187971924443,NEUTRAL,MODERATE_DISPLACEMENT,1.17383736724703,,False,STRONG_UPTREND,NORMAL_VOLATILITY,16
H7,7902,7899,1,2026-04-28 15:45:00+00:00,2026-04-28 15:45:00+00:00,1.16945,1.16952,1.16811,1.16952,6.999999999979245e-05,TP,1,0.0005299999999999194,4.0000000000040004e-05,SWEEP_EXTREME,OPPOSITE_LIQUIDITY,CONFIRMED,SELL_SIDE,M15,1.16855,1.3892628898383665,NEUTRAL,STRONG_DISPLACEMENT,1.8523505197847252,,True,STRONG_DOWNTREND,NORMAL_VOLATILITY,15
H7,7902,7899,1,2026-04-28 15:45:00+00:00,2026-04-28 15:45:00+00:00,1.16945,1.16952,1.16811,1.16952,6.999999999979245e-05,TP,1,0.0005299999999999194,4.0000000000040004e-05,SWEEP_EXTREME,OPPOSITE_LIQUIDITY,CONFIRMED,SELL_SIDE,M15,1.16832,1.3892628898383665,NEUTRAL,STRONG_DISPLACEMENT,1.8523505197847252,,True,STRONG_DOWNTREND,NORMAL_VOLATILITY,15
H7,7902,7899,1,2026-04-28 15:45:00+00:00,2026-04-28 15:45:00+00:00,1.16945,1.16952,1.16811,1.16952,6.999999999979245e-05,TP,1,0.0005299999999999194,4.0000000000040004e-05,SWEEP_EXTREME,OPPOSITE_LIQUIDITY,CONFIRMED,SELL_SIDE,H4,1.16852,1.3892628898383665,NEUTRAL,STRONG_DISPLACEMENT,1.8523505197847252,,True,STRONG_DOWNTREND,NORMAL_VOLATILITY,15
H7,7955,7952,1,2026-04-29 05:00:00+00:00,2026-04-29 05:00:00+00:00,1.17119,1.17124,1.1705599999999998,1.17124,5.0000000000105516e-05,TP,1,0.00048000000000003595,0.0,SWEEP_EXTREME,OPPOSITE_LIQUIDITY,CONFIRMED,SELL_SIDE,M15,1.17097,2.429647837260895,BULLISH,MODERATE_DISPLACEMENT,1.1289272779189174,,True,RANGE,LOW_VOLATILITY,5
H7,7955,7952,1,2026-04-29 05:00:00+00:00,2026-04-29 05:00:00+00:00,1.17119,1.17124,1.1705599999999998,1.17124,5.0000000000105516e-05,TP,1,0.00048000000000003595,0.0,SWEEP_EXTREME,OPPOSITE_LIQUIDITY,CONFIRMED,SELL_SIDE,M15,1.1714,2.429647837260895,BULLISH,MODERATE_DISPLACEMENT,1.1289272779189174,,True,RANGE,LOW_VOLATILITY,5
H7,7983,7980,1,2026-04-29 12:00:00+00:00,2026-04-29 12:00:00+00:00,1.17001,1.17014,1.16926,1.17014,0.00012999999999996348,TP,1,0.0002500000000000835,0.00022999999999995246,SWEEP_EXTREME,OPPOSITE_LIQUIDITY,CONFIRMED,SELL_SIDE,M15,1.16958,2.417920522367347,BEARISH,MODERATE_DISPLACEMENT,0.921112579949506,,True,STRONG_DOWNTREND,NORMAL_VOLATILITY,12
H7,8025,8022,1,2026-04-29 22:30:00+00:00,2026-04-29 22:45:00+00:00,1.16745,1.16758,1.1662599999999999,1.16758,0.00012999999999996348,TP,2,0.00023999999999979593,0.0007099999999999884,SWEEP_EXTREME,OPPOSITE_LIQUIDITY,CONFIRMED,SELL_SIDE,H4,1.16635,2.338278503048274,BEARISH,MODERATE_DISPLACEMENT,1.1801688671046249,,True,STRONG_DOWNTREND,HIGH_VOLATILITY,22
H7,8025,8022,1,2026-04-29 22:30:00+00:00,2026-04-29 22:45:00+00:00,1.16745,1.16758,1.1662599999999999,1.16758,0.00012999999999996348,TP,2,0.00023999999999979593,0.0007099999999999884,SWEEP_EXTREME,OPPOSITE_LIQUIDITY,CONFIRMED,SELL_SIDE,H4,1.16687,2.338278503048274,BEARISH,MODERATE_DISPLACEMENT,1.1801688671046249,,True,STRONG_DOWNTREND,HIGH_VOLATILITY,22
H7,8025,8022,1,2026-04-29 22:30:00+00:00,2026-04-29 22:45:00+00:00,1.16745,1.16758,1.1662599999999999,1.16758,0.00012999999999996348,TP,2,0.00023999999999979593,0.0007099999999999884,SWEEP_EXTREME,OPPOSITE_LIQUIDITY,CONFIRMED,SELL_SIDE,M15,1.16639,2.338278503048274,BEARISH,MODERATE_DISPLACEMENT,1.1801688671046249,,True,STRONG_DOWNTREND,HIGH_VOLATILITY,22
H7,8064,8061,1,2026-04-30 08:15:00+00:00,2026-04-30 08:15:00+00:00,1.16633,1.16643,1.1656199999999999,1.16643,9.999999999998899e-05,TP,1,9.999999999998899e-05,0.00034000000000000696,SWEEP_EXTREME,OPPOSITE_LIQUIDITY,CONFIRMED,SELL_SIDE,M15,1.16598,1.4371357435442575,NEUTRAL,MODERATE_DISPLACEMENT,0.8106919578967502,,False,STRONG_DOWNTREND,NORMAL_VOLATILITY,8
H7,8064,8061,1,2026-04-30 08:15:00+00:00,2026-04-30 08:15:00+00:00,1.16633,1.16643,1.1656199999999999,1.16643,9.999999999998899e-05,TP,1,9.999999999998899e-05,0.00034000000000000696,SWEEP_EXTREME,OPPOSITE_LIQUIDITY,CONFIRMED,SELL_SIDE,M15,1.16618,1.4371357435442575,NEUTRAL,MODERATE_DISPLACEMENT,0.8106919578967502,,False,STRONG_DOWNTREND,NORMAL_VOLATILITY,8
H7,8079,8076,-1,2026-04-30 12:00:00+00:00,2026-04-30 12:00:00+00:00,1.16796,1.16789,1.16979,1.16789,7.00000000000145e-05,TP,1,0.000640000000000196,0.00017999999999984695,SWEEP_EXTREME,OPPOSITE_LIQUIDITY,CONFIRMED,BUY_SIDE,M15,1.16892,2.7255401559905263,NEUTRAL,STRONG_DISPLACEMENT,1.5657358342923,,True,STRONG_DOWNTREND,NORMAL_VOLATILITY,12
H7,8079,8076,-1,2026-04-30 12:00:00+00:00,2026-04-30 12:00:00+00:00,1.16796,1.16789,1.16979,1.16789,7.00000000000145e-05,TP,1,0.000640000000000196,0.00017999999999984695,SWEEP_EXTREME,OPPOSITE_LIQUIDITY,CONFIRMED,BUY_SIDE,M15,1.16905,2.7255401559905263,NEUTRAL,STRONG_DISPLACEMENT,1.5657358342923,,True,STRONG_DOWNTREND,NORMAL_VOLATILITY,12
H7,8156,8153,-1,2026-05-01 07:15:00+00:00,2026-05-01 07:15:00+00:00,1.17289,1.17282,1.17368,1.17282,7.00000000000145e-05,TP,1,0.00034000000000000696,4.0000000000040004e-05,SWEEP_EXTREME,OPPOSITE_LIQUIDITY,CONFIRMED,BUY_SIDE,M15,1.17359,0.8474110979877513,BULLISH,STRONG_DISPLACEMENT,1.5253399763783824,,False,STRONG_UPTREND,LOW_VOLATILITY,7
H7,8176,8173,-1,2026-05-01 12:15:00+00:00,2026-05-01 12:15:00+00:00,1.17379,1.17372,1.1748500000000002,1.17372,6.999999999979245e-05,TP,1,0.0005699999999999594,0.0001100000000000545,SWEEP_EXTREME,OPPOSITE_LIQUIDITY,CONFIRMED,BUY_SIDE,M15,1.17449,2.415909803145177,BULLISH,MODERATE_DISPLACEMENT,0.9203465916745661,,False,STRONG_UPTREND,NORMAL_VOLATILITY,12
H7,8198,8195,1,2026-05-01 17:45:00+00:00,2026-05-01 17:45:00+00:00,1.17703,1.17709,1.1742899999999998,1.17709,5.999999999994898e-05,TP,1,0.00031000000000003247,0.0006500000000000394,SWEEP_EXTREME,OPPOSITE_LIQUIDITY,CONFIRMED,SELL_SIDE,M15,1.1745,2.4048502517681345,BULLISH,MODERATE_DISPLACEMENT,0.9832638960432688,,True,STRONG_UPTREND,HIGH_VOLATILITY,17
H7,8199,8196,-1,2026-05-01 18:00:00+00:00,2026-05-01 18:00:00+00:00,1.17673,1.17666,1.1783700000000001,1.17666,7.00000000000145e-05,TP,1,0.00038000000000004697,0.00029999999999996696,SWEEP_EXTREME,OPPOSITE_LIQUIDITY,CONFIRMED,BUY_SIDE,M15,1.17822,2.425857607664899,BULLISH,MODERATE_DISPLACEMENT,1.1812871828629337,,False,STRONG_UPTREND,HIGH_VOLATILITY,18
H7,8199,8196,-1,2026-05-01 18:00:00+00:00,2026-05-01 18:00:00+00:00,1.17673,1.17666,1.1783700000000001,1.17666,7.00000000000145e-05,TP,1,0.00038000000000004697,0.00029999999999996696,SWEEP_EXTREME,OPPOSITE_LIQUIDITY,CONFIRMED,BUY_SIDE,M15,1.17769,2.425857607664899,BULLISH,MODERATE_DISPLACEMENT,1.1812871828629337,,False,STRONG_UPTREND,HIGH_VOLATILITY,18
H7,8199,8196,-1,2026-05-01 18:00:00+00:00,2026-05-01 18:00:00+00:00,1.17673,1.17666,1.1783700000000001,1.17666,7.00000000000145e-05,TP,1,0.00038000000000004697,0.00029999999999996696,SWEEP_EXTREME,OPPOSITE_LIQUIDITY,CONFIRMED,BUY_SIDE,M15,1.17759,2.425857607664899,BULLISH,MODERATE_DISPLACEMENT,1.1812871828629337,,False,STRONG_UPTREND,HIGH_VOLATILITY,18
H7,8199,8196,-1,2026-05-01 18:00:00+00:00,2026-05-01 18:00:00+00:00,1.17673,1.17666,1.1783700000000001,1.17666,7.00000000000145e-05,TP,1,0.00038000000000004697,0.00029999999999996696,SWEEP_EXTREME,OPPOSITE_LIQUIDITY,CONFIRMED,BUY_SIDE,M15,1.17689,2.425857607664899,BULLISH,MODERATE_DISPLACEMENT,1.1812871828629337,,False,STRONG_UPTREND,HIGH_VOLATILITY,18
H7,8254,8251,-1,2026-05-04 07:45:00+00:00,2026-05-04 07:45:00+00:00,1.1728,1.17271,1.1739400000000002,1.17271,9.000000000014552e-05,TP,1,0.0001100000000000545,0.00011999999999989797,SWEEP_EXTREME,OPPOSITE_LIQUIDITY,CONFIRMED,BUY_SIDE,M15,1.17286,2.3558308947798596,BULLISH,STRONG_DISPLACEMENT,1.6525977918602481,,False,RANGE,NORMAL_VOLATILITY,7
H7,8254,8251,-1,2026-05-04 07:45:00+00:00,2026-05-04 07:45:00+00:00,1.1728,1.17271,1.1739400000000002,1.17271,9.000000000014552e-05,TP,1,0.0001100000000000545,0.00011999999999989797,SWEEP_EXTREME,OPPOSITE_LIQUIDITY,CONFIRMED,BUY_SIDE,M15,1.17291,2.3558308947798596,BULLISH,STRONG_DISPLACEMENT,1.6525977918602481,,False,RANGE,NORMAL_VOLATILITY,7
H7,8306,8303,1,2026-05-04 20:45:00+00:00,2026-05-04 20:45:00+00:00,1.16929,1.16934,1.16804,1.16934,5.0000000000105516e-05,TP,1,0.00017000000000000348,0.00025999999999992696,SWEEP_EXTREME,OPPOSITE_LIQUIDITY,CONFIRMED,SELL_SIDE,M15,1.16817,0.4859445601820569,NEUTRAL,MODERATE_DISPLACEMENT,1.1303493030323084,,False,STRONG_DOWNTREND,HIGH_VOLATILITY,20
H7,8340,8337,1,2026-05-05 05:15:00+00:00,2026-05-05 05:15:00+00:00,1.16866,1.16875,1.16783,1.16875,8.999999999992347e-05,TP,1,0.00039999999999995595,4.0000000000040004e-05,SWEEP_EXTREME,OPPOSITE_LIQUIDITY,CONFIRMED,SELL_SIDE,M15,1.16838,1.4344483630295228,NEUTRAL,MODERATE_DISPLACEMENT,1.1206627836167369,,True,STRONG_DOWNTREND,LOW_VOLATILITY,5
H7,8340,8337,1,2026-05-05 05:15:00+00:00,2026-05-05 05:15:00+00:00,1.16866,1.16875,1.16783,1.16875,8.999999999992347e-05,TP,1,0.00039999999999995595,4.0000000000040004e-05,SWEEP_EXTREME,OPPOSITE_LIQUIDITY,CONFIRMED,SELL_SIDE,M15,1.16807,1.4344483630295228,NEUTRAL,MODERATE_DISPLACEMENT,1.1206627836167369,,True,STRONG_DOWNTREND,LOW_VOLATILITY,5
H7,8354,8351,1,2026-05-05 08:45:00+00:00,2026-05-05 09:00:00+00:00,1.16836,1.1685,1.1676,1.1685,0.000140000000000029,TP,2,0.00036999999999998145,0.00031000000000003247,SWEEP_EXTREME,OPPOSITE_LIQUIDITY,CONFIRMED,SELL_SIDE,M15,1.16788,1.8786031886725605,BEARISH,STRONG_DISPLACEMENT,1.4638466405245725,,False,STRONG_DOWNTREND,LOW_VOLATILITY,8
H7,8354,8351,1,2026-05-05 08:45:00+00:00,2026-05-05 09:00:00+00:00,1.16836,1.1685,1.1676,1.1685,0.000140000000000029,TP,2,0.00036999999999998145,0.00031000000000003247,SWEEP_EXTREME,OPPOSITE_LIQUIDITY,CONFIRMED,SELL_SIDE,M15,1.16826,1.8786031886725605,BEARISH,STRONG_DISPLACEMENT,1.4638466405245725,,False,STRONG_DOWNTREND,LOW_VOLATILITY,8
H7,8427,8424,-1,2026-05-06 03:00:00+00:00,2026-05-06 03:00:00+00:00,1.17146,1.1714,1.17249,1.1714,5.999999999994898e-05,TP,1,0.00025999999999992696,0.0001900000000001345,SWEEP_EXTREME,OPPOSITE_LIQUIDITY,CONFIRMED,BUY_SIDE,M15,1.17237,3.5489754889672405,NEUTRAL,STRONG_DISPLACEMENT,1.5235500836476834,,False,RANGE,NORMAL_VOLATILITY,3
H7,8427,8424,-1,2026-05-06 03:00:00+00:00,2026-05-06 03:00:00+00:00,1.17146,1.1714,1.17249,1.1714,5.999999999994898e-05,TP,1,0.00025999999999992696,0.0001900000000001345,SWEEP_EXTREME,OPPOSITE_LIQUIDITY,CONFIRMED,BUY_SIDE,M15,1.17178,3.5489754889672405,NEUTRAL,STRONG_DISPLACEMENT,1.5235500836476834,,False,RANGE,NORMAL_VOLATILITY,3
H7,8427,8424,-1,2026-05-06 03:00:00+00:00,2026-05-06 03:00:00+00:00,1.17146,1.1714,1.17249,1.1714,5.999999999994898e-05,TP,1,0.00025999999999992696,0.0001900000000001345,SWEEP_EXTREME,OPPOSITE_LIQUIDITY,CONFIRMED,BUY_SIDE,M15,1.17163,3.5489754889672405,NEUTRAL,STRONG_DISPLACEMENT,1.5235500836476834,,False,RANGE,NORMAL_VOLATILITY,3
H7,8438,8435,-1,2026-05-06 05:45:00+00:00,2026-05-06 05:45:00+00:00,1.17164,1.17157,1.1726400000000001,1.17157,7.00000000000145e-05,TP,1,0.00015999999999993797,0.00018999999999991246,SWEEP_EXTREME,OPPOSITE_LIQUIDITY,CONFIRMED,BUY_SIDE,M15,1.17253,0.9402749710682674,BULLISH,MODERATE_DISPLACEMENT,0.8515697851186241,,False,STRONG_UPTREND,NORMAL_VOLATILITY,5
H7,8527,8524,-1,2026-05-07 04:00:00+00:00,2026-05-07 04:00:00+00:00,1.17485,1.17545,1.17545,1.1747,-0.000600000000000156,SL,1,0.00022999999999995246,0.0007399999999999629,SWEEP_EXTREME,OPPOSITE_LIQUIDITY,CONFIRMED,BUY_SIDE,M15,1.17519,1.9680161089227992,NEUTRAL,STRONG_DISPLACEMENT,1.312010739281866,,False,STRONG_UPTREND,LOW_VOLATILITY,4
H7,8533,8530,-1,2026-05-07 05:30:00+00:00,2026-05-07 05:30:00+00:00,1.17565,1.1756,1.17632,1.1756,5.0000000000105516e-05,TP,1,0.00021000000000004349,0.00011999999999989797,SWEEP_EXTREME,OPPOSITE_LIQUIDITY,CONFIRMED,BUY_SIDE,M15,1.17584,1.5501866748777708,BULLISH,MODERATE_DISPLACEMENT,1.194062709027447,,False,STRONG_UPTREND,LOW_VOLATILITY,5
H7,8623,8620,-1,2026-05-08 04:00:00+00:00,2026-05-08 05:30:00+00:00,1.17269,1.17264,1.1735200000000001,1.17264,5.0000000000105516e-05,TP,7,0.00031000000000003247,0.0006699999999999484,SWEEP_EXTREME,OPPOSITE_LIQUIDITY,CONFIRMED,BUY_SIDE,M15,1.17315,1.0519451441093688,NEUTRAL,MODERATE_DISPLACEMENT,0.8240236962190445,,False,STRONG_DOWNTREND,NORMAL_VOLATILITY,4
H7,8633,8630,1,2026-05-08 06:30:00+00:00,2026-05-08 06:30:00+00:00,1.17288,1.17297,1.1723299999999999,1.17297,9.000000000014552e-05,TP,1,0.00045000000000006146,0.0,SWEEP_EXTREME,OPPOSITE_LIQUIDITY,CONFIRMED,SELL_SIDE,M15,1.17261,1.3059175742162474,NEUTRAL,MODERATE_DISPLACEMENT,0.8366034459823615,,True,STRONG_DOWNTREND,LOW_VOLATILITY,6
H7,8633,8630,1,2026-05-08 06:30:00+00:00,2026-05-08 06:30:00+00:00,1.17288,1.17297,1.1723299999999999,1.17297,9.000000000014552e-05,TP,1,0.00045000000000006146,0.0,SWEEP_EXTREME,OPPOSITE_LIQUIDITY,CONFIRMED,SELL_SIDE,M15,1.17239,1.3059175742162474,NEUTRAL,MODERATE_DISPLACEMENT,0.8366034459823615,,True,STRONG_DOWNTREND,LOW_VOLATILITY,6
H7,8671,8668,1,2026-05-08 16:00:00+00:00,2026-05-08 16:15:00+00:00,1.17738,1.17754,1.1758,1.17754,0.00015999999999993797,TP,2,0.0004999999999999449,0.0008400000000001739,SWEEP_EXTREME,OPPOSITE_LIQUIDITY,CONFIRMED,SELL_SIDE,M15,1.17611,1.266734756114334,BEARISH,STRONG_DISPLACEMENT,2.717054259492448,,True,STRONG_UPTREND,NORMAL_VOLATILITY,16
H7,8707,8704,1,2026-05-11 01:00:00+00:00,2026-05-11 01:00:00+00:00,1.17635,1.17648,1.1738799999999998,1.17648,0.00012999999999996348,TP,1,0.00012999999999996348,0.0005800000000000249,SWEEP_EXTREME,OPPOSITE_LIQUIDITY,CONFIRMED,SELL_SIDE,M15,1.17412,2.006238108708675,BULLISH,STRONG_DISPLACEMENT,1.3662112274027545,,False,STRONG_UPTREND,HIGH_VOLATILITY,1
H7,8707,8704,1,2026-05-11 01:00:00+00:00,2026-05-11 01:00:00+00:00,1.17635,1.17648,1.1738799999999998,1.17648,0.00012999999999996348,TP,1,0.00012999999999996348,0.0005800000000000249,SWEEP_EXTREME,OPPOSITE_LIQUIDITY,CONFIRMED,SELL_SIDE,M15,1.17574,2.006238108708675,BULLISH,STRONG_DISPLACEMENT,1.3662112274027545,,False,STRONG_UPTREND,HIGH_VOLATILITY,1
H7,8707,8704,1,2026-05-11 01:00:00+00:00,2026-05-11 01:00:00+00:00,1.17635,1.17648,1.1738799999999998,1.17648,0.00012999999999996348,TP,1,0.00012999999999996348,0.0005800000000000249,SWEEP_EXTREME,OPPOSITE_LIQUIDITY,CONFIRMED,SELL_SIDE,M15,1.17661,2.006238108708675,BULLISH,STRONG_DISPLACEMENT,1.3662112274027545,,False,STRONG_UPTREND,HIGH_VOLATILITY,1
H7,8707,8704,1,2026-05-11 01:00:00+00:00,2026-05-11 01:00:00+00:00,1.17635,1.17648,1.1738799999999998,1.17648,0.00012999999999996348,TP,1,0.00012999999999996348,0.0005800000000000249,SWEEP_EXTREME,OPPOSITE_LIQUIDITY,CONFIRMED,SELL_SIDE,M15,1.17663,2.006238108708675,BULLISH,STRONG_DISPLACEMENT,1.3662112274027545,,False,STRONG_UPTREND,HIGH_VOLATILITY,1
H7,8742,8739,1,2026-05-11 09:45:00+00:00,2026-05-11 09:45:00+00:00,1.17618,1.17625,1.1746999999999999,1.17625,7.00000000000145e-05,TP,1,0.0006299999999999084,0.00011999999999989797,SWEEP_EXTREME,OPPOSITE_LIQUIDITY,CONFIRMED,SELL_SIDE,M15,1.17494,0.9444861526581081,BEARISH,STRONG_DISPLACEMENT,2.8576760516313007,,True,RANGE,LOW_VOLATILITY,9
H7,8751,8748,-1,2026-05-11 12:00:00+00:00,2026-05-11 12:00:00+00:00,1.17714,1.17709,1.17768,1.17709,5.0000000000105516e-05,TP,1,0.000140000000000029,0.00029999999999996696,SWEEP_EXTREME,OPPOSITE_LIQUIDITY,CONFIRMED,BUY_SIDE,M15,1.17746,1.0449619768050031,NEUTRAL,MODERATE_DISPLACEMENT,0.9015358231258582,,False,UPTREND,NORMAL_VOLATILITY,12
H7,8766,8763,1,2026-05-11 15:45:00+00:00,2026-05-11 15:45:00+00:00,1.17729,1.17734,1.1762499999999998,1.17734,5.0000000000105516e-05,TP,1,0.000140000000000029,0.0005299999999999194,SWEEP_EXTREME,OPPOSITE_LIQUIDITY,CONFIRMED,SELL_SIDE,M15,1.1764,2.1598621976832857,NEUTRAL,MODERATE_DISPLACEMENT,0.8950780278684298,,True,STRONG_UPTREND,NORMAL_VOLATILITY,15
H7,8835,8832,1,2026-05-12 09:00:00+00:00,2026-05-12 09:00:00+00:00,1.17624,1.17629,1.1751299999999998,1.17629,5.0000000000105516e-05,TP,1,0.00034000000000000696,0.0006099999999999994,SWEEP_EXTREME,OPPOSITE_LIQUIDITY,CONFIRMED,SELL_SIDE,M15,1.17537,1.5897144287499065,BEARISH,STRONG_DISPLACEMENT,2.0955326560794467,,True,DOWNTREND,LOW_VOLATILITY,9
H7,8838,8835,-1,2026-05-12 09:45:00+00:00,2026-05-12 09:45:00+00:00,1.17546,1.17539,1.1768500000000002,1.17539,7.00000000000145e-05,TP,1,0.0005800000000000249,5.999999999994898e-05,SWEEP_EXTREME,OPPOSITE_LIQUIDITY,CONFIRMED,BUY_SIDE,M15,1.17597,2.6594794327413767,BEARISH,STRONG_DISPLACEMENT,1.6595151660306606,,False,DOWNTREND,NORMAL_VOLATILITY,9
H7,8838,8835,-1,2026-05-12 09:45:00+00:00,2026-05-12 09:45:00+00:00,1.17546,1.17539,1.1768500000000002,1.17539,7.00000000000145e-05,TP,1,0.0005800000000000249,5.999999999994898e-05,SWEEP_EXTREME,OPPOSITE_LIQUIDITY,CONFIRMED,BUY_SIDE,M15,1.17645,2.6594794327413767,BEARISH,STRONG_DISPLACEMENT,1.6595151660306606,,False,DOWNTREND,NORMAL_VOLATILITY,9
H7,8866,8863,-1,2026-05-12 16:45:00+00:00,2026-05-12 16:45:00+00:00,1.17364,1.17358,1.17503,1.17358,5.999999999994898e-05,TP,1,0.0010300000000000864,0.00025999999999992696,SWEEP_EXTREME,OPPOSITE_LIQUIDITY,CONFIRMED,BUY_SIDE,M15,1.17482,1.0466756002157005,BEARISH,STRONG_DISPLACEMENT,1.7393285709467592,,False,STRONG_DOWNTREND,NORMAL_VOLATILITY,16
H7,8866,8863,-1,2026-05-12 16:45:00+00:00,2026-05-12 16:45:00+00:00,1.17364,1.17358,1.17503,1.17358,5.999999999994898e-05,TP,1,0.0010300000000000864,0.00025999999999992696,SWEEP_EXTREME,OPPOSITE_LIQUIDITY,CONFIRMED,BUY_SIDE,M15,1.1749,1.0466756002157005,BEARISH,STRONG_DISPLACEMENT,1.7393285709467592,,False,STRONG_DOWNTREND,NORMAL_VOLATILITY,16
H7,8876,8873,1,2026-05-12 19:15:00+00:00,2026-05-12 19:15:00+00:00,1.1737,1.17377,1.1720499999999998,1.17377,7.00000000000145e-05,TP,1,0.00015999999999993797,0.000280000000000058,SWEEP_EXTREME,OPPOSITE_LIQUIDITY,CONFIRMED,SELL_SIDE,H4,1.17226,1.0672077699155493,NEUTRAL,STRONG_DISPLACEMENT,1.7342126261122863,,True,STRONG_DOWNTREND,NORMAL_VOLATILITY,19
H7,8876,8873,1,2026-05-12 19:15:00+00:00,2026-05-12 19:15:00+00:00,1.1737,1.17377,1.1720499999999998,1.17377,7.00000000000145e-05,TP,1,0.00015999999999993797,0.000280000000000058,SWEEP_EXTREME,OPPOSITE_LIQUIDITY,CONFIRMED,SELL_SIDE,M15,1.1723,1.0672077699155493,NEUTRAL,STRONG_DISPLACEMENT,1.7342126261122863,,True,STRONG_DOWNTREND,NORMAL_VOLATILITY,19
H7,8876,8873,1,2026-05-12 19:15:00+00:00,2026-05-12 19:15:00+00:00,1.1737,1.17377,1.1720499999999998,1.17377,7.00000000000145e-05,TP,1,0.00015999999999993797,0.000280000000000058,SWEEP_EXTREME,OPPOSITE_LIQUIDITY,CONFIRMED,SELL_SIDE,M15,1.17238,1.0672077699155493,NEUTRAL,STRONG_DISPLACEMENT,1.7342126261122863,,True,STRONG_DOWNTREND,NORMAL_VOLATILITY,19
H7,8876,8873,1,2026-05-12 19:15:00+00:00,2026-05-12 19:15:00+00:00,1.1737,1.17377,1.1720499999999998,1.17377,7.00000000000145e-05,TP,1,0.00015999999999993797,0.000280000000000058,SWEEP_EXTREME,OPPOSITE_LIQUIDITY,CONFIRMED,SELL_SIDE,M15,1.17261,1.0672077699155493,NEUTRAL,STRONG_DISPLACEMENT,1.7342126261122863,,True,STRONG_DOWNTREND,NORMAL_VOLATILITY,19
H7,8879,8876,-1,2026-05-12 20:00:00+00:00,2026-05-12 20:00:00+00:00,1.17283,1.17274,1.17378,1.17274,9.000000000014552e-05,TP,1,0.00021000000000004349,0.00045000000000006146,SWEEP_EXTREME,OPPOSITE_LIQUIDITY,CONFIRMED,BUY_SIDE,M15,1.17365,0.8817155781736778,BEARISH,MODERATE_DISPLACEMENT,1.1801423892476743,,False,STRONG_DOWNTREND,NORMAL_VOLATILITY,20
H7,8907,8904,-1,2026-05-13 03:00:00+00:00,2026-05-13 03:00:00+00:00,1.1735,1.17342,1.17416,1.17342,8.000000000008001e-05,TP,1,0.000320000000000098,0.00029999999999996696,SWEEP_EXTREME,OPPOSITE_LIQUIDITY,CONFIRMED,BUY_SIDE,M15,1.17407,0.7138540559425817,NEUTRAL,MODERATE_DISPLACEMENT,0.9433071453524546,,False,STRONG_DOWNTREND,LOW_VOLATILITY,3
H7,8907,8904,-1,2026-05-13 03:00:00+00:00,2026-05-13 03:00:00+00:00,1.1735,1.17342,1.17416,1.17342,8.000000000008001e-05,TP,1,0.000320000000000098,0.00029999999999996696,SWEEP_EXTREME,OPPOSITE_LIQUIDITY,CONFIRMED,BUY_SIDE,M15,1.17402,0.7138540559425817,NEUTRAL,MODERATE_DISPLACEMENT,0.9433071453524546,,False,STRONG_DOWNTREND,LOW_VOLATILITY,3
H7,8911,8908,1,2026-05-13 04:00:00+00:00,2026-05-13 04:00:00+00:00,1.1738,1.17386,1.1731299999999998,1.17386,5.999999999994898e-05,TP,1,8.000000000008001e-05,0.00042999999999993044,SWEEP_EXTREME,OPPOSITE_LIQUIDITY,CONFIRMED,SELL_SIDE,M15,1.1733,1.5896712245076488,BULLISH,STRONG_DISPLACEMENT,1.205073347610435,,True,STRONG_DOWNTREND,LOW_VOLATILITY,4
H7,8976,8973,-1,2026-05-13 20:15:00+00:00,2026-05-13 20:30:00+00:00,1.17096,1.17081,1.1718000000000002,1.17081,0.0001500000000000945,TP,2,0.0003500000000000725,0.0001100000000000545,SWEEP_EXTREME,OPPOSITE_LIQUIDITY,CONFIRMED,BUY_SIDE,M15,1.17172,1.368089543799318,BULLISH,MODERATE_DISPLACEMENT,1.1400746198324034,,False,STRONG_DOWNTREND,NORMAL_VOLATILITY,20
H7,8976,8973,-1,2026-05-13 20:15:00+00:00,2026-05-13 20:30:00+00:00,1.17096,1.17081,1.1718000000000002,1.17081,0.0001500000000000945,TP,2,0.0003500000000000725,0.0001100000000000545,SWEEP_EXTREME,OPPOSITE_LIQUIDITY,CONFIRMED,BUY_SIDE,M15,1.17162,1.368089543799318,BULLISH,MODERATE_DISPLACEMENT,1.1400746198324034,,False,STRONG_DOWNTREND,NORMAL_VOLATILITY,20
H7,9030,9027,1,2026-05-14 09:45:00+00:00,2026-05-14 09:45:00+00:00,1.17148,1.1716,1.17095,1.1716,0.00011999999999989797,TP,1,0.0006599999999998829,7.00000000000145e-05,SWEEP_EXTREME,OPPOSITE_LIQUIDITY,CONFIRMED,SELL_SIDE,M15,1.17109,1.8072412737073569,BULLISH,STRONG_DISPLACEMENT,1.3855516431761752,,True,STRONG_DOWNTREND,LOW_VOLATILITY,9
H7,9031,9028,1,2026-05-14 10:00:00+00:00,2026-05-14 10:45:00+00:00,1.17182,1.1705999999999999,1.1705999999999999,1.17195,-0.001220000000000221,SL,4,1.999999999990898e-05,0.0012900000000000134,SWEEP_EXTREME,OPPOSITE_LIQUIDITY,CONFIRMED,SELL_SIDE,M15,1.1709,1.6332476877258246,BULLISH,STRONG_DISPLACEMENT,3.03726762980631,,True,STRONG_DOWNTREND,LOW_VOLATILITY,10
H7,9034,9031,-1,2026-05-14 10:45:00+00:00,2026-05-14 10:45:00+00:00,1.17137,1.17131,1.17219,1.17131,5.999999999994898e-05,TP,1,0.0008399999999999519,0.00019999999999997797,SWEEP_EXTREME,OPPOSITE_LIQUIDITY,CONFIRMED,BUY_SIDE,M15,1.17185,1.755431481816167,BEARISH,MODERATE_DISPLACEMENT,1.0821152970102659,,False,STRONG_DOWNTREND,LOW_VOLATILITY,10
H7,9034,9031,-1,2026-05-14 10:45:00+00:00,2026-05-14 10:45:00+00:00,1.17137,1.17131,1.17219,1.17131,5.999999999994898e-05,TP,1,0.0008399999999999519,0.00019999999999997797,SWEEP_EXTREME,OPPOSITE_LIQUIDITY,CONFIRMED,BUY_SIDE,M15,1.17176,1.755431481816167,BEARISH,MODERATE_DISPLACEMENT,1.0821152970102659,,False,STRONG_DOWNTREND,LOW_VOLATILITY,10
H7,9034,9031,-1,2026-05-14 10:45:00+00:00,2026-05-14 10:45:00+00:00,1.17137,1.17131,1.17219,1.17131,5.999999999994898e-05,TP,1,0.0008399999999999519,0.00019999999999997797,SWEEP_EXTREME,OPPOSITE_LIQUIDITY,CONFIRMED,BUY_SIDE,M15,1.17172,1.755431481816167,BEARISH,MODERATE_DISPLACEMENT,1.0821152970102659,,False,STRONG_DOWNTREND,LOW_VOLATILITY,10
H7,9034,9031,-1,2026-05-14 10:45:00+00:00,2026-05-14 10:45:00+00:00,1.17137,1.17131,1.17219,1.17131,5.999999999994898e-05,TP,1,0.0008399999999999519,0.00019999999999997797,SWEEP_EXTREME,OPPOSITE_LIQUIDITY,CONFIRMED,BUY_SIDE,M15,1.1716,1.755431481816167,BEARISH,MODERATE_DISPLACEMENT,1.0821152970102659,,False,STRONG_DOWNTREND,LOW_VOLATILITY,10
H7,9146,9143,-1,2026-05-15 14:45:00+00:00,2026-05-15 14:45:00+00:00,1.16329,1.16319,1.1655900000000001,1.16319,9.999999999998899e-05,TP,1,0.00038999999999989043,0.00016000000000016001,SWEEP_EXTREME,OPPOSITE_LIQUIDITY,CONFIRMED,BUY_SIDE,M15,1.16489,1.568673614867047,BEARISH,STRONG_DISPLACEMENT,2.1177093800702957,,True,STRONG_DOWNTREND,NORMAL_VOLATILITY,14
H7,9242,9239,1,2026-05-18 14:45:00+00:00,2026-05-18 15:30:00+00:00,1.16488,1.16501,1.1625299999999998,1.16501,0.00013000000000018552,TP,4,0.0005800000000000249,0.0011200000000000099,SWEEP_EXTREME,OPPOSITE_LIQUIDITY,CONFIRMED,SELL_SIDE,M15,1.16284,1.578986854053703,BULLISH,STRONG_DISPLACEMENT,4.068213188679298,,False,RANGE,NORMAL_VOLATILITY,14
H7,9274,9271,1,2026-05-18 22:45:00+00:00,2026-05-18 22:45:00+00:00,1.16512,1.16519,1.16268,1.16519,7.00000000000145e-05,TP,1,0.0004300000000001525,0.000140000000000029,SWEEP_EXTREME,OPPOSITE_LIQUIDITY,CONFIRMED,SELL_SIDE,M15,1.16324,1.4305879709395695,BULLISH,STRONG_DISPLACEMENT,3.1357332292310383,,False,RANGE,NORMAL_VOLATILITY,22
H7,9280,9277,-1,2026-05-19 00:15:00+00:00,2026-05-19 00:15:00+00:00,1.16518,1.165,1.1661100000000002,1.165,0.000180000000000069,TP,1,0.0002300000000001745,7.999999999985796e-05,SWEEP_EXTREME,OPPOSITE_LIQUIDITY,CONFIRMED,BUY_SIDE,M15,1.16575,0.5025277594970878,NEUTRAL,MODERATE_DISPLACEMENT,0.9521578600994053,,True,RANGE,NORMAL_VOLATILITY,0
H7,9320,9317,-1,2026-05-19 10:15:00+00:00,2026-05-19 10:15:00+00:00,1.16343,1.16334,1.1646200000000002,1.16334,8.999999999992347e-05,TP,1,0.0005199999999998539,4.0000000000040004e-05,SWEEP_EXTREME,OPPOSITE_LIQUIDITY,CONFIRMED,BUY_SIDE,M15,1.16456,1.3528511267859602,BEARISH,STRONG_DISPLACEMENT,1.6861622739650783,,True,DOWNTREND,NORMAL_VOLATILITY,10
H7,9355,9352,1,2026-05-19 19:00:00+00:00,2026-05-19 19:00:00+00:00,1.16013,1.16022,1.1590399999999998,1.16022,8.999999999992347e-05,TP,1,0.00010999999999983245,0.0005900000000000905,SWEEP_EXTREME,OPPOSITE_LIQUIDITY,CONFIRMED,SELL_SIDE,M15,1.1594,0.9252197012477923,BEARISH,MODERATE_DISPLACEMENT,0.8600633842586619,,False,STRONG_DOWNTREND,NORMAL_VOLATILITY,19
H7,9396,9393,1,2026-05-20 05:15:00+00:00,2026-05-20 05:15:00+00:00,1.16002,1.16022,1.1593399999999998,1.16022,0.00019999999999997797,TP,1,0.00026999999999999247,0.0002900000000001235,SWEEP_EXTREME,OPPOSITE_LIQUIDITY,CONFIRMED,SELL_SIDE,M15,1.15975,1.4095620116909364,BEARISH,MODERATE_DISPLACEMENT,0.9758506234784146,,False,STRONG_DOWNTREND,NORMAL_VOLATILITY,5
H7,9414,9411,1,2026-05-20 09:45:00+00:00,2026-05-20 10:00:00+00:00,1.15996,1.16005,1.1589999999999998,1.16005,8.999999999992347e-05,TP,2,0.00017999999999984695,0.0007100000000002105,SWEEP_EXTREME,OPPOSITE_LIQUIDITY,CONFIRMED,SELL_SIDE,H4,1.15909,1.004796702375561,BULLISH,MODERATE_DISPLACEMENT,0.8471815333753187,,False,STRONG_DOWNTREND,NORMAL_VOLATILITY,9
H7,9414,9411,1,2026-05-20 09:45:00+00:00,2026-05-20 10:00:00+00:00,1.15996,1.16005,1.1589999999999998,1.16005,8.999999999992347e-05,TP,2,0.00017999999999984695,0.0007100000000002105,SWEEP_EXTREME,OPPOSITE_LIQUIDITY,CONFIRMED,SELL_SIDE,M15,1.1592,1.004796702375561,BULLISH,MODERATE_DISPLACEMENT,0.8471815333753187,,False,STRONG_DOWNTREND,NORMAL_VOLATILITY,9
H7,9414,9411,1,2026-05-20 09:45:00+00:00,2026-05-20 10:00:00+00:00,1.15996,1.16005,1.1589999999999998,1.16005,8.999999999992347e-05,TP,2,0.00017999999999984695,0.0007100000000002105,SWEEP_EXTREME,OPPOSITE_LIQUIDITY,CONFIRMED,SELL_SIDE,M15,1.15935,1.004796702375561,BULLISH,MODERATE_DISPLACEMENT,0.8471815333753187,,False,STRONG_DOWNTREND,NORMAL_VOLATILITY,9
H7,9447,9444,1,2026-05-20 18:00:00+00:00,2026-05-20 18:00:00+00:00,1.16175,1.16181,1.1580899999999998,1.16181,5.999999999994898e-05,TP,1,0.0005299999999999194,0.0005100000000000104,SWEEP_EXTREME,OPPOSITE_LIQUIDITY,CONFIRMED,SELL_SIDE,M15,1.1583,1.6249332772334708,BULLISH,STRONG_DISPLACEMENT,4.79189507265808,,False,RANGE,HIGH_VOLATILITY,18
H7,9447,9444,1,2026-05-20 18:00:00+00:00,2026-05-20 18:00:00+00:00,1.16175,1.16181,1.1580899999999998,1.16181,5.999999999994898e-05,TP,1,0.0005299999999999194,0.0005100000000000104,SWEEP_EXTREME,OPPOSITE_LIQUIDITY,CONFIRMED,SELL_SIDE,M15,1.15868,1.6249332772334708,BULLISH,STRONG_DISPLACEMENT,4.79189507265808,,False,RANGE,HIGH_VOLATILITY,18
H7,9511,9508,-1,2026-05-21 10:00:00+00:00,2026-05-21 10:00:00+00:00,1.16202,1.16186,1.1627,1.16186,0.00016000000000016001,TP,1,0.00042000000000008697,7.00000000000145e-05,SWEEP_EXTREME,OPPOSITE_LIQUIDITY,CONFIRMED,BUY_SIDE,M15,1.16235,1.4920247168053236,NEUTRAL,MODERATE_DISPLACEMENT,1.1423314238038411,,True,RANGE,LOW_VOLATILITY,10
H7,9516,9513,1,2026-05-21 11:15:00+00:00,2026-05-21 11:15:00+00:00,1.16259,1.16265,1.15923,1.16265,5.999999999994898e-05,TP,1,0.0009500000000000064,0.00025999999999992696,SWEEP_EXTREME,OPPOSITE_LIQUIDITY,CONFIRMED,SELL_SIDE,M15,1.16152,3.9306333788705095,NEUTRAL,STRONG_DISPLACEMENT,4.496644585428092,,False,RANGE,NORMAL_VOLATILITY,11
H7,9619,9616,1,2026-05-22 13:00:00+00:00,2026-05-22 13:00:00+00:00,1.16042,1.16048,1.15987,1.16048,5.999999999994898e-05,TP,1,0.00035999999999991594,0.0001500000000000945,SWEEP_EXTREME,OPPOSITE_LIQUIDITY,CONFIRMED,SELL_SIDE,M15,1.16013,1.6548969745026794,BEARISH,MODERATE_DISPLACEMENT,0.8369593894037171,,False,DOWNTREND,NORMAL_VOLATILITY,13
H7,9635,9632,-1,2026-05-22 17:00:00+00:00,2026-05-22 17:00:00+00:00,1.16036,1.16031,1.16188,1.16031,5.0000000000105516e-05,TP,1,0.0014499999999999513,1.999999999990898e-05,SWEEP_EXTREME,OPPOSITE_LIQUIDITY,CONFIRMED,BUY_SIDE,M15,1.1607,2.305416998890732,BEARISH,STRONG_DISPLACEMENT,1.4627473372273228,,True,DOWNTREND,NORMAL_VOLATILITY,17
H7,9635,9632,-1,2026-05-22 17:00:00+00:00,2026-05-22 17:00:00+00:00,1.16036,1.16031,1.16188,1.16031,5.0000000000105516e-05,TP,1,0.0014499999999999513,1.999999999990898e-05,SWEEP_EXTREME,OPPOSITE_LIQUIDITY,CONFIRMED,BUY_SIDE,M15,1.16078,2.305416998890732,BEARISH,STRONG_DISPLACEMENT,1.4627473372273228,,True,DOWNTREND,NORMAL_VOLATILITY,17
H7,9635,9632,-1,2026-05-22 17:00:00+00:00,2026-05-22 17:00:00+00:00,1.16036,1.16031,1.16188,1.16031,5.0000000000105516e-05,TP,1,0.0014499999999999513,1.999999999990898e-05,SWEEP_EXTREME,OPPOSITE_LIQUIDITY,CONFIRMED,BUY_SIDE,M15,1.16157,2.305416998890732,BEARISH,STRONG_DISPLACEMENT,1.4627473372273228,,True,DOWNTREND,NORMAL_VOLATILITY,17
H7,9635,9632,-1,2026-05-22 17:00:00+00:00,2026-05-22 17:00:00+00:00,1.16036,1.16031,1.16188,1.16031,5.0000000000105516e-05,TP,1,0.0014499999999999513,1.999999999990898e-05,SWEEP_EXTREME,OPPOSITE_LIQUIDITY,CONFIRMED,BUY_SIDE,M15,1.16169,2.305416998890732,BEARISH,STRONG_DISPLACEMENT,1.4627473372273228,,True,DOWNTREND,NORMAL_VOLATILITY,17
H7,9639,9636,1,2026-05-22 18:00:00+00:00,2026-05-22 18:00:00+00:00,1.15976,1.15981,1.15886,1.15981,5.0000000000105516e-05,TP,1,0.0007200000000000539,0.00018999999999991246,SWEEP_EXTREME,OPPOSITE_LIQUIDITY,CONFIRMED,SELL_SIDE,M15,1.15933,2.077145483409515,NEUTRAL,MODERATE_DISPLACEMENT,1.1162890693155203,,False,DOWNTREND,NORMAL_VOLATILITY,18
H7,9708,9705,1,2026-05-25 11:15:00+00:00,2026-05-25 11:15:00+00:00,1.16392,1.16399,1.1628999999999998,1.16399,7.00000000000145e-05,TP,1,0.00014999999999987246,9.000000000014552e-05,SWEEP_EXTREME,OPPOSITE_LIQUIDITY,CONFIRMED,SELL_SIDE,M15,1.16302,1.7234377046174958,BEARISH,STRONG_DISPLACEMENT,1.2868334861141044,,False,STRONG_UPTREND,LOW_VOLATILITY,11
H7,9708,9705,1,2026-05-25 11:15:00+00:00,2026-05-25 11:15:00+00:00,1.16392,1.16399,1.1628999999999998,1.16399,7.00000000000145e-05,TP,1,0.00014999999999987246,9.000000000014552e-05,SWEEP_EXTREME,OPPOSITE_LIQUIDITY,CONFIRMED,SELL_SIDE,M15,1.16352,1.7234377046174958,BEARISH,STRONG_DISPLACEMENT,1.2868334861141044,,False,STRONG_UPTREND,LOW_VOLATILITY,11
H7,9708,9705,1,2026-05-25 11:15:00+00:00,2026-05-25 11:15:00+00:00,1.16392,1.16399,1.1628999999999998,1.16399,7.00000000000145e-05,TP,1,0.00014999999999987246,9.000000000014552e-05,SWEEP_EXTREME,OPPOSITE_LIQUIDITY,CONFIRMED,SELL_SIDE,M15,1.16355,1.7234377046174958,BEARISH,STRONG_DISPLACEMENT,1.2868334861141044,,False,STRONG_UPTREND,LOW_VOLATILITY,11
H7,9730,9727,-1,2026-05-25 16:45:00+00:00,2026-05-25 16:45:00+00:00,1.16417,1.16411,1.1653200000000001,1.16411,5.999999999994898e-05,TP,1,0.00029999999999996696,0.00012000000000012001,SWEEP_EXTREME,OPPOSITE_LIQUIDITY,CONFIRMED,BUY_SIDE,M15,1.16506,1.28244193407514,BULLISH,STRONG_DISPLACEMENT,1.548609127939964,,True,STRONG_UPTREND,LOW_VOLATILITY,16
H7,9734,9731,1,2026-05-25 17:45:00+00:00,2026-05-25 17:45:00+00:00,1.16444,1.16452,1.1638199999999999,1.16452,8.000000000008001e-05,TP,1,0.0001900000000001345,0.00036999999999998145,SWEEP_EXTREME,OPPOSITE_LIQUIDITY,CONFIRMED,SELL_SIDE,M15,1.16401,1.0549850097277054,BULLISH,STRONG_DISPLACEMENT,1.4317653703443445,,False,STRONG_UPTREND,LOW_VOLATILITY,17
H7,9800,9797,-1,2026-05-26 10:15:00+00:00,2026-05-26 10:15:00+00:00,1.16301,1.16295,1.1636000000000002,1.16295,6.000000000017103e-05,TP,1,0.00012000000000012001,0.0003799999999998249,SWEEP_EXTREME,OPPOSITE_LIQUIDITY,CONFIRMED,BUY_SIDE,M15,1.16306,2.309213720924985,NEUTRAL,MODERATE_DISPLACEMENT,0.8829346580004633,,True,RANGE,LOW_VOLATILITY,10
H7,9803,9800,1,2026-05-26 11:00:00+00:00,2026-05-26 11:00:00+00:00,1.1637,1.16375,1.16235,1.16375,5.0000000000105516e-05,TP,1,0.0003500000000000725,0.00019999999999997797,SWEEP_EXTREME,OPPOSITE_LIQUIDITY,CONFIRMED,SELL_SIDE,M15,1.16271,3.321686873195939,BEARISH,STRONG_DISPLACEMENT,1.8633853191097705,,False,RANGE,LOW_VOLATILITY,11
H7,9837,9834,1,2026-05-26 19:30:00+00:00,2026-05-26 19:30:00+00:00,1.16271,1.16278,1.16157,1.16278,7.00000000000145e-05,TP,1,0.00024000000000001798,0.00021999999999988695,SWEEP_EXTREME,OPPOSITE_LIQUIDITY,CONFIRMED,SELL_SIDE,M15,1.16172,1.0889673365372443,BEARISH,STRONG_DISPLACEMENT,1.343059715062682,,False,DOWNTREND,NORMAL_VOLATILITY,19
H7,9845,9842,1,2026-05-26 21:30:00+00:00,2026-05-26 21:30:00+00:00,1.16269,1.16274,1.16217,1.16274,5.0000000000105516e-05,TP,1,0.00017000000000000348,5.999999999994898e-05,SWEEP_EXTREME,OPPOSITE_LIQUIDITY,CONFIRMED,SELL_SIDE,M15,1.16224,0.7671467051081255,NEUTRAL,MODERATE_DISPLACEMENT,0.8277109186692344,,False,DOWNTREND,LOW_VOLATILITY,21
H7,9891,9888,-1,2026-05-27 09:00:00+00:00,2026-05-27 09:00:00+00:00,1.16395,1.16389,1.16439,1.16389,5.999999999994898e-05,TP,1,0.00022999999999995246,0.000180000000000069,SWEEP_EXTREME,OPPOSITE_LIQUIDITY,CONFIRMED,BUY_SIDE,M15,1.16424,1.0197085873332143,BULLISH,STRONG_DISPLACEMENT,1.2085435109130045,,True,STRONG_UPTREND,LOW_VOLATILITY,9
H7,9920,9917,-1,2026-05-27 16:15:00+00:00,2026-05-27 16:15:00+00:00,1.16452,1.16444,1.16605,1.16444,8.000000000008001e-05,TP,1,0.0005500000000000504,0.00024000000000001798,SWEEP_EXTREME,OPPOSITE_LIQUIDITY,CONFIRMED,BUY_SIDE,H4,1.16527,4.46125528378549,BEARISH,STRONG_DISPLACEMENT,1.8995188512994297,,True,UPTREND,NORMAL_VOLATILITY,16
H7,9920,9917,-1,2026-05-27 16:15:00+00:00,2026-05-27 16:15:00+00:00,1.16452,1.16444,1.16605,1.16444,8.000000000008001e-05,TP,1,0.0005500000000000504,0.00024000000000001798,SWEEP_EXTREME,OPPOSITE_LIQUIDITY,CONFIRMED,BUY_SIDE,M15,1.16492,4.46125528378549,BEARISH,STRONG_DISPLACEMENT,1.8995188512994297,,True,UPTREND,NORMAL_VOLATILITY,16
H7,9920,9917,-1,2026-05-27 16:15:00+00:00,2026-05-27 16:15:00+00:00,1.16452,1.16444,1.16605,1.16444,8.000000000008001e-05,TP,1,0.0005500000000000504,0.00024000000000001798,SWEEP_EXTREME,OPPOSITE_LIQUIDITY,CONFIRMED,BUY_SIDE,M15,1.16485,4.46125528378549,BEARISH,STRONG_DISPLACEMENT,1.8995188512994297,,True,UPTREND,NORMAL_VOLATILITY,16
H7,9959,9956,-1,2026-05-28 02:00:00+00:00,2026-05-28 02:15:00+00:00,1.16259,1.16253,1.1630500000000001,1.16253,5.999999999994898e-05,TP,2,0.00045000000000006146,0.00025999999999992696,SWEEP_EXTREME,OPPOSITE_LIQUIDITY,CONFIRMED,BUY_SIDE,M15,1.16299,0.7759003418196904,BEARISH,MODERATE_DISPLACEMENT,0.9761326880953629,,True,STRONG_DOWNTREND,LOW_VOLATILITY,2
H7,9995,9992,-1,2026-05-28 11:00:00+00:00,2026-05-28 11:00:00+00:00,1.16116,1.1611,1.16181,1.1611,5.999999999994898e-05,TP,1,0.00024000000000001798,0.00042999999999993044,SWEEP_EXTREME,OPPOSITE_LIQUIDITY,CONFIRMED,BUY_SIDE,M15,1.16151,1.525675413326059,BEARISH,MODERATE_DISPLACEMENT,1.0984862975950154,,True,STRONG_DOWNTREND,LOW_VOLATILITY,11
H7,10003,10000,-1,2026-05-28 13:00:00+00:00,2026-05-28 13:00:00+00:00,1.16129,1.16123,1.1618600000000001,1.16123,5.999999999994898e-05,TP,1,0.00039999999999995595,9.999999999998899e-05,SWEEP_EXTREME,OPPOSITE_LIQUIDITY,CONFIRMED,BUY_SIDE,M15,1.16176,0.7729240814857573,NEUTRAL,MODERATE_DISPLACEMENT,1.0444920020077175,,True,STRONG_DOWNTREND,LOW_VOLATILITY,13
H7,10009,10006,1,2026-05-28 14:30:00+00:00,2026-05-28 14:30:00+00:00,1.16108,1.16113,1.16052,1.16113,5.0000000000105516e-05,TP,1,0.00010000000000021103,0.00027999999999983594,SWEEP_EXTREME,OPPOSITE_LIQUIDITY,CONFIRMED,SELL_SIDE,M15,1.16065,1.7568387965947418,BULLISH,MODERATE_DISPLACEMENT,0.9277688026962129,,False,STRONG_DOWNTREND,NORMAL_VOLATILITY,14
H7,10067,10064,-1,2026-05-29 05:00:00+00:00,2026-05-29 05:00:00+00:00,1.16445,1.16437,1.1656300000000002,1.16437,8.000000000008001e-05,TP,1,9.999999999998899e-05,0.00029999999999996696,SWEEP_EXTREME,OPPOSITE_LIQUIDITY,CONFIRMED,BUY_SIDE,M15,1.16556,2.371971347212787,NEUTRAL,STRONG_DISPLACEMENT,3.142862035056597,,True,STRONG_UPTREND,LOW_VOLATILITY,5
H7,10089,10086,-1,2026-05-29 10:30:00+00:00,2026-05-29 10:30:00+00:00,1.16435,1.16427,1.1650600000000002,1.16427,8.000000000008001e-05,TP,1,0.0005800000000000249,8.999999999992347e-05,SWEEP_EXTREME,OPPOSITE_LIQUIDITY,CONFIRMED,BUY_SIDE,M15,1.16493,1.4283220246303285,BEARISH,STRONG_DISPLACEMENT,1.7029993370591676,,True,UPTREND,LOW_VOLATILITY,10
H7,10098,10095,1,2026-05-29 12:45:00+00:00,2026-05-29 12:45:00+00:00,1.16367,1.16372,1.16244,1.16372,5.0000000000105516e-05,TP,1,0.0006099999999999994,2.999999999997449e-05,SWEEP_EXTREME,OPPOSITE_LIQUIDITY,CONFIRMED,SELL_SIDE,M15,1.16268,2.3605136215122378,NEUTRAL,STRONG_DISPLACEMENT,1.6371304149200574,,False,UPTREND,NORMAL_VOLATILITY,12
H7,10121,10118,1,2026-05-29 18:30:00+00:00,2026-05-29 18:30:00+00:00,1.16751,1.16758,1.1639799999999998,1.16758,7.00000000000145e-05,TP,1,0.0010699999999999044,9.000000000014552e-05,SWEEP_EXTREME,OPPOSITE_LIQUIDITY,CONFIRMED,SELL_SIDE,M15,1.16414,1.4402422562493078,BULLISH,STRONG_DISPLACEMENT,5.077777185494391,,False,UPTREND,NORMAL_VOLATILITY,18
H7,10173,10170,1,2026-06-01 07:30:00+00:00,2026-06-01 07:30:00+00:00,1.16473,1.16484,1.1641,1.16484,0.0001100000000000545,TP,1,0.0001100000000000545,9.000000000014552e-05,SWEEP_EXTREME,OPPOSITE_LIQUIDITY,CONFIRMED,SELL_SIDE,M15,1.16419,1.8786934112671936,NEUTRAL,STRONG_DISPLACEMENT,1.4553258819677015,,False,RANGE,LOW_VOLATILITY,7
H7,10186,10183,-1,2026-06-01 10:45:00+00:00,2026-06-01 10:45:00+00:00,1.16534,1.16528,1.16652,1.16528,5.999999999994898e-05,TP,1,0.00017000000000000348,0.0005599999999998939,SWEEP_EXTREME,OPPOSITE_LIQUIDITY,CONFIRMED,BUY_SIDE,M15,1.16604,3.09318678005467,BULLISH,STRONG_DISPLACEMENT,2.7914124600495542,,True,UPTREND,LOW_VOLATILITY,10
H7,10186,10183,-1,2026-06-01 10:45:00+00:00,2026-06-01 10:45:00+00:00,1.16534,1.16528,1.16652,1.16528,5.999999999994898e-05,TP,1,0.00017000000000000348,0.0005599999999998939,SWEEP_EXTREME,OPPOSITE_LIQUIDITY,CONFIRMED,BUY_SIDE,M15,1.1656,3.09318678005467,BULLISH,STRONG_DISPLACEMENT,2.7914124600495542,,True,UPTREND,LOW_VOLATILITY,10
H7,10253,10250,-1,2026-06-02 03:30:00+00:00,2026-06-02 03:30:00+00:00,1.1633,1.16325,1.16365,1.16325,5.0000000000105516e-05,TP,1,0.00012999999999996348,0.00017000000000000348,SWEEP_EXTREME,OPPOSITE_LIQUIDITY,CONFIRMED,BUY_SIDE,M15,1.16358,1.0653363549417905,BULLISH,MODERATE_DISPLACEMENT,0.8716388358615953,,True,STRONG_DOWNTREND,LOW_VOLATILITY,3
H7,10259,10256,-1,2026-06-02 05:00:00+00:00,2026-06-02 07:45:00+00:00,1.16305,1.1637300000000002,1.1637300000000002,1.16298,-0.000680000000000236,SL,12,2.999999999997449e-05,0.0008200000000000429,SWEEP_EXTREME,OPPOSITE_LIQUIDITY,CONFIRMED,BUY_SIDE,M15,1.1636,1.6891338346078537,NEUTRAL,STRONG_DISPLACEMENT,1.628807626228619,,True,STRONG_DOWNTREND,LOW_VOLATILITY,5
H7,10287,10284,-1,2026-06-02 12:00:00+00:00,2026-06-02 12:00:00+00:00,1.16435,1.16427,1.1653,1.16427,8.000000000008001e-05,TP,1,0.00034000000000000696,2.999999999997449e-05,SWEEP_EXTREME,OPPOSITE_LIQUIDITY,CONFIRMED,BUY_SIDE,M15,1.16522,1.8767747951150744,BULLISH,MODERATE_DISPLACEMENT,0.8043320550494121,,True,UPTREND,LOW_VOLATILITY,12
H7,10328,10325,1,2026-06-02 22:15:00+00:00,2026-06-02 22:15:00+00:00,1.16321,1.16327,1.16129,1.16327,5.999999999994898e-05,TP,1,8.999999999992347e-05,0.0001500000000000945,SWEEP_EXTREME,OPPOSITE_LIQUIDITY,CONFIRMED,SELL_SIDE,M15,1.16164,1.5783246640043798,BEARISH,STRONG_DISPLACEMENT,2.377735857461439,,False,STRONG_DOWNTREND,LOW_VOLATILITY,22
H7,10437,10434,-1,2026-06-04 01:30:00+00:00,2026-06-04 01:45:00+00:00,1.15967,1.1601400000000002,1.1601400000000002,1.1596,-0.0004700000000001925,SL,2,1.0000000000065512e-05,0.0015600000000000058,SWEEP_EXTREME,OPPOSITE_LIQUIDITY,CONFIRMED,BUY_SIDE,M15,1.16003,1.024065643134048,NEUTRAL,MODERATE_DISPLACEMENT,1.1624528922065156,,True,STRONG_DOWNTREND,LOW_VOLATILITY,1
H7,10439,10436,1,2026-06-04 02:00:00+00:00,2026-06-04 02:00:00+00:00,1.16058,1.16067,1.15943,1.16067,9.000000000014552e-05,TP,1,0.000260000000000149,0.0004499999999998394,SWEEP_EXTREME,OPPOSITE_LIQUIDITY,CONFIRMED,SELL_SIDE,M15,1.15951,1.1370081120071676,BULLISH,STRONG_DISPLACEMENT,2.734233793160852,,False,STRONG_DOWNTREND,LOW_VOLATILITY,2
H7,10440,10437,1,2026-06-04 02:15:00+00:00,2026-06-04 02:15:00+00:00,1.16048,1.16054,1.1594,1.16054,5.999999999994898e-05,TP,1,0.0001100000000000545,0.0001100000000000545,SWEEP_EXTREME,OPPOSITE_LIQUIDITY,CONFIRMED,SELL_SIDE,M15,1.15947,0.7452568898325461,BULLISH,STRONG_DISPLACEMENT,2.2357706694976383,,False,STRONG_DOWNTREND,LOW_VOLATILITY,2
H7,10458,10455,-1,2026-06-04 06:45:00+00:00,2026-06-04 07:30:00+00:00,1.16032,1.1611600000000002,1.1611600000000002,1.16025,-0.0008400000000001739,SL,4,5.0000000000105516e-05,0.0009699999999999154,SWEEP_EXTREME,OPPOSITE_LIQUIDITY,CONFIRMED,BUY_SIDE,M15,1.16103,0.5049896833085312,NEUTRAL,STRONG_DISPLACEMENT,1.879683821203112,,True,STRONG_DOWNTREND,LOW_VOLATILITY,6
H7,10465,10462,-1,2026-06-04 08:30:00+00:00,2026-06-04 09:30:00+00:00,1.16056,1.16134,1.16134,1.16048,-0.0007800000000000029,SL,5,4.0000000000040004e-05,0.0009299999999998754,SWEEP_EXTREME,OPPOSITE_LIQUIDITY,CONFIRMED,BUY_SIDE,M15,1.16126,1.9241312382500764,NEUTRAL,STRONG_DISPLACEMENT,1.511817401482508,,True,STRONG_DOWNTREND,LOW_VOLATILITY,8
H7,10465,10462,-1,2026-06-04 08:30:00+00:00,2026-06-04 09:30:00+00:00,1.16056,1.16134,1.16134,1.16048,-0.0007800000000000029,SL,5,4.0000000000040004e-05,0.0009299999999998754,SWEEP_EXTREME,OPPOSITE_LIQUIDITY,CONFIRMED,BUY_SIDE,M15,1.16111,1.9241312382500764,NEUTRAL,STRONG_DISPLACEMENT,1.511817401482508,,True,STRONG_DOWNTREND,LOW_VOLATILITY,8
H7,10473,10470,-1,2026-06-04 10:30:00+00:00,2026-06-04 10:30:00+00:00,1.16062,1.16056,1.16154,1.16056,5.999999999994898e-05,TP,1,0.0007800000000000029,8.999999999992347e-05,SWEEP_EXTREME,OPPOSITE_LIQUIDITY,CONFIRMED,BUY_SIDE,M15,1.16129,1.6093984446621137,BULLISH,STRONG_DISPLACEMENT,1.7371284799530458,,True,STRONG_DOWNTREND,LOW_VOLATILITY,10
H7,10477,10474,1,2026-06-04 11:30:00+00:00,2026-06-04 11:30:00+00:00,1.16104,1.16111,1.1597899999999999,1.16111,7.00000000000145e-05,TP,1,0.00035999999999991594,0.00038000000000004697,SWEEP_EXTREME,OPPOSITE_LIQUIDITY,CONFIRMED,SELL_SIDE,M15,1.16025,1.9094409311447764,BULLISH,STRONG_DISPLACEMENT,1.9533361249644878,,False,STRONG_DOWNTREND,LOW_VOLATILITY,11
H7,10567,10564,1,2026-06-05 10:00:00+00:00,2026-06-05 10:00:00+00:00,1.16221,1.16226,1.16123,1.16226,5.0000000000105516e-05,TP,1,0.0004999999999999449,4.0000000000040004e-05,SWEEP_EXTREME,OPPOSITE_LIQUIDITY,CONFIRMED,SELL_SIDE,M15,1.16136,1.3519701329751457,BULLISH,STRONG_DISPLACEMENT,3.2272835432328044,,False,RANGE,LOW_VOLATILITY,10
H7,10641,10638,-1,2026-06-08 04:30:00+00:00,2026-06-08 04:30:00+00:00,1.15194,1.15187,1.15287,1.15187,7.00000000000145e-05,TP,1,0.0007999999999999119,0.0005100000000000104,SWEEP_EXTREME,OPPOSITE_LIQUIDITY,CONFIRMED,BUY_SIDE,M15,1.15273,1.0131147185442047,NEUTRAL,STRONG_DISPLACEMENT,1.519672077816113,,True,STRONG_DOWNTREND,NORMAL_VOLATILITY,4
H7,10641,10638,-1,2026-06-08 04:30:00+00:00,2026-06-08 04:30:00+00:00,1.15194,1.15187,1.15287,1.15187,7.00000000000145e-05,TP,1,0.0007999999999999119,0.0005100000000000104,SWEEP_EXTREME,OPPOSITE_LIQUIDITY,CONFIRMED,BUY_SIDE,M15,1.15261,1.0131147185442047,NEUTRAL,STRONG_DISPLACEMENT,1.519672077816113,,True,STRONG_DOWNTREND,NORMAL_VOLATILITY,4
H7,10642,10639,-1,2026-06-08 04:45:00+00:00,2026-06-08 04:45:00+00:00,1.15238,1.15232,1.1534000000000002,1.15232,5.999999999994898e-05,TP,1,0.00024000000000001798,0.000320000000000098,SWEEP_EXTREME,OPPOSITE_LIQUIDITY,CONFIRMED,BUY_SIDE,M15,1.1533,1.0121665557229071,NEUTRAL,STRONG_DISPLACEMENT,1.5706032761218995,,True,STRONG_DOWNTREND,NORMAL_VOLATILITY,4
H7,10642,10639,-1,2026-06-08 04:45:00+00:00,2026-06-08 04:45:00+00:00,1.15238,1.15232,1.1534000000000002,1.15232,5.999999999994898e-05,TP,1,0.00024000000000001798,0.000320000000000098,SWEEP_EXTREME,OPPOSITE_LIQUIDITY,CONFIRMED,BUY_SIDE,M15,1.15289,1.0121665557229071,NEUTRAL,STRONG_DISPLACEMENT,1.5706032761218995,,True,STRONG_DOWNTREND,NORMAL_VOLATILITY,4
H7,10659,10656,-1,2026-06-08 09:00:00+00:00,2026-06-08 09:00:00+00:00,1.15192,1.15187,1.1536000000000002,1.15187,5.0000000000105516e-05,TP,1,0.00038000000000004697,0.00031999999999987594,SWEEP_EXTREME,OPPOSITE_LIQUIDITY,CONFIRMED,BUY_SIDE,M15,1.15347,1.004361505693282,NEUTRAL,STRONG_DISPLACEMENT,2.4813637199481344,,True,STRONG_DOWNTREND,NORMAL_VOLATILITY,9
H7,10676,10673,1,2026-06-08 13:15:00+00:00,2026-06-08 13:15:00+00:00,1.15171,1.15183,1.1500299999999999,1.15183,0.00011999999999989797,TP,1,0.00031000000000003247,0.0003900000000001125,SWEEP_EXTREME,OPPOSITE_LIQUIDITY,CONFIRMED,SELL_SIDE,H4,1.15009,0.8909766788228238,BEARISH,STRONG_DISPLACEMENT,2.04791654535424,,False,STRONG_DOWNTREND,NORMAL_VOLATILITY,13
H7,10677,10674,1,2026-06-08 13:30:00+00:00,2026-06-08 13:30:00+00:00,1.15174,1.15183,1.1498599999999999,1.15183,8.999999999992347e-05,TP,1,0.0014400000000001079,0.00024000000000001798,SWEEP_EXTREME,OPPOSITE_LIQUIDITY,CONFIRMED,SELL_SIDE,M15,1.15006,1.473577791646577,BEARISH,STRONG_DISPLACEMENT,1.5504601112106822,,False,STRONG_DOWNTREND,NORMAL_VOLATILITY,13
H7,10696,10693,1,2026-06-08 18:15:00+00:00,2026-06-08 18:15:00+00:00,1.1545,1.15456,1.1530399999999998,1.15456,5.999999999994898e-05,TP,1,0.00025999999999992696,0.0005800000000000249,SWEEP_EXTREME,OPPOSITE_LIQUIDITY,CONFIRMED,SELL_SIDE,M15,1.15346,1.0080216360386418,BULLISH,MODERATE_DISPLACEMENT,1.0320221511825778,,False,STRONG_DOWNTREND,HIGH_VOLATILITY,18
H7,10753,10750,-1,2026-06-09 08:30:00+00:00,2026-06-09 08:30:00+00:00,1.15417,1.1547,1.1547,1.1541,-0.0005300000000001415,SL,1,4.999999999988347e-05,0.0005500000000000504,SWEEP_EXTREME,OPPOSITE_LIQUIDITY,CONFIRMED,BUY_SIDE,M15,1.1542,1.844071684276674,BEARISH,MODERATE_DISPLACEMENT,1.090859306192079,,True,STRONG_DOWNTREND,LOW_VOLATILITY,8
H7,10759,10756,-1,2026-06-09 10:00:00+00:00,2026-06-09 10:00:00+00:00,1.15436,1.15421,1.1550500000000001,1.15421,0.0001500000000000945,TP,1,0.0004300000000001525,0.00031999999999987594,SWEEP_EXTREME,OPPOSITE_LIQUIDITY,CONFIRMED,BUY_SIDE,M15,1.15481,1.6694541616572567,BULLISH,STRONG_DISPLACEMENT,1.4023414957918388,,True,STRONG_DOWNTREND,LOW_VOLATILITY,10
H7,10767,10764,1,2026-06-09 12:00:00+00:00,2026-06-09 12:00:00+00:00,1.15506,1.15514,1.1535199999999999,1.15514,8.000000000008001e-05,TP,1,0.0006099999999999994,4.0000000000040004e-05,SWEEP_EXTREME,OPPOSITE_LIQUIDITY,CONFIRMED,SELL_SIDE,M15,1.1537,1.3782516765116106,NEUTRAL,STRONG_DISPLACEMENT,2.217187479605268,,False,RANGE,NORMAL_VOLATILITY,12
H7,10787,10784,-1,2026-06-09 17:00:00+00:00,2026-06-09 17:00:00+00:00,1.15663,1.15652,1.1578400000000002,1.15652,0.0001100000000000545,TP,1,0.00032999999999994145,0.0006999999999999229,SWEEP_EXTREME,OPPOSITE_LIQUIDITY,CONFIRMED,BUY_SIDE,M15,1.15749,1.0454683468604737,BULLISH,STRONG_DISPLACEMENT,2.0134945939525974,,True,STRONG_UPTREND,NORMAL_VOLATILITY,17
H7,10801,10798,1,2026-06-09 20:30:00+00:00,2026-06-09 20:30:00+00:00,1.15506,1.15514,1.15272,1.15514,8.000000000008001e-05,TP,1,0.0001900000000001345,0.00025999999999992696,SWEEP_EXTREME,OPPOSITE_LIQUIDITY,CONFIRMED,SELL_SIDE,M15,1.15336,2.3365269869686043,NEUTRAL,STRONG_DISPLACEMENT,1.7790814621588786,,False,RANGE,HIGH_VOLATILITY,20
H7,10801,10798,1,2026-06-09 20:30:00+00:00,2026-06-09 20:30:00+00:00,1.15506,1.15514,1.15272,1.15514,8.000000000008001e-05,TP,1,0.0001900000000001345,0.00025999999999992696,SWEEP_EXTREME,OPPOSITE_LIQUIDITY,CONFIRMED,SELL_SIDE,M15,1.15357,2.3365269869686043,NEUTRAL,STRONG_DISPLACEMENT,1.7790814621588786,,False,RANGE,HIGH_VOLATILITY,20
H7,10821,10818,1,2026-06-10 01:30:00+00:00,2026-06-10 02:15:00+00:00,1.15401,1.1534799999999998,1.1534799999999998,1.15406,-0.0005300000000001415,SL,4,1.999999999990898e-05,0.0005999999999999339,SWEEP_EXTREME,OPPOSITE_LIQUIDITY,CONFIRMED,SELL_SIDE,M15,1.15391,0.9116844297789829,BEARISH,MODERATE_DISPLACEMENT,0.9116844297789829,,False,DOWNTREND,LOW_VOLATILITY,1
H7,10860,10857,-1,2026-06-10 11:15:00+00:00,2026-06-10 12:45:00+00:00,1.15492,1.1559100000000002,1.1559100000000002,1.15476,-0.0009900000000002684,SL,7,9.999999999998899e-05,0.001040000000000152,SWEEP_EXTREME,OPPOSITE_LIQUIDITY,CONFIRMED,BUY_SIDE,M15,1.15582,1.157709984920197,BULLISH,MODERATE_DISPLACEMENT,0.8350694973194794,,True,RANGE,NORMAL_VOLATILITY,11
H7,10870,10867,-1,2026-06-10 13:45:00+00:00,2026-06-10 13:45:00+00:00,1.1553,1.15522,1.1560100000000002,1.15522,8.000000000008001e-05,TP,1,0.00035999999999991594,0.000180000000000069,SWEEP_EXTREME,OPPOSITE_LIQUIDITY,CONFIRMED,BUY_SIDE,M15,1.15586,0.8195210991345231,BULLISH,MODERATE_DISPLACEMENT,0.9834253189610638,,True,UPTREND,LOW_VOLATILITY,13
H7,10877,10874,1,2026-06-10 15:30:00+00:00,2026-06-10 15:30:00+00:00,1.15463,1.15472,1.1533799999999998,1.15472,8.999999999992347e-05,TP,1,0.0012999999999998568,0.00042000000000008697,SWEEP_EXTREME,OPPOSITE_LIQUIDITY,CONFIRMED,SELL_SIDE,M15,1.15346,1.6565796831156847,BULLISH,STRONG_DISPLACEMENT,1.4017212703284387,,False,RANGE,NORMAL_VOLATILITY,15
H7,10923,10920,1,2026-06-11 03:00:00+00:00,2026-06-11 03:00:00+00:00,1.15352,1.15365,1.15248,1.15365,0.00012999999999996348,TP,1,0.0005799999999998029,0.0,SWEEP_EXTREME,OPPOSITE_LIQUIDITY,CONFIRMED,SELL_SIDE,H4,1.15257,0.9024880617404804,BEARISH,STRONG_DISPLACEMENT,1.5287042678462868,,False,STRONG_DOWNTREND,NORMAL_VOLATILITY,3
H7,10923,10920,1,2026-06-11 03:00:00+00:00,2026-06-11 03:00:00+00:00,1.15352,1.15365,1.15248,1.15365,0.00012999999999996348,TP,1,0.0005799999999998029,0.0,SWEEP_EXTREME,OPPOSITE_LIQUIDITY,CONFIRMED,SELL_SIDE,M15,1.15266,0.9024880617404804,BEARISH,STRONG_DISPLACEMENT,1.5287042678462868,,False,STRONG_DOWNTREND,NORMAL_VOLATILITY,3
H7,10923,10920,1,2026-06-11 03:00:00+00:00,2026-06-11 03:00:00+00:00,1.15352,1.15365,1.15248,1.15365,0.00012999999999996348,TP,1,0.0005799999999998029,0.0,SWEEP_EXTREME,OPPOSITE_LIQUIDITY,CONFIRMED,SELL_SIDE,M15,1.15275,0.9024880617404804,BEARISH,STRONG_DISPLACEMENT,1.5287042678462868,,False,STRONG_DOWNTREND,NORMAL_VOLATILITY,3
H7,10954,10951,1,2026-06-11 10:45:00+00:00,2026-06-11 10:45:00+00:00,1.15467,1.15477,1.15394,1.15477,9.999999999998899e-05,TP,1,9.999999999998899e-05,0.000360000000000138,SWEEP_EXTREME,OPPOSITE_LIQUIDITY,CONFIRMED,SELL_SIDE,M15,1.15415,1.2874277378248,NEUTRAL,MODERATE_DISPLACEMENT,1.1346820740154968,,False,RANGE,NORMAL_VOLATILITY,10
H7,10956,10953,-1,2026-06-11 11:15:00+00:00,2026-06-11 11:15:00+00:00,1.15413,1.15405,1.1556000000000002,1.15405,8.000000000008001e-05,TP,1,0.00038000000000004697,3.999999999981796e-05,SWEEP_EXTREME,OPPOSITE_LIQUIDITY,CONFIRMED,BUY_SIDE,M15,1.15513,1.9736985014641186,NEUTRAL,STRONG_DISPLACEMENT,2.3254467492494424,,True,RANGE,NORMAL_VOLATILITY,11
H7,10967,10964,1,2026-06-11 14:00:00+00:00,2026-06-11 14:00:00+00:00,1.15312,1.15319,1.1523999999999999,1.15319,7.00000000000145e-05,TP,1,0.0008200000000000429,2.999999999997449e-05,SWEEP_EXTREME,OPPOSITE_LIQUIDITY,CONFIRMED,SELL_SIDE,H4,1.15253,1.7427679094793649,NEUTRAL,MODERATE_DISPLACEMENT,0.9506006778977644,,False,DOWNTREND,NORMAL_VOLATILITY,14
H7,10967,10964,1,2026-06-11 14:00:00+00:00,2026-06-11 14:00:00+00:00,1.15312,1.15319,1.1523999999999999,1.15319,7.00000000000145e-05,TP,1,0.0008200000000000429,2.999999999997449e-05,SWEEP_EXTREME,OPPOSITE_LIQUIDITY,CONFIRMED,SELL_SIDE,M15,1.15286,1.7427679094793649,NEUTRAL,MODERATE_DISPLACEMENT,0.9506006778977644,,False,DOWNTREND,NORMAL_VOLATILITY,14
H7,10995,10992,1,2026-06-11 21:00:00+00:00,2026-06-11 21:00:00+00:00,1.15508,1.15514,1.1501899999999998,1.15514,5.999999999994898e-05,TP,1,0.00030999999999981043,0.000980000000000203,SWEEP_EXTREME,OPPOSITE_LIQUIDITY,CONFIRMED,SELL_SIDE,M15,1.15067,0.9022794400314532,BEARISH,STRONG_DISPLACEMENT,6.196536742569055,,False,RANGE,HIGH_VOLATILITY,21
H7,11016,11013,1,2026-06-12 02:15:00+00:00,2026-06-12 03:00:00+00:00,1.15821,1.1571399999999998,1.1571399999999998,1.1583,-0.0010700000000001264,SL,4,7.00000000000145e-05,0.0013699999999998713,SWEEP_EXTREME,OPPOSITE_LIQUIDITY,CONFIRMED,SELL_SIDE,M15,1.15739,0.5824233508874564,BULLISH,MODERATE_DISPLACEMENT,0.9318773614198729,,False,STRONG_UPTREND,NORMAL_VOLATILITY,2
H7,11018,11015,-1,2026-06-12 02:45:00+00:00,2026-06-12 02:45:00+00:00,1.15759,1.15753,1.15853,1.15753,5.999999999994898e-05,TP,1,0.00021999999999988695,9.000000000014552e-05,SWEEP_EXTREME,OPPOSITE_LIQUIDITY,CONFIRMED,BUY_SIDE,M15,1.15817,0.7921052335305573,BEARISH,MODERATE_DISPLACEMENT,1.1749560964038652,,True,STRONG_UPTREND,NORMAL_VOLATILITY,2
H7,11046,11043,1,2026-06-12 09:45:00+00:00,2026-06-12 09:45:00+00:00,1.15688,1.15694,1.1556,1.15694,6.000000000017103e-05,TP,1,0.0005300000000001415,0.00018999999999991246,SWEEP_EXTREME,OPPOSITE_LIQUIDITY,CONFIRMED,SELL_SIDE,M15,1.15612,1.4147556659509188,NEUTRAL,STRONG_DISPLACEMENT,2.1504286122455807,,False,STRONG_UPTREND,NORMAL_VOLATILITY,9
H7,11084,11081,-1,2026-06-12 19:15:00+00:00,2026-06-12 19:15:00+00:00,1.15724,1.15719,1.1584100000000002,1.15719,5.0000000000105516e-05,TP,1,0.000260000000000149,0.00038000000000004697,SWEEP_EXTREME,OPPOSITE_LIQUIDITY,CONFIRMED,BUY_SIDE,M15,1.15793,0.9106336370759389,NEUTRAL,STRONG_DISPLACEMENT,1.2305859960484922,,True,UPTREND,NORMAL_VOLATILITY,19
H7,11084,11081,-1,2026-06-12 19:15:00+00:00,2026-06-12 19:15:00+00:00,1.15724,1.15719,1.1584100000000002,1.15719,5.0000000000105516e-05,TP,1,0.000260000000000149,0.00038000000000004697,SWEEP_EXTREME,OPPOSITE_LIQUIDITY,CONFIRMED,BUY_SIDE,M15,1.1579,0.9106336370759389,NEUTRAL,STRONG_DISPLACEMENT,1.2305859960484922,,True,UPTREND,NORMAL_VOLATILITY,19
H7,11106,11103,1,2026-06-15 00:45:00+00:00,2026-06-15 00:45:00+00:00,1.15977,1.15987,1.1564899999999998,1.15987,9.999999999998899e-05,TP,1,0.0008000000000001339,0.00011999999999989797,SWEEP_EXTREME,OPPOSITE_LIQUIDITY,CONFIRMED,SELL_SIDE,M15,1.1566,0.844506844954492,BULLISH,STRONG_DISPLACEMENT,6.69271674626115,,False,STRONG_UPTREND,NORMAL_VOLATILITY,0
H7,11168,11165,1,2026-06-15 16:15:00+00:00,2026-06-15 16:15:00+00:00,1.16152,1.16159,1.1603899999999998,1.16159,6.999999999979245e-05,TP,1,0.00027999999999983594,2.0000000000131024e-05,SWEEP_EXTREME,OPPOSITE_LIQUIDITY,CONFIRMED,SELL_SIDE,M15,1.16056,0.9999869508185038,NEUTRAL,MODERATE_DISPLACEMENT,0.9818053698944135,,False,STRONG_UPTREND,NORMAL_VOLATILITY,16
H7,11173,11170,-1,2026-06-15 17:30:00+00:00,2026-06-15 17:30:00+00:00,1.16125,1.16118,1.1621100000000002,1.16118,6.999999999979245e-05,TP,1,0.0007399999999999629,0.00010000000000021103,SWEEP_EXTREME,OPPOSITE_LIQUIDITY,CONFIRMED,BUY_SIDE,M15,1.16199,1.3511545130707692,NEUTRAL,MODERATE_DISPLACEMENT,0.8467234948579966,,True,STRONG_UPTREND,NORMAL_VOLATILITY,17
H7,11219,11216,-1,2026-06-16 05:00:00+00:00,2026-06-16 05:00:00+00:00,1.15878,1.15869,1.1595700000000002,1.15869,8.999999999992347e-05,TP,1,0.00031999999999987594,2.999999999997449e-05,SWEEP_EXTREME,OPPOSITE_LIQUIDITY,CONFIRMED,BUY_SIDE,M15,1.15944,1.0653174790328972,NEUTRAL,MODERATE_DISPLACEMENT,0.9942963137641075,,True,RANGE,LOW_VOLATILITY,5
H7,11219,11216,-1,2026-06-16 05:00:00+00:00,2026-06-16 05:00:00+00:00,1.15878,1.15869,1.1595700000000002,1.15869,8.999999999992347e-05,TP,1,0.00031999999999987594,2.999999999997449e-05,SWEEP_EXTREME,OPPOSITE_LIQUIDITY,CONFIRMED,BUY_SIDE,M15,1.15939,1.0653174790328972,NEUTRAL,MODERATE_DISPLACEMENT,0.9942963137641075,,True,RANGE,LOW_VOLATILITY,5
H7,11238,11235,1,2026-06-16 09:45:00+00:00,2026-06-16 09:45:00+00:00,1.15815,1.1583,1.1574799999999998,1.1583,0.0001500000000000945,TP,1,0.0006200000000000649,1.999999999990898e-05,SWEEP_EXTREME,OPPOSITE_LIQUIDITY,CONFIRMED,SELL_SIDE,M15,1.15757,0.6914269604205224,BEARISH,STRONG_DISPLACEMENT,1.5108959505488226,,False,DOWNTREND,LOW_VOLATILITY,9
H7,11250,11247,-1,2026-06-16 12:45:00+00:00,2026-06-16 13:00:00+00:00,1.16007,1.1607200000000002,1.1607200000000002,1.15997,-0.0006500000000002615,SL,2,8.999999999992347e-05,0.0007200000000000539,SWEEP_EXTREME,OPPOSITE_LIQUIDITY,CONFIRMED,BUY_SIDE,M15,1.16053,1.672195541339757,BEARISH,MODERATE_DISPLACEMENT,1.0160175441051569,,True,UPTREND,LOW_VOLATILITY,12
H7,11250,11247,-1,2026-06-16 12:45:00+00:00,2026-06-16 13:00:00+00:00,1.16007,1.1607200000000002,1.1607200000000002,1.15997,-0.0006500000000002615,SL,2,8.999999999992347e-05,0.0007200000000000539,SWEEP_EXTREME,OPPOSITE_LIQUIDITY,CONFIRMED,BUY_SIDE,M15,1.16032,1.672195541339757,BEARISH,MODERATE_DISPLACEMENT,1.0160175441051569,,True,UPTREND,LOW_VOLATILITY,12
H7,11307,11304,-1,2026-06-17 03:00:00+00:00,2026-06-17 03:00:00+00:00,1.16097,1.16092,1.1614900000000001,1.16092,5.0000000000105516e-05,TP,1,9.999999999998899e-05,0.0004499999999998394,SWEEP_EXTREME,OPPOSITE_LIQUIDITY,CONFIRMED,BUY_SIDE,M15,1.16138,0.7233361789507353,NEUTRAL,MODERATE_DISPLACEMENT,1.0448189251507978,,True,STRONG_UPTREND,LOW_VOLATILITY,3
H7,11307,11304,-1,2026-06-17 03:00:00+00:00,2026-06-17 03:00:00+00:00,1.16097,1.16092,1.1614900000000001,1.16092,5.0000000000105516e-05,TP,1,9.999999999998899e-05,0.0004499999999998394,SWEEP_EXTREME,OPPOSITE_LIQUIDITY,CONFIRMED,BUY_SIDE,M15,1.16142,0.7233361789507353,NEUTRAL,MODERATE_DISPLACEMENT,1.0448189251507978,,True,STRONG_UPTREND,LOW_VOLATILITY,3
H7,11336,11333,1,2026-06-17 10:15:00+00:00,2026-06-17 10:15:00+00:00,1.16139,1.16146,1.1605299999999998,1.16146,7.00000000000145e-05,TP,1,0.0001100000000000545,0.0006999999999999229,SWEEP_EXTREME,OPPOSITE_LIQUIDITY,CONFIRMED,SELL_SIDE,M15,1.16078,1.7921217361156943,NEUTRAL,STRONG_DISPLACEMENT,2.291565498639751,,False,STRONG_UPTREND,LOW_VOLATILITY,10
H7,11357,11354,1,2026-06-17 15:30:00+00:00,2026-06-17 15:30:00+00:00,1.15964,1.15969,1.15844,1.15969,5.0000000000105516e-05,TP,1,0.00031000000000003247,0.00032999999999994145,SWEEP_EXTREME,OPPOSITE_LIQUIDITY,CONFIRMED,SELL_SIDE,M15,1.15878,1.0958158354721952,BEARISH,STRONG_DISPLACEMENT,2.026225507099799,,False,RANGE,NORMAL_VOLATILITY,15
H7,11412,11409,-1,2026-06-18 05:15:00+00:00,2026-06-18 05:15:00+00:00,1.15143,1.15135,1.15225,1.15135,7.999999999985796e-05,TP,1,0.00012999999999996348,0.00022999999999995246,SWEEP_EXTREME,OPPOSITE_LIQUIDITY,CONFIRMED,BUY_SIDE,M15,1.15208,0.5469629670488689,BULLISH,MODERATE_DISPLACEMENT,1.0200120196318432,,True,STRONG_DOWNTREND,NORMAL_VOLATILITY,5
H7,11430,11427,1,2026-06-18 09:45:00+00:00,2026-06-18 10:15:00+00:00,1.15255,1.15098,1.15098,1.1526,-0.0015700000000000713,SL,3,4.0000000000040004e-05,0.0018299999999999983,SWEEP_EXTREME,OPPOSITE_LIQUIDITY,CONFIRMED,SELL_SIDE,M15,1.1513,1.5484163695856492,BULLISH,STRONG_DISPLACEMENT,3.075908193636219,,False,STRONG_DOWNTREND,NORMAL_VOLATILITY,9
H7,11432,11429,-1,2026-06-18 10:15:00+00:00,2026-06-18 10:15:00+00:00,1.15126,1.15114,1.1527800000000001,1.15114,0.00011999999999989797,TP,1,0.0005399999999999849,0.00026999999999999247,SWEEP_EXTREME,OPPOSITE_LIQUIDITY,CONFIRMED,BUY_SIDE,M15,1.15264,1.4241252777470792,NEUTRAL,STRONG_DISPLACEMENT,2.6319277284940044,,True,STRONG_DOWNTREND,NORMAL_VOLATILITY,10
H7,11466,11463,-1,2026-06-18 18:45:00+00:00,2026-06-18 18:45:00+00:00,1.1474,1.14726,1.1488,1.14726,0.000140000000000029,TP,1,0.0005100000000000104,0.00029999999999996696,SWEEP_EXTREME,OPPOSITE_LIQUIDITY,CONFIRMED,BUY_SIDE,M15,1.14841,1.7957107347019143,BULLISH,STRONG_DISPLACEMENT,1.306937398629296,,True,STRONG_DOWNTREND,HIGH_VOLATILITY,18
H7,11510,11507,1,2026-06-19 05:45:00+00:00,2026-06-19 06:00:00+00:00,1.14571,1.14515,1.14515,1.14626,-0.000560000000000116,SL,2,1.999999999990898e-05,0.0007500000000000284,SWEEP_EXTREME,OPPOSITE_LIQUIDITY,CONFIRMED,SELL_SIDE,M15,1.14555,1.411331937653591,NEUTRAL,MODERATE_DISPLACEMENT,0.8820824610334332,,False,STRONG_DOWNTREND,LOW_VOLATILITY,5
H7,11510,11507,1,2026-06-19 05:45:00+00:00,2026-06-19 06:00:00+00:00,1.14571,1.14515,1.14515,1.14626,-0.000560000000000116,SL,2,1.999999999990898e-05,0.0007500000000000284,SWEEP_EXTREME,OPPOSITE_LIQUIDITY,CONFIRMED,SELL_SIDE,M15,1.14568,1.411331937653591,NEUTRAL,MODERATE_DISPLACEMENT,0.8820824610334332,,False,STRONG_DOWNTREND,LOW_VOLATILITY,5
H7,11563,11560,-1,2026-06-19 19:00:00+00:00,2026-06-19 19:00:00+00:00,1.14651,1.1464,1.1476700000000002,1.1464,0.00010999999999983245,TP,1,0.00024000000000001798,0.0001100000000000545,SWEEP_EXTREME,OPPOSITE_LIQUIDITY,CONFIRMED,BUY_SIDE,M15,1.1475,1.247649209839172,NEUTRAL,MODERATE_DISPLACEMENT,0.8109719863950983,,True,STRONG_DOWNTREND,NORMAL_VOLATILITY,19
H7,11603,11600,-1,2026-06-22 05:00:00+00:00,2026-06-22 05:00:00+00:00,1.14636,1.14629,1.1474300000000002,1.14629,7.00000000000145e-05,TP,1,0.00019999999999997797,0.00015999999999993797,SWEEP_EXTREME,OPPOSITE_LIQUIDITY,CONFIRMED,BUY_SIDE,M15,1.14667,1.2756553999435636,BEARISH,STRONG_DISPLACEMENT,1.3446097458865314,,True,STRONG_DOWNTREND,NORMAL_VOLATILITY,5
H7,11603,11600,-1,2026-06-22 05:00:00+00:00,2026-06-22 05:00:00+00:00,1.14636,1.14629,1.1474300000000002,1.14629,7.00000000000145e-05,TP,1,0.00019999999999997797,0.00015999999999993797,SWEEP_EXTREME,OPPOSITE_LIQUIDITY,CONFIRMED,BUY_SIDE,M15,1.14702,1.2756553999435636,BEARISH,STRONG_DISPLACEMENT,1.3446097458865314,,True,STRONG_DOWNTREND,NORMAL_VOLATILITY,5
H7,11626,11623,-1,2026-06-22 10:45:00+00:00,2026-06-22 11:00:00+00:00,1.14462,1.14428,1.1464,1.14428,0.00034000000000000696,TP,2,0.00048000000000003595,0.0002900000000001235,SWEEP_EXTREME,OPPOSITE_LIQUIDITY,CONFIRMED,BUY_SIDE,M15,1.1463,2.037023556916134,NEUTRAL,STRONG_DISPLACEMENT,2.5462794461452685,,True,STRONG_DOWNTREND,NORMAL_VOLATILITY,10
H7,11654,11651,1,2026-06-22 17:45:00+00:00,2026-06-22 17:45:00+00:00,1.1436,1.14387,1.14272,1.14387,0.00026999999999999247,TP,1,0.0014700000000000824,0.0,SWEEP_EXTREME,OPPOSITE_LIQUIDITY,CONFIRMED,SELL_SIDE,M15,1.1429,1.2695015085138914,NEUTRAL,MODERATE_DISPLACEMENT,0.9175604962525261,,False,STRONG_DOWNTREND,HIGH_VOLATILITY,17
H7,11695,11692,1,2026-06-23 04:00:00+00:00,2026-06-23 05:00:00+00:00,1.14271,1.14294,1.1421999999999999,1.14294,0.0002300000000001745,TP,5,0.000400000000000178,0.0004799999999998139,SWEEP_EXTREME,OPPOSITE_LIQUIDITY,CONFIRMED,SELL_SIDE,M15,1.14252,1.1719549978315396,NEUTRAL,STRONG_DISPLACEMENT,1.2252256795509129,,False,STRONG_DOWNTREND,LOW_VOLATILITY,4
H7,11701,11698,1,2026-06-23 05:30:00+00:00,2026-06-23 06:15:00+00:00,1.143,1.14218,1.14218,1.14317,-0.0008200000000000429,SL,4,7.00000000000145e-05,0.0011399999999999189,SWEEP_EXTREME,OPPOSITE_LIQUIDITY,CONFIRMED,SELL_SIDE,M15,1.14225,0.9274427943763469,BEARISH,STRONG_DISPLACEMENT,1.282053274578961,,False,STRONG_DOWNTREND,LOW_VOLATILITY,5
H7,11703,11700,-1,2026-06-23 06:00:00+00:00,2026-06-23 06:00:00+00:00,1.14258,1.14252,1.1431600000000002,1.14252,5.999999999994898e-05,TP,1,0.00034999999999985043,0.0001500000000000945,SWEEP_EXTREME,OPPOSITE_LIQUIDITY,CONFIRMED,BUY_SIDE,M15,1.143,1.2514748242574596,BEARISH,STRONG_DISPLACEMENT,1.277547216429659,,True,STRONG_DOWNTREND,LOW_VOLATILITY,6
H7,11703,11700,-1,2026-06-23 06:00:00+00:00,2026-06-23 06:00:00+00:00,1.14258,1.14252,1.1431600000000002,1.14252,5.999999999994898e-05,TP,1,0.00034999999999985043,0.0001500000000000945,SWEEP_EXTREME,OPPOSITE_LIQUIDITY,CONFIRMED,BUY_SIDE,M15,1.14295,1.2514748242574596,BEARISH,STRONG_DISPLACEMENT,1.277547216429659,,True,STRONG_DOWNTREND,LOW_VOLATILITY,6
H7,11704,11701,-1,2026-06-23 06:15:00+00:00,2026-06-23 06:15:00+00:00,1.14245,1.14225,1.14325,1.14225,0.00019999999999997797,TP,1,0.0005899999999998684,0.0001900000000001345,SWEEP_EXTREME,OPPOSITE_LIQUIDITY,CONFIRMED,BUY_SIDE,M15,1.14317,0.7191620621096299,BEARISH,STRONG_DISPLACEMENT,1.4649597561494212,,True,STRONG_DOWNTREND,LOW_VOLATILITY,6
H7,11723,11720,-1,2026-06-23 11:00:00+00:00,2026-06-23 11:00:00+00:00,1.14118,1.14108,1.14361,1.14108,9.999999999998899e-05,TP,1,0.0001900000000001345,0.0005800000000000249,SWEEP_EXTREME,OPPOSITE_LIQUIDITY,CONFIRMED,BUY_SIDE,M15,1.1432,2.516128106272364,NEUTRAL,STRONG_DISPLACEMENT,3.5645148172188645,,True,STRONG_DOWNTREND,NORMAL_VOLATILITY,11
H7,11723,11720,-1,2026-06-23 11:00:00+00:00,2026-06-23 11:00:00+00:00,1.14118,1.14108,1.14361,1.14108,9.999999999998899e-05,TP,1,0.0001900000000001345,0.0005800000000000249,SWEEP_EXTREME,OPPOSITE_LIQUIDITY,CONFIRMED,BUY_SIDE,M15,1.14303,2.516128106272364,NEUTRAL,STRONG_DISPLACEMENT,3.5645148172188645,,True,STRONG_DOWNTREND,NORMAL_VOLATILITY,11
H7,11723,11720,-1,2026-06-23 11:00:00+00:00,2026-06-23 11:00:00+00:00,1.14118,1.14108,1.14361,1.14108,9.999999999998899e-05,TP,1,0.0001900000000001345,0.0005800000000000249,SWEEP_EXTREME,OPPOSITE_LIQUIDITY,CONFIRMED,BUY_SIDE,M15,1.14336,2.516128106272364,NEUTRAL,STRONG_DISPLACEMENT,3.5645148172188645,,True,STRONG_DOWNTREND,NORMAL_VOLATILITY,11
H7,11769,11766,1,2026-06-23 22:30:00+00:00,2026-06-24 00:45:00+00:00,1.13813,1.1384,1.1375,1.1384,0.00026999999999999247,TP,10,0.00026999999999999247,0.00038000000000004697,SWEEP_EXTREME,OPPOSITE_LIQUIDITY,CONFIRMED,SELL_SIDE,M15,1.13758,0.8363856039968918,BEARISH,MODERATE_DISPLACEMENT,0.8921446442637363,,False,STRONG_DOWNTREND,NORMAL_VOLATILITY,22
H7,11769,11766,1,2026-06-23 22:30:00+00:00,2026-06-24 00:45:00+00:00,1.13813,1.1384,1.1375,1.1384,0.00026999999999999247,TP,10,0.00026999999999999247,0.00038000000000004697,SWEEP_EXTREME,OPPOSITE_LIQUIDITY,CONFIRMED,SELL_SIDE,M15,1.13765,0.8363856039968918,BEARISH,MODERATE_DISPLACEMENT,0.8921446442637363,,False,STRONG_DOWNTREND,NORMAL_VOLATILITY,22
H7,11769,11766,1,2026-06-23 22:30:00+00:00,2026-06-24 00:45:00+00:00,1.13813,1.1384,1.1375,1.1384,0.00026999999999999247,TP,10,0.00026999999999999247,0.00038000000000004697,SWEEP_EXTREME,OPPOSITE_LIQUIDITY,CONFIRMED,SELL_SIDE,M15,1.13756,0.8363856039968918,BEARISH,MODERATE_DISPLACEMENT,0.8921446442637363,,False,STRONG_DOWNTREND,NORMAL_VOLATILITY,22
H7,11857,11854,-1,2026-06-24 20:30:00+00:00,2026-06-24 20:45:00+00:00,1.1352,1.13509,1.1368600000000002,1.13509,0.0001100000000000545,TP,2,0.00029999999999996696,0.0007600000000000939,SWEEP_EXTREME,OPPOSITE_LIQUIDITY,CONFIRMED,BUY_SIDE,M15,1.13618,1.0345818693978661,BULLISH,MODERATE_DISPLACEMENT,0.9783545938869957,,True,STRONG_DOWNTREND,HIGH_VOLATILITY,20
H7,11916,11913,1,2026-06-25 11:15:00+00:00,2026-06-25 11:15:00+00:00,1.13615,1.13651,1.13441,1.13651,0.00035999999999991594,TP,1,0.000660000000000105,8.000000000008001e-05,SWEEP_EXTREME,OPPOSITE_LIQUIDITY,CONFIRMED,SELL_SIDE,M15,1.13476,1.8642232027398524,NEUTRAL,STRONG_DISPLACEMENT,1.7534772699039107,,False,STRONG_DOWNTREND,NORMAL_VOLATILITY,11
H7,11925,11922,-1,2026-06-25 13:30:00+00:00,2026-06-25 13:30:00+00:00,1.13548,1.13528,1.1374700000000002,1.13528,0.00019999999999997797,TP,1,0.0006399999999999739,7.999999999985796e-05,SWEEP_EXTREME,OPPOSITE_LIQUIDITY,CONFIRMED,BUY_SIDE,M15,1.13726,1.7078104633963522,BULLISH,STRONG_DISPLACEMENT,1.5571213048611394,,True,STRONG_DOWNTREND,NORMAL_VOLATILITY,13
H7,12042,12039,1,2026-06-26 18:45:00+00:00,2026-06-26 18:45:00+00:00,1.14053,1.14065,1.1393,1.14065,0.00011999999999989797,TP,1,0.000280000000000058,0.0009900000000000464,SWEEP_EXTREME,OPPOSITE_LIQUIDITY,CONFIRMED,SELL_SIDE,M15,1.13938,2.736797856696823,BEARISH,MODERATE_DISPLACEMENT,1.1251280077531134,,False,STRONG_UPTREND,HIGH_VOLATILITY,18
H7,12060,12057,1,2026-06-26 23:15:00+00:00,2026-06-26 23:15:00+00:00,1.13883,1.13913,1.1379899999999998,1.13913,0.00029999999999996696,TP,1,0.00034000000000000696,0.0,SWEEP_EXTREME,OPPOSITE_LIQUIDITY,CONFIRMED,SELL_SIDE,M15,1.13827,0.9017369295682376,NEUTRAL,MODERATE_DISPLACEMENT,1.006939571351193,,False,UPTREND,NORMAL_VOLATILITY,23
H7,12060,12057,1,2026-06-26 23:15:00+00:00,2026-06-26 23:15:00+00:00,1.13883,1.13913,1.1379899999999998,1.13913,0.00029999999999996696,TP,1,0.00034000000000000696,0.0,SWEEP_EXTREME,OPPOSITE_LIQUIDITY,CONFIRMED,SELL_SIDE,M15,1.13846,0.9017369295682376,NEUTRAL,MODERATE_DISPLACEMENT,1.006939571351193,,False,UPTREND,NORMAL_VOLATILITY,23
H7,12064,12061,-1,2026-06-29 00:15:00+00:00,2026-06-29 00:15:00+00:00,1.13841,1.13827,1.1392200000000001,1.13827,0.000140000000000029,TP,1,0.00020999999999982144,0.00012000000000012001,SWEEP_EXTREME,OPPOSITE_LIQUIDITY,CONFIRMED,BUY_SIDE,M15,1.13913,0.5569461458369254,BEARISH,MODERATE_DISPLACEMENT,0.9337038327268884,,False,UPTREND,NORMAL_VOLATILITY,0
H7,12088,12085,-1,2026-06-29 06:15:00+00:00,2026-06-29 06:45:00+00:00,1.13891,1.13851,1.13941,1.13851,0.000400000000000178,TP,3,0.0005900000000000905,0.00011999999999989797,SWEEP_EXTREME,OPPOSITE_LIQUIDITY,CONFIRMED,BUY_SIDE,M15,1.13922,1.4072541664215426,BULLISH,MODERATE_DISPLACEMENT,0.8401517411471617,,True,UPTREND,LOW_VOLATILITY,6
H7,12088,12085,-1,2026-06-29 06:15:00+00:00,2026-06-29 06:45:00+00:00,1.13891,1.13851,1.13941,1.13851,0.000400000000000178,TP,3,0.0005900000000000905,0.00011999999999989797,SWEEP_EXTREME,OPPOSITE_LIQUIDITY,CONFIRMED,BUY_SIDE,M15,1.13911,1.4072541664215426,BULLISH,MODERATE_DISPLACEMENT,0.8401517411471617,,True,UPTREND,LOW_VOLATILITY,6
H7,12122,12119,-1,2026-06-29 14:45:00+00:00,2026-06-29 14:45:00+00:00,1.13998,1.1406200000000002,1.1406200000000002,1.13991,-0.000640000000000196,SL,1,0.00012999999999996348,0.0012000000000000899,SWEEP_EXTREME,OPPOSITE_LIQUIDITY,CONFIRMED,BUY_SIDE,M15,1.14054,1.1216325188180019,NEUTRAL,MODERATE_DISPLACEMENT,0.8825960803814454,,True,STRONG_UPTREND,NORMAL_VOLATILITY,14
H7,12126,12123,-1,2026-06-29 15:45:00+00:00,2026-06-29 17:00:00+00:00,1.1404,1.1412300000000002,1.1412300000000002,1.13991,-0.0008300000000001084,SL,6,0.000360000000000138,0.0010899999999998133,SWEEP_EXTREME,OPPOSITE_LIQUIDITY,CONFIRMED,BUY_SIDE,M15,1.14079,2.1828416194104445,BULLISH,MODERATE_DISPLACEMENT,0.837029493157372,,True,STRONG_UPTREND,NORMAL_VOLATILITY,15
H7,12198,12195,1,2026-06-30 09:45:00+00:00,2026-06-30 09:45:00+00:00,1.13988,1.14002,1.1381999999999999,1.14002,0.000140000000000029,TP,1,0.0005100000000000104,0.00036999999999998145,SWEEP_EXTREME,OPPOSITE_LIQUIDITY,CONFIRMED,SELL_SIDE,M15,1.13863,2.1415441515175084,BEARISH,STRONG_DISPLACEMENT,2.9034396669612503,,False,DOWNTREND,NORMAL_VOLATILITY,9
H7,12203,12200,-1,2026-06-30 11:00:00+00:00,2026-06-30 11:00:00+00:00,1.13988,1.13976,1.14073,1.13976,0.00011999999999989797,TP,1,0.0010699999999999044,7.00000000000145e-05,SWEEP_EXTREME,OPPOSITE_LIQUIDITY,CONFIRMED,BUY_SIDE,M15,1.14065,0.9945980548501997,BEARISH,MODERATE_DISPLACEMENT,1.103099660834201,,True,DOWNTREND,NORMAL_VOLATILITY,11
H7,12234,12231,-1,2026-06-30 18:45:00+00:00,2026-06-30 18:45:00+00:00,1.14181,1.14161,1.1435300000000002,1.14161,0.00019999999999997797,TP,1,0.00029999999999996696,0.00026999999999999247,SWEEP_EXTREME,OPPOSITE_LIQUIDITY,CONFIRMED,BUY_SIDE,H4,1.14341,2.1118368356394543,BULLISH,STRONG_DISPLACEMENT,1.676060980666344,,True,UPTREND,HIGH_VOLATILITY,18
H7,12234,12231,-1,2026-06-30 18:45:00+00:00,2026-06-30 18:45:00+00:00,1.14181,1.14161,1.1435300000000002,1.14161,0.00019999999999997797,TP,1,0.00029999999999996696,0.00026999999999999247,SWEEP_EXTREME,OPPOSITE_LIQUIDITY,CONFIRMED,BUY_SIDE,H4,1.14307,2.1118368356394543,BULLISH,STRONG_DISPLACEMENT,1.676060980666344,,True,UPTREND,HIGH_VOLATILITY,18
H7,12234,12231,-1,2026-06-30 18:45:00+00:00,2026-06-30 18:45:00+00:00,1.14181,1.14161,1.1435300000000002,1.14161,0.00019999999999997797,TP,1,0.00029999999999996696,0.00026999999999999247,SWEEP_EXTREME,OPPOSITE_LIQUIDITY,CONFIRMED,BUY_SIDE,M15,1.14293,2.1118368356394543,BULLISH,STRONG_DISPLACEMENT,1.676060980666344,,True,UPTREND,HIGH_VOLATILITY,18
H7,12234,12231,-1,2026-06-30 18:45:00+00:00,2026-06-30 18:45:00+00:00,1.14181,1.14161,1.1435300000000002,1.14161,0.00019999999999997797,TP,1,0.00029999999999996696,0.00026999999999999247,SWEEP_EXTREME,OPPOSITE_LIQUIDITY,CONFIRMED,BUY_SIDE,M15,1.14274,2.1118368356394543,BULLISH,STRONG_DISPLACEMENT,1.676060980666344,,True,UPTREND,HIGH_VOLATILITY,18
H7,12234,12231,-1,2026-06-30 18:45:00+00:00,2026-06-30 18:45:00+00:00,1.14181,1.14161,1.1435300000000002,1.14161,0.00019999999999997797,TP,1,0.00029999999999996696,0.00026999999999999247,SWEEP_EXTREME,OPPOSITE_LIQUIDITY,CONFIRMED,BUY_SIDE,M15,1.14265,2.1118368356394543,BULLISH,STRONG_DISPLACEMENT,1.676060980666344,,True,UPTREND,HIGH_VOLATILITY,18
H7,12309,12306,1,2026-07-01 13:30:00+00:00,2026-07-01 13:30:00+00:00,1.13947,1.13969,1.13855,1.13969,0.000220000000000109,TP,1,0.000320000000000098,7.00000000000145e-05,SWEEP_EXTREME,OPPOSITE_LIQUIDITY,CONFIRMED,SELL_SIDE,M15,1.13863,1.2012831196207547,BEARISH,MODERATE_DISPLACEMENT,1.0164703319864137,,False,DOWNTREND,NORMAL_VOLATILITY,13
H7,12309,12306,1,2026-07-01 13:30:00+00:00,2026-07-01 13:30:00+00:00,1.13947,1.13969,1.13855,1.13969,0.000220000000000109,TP,1,0.000320000000000098,7.00000000000145e-05,SWEEP_EXTREME,OPPOSITE_LIQUIDITY,CONFIRMED,SELL_SIDE,M15,1.13886,1.2012831196207547,BEARISH,MODERATE_DISPLACEMENT,1.0164703319864137,,False,DOWNTREND,NORMAL_VOLATILITY,13
H7,12309,12306,1,2026-07-01 13:30:00+00:00,2026-07-01 13:30:00+00:00,1.13947,1.13969,1.13855,1.13969,0.000220000000000109,TP,1,0.000320000000000098,7.00000000000145e-05,SWEEP_EXTREME,OPPOSITE_LIQUIDITY,CONFIRMED,SELL_SIDE,M15,1.1391,1.2012831196207547,BEARISH,MODERATE_DISPLACEMENT,1.0164703319864137,,False,DOWNTREND,NORMAL_VOLATILITY,13
H7,12323,12320,1,2026-07-01 17:00:00+00:00,2026-07-01 17:00:00+00:00,1.13953,1.13969,1.13611,1.13969,0.00016000000000016001,TP,1,0.0010300000000000864,0.00036999999999998145,SWEEP_EXTREME,OPPOSITE_LIQUIDITY,CONFIRMED,SELL_SIDE,M15,1.13685,2.0166451594996637,NEUTRAL,STRONG_DISPLACEMENT,4.908158439664739,,False,DOWNTREND,HIGH_VOLATILITY,17
H7,12375,12372,-1,2026-07-02 06:00:00+00:00,2026-07-02 06:00:00+00:00,1.13822,1.13806,1.13873,1.13806,0.00015999999999993797,TP,1,0.00032999999999994145,0.00012999999999996348,SWEEP_EXTREME,OPPOSITE_LIQUIDITY,CONFIRMED,BUY_SIDE,M15,1.1386,1.2777551521965198,NEUTRAL,MODERATE_DISPLACEMENT,1.1057496509397577,,True,STRONG_DOWNTREND,LOW_VOLATILITY,6
H7,12414,12411,1,2026-07-02 15:45:00+00:00,2026-07-02 15:45:00+00:00,1.14716,1.14728,1.14,1.14728,0.00012000000000012001,TP,1,0.00012999999999996348,0.0023199999999998777,SWEEP_EXTREME,OPPOSITE_LIQUIDITY,CONFIRMED,SELL_SIDE,M15,1.14031,1.3274629453644755,NEUTRAL,STRONG_DISPLACEMENT,11.35905001349736,,False,UPTREND,HIGH_VOLATILITY,15
H7,12417,12414,-1,2026-07-02 16:30:00+00:00,2026-07-02 16:30:00+00:00,1.14412,1.14394,1.14725,1.14394,0.000180000000000069,TP,1,0.00021000000000004349,0.0010699999999999044,SWEEP_EXTREME,OPPOSITE_LIQUIDITY,CONFIRMED,BUY_SIDE,M15,1.14678,6.7749451519890656,NEUTRAL,STRONG_DISPLACEMENT,2.813638423776819,,True,STRONG_UPTREND,HIGH_VOLATILITY,16
H7,12417,12414,-1,2026-07-02 16:30:00+00:00,2026-07-02 16:30:00+00:00,1.14412,1.14394,1.14725,1.14394,0.000180000000000069,TP,1,0.00021000000000004349,0.0010699999999999044,SWEEP_EXTREME,OPPOSITE_LIQUIDITY,CONFIRMED,BUY_SIDE,M15,1.14637,6.7749451519890656,NEUTRAL,STRONG_DISPLACEMENT,2.813638423776819,,True,STRONG_UPTREND,HIGH_VOLATILITY,16
H7,12417,12414,-1,2026-07-02 16:30:00+00:00,2026-07-02 16:30:00+00:00,1.14412,1.14394,1.14725,1.14394,0.000180000000000069,TP,1,0.00021000000000004349,0.0010699999999999044,SWEEP_EXTREME,OPPOSITE_LIQUIDITY,CONFIRMED,BUY_SIDE,M15,1.1462,6.7749451519890656,NEUTRAL,STRONG_DISPLACEMENT,2.813638423776819,,True,STRONG_UPTREND,HIGH_VOLATILITY,16
H7,12417,12414,-1,2026-07-02 16:30:00+00:00,2026-07-02 16:30:00+00:00,1.14412,1.14394,1.14725,1.14394,0.000180000000000069,TP,1,0.00021000000000004349,0.0010699999999999044,SWEEP_EXTREME,OPPOSITE_LIQUIDITY,CONFIRMED,BUY_SIDE,M15,1.14507,6.7749451519890656,NEUTRAL,STRONG_DISPLACEMENT,2.813638423776819,,True,STRONG_UPTREND,HIGH_VOLATILITY,16
H7,12517,12514,1,2026-07-03 17:30:00+00:00,2026-07-03 18:15:00+00:00,1.14469,1.14391,1.14391,1.14493,-0.0007800000000000029,SL,4,9.999999999998899e-05,0.0008500000000000174,SWEEP_EXTREME,OPPOSITE_LIQUIDITY,CONFIRMED,SELL_SIDE,M15,1.14403,0.8351454843100142,NEUTRAL,MODERATE_DISPLACEMENT,1.0293653643821206,,False,STRONG_UPTREND,NORMAL_VOLATILITY,17
H7,12611,12608,-1,2026-07-06 17:00:00+00:00,2026-07-06 17:00:00+00:00,1.14126,1.14116,1.1421100000000002,1.14116,9.999999999998899e-05,TP,1,0.00018999999999991246,0.0007700000000001594,SWEEP_EXTREME,OPPOSITE_LIQUIDITY,CONFIRMED,BUY_SIDE,M15,1.142,1.70072190116308,NEUTRAL,MODERATE_DISPLACEMENT,0.9566560694041342,,True,STRONG_DOWNTREND,NORMAL_VOLATILITY,17
H7,12660,12657,1,2026-07-07 05:15:00+00:00,2026-07-07 06:30:00+00:00,1.14431,1.1436499999999998,1.1436499999999998,1.14447,-0.000660000000000105,SL,6,8.000000000008001e-05,0.0006999999999999229,SWEEP_EXTREME,OPPOSITE_LIQUIDITY,CONFIRMED,SELL_SIDE,M15,1.14372,0.9872693746924273,BEARISH,MODERATE_DISPLACEMENT,1.0770211360273174,,False,STRONG_UPTREND,LOW_VOLATILITY,5
H7,12694,12691,1,2026-07-07 13:45:00+00:00,2026-07-07 13:45:00+00:00,1.14301,1.14307,1.14231,1.14307,5.999999999994898e-05,TP,1,0.00042999999999993044,0.0001100000000000545,SWEEP_EXTREME,OPPOSITE_LIQUIDITY,CONFIRMED,SELL_SIDE,M15,1.14248,1.2665440514282678,BULLISH,MODERATE_DISPLACEMENT,1.0554533761902232,,False,DOWNTREND,LOW_VOLATILITY,13
H7,12694,12691,1,2026-07-07 13:45:00+00:00,2026-07-07 13:45:00+00:00,1.14301,1.14307,1.14231,1.14307,5.999999999994898e-05,TP,1,0.00042999999999993044,0.0001100000000000545,SWEEP_EXTREME,OPPOSITE_LIQUIDITY,CONFIRMED,SELL_SIDE,M15,1.14244,1.2665440514282678,BULLISH,MODERATE_DISPLACEMENT,1.0554533761902232,,False,DOWNTREND,LOW_VOLATILITY,13
H7,12711,12708,1,2026-07-07 18:00:00+00:00,2026-07-07 18:00:00+00:00,1.14332,1.14341,1.14231,1.14341,9.000000000014552e-05,TP,1,0.000180000000000069,0.0005199999999998539,SWEEP_EXTREME,OPPOSITE_LIQUIDITY,CONFIRMED,SELL_SIDE,M15,1.14253,2.289357977175305,BULLISH,MODERATE_DISPLACEMENT,1.0333907535858669,,False,RANGE,NORMAL_VOLATILITY,18
H7,12711,12708,1,2026-07-07 18:00:00+00:00,2026-07-07 18:00:00+00:00,1.14332,1.14341,1.14231,1.14341,9.000000000014552e-05,TP,1,0.000180000000000069,0.0005199999999998539,SWEEP_EXTREME,OPPOSITE_LIQUIDITY,CONFIRMED,SELL_SIDE,M15,1.143,2.289357977175305,BULLISH,MODERATE_DISPLACEMENT,1.0333907535858669,,False,RANGE,NORMAL_VOLATILITY,18
H7,12750,12747,1,2026-07-08 03:45:00+00:00,2026-07-08 03:45:00+00:00,1.14101,1.1411,1.1399599999999999,1.1411,8.999999999992347e-05,TP,1,0.00010999999999983245,0.000300000000000189,SWEEP_EXTREME,OPPOSITE_LIQUIDITY,CONFIRMED,SELL_SIDE,M15,1.14015,0.9029746343001688,NEUTRAL,STRONG_DISPLACEMENT,1.784949858500659,,False,STRONG_DOWNTREND,NORMAL_VOLATILITY,3
H7,12750,12747,1,2026-07-08 03:45:00+00:00,2026-07-08 03:45:00+00:00,1.14101,1.1411,1.1399599999999999,1.1411,8.999999999992347e-05,TP,1,0.00010999999999983245,0.000300000000000189,SWEEP_EXTREME,OPPOSITE_LIQUIDITY,CONFIRMED,SELL_SIDE,M15,1.1403,0.9029746343001688,NEUTRAL,STRONG_DISPLACEMENT,1.784949858500659,,False,STRONG_DOWNTREND,NORMAL_VOLATILITY,3
H7,12753,12750,-1,2026-07-08 04:30:00+00:00,2026-07-08 04:30:00+00:00,1.14041,1.14031,1.14121,1.14031,9.999999999998899e-05,TP,1,0.0005599999999998939,4.0000000000040004e-05,SWEEP_EXTREME,OPPOSITE_LIQUIDITY,CONFIRMED,BUY_SIDE,M15,1.14089,0.9916732189189764,BEARISH,STRONG_DISPLACEMENT,1.2142937374524223,,True,STRONG_DOWNTREND,LOW_VOLATILITY,4
H7,12757,12754,1,2026-07-08 05:30:00+00:00,2026-07-08 05:30:00+00:00,1.1411,1.14116,1.1398,1.14116,5.999999999994898e-05,TP,1,0.00017000000000000348,0.00022999999999995246,SWEEP_EXTREME,OPPOSITE_LIQUIDITY,CONFIRMED,SELL_SIDE,M15,1.13998,1.240824811182295,NEUTRAL,STRONG_DISPLACEMENT,2.3162063142072262,,False,STRONG_DOWNTREND,NORMAL_VOLATILITY,5
H7,12757,12754,1,2026-07-08 05:30:00+00:00,2026-07-08 05:30:00+00:00,1.1411,1.14116,1.1398,1.14116,5.999999999994898e-05,TP,1,0.00017000000000000348,0.00022999999999995246,SWEEP_EXTREME,OPPOSITE_LIQUIDITY,CONFIRMED,SELL_SIDE,M15,1.14001,1.240824811182295,NEUTRAL,STRONG_DISPLACEMENT,2.3162063142072262,,False,STRONG_DOWNTREND,NORMAL_VOLATILITY,5
H7,12780,12777,-1,2026-07-08 11:15:00+00:00,2026-07-08 11:15:00+00:00,1.14226,1.14221,1.14291,1.14221,5.0000000000105516e-05,TP,1,0.0021900000000001363,0.00031000000000003247,SWEEP_EXTREME,OPPOSITE_LIQUIDITY,CONFIRMED,BUY_SIDE,M15,1.14241,2.3741318664762603,BULLISH,MODERATE_DISPLACEMENT,1.0229999099448461,,True,DOWNTREND,NORMAL_VOLATILITY,11
H7,12781,12778,-1,2026-07-08 11:30:00+00:00,2026-07-08 11:30:00+00:00,1.14142,1.14124,1.1432200000000001,1.14124,0.000180000000000069,TP,1,0.0009200000000000319,0.00026999999999999247,SWEEP_EXTREME,OPPOSITE_LIQUIDITY,CONFIRMED,BUY_SIDE,M15,1.143,1.0213220303218395,BULLISH,STRONG_DISPLACEMENT,2.890534048080799,,True,DOWNTREND,NORMAL_VOLATILITY,11
H7,12787,12784,1,2026-07-08 13:00:00+00:00,2026-07-08 13:00:00+00:00,1.14044,1.14054,1.1395499999999998,1.14054,0.00010000000000021103,TP,1,0.000320000000000098,0.00031999999999987594,SWEEP_EXTREME,OPPOSITE_LIQUIDITY,CONFIRMED,SELL_SIDE,M15,1.13985,1.966181327663539,NEUTRAL,MODERATE_DISPLACEMENT,1.0152178097084066,,False,DOWNTREND,NORMAL_VOLATILITY,13
H7,12787,12784,1,2026-07-08 13:00:00+00:00,2026-07-08 13:00:00+00:00,1.14044,1.14054,1.1395499999999998,1.14054,0.00010000000000021103,TP,1,0.000320000000000098,0.00031999999999987594,SWEEP_EXTREME,OPPOSITE_LIQUIDITY,CONFIRMED,SELL_SIDE,M15,1.14007,1.966181327663539,NEUTRAL,MODERATE_DISPLACEMENT,1.0152178097084066,,False,DOWNTREND,NORMAL_VOLATILITY,13
H7,12813,12810,1,2026-07-08 19:30:00+00:00,2026-07-08 19:30:00+00:00,1.14014,1.1403,1.1390699999999998,1.1403,0.00016000000000016001,TP,1,0.0011200000000000099,7.999999999985796e-05,SWEEP_EXTREME,OPPOSITE_LIQUIDITY,CONFIRMED,SELL_SIDE,M15,1.13954,1.357957705136044,NEUTRAL,MODERATE_DISPLACEMENT,1.1697259440277732,,False,STRONG_DOWNTREND,NORMAL_VOLATILITY,19
H7,12813,12810,1,2026-07-08 19:30:00+00:00,2026-07-08 19:30:00+00:00,1.14014,1.1403,1.1390699999999998,1.1403,0.00016000000000016001,TP,1,0.0011200000000000099,7.999999999985796e-05,SWEEP_EXTREME,OPPOSITE_LIQUIDITY,CONFIRMED,SELL_SIDE,M15,1.13924,1.357957705136044,NEUTRAL,MODERATE_DISPLACEMENT,1.1697259440277732,,False,STRONG_DOWNTREND,NORMAL_VOLATILITY,19
H7,12872,12869,-1,2026-07-09 10:15:00+00:00,2026-07-09 10:15:00+00:00,1.14368,1.14361,1.1448200000000002,1.14361,7.00000000000145e-05,TP,1,0.00021000000000004349,0.00024999999999986144,SWEEP_EXTREME,OPPOSITE_LIQUIDITY,CONFIRMED,BUY_SIDE,M15,1.14475,2.7878715291718184,BULLISH,STRONG_DISPLACEMENT,1.991336806550983,,True,STRONG_UPTREND,NORMAL_VOLATILITY,10
H7,12872,12869,-1,2026-07-09 10:15:00+00:00,2026-07-09 10:15:00+00:00,1.14368,1.14361,1.1448200000000002,1.14361,7.00000000000145e-05,TP,1,0.00021000000000004349,0.00024999999999986144,SWEEP_EXTREME,OPPOSITE_LIQUIDITY,CONFIRMED,BUY_SIDE,M15,1.14429,2.7878715291718184,BULLISH,STRONG_DISPLACEMENT,1.991336806550983,,True,STRONG_UPTREND,NORMAL_VOLATILITY,10
H7,12872,12869,-1,2026-07-09 10:15:00+00:00,2026-07-09 10:15:00+00:00,1.14368,1.14361,1.1448200000000002,1.14361,7.00000000000145e-05,TP,1,0.00021000000000004349,0.00024999999999986144,SWEEP_EXTREME,OPPOSITE_LIQUIDITY,CONFIRMED,BUY_SIDE,M15,1.14423,2.7878715291718184,BULLISH,STRONG_DISPLACEMENT,1.991336806550983,,True,STRONG_UPTREND,NORMAL_VOLATILITY,10
H7,12872,12869,-1,2026-07-09 10:15:00+00:00,2026-07-09 10:15:00+00:00,1.14368,1.14361,1.1448200000000002,1.14361,7.00000000000145e-05,TP,1,0.00021000000000004349,0.00024999999999986144,SWEEP_EXTREME,OPPOSITE_LIQUIDITY,CONFIRMED,BUY_SIDE,M15,1.14421,2.7878715291718184,BULLISH,STRONG_DISPLACEMENT,1.991336806550983,,True,STRONG_UPTREND,NORMAL_VOLATILITY,10
H7,12872,12869,-1,2026-07-09 10:15:00+00:00,2026-07-09 10:15:00+00:00,1.14368,1.14361,1.1448200000000002,1.14361,7.00000000000145e-05,TP,1,0.00021000000000004349,0.00024999999999986144,SWEEP_EXTREME,OPPOSITE_LIQUIDITY,CONFIRMED,BUY_SIDE,M15,1.14372,2.7878715291718184,BULLISH,STRONG_DISPLACEMENT,1.991336806550983,,True,STRONG_UPTREND,NORMAL_VOLATILITY,10
H7,12873,12870,-1,2026-07-09 10:30:00+00:00,2026-07-09 10:30:00+00:00,1.14378,1.14372,1.145,1.14372,5.999999999994898e-05,TP,1,0.000320000000000098,8.000000000008001e-05,SWEEP_EXTREME,OPPOSITE_LIQUIDITY,CONFIRMED,BUY_SIDE,H4,1.14483,1.5112845126902104,BULLISH,STRONG_DISPLACEMENT,1.4921543289855668,,True,STRONG_UPTREND,NORMAL_VOLATILITY,10
H7,12895,12892,-1,2026-07-09 16:00:00+00:00,2026-07-09 16:00:00+00:00,1.14249,1.14244,1.1436600000000001,1.14244,5.0000000000105516e-05,TP,1,0.0001100000000000545,0.0005800000000000249,SWEEP_EXTREME,OPPOSITE_LIQUIDITY,CONFIRMED,BUY_SIDE,M15,1.14318,1.2258020744268803,NEUTRAL,STRONG_DISPLACEMENT,1.7620904819887735,,True,UPTREND,NORMAL_VOLATILITY,16
H7,12943,12940,1,2026-07-10 04:00:00+00:00,2026-07-10 04:00:00+00:00,1.14401,1.14408,1.14303,1.14408,7.00000000000145e-05,TP,1,0.00046999999999997044,0.00028999999999990145,SWEEP_EXTREME,OPPOSITE_LIQUIDITY,CONFIRMED,SELL_SIDE,M15,1.14313,0.9232399421988454,BULLISH,STRONG_DISPLACEMENT,2.13664100908961,,False,UPTREND,LOW_VOLATILITY,4
H7,12991,12988,-1,2026-07-10 16:00:00+00:00,2026-07-10 16:00:00+00:00,1.14291,1.1428,1.1442500000000002,1.1428,0.0001100000000000545,TP,1,0.0009400000000001629,5.999999999994898e-05,SWEEP_EXTREME,OPPOSITE_LIQUIDITY,CONFIRMED,BUY_SIDE,M15,1.14355,2.864029638956856,NEUTRAL,MODERATE_DISPLACEMENT,1.1530508936056423,,True,RANGE,NORMAL_VOLATILITY,16
H7,13001,12998,1,2026-07-10 18:30:00+00:00,2026-07-10 18:30:00+00:00,1.14334,1.14341,1.14113,1.14341,7.00000000000145e-05,TP,1,0.00017000000000000348,0.0002900000000001235,SWEEP_EXTREME,OPPOSITE_LIQUIDITY,CONFIRMED,SELL_SIDE,M15,1.14123,2.4258244947621264,BULLISH,STRONG_DISPLACEMENT,1.8338078025879712,,False,RANGE,NORMAL_VOLATILITY,18
H7,13044,13041,1,2026-07-13 05:15:00+00:00,2026-07-13 05:30:00+00:00,1.13949,1.13969,1.1383999999999999,1.13969,0.00020000000000020002,TP,2,0.000500000000000167,0.00019999999999997797,SWEEP_EXTREME,OPPOSITE_LIQUIDITY,CONFIRMED,SELL_SIDE,M15,1.13875,1.353665112355328,BEARISH,MODERATE_DISPLACEMENT,0.8857314932694257,,False,STRONG_DOWNTREND,NORMAL_VOLATILITY,5
H7,13051,13048,1,2026-07-13 07:00:00+00:00,2026-07-13 07:15:00+00:00,1.13991,1.13999,1.13899,1.13999,8.000000000008001e-05,TP,2,0.0002500000000000835,0.00028999999999990145,SWEEP_EXTREME,OPPOSITE_LIQUIDITY,CONFIRMED,SELL_SIDE,M15,1.13929,0.9009752544417591,NEUTRAL,MODERATE_DISPLACEMENT,1.0246385246592784,,False,STRONG_DOWNTREND,NORMAL_VOLATILITY,7
H7,13059,13056,-1,2026-07-13 09:00:00+00:00,2026-07-13 09:00:00+00:00,1.13985,1.13976,1.14098,1.13976,8.999999999992347e-05,TP,1,0.000280000000000058,9.999999999998899e-05,SWEEP_EXTREME,OPPOSITE_LIQUIDITY,CONFIRMED,BUY_SIDE,M15,1.14065,1.1949521124478992,BEARISH,STRONG_DISPLACEMENT,2.012550926228335,,True,STRONG_DOWNTREND,NORMAL_VOLATILITY,9
H7,13059,13056,-1,2026-07-13 09:00:00+00:00,2026-07-13 09:00:00+00:00,1.13985,1.13976,1.14098,1.13976,8.999999999992347e-05,TP,1,0.000280000000000058,9.999999999998899e-05,SWEEP_EXTREME,OPPOSITE_LIQUIDITY,CONFIRMED,BUY_SIDE,M15,1.14056,1.1949521124478992,BEARISH,STRONG_DISPLACEMENT,2.012550926228335,,True,STRONG_DOWNTREND,NORMAL_VOLATILITY,9
H7,13082,13079,-1,2026-07-13 14:45:00+00:00,2026-07-13 14:45:00+00:00,1.14301,1.1429,1.1436300000000001,1.1429,0.0001100000000000545,TP,1,0.0003500000000000725,9.999999999843467e-06,SWEEP_EXTREME,OPPOSITE_LIQUIDITY,CONFIRMED,BUY_SIDE,M15,1.14349,1.187205199547607,NEUTRAL,MODERATE_DISPLACEMENT,0.8747827786137524,,True,UPTREND,NORMAL_VOLATILITY,14
H7,13087,13084,1,2026-07-13 16:00:00+00:00,2026-07-13 16:00:00+00:00,1.14309,1.14316,1.1419899999999998,1.14316,7.00000000000145e-05,TP,1,0.0002500000000000835,0.0004899999999998794,SWEEP_EXTREME,OPPOSITE_LIQUIDITY,CONFIRMED,SELL_SIDE,M15,1.14251,1.5874425364476012,NEUTRAL,STRONG_DISPLACEMENT,1.325437457616118,,False,UPTREND,NORMAL_VOLATILITY,16
H7,13154,13151,1,2026-07-14 08:45:00+00:00,2026-07-14 09:15:00+00:00,1.13942,1.1386999999999998,1.1386999999999998,1.13968,-0.000720000000000276,SL,3,1.999999999990898e-05,0.0008100000000001994,SWEEP_EXTREME,OPPOSITE_LIQUIDITY,CONFIRMED,SELL_SIDE,M15,1.13883,1.2287344287927595,BULLISH,MODERATE_DISPLACEMENT,0.9673015716034036,,False,STRONG_DOWNTREND,LOW_VOLATILITY,8
H7,13154,13151,1,2026-07-14 08:45:00+00:00,2026-07-14 09:15:00+00:00,1.13942,1.1386999999999998,1.1386999999999998,1.13968,-0.000720000000000276,SL,3,1.999999999990898e-05,0.0008100000000001994,SWEEP_EXTREME,OPPOSITE_LIQUIDITY,CONFIRMED,SELL_SIDE,M15,1.13905,1.2287344287927595,BULLISH,MODERATE_DISPLACEMENT,0.9673015716034036,,False,STRONG_DOWNTREND,LOW_VOLATILITY,8
H7,13185,13182,-1,2026-07-14 16:30:00+00:00,2026-07-14 16:30:00+00:00,1.14501,1.14488,1.1463,1.14488,0.00013000000000018552,TP,1,0.00034000000000000696,0.00039999999999995595,SWEEP_EXTREME,OPPOSITE_LIQUIDITY,CONFIRMED,BUY_SIDE,H4,1.14624,5.8893586658681745,BULLISH,MODERATE_DISPLACEMENT,0.846045927745914,,True,UPTREND,HIGH_VOLATILITY,16
H7,13185,13182,-1,2026-07-14 16:30:00+00:00,2026-07-14 16:30:00+00:00,1.14501,1.14488,1.1463,1.14488,0.00013000000000018552,TP,1,0.00034000000000000696,0.00039999999999995595,SWEEP_EXTREME,OPPOSITE_LIQUIDITY,CONFIRMED,BUY_SIDE,H4,1.14609,5.8893586658681745,BULLISH,MODERATE_DISPLACEMENT,0.846045927745914,,True,UPTREND,HIGH_VOLATILITY,16
H7,13185,13182,-1,2026-07-14 16:30:00+00:00,2026-07-14 16:30:00+00:00,1.14501,1.14488,1.1463,1.14488,0.00013000000000018552,TP,1,0.00034000000000000696,0.00039999999999995595,SWEEP_EXTREME,OPPOSITE_LIQUIDITY,CONFIRMED,BUY_SIDE,H4,1.1446,5.8893586658681745,BULLISH,MODERATE_DISPLACEMENT,0.846045927745914,,True,UPTREND,HIGH_VOLATILITY,16
H7,13185,13182,-1,2026-07-14 16:30:00+00:00,2026-07-14 16:30:00+00:00,1.14501,1.14488,1.1463,1.14488,0.00013000000000018552,TP,1,0.00034000000000000696,0.00039999999999995595,SWEEP_EXTREME,OPPOSITE_LIQUIDITY,CONFIRMED,BUY_SIDE,M15,1.14475,5.8893586658681745,BULLISH,MODERATE_DISPLACEMENT,0.846045927745914,,True,UPTREND,HIGH_VOLATILITY,16
H7,13278,13275,1,2026-07-15 15:45:00+00:00,2026-07-15 15:45:00+00:00,1.14251,1.14262,1.14095,1.14262,0.0001100000000000545,TP,1,0.000520000000000076,7.00000000000145e-05,SWEEP_EXTREME,OPPOSITE_LIQUIDITY,CONFIRMED,SELL_SIDE,M15,1.14106,1.236930860438121,BEARISH,STRONG_DISPLACEMENT,2.8577368154946265,,False,RANGE,NORMAL_VOLATILITY,15
H7,13330,13327,-1,2026-07-16 04:45:00+00:00,2026-07-16 04:45:00+00:00,1.14669,1.14663,1.14752,1.14663,5.999999999994898e-05,TP,1,0.00018999999999991246,4.0000000000040004e-05,SWEEP_EXTREME,OPPOSITE_LIQUIDITY,CONFIRMED,BUY_SIDE,M15,1.14741,1.6972635138551595,BULLISH,STRONG_DISPLACEMENT,1.5614824327468675,,True,STRONG_UPTREND,LOW_VOLATILITY,4
H7,13374,13371,-1,2026-07-16 15:45:00+00:00,2026-07-16 15:45:00+00:00,1.14526,1.14519,1.1469500000000001,1.14519,7.00000000000145e-05,TP,1,0.0005699999999999594,0.000360000000000138,SWEEP_EXTREME,OPPOSITE_LIQUIDITY,CONFIRMED,BUY_SIDE,M15,1.14685,2.509093981840327,BEARISH,STRONG_DISPLACEMENT,3.2060645323516517,,True,STRONG_UPTREND,NORMAL_VOLATILITY,15
H7,13377,13374,1,2026-07-16 16:30:00+00:00,2026-07-16 16:30:00+00:00,1.14582,1.14591,1.14506,1.14591,8.999999999992347e-05,TP,1,0.00010999999999983245,0.0004900000000001015,SWEEP_EXTREME,OPPOSITE_LIQUIDITY,CONFIRMED,SELL_SIDE,M15,1.14564,2.3988938673873066,NEUTRAL,MODERATE_DISPLACEMENT,0.9424225907594892,,False,STRONG_UPTREND,NORMAL_VOLATILITY,16
H7,13426,13423,-1,2026-07-17 04:45:00+00:00,2026-07-17 04:45:00+00:00,1.14432,1.14422,1.1447500000000002,1.14422,9.999999999998899e-05,TP,1,0.0005900000000000905,1.0000000000065512e-05,SWEEP_EXTREME,OPPOSITE_LIQUIDITY,CONFIRMED,BUY_SIDE,M15,1.14467,1.8945949545688268,BULLISH,MODERATE_DISPLACEMENT,1.196586287095907,,True,RANGE,LOW_VOLATILITY,4
H7,13442,13439,1,2026-07-17 08:45:00+00:00,2026-07-17 08:45:00+00:00,1.14417,1.14422,1.1434,1.14422,5.0000000000105516e-05,TP,1,0.000180000000000069,0.00025999999999992696,SWEEP_EXTREME,OPPOSITE_LIQUIDITY,CONFIRMED,SELL_SIDE,M15,1.14358,1.140139924186169,NEUTRAL,STRONG_DISPLACEMENT,1.8052215466283938,,False,DOWNTREND,LOW_VOLATILITY,8
H7,13466,13463,1,2026-07-17 14:45:00+00:00,2026-07-17 14:45:00+00:00,1.14334,1.14341,1.1425699999999999,1.14341,7.00000000000145e-05,TP,1,0.00015999999999993797,0.00041000000000002146,SWEEP_EXTREME,OPPOSITE_LIQUIDITY,CONFIRMED,SELL_SIDE,M15,1.14302,1.438557224403964,NEUTRAL,STRONG_DISPLACEMENT,1.3372503776151867,,False,DOWNTREND,NORMAL_VOLATILITY,14
H7,13476,13473,1,2026-07-17 17:15:00+00:00,2026-07-17 17:15:00+00:00,1.14364,1.14371,1.1423899999999998,1.14371,7.00000000000145e-05,TP,1,0.00048000000000003595,0.00021000000000004349,SWEEP_EXTREME,OPPOSITE_LIQUIDITY,CONFIRMED,SELL_SIDE,M15,1.14245,1.0420715452100773,BEARISH,STRONG_DISPLACEMENT,2.103089845787312,,False,STRONG_DOWNTREND,NORMAL_VOLATILITY,17
H7,13516,13513,1,2026-07-20 03:15:00+00:00,2026-07-20 03:15:00+00:00,1.14296,1.14301,1.14232,1.14301,5.0000000000105516e-05,TP,1,0.00034000000000000696,0.0,SWEEP_EXTREME,OPPOSITE_LIQUIDITY,CONFIRMED,SELL_SIDE,M15,1.14244,0.5841320432211538,BEARISH,MODERATE_DISPLACEMENT,1.0920729503700322,,False,STRONG_DOWNTREND,LOW_VOLATILITY,3
H7,13516,13513,1,2026-07-20 03:15:00+00:00,2026-07-20 03:15:00+00:00,1.14296,1.14301,1.14232,1.14301,5.0000000000105516e-05,TP,1,0.00034000000000000696,0.0,SWEEP_EXTREME,OPPOSITE_LIQUIDITY,CONFIRMED,SELL_SIDE,M15,1.14246,0.5841320432211538,BEARISH,MODERATE_DISPLACEMENT,1.0920729503700322,,False,STRONG_DOWNTREND,LOW_VOLATILITY,3
H7,13549,13546,-1,2026-07-20 11:30:00+00:00,2026-07-20 11:30:00+00:00,1.14381,1.14373,1.1450200000000001,1.14373,8.000000000008001e-05,TP,1,8.000000000008001e-05,0.000560000000000116,SWEEP_EXTREME,OPPOSITE_LIQUIDITY,CONFIRMED,BUY_SIDE,M15,1.14452,1.9550980041684245,BULLISH,STRONG_DISPLACEMENT,2.474807600213258,,True,RANGE,LOW_VOLATILITY,11
H7,13565,13562,-1,2026-07-20 15:30:00+00:00,2026-07-20 15:30:00+00:00,1.14192,1.14186,1.1441000000000001,1.14186,5.999999999994898e-05,TP,1,0.00022999999999995246,0.00045999999999990493,SWEEP_EXTREME,OPPOSITE_LIQUIDITY,CONFIRMED,BUY_SIDE,M15,1.14363,1.5533415732500286,NEUTRAL,STRONG_DISPLACEMENT,3.4518701627776815,,True,DOWNTREND,NORMAL_VOLATILITY,15
H7,13627,13624,1,2026-07-21 07:00:00+00:00,2026-07-21 07:00:00+00:00,1.14126,1.1414,1.1408399999999999,1.1414,0.000140000000000029,TP,1,0.000280000000000058,4.0000000000040004e-05,SWEEP_EXTREME,OPPOSITE_LIQUIDITY,CONFIRMED,SELL_SIDE,M15,1.14101,1.30762522051985,NEUTRAL,MODERATE_DISPLACEMENT,0.9635133203823637,,False,STRONG_DOWNTREND,LOW_VOLATILITY,7
H7,13668,13665,1,2026-07-21 17:15:00+00:00,2026-07-21 17:30:00+00:00,1.1419,1.1408999999999998,1.1408999999999998,1.14196,-0.001000000000000112,SL,2,0.0,0.0015299999999998093,SWEEP_EXTREME,OPPOSITE_LIQUIDITY,CONFIRMED,SELL_SIDE,M15,1.14133,1.6557994022788942,BEARISH,STRONG_DISPLACEMENT,1.885771541483743,,False,DOWNTREND,NORMAL_VOLATILITY,17
H7,13669,13666,1,2026-07-21 17:30:00+00:00,2026-07-21 17:30:00+00:00,1.14101,1.14049,1.14049,1.1411,-0.000520000000000076,SL,1,0.00010999999999983245,0.0006399999999999739,SWEEP_EXTREME,OPPOSITE_LIQUIDITY,CONFIRMED,SELL_SIDE,H4,1.14089,1.7924191470187665,BEARISH,MODERATE_DISPLACEMENT,0.8206256335750707,,False,DOWNTREND,NORMAL_VOLATILITY,17
H7,13669,13666,1,2026-07-21 17:30:00+00:00,2026-07-21 17:30:00+00:00,1.14101,1.14049,1.14049,1.1411,-0.000520000000000076,SL,1,0.00010999999999983245,0.0006399999999999739,SWEEP_EXTREME,OPPOSITE_LIQUIDITY,CONFIRMED,SELL_SIDE,M15,1.14075,1.7924191470187665,BEARISH,MODERATE_DISPLACEMENT,0.8206256335750707,,False,DOWNTREND,NORMAL_VOLATILITY,17
H7,13717,13714,1,2026-07-22 05:30:00+00:00,2026-07-22 05:30:00+00:00,1.14079,1.14084,1.13981,1.14084,5.0000000000105516e-05,TP,1,5.0000000000105516e-05,0.00017000000000000348,SWEEP_EXTREME,OPPOSITE_LIQUIDITY,CONFIRMED,SELL_SIDE,M15,1.14016,1.698620244777781,BULLISH,STRONG_DISPLACEMENT,2.2114112620697775,,False,STRONG_DOWNTREND,LOW_VOLATILITY,5
H7,13801,13798,1,2026-07-23 02:30:00+00:00,2026-07-23 02:30:00+00:00,1.14101,1.14107,1.1405399999999999,1.14107,5.999999999994898e-05,TP,1,0.00012999999999996348,4.0000000000040004e-05,SWEEP_EXTREME,OPPOSITE_LIQUIDITY,CONFIRMED,SELL_SIDE,M15,1.14069,0.7852497706819308,BULLISH,STRONG_DISPLACEMENT,1.2105933964678253,,False,DOWNTREND,LOW_VOLATILITY,2
H7,13913,13910,-1,2026-07-24 06:30:00+00:00,2026-07-24 07:30:00+00:00,1.13791,1.13784,1.1388200000000002,1.13784,7.00000000000145e-05,TP,5,0.00012999999999996348,0.0004999999999999449,SWEEP_EXTREME,OPPOSITE_LIQUIDITY,CONFIRMED,BUY_SIDE,M15,1.13873,0.9773222367951205,BULLISH,STRONG_DISPLACEMENT,1.5637155788721928,,True,STRONG_DOWNTREND,LOW_VOLATILITY,6
H7,13926,13923,1,2026-07-24 09:45:00+00:00,2026-07-24 09:45:00+00:00,1.13838,1.13856,1.1375899999999999,1.13856,0.000180000000000069,TP,1,0.0003300000000001635,7.00000000000145e-05,SWEEP_EXTREME,OPPOSITE_LIQUIDITY,CONFIRMED,SELL_SIDE,M15,1.13765,1.520403909286852,BEARISH,STRONG_DISPLACEMENT,1.78871048151371,,False,STRONG_DOWNTREND,LOW_VOLATILITY,9
H7,13955,13952,1,2026-07-24 17:00:00+00:00,2026-07-24 17:00:00+00:00,1.13766,1.13771,1.1364299999999998,1.13771,5.0000000000105516e-05,TP,1,0.0002900000000001235,0.0006199999999998429,SWEEP_EXTREME,OPPOSITE_LIQUIDITY,CONFIRMED,SELL_SIDE,M15,1.13659,1.356766844577988,BEARISH,MODERATE_DISPLACEMENT,1.0958501436974422,,False,STRONG_DOWNTREND,NORMAL_VOLATILITY,17
H7,13985,13982,1,2026-07-27 00:30:00+00:00,2026-07-27 00:30:00+00:00,1.13916,1.13922,1.13668,1.13922,5.999999999994898e-05,TP,1,0.000220000000000109,0.00014999999999987246,SWEEP_EXTREME,OPPOSITE_LIQUIDITY,CONFIRMED,SELL_SIDE,M15,1.1368,0.5643460348638295,BULLISH,STRONG_DISPLACEMENT,6.18093276279296,,False,RANGE,NORMAL_VOLATILITY,0
H7,14109,14106,-1,2026-07-28 07:30:00+00:00,2026-07-28 07:45:00+00:00,1.13708,1.13698,1.1380800000000002,1.13698,9.999999999998899e-05,TP,2,0.000280000000000058,7.999999999985796e-05,SWEEP_EXTREME,OPPOSITE_LIQUIDITY,CONFIRMED,BUY_SIDE,M15,1.13788,1.390062476215706,BULLISH,STRONG_DISPLACEMENT,1.5970930577790488,,True,STRONG_DOWNTREND,LOW_VOLATILITY,7
H7,14115,14112,1,2026-07-28 09:00:00+00:00,2026-07-28 09:00:00+00:00,1.13659,1.13676,1.1361299999999999,1.13676,0.00017000000000000348,TP,1,0.00021000000000004349,0.0001100000000000545,SWEEP_EXTREME,OPPOSITE_LIQUIDITY,CONFIRMED,SELL_SIDE,H4,1.13648,2.0599251723260505,BULLISH,MODERATE_DISPLACEMENT,1.0585726580007546,,False,STRONG_DOWNTREND,LOW_VOLATILITY,9
H7,14115,14112,1,2026-07-28 09:00:00+00:00,2026-07-28 09:00:00+00:00,1.13659,1.13676,1.1361299999999999,1.13676,0.00017000000000000348,TP,1,0.00021000000000004349,0.0001100000000000545,SWEEP_EXTREME,OPPOSITE_LIQUIDITY,CONFIRMED,SELL_SIDE,H4,1.13639,2.0599251723260505,BULLISH,MODERATE_DISPLACEMENT,1.0585726580007546,,False,STRONG_DOWNTREND,LOW_VOLATILITY,9
H7,14126,14123,1,2026-07-28 11:45:00+00:00,2026-07-28 11:45:00+00:00,1.13713,1.13723,1.13627,1.13723,9.999999999998899e-05,TP,1,0.000140000000000029,0.00012999999999996348,SWEEP_EXTREME,OPPOSITE_LIQUIDITY,CONFIRMED,SELL_SIDE,M15,1.13669,1.523702078126453,NEUTRAL,STRONG_DISPLACEMENT,1.6236169684955006,,False,STRONG_DOWNTREND,LOW_VOLATILITY,11
H7,14135,14132,1,2026-07-28 14:00:00+00:00,2026-07-28 14:15:00+00:00,1.13607,1.13618,1.1352799999999998,1.13618,0.0001100000000000545,TP,2,0.0005399999999999849,0.00039999999999995595,SWEEP_EXTREME,OPPOSITE_LIQUIDITY,CONFIRMED,SELL_SIDE,M15,1.13541,0.9685063104887907,BEARISH,MODERATE_DISPLACEMENT,0.8976399950867112,,False,STRONG_DOWNTREND,LOW_VOLATILITY,14
H7,14160,14157,-1,2026-07-28 20:15:00+00:00,2026-07-28 20:15:00+00:00,1.13943,1.13934,1.1405800000000001,1.13934,8.999999999992347e-05,TP,1,0.000140000000000029,0.00038000000000004697,SWEEP_EXTREME,OPPOSITE_LIQUIDITY,CONFIRMED,BUY_SIDE,M15,1.14035,0.6214026424243247,NEUTRAL,STRONG_DISPLACEMENT,1.8819622884848162,,True,UPTREND,NORMAL_VOLATILITY,20
H7,14218,14215,1,2026-07-29 10:45:00+00:00,2026-07-29 10:45:00+00:00,1.13976,1.13988,1.1389399999999998,1.13988,0.00011999999999989797,TP,1,0.00035999999999991594,0.00010000000000021103,SWEEP_EXTREME,OPPOSITE_LIQUIDITY,CONFIRMED,SELL_SIDE,M15,1.13924,1.1201972020581392,BULLISH,STRONG_DISPLACEMENT,1.4002465025728152,,False,STRONG_UPTREND,LOW_VOLATILITY,10
H7,14256,14253,1,2026-07-29 20:15:00+00:00,2026-07-29 20:15:00+00:00,1.13897,1.13903,1.1376199999999999,1.13903,5.999999999994898e-05,TP,1,0.00035999999999991594,9.000000000014552e-05,SWEEP_EXTREME,OPPOSITE_LIQUIDITY,CONFIRMED,SELL_SIDE,M15,1.13778,1.0997184761715206,BULLISH,STRONG_DISPLACEMENT,1.3521128805388074,,False,RANGE,NORMAL_VOLATILITY,20
H7,14282,14279,-1,2026-07-30 02:45:00+00:00,2026-07-30 03:00:00+00:00,1.14648,1.1464,1.14721,1.1464,7.999999999985796e-05,TP,2,0.00012999999999996348,0.00048000000000003595,SWEEP_EXTREME,OPPOSITE_LIQUIDITY,CONFIRMED,BUY_SIDE,M15,1.1471,0.28889318422794197,NEUTRAL,MODERATE_DISPLACEMENT,0.8798110610582076,,False,STRONG_UPTREND,NORMAL_VOLATILITY,2
H7,14308,14305,-1,2026-07-30 09:15:00+00:00,2026-07-30 09:15:00+00:00,1.14448,1.14442,1.1457300000000001,1.14442,5.999999999994898e-05,TP,1,0.00010999999999983245,0.00017000000000000348,SWEEP_EXTREME,OPPOSITE_LIQUIDITY,CONFIRMED,BUY_SIDE,M15,1.14554,0.6195328997943325,NEUTRAL,STRONG_DISPLACEMENT,2.5734443529924937,,False,STRONG_UPTREND,LOW_VOLATILITY,9
H7,14329,14326,-1,2026-07-30 14:30:00+00:00,2026-07-30 14:30:00+00:00,1.14678,1.14672,1.1484800000000002,1.14672,5.999999999994898e-05,TP,1,0.00027999999999983594,3.0000000000196536e-05,SWEEP_EXTREME,OPPOSITE_LIQUIDITY,CONFIRMED,BUY_SIDE,H4,1.14827,1.664587486411804,BEARISH,STRONG_DISPLACEMENT,1.7317079495734067,,False,STRONG_UPTREND,NORMAL_VOLATILITY,14
H7,14342,14339,-1,2026-07-30 17:45:00+00:00,2026-07-30 17:45:00+00:00,1.15123,1.15114,1.1524500000000002,1.15114,8.999999999992347e-05,TP,1,0.0009699999999999154,0.00026999999999999247,SWEEP_EXTREME,OPPOSITE_LIQUIDITY,CONFIRMED,BUY_SIDE,M15,1.1521,2.4960917614264893,NEUTRAL,MODERATE_DISPLACEMENT,1.0986658718246696,,False,STRONG_UPTREND,HIGH_VOLATILITY,17
H7,14343,14340,-1,2026-07-30 18:00:00+00:00,2026-07-30 18:00:00+00:00,1.15029,1.15019,1.1537700000000002,1.15019,9.999999999998899e-05,TP,1,0.00042999999999993044,0.00043999999999999595,SWEEP_EXTREME,OPPOSITE_LIQUIDITY,CONFIRMED,BUY_SIDE,H4,1.15284,1.7840639123855229,NEUTRAL,STRONG_DISPLACEMENT,2.273096659942955,,False,STRONG_UPTREND,HIGH_VOLATILITY,18
H7,14414,14411,-1,2026-07-31 11:45:00+00:00,2026-07-31 11:45:00+00:00,1.15093,1.1525500000000002,1.1525500000000002,1.15087,-0.0016200000000001769,SL,1,2.999999999997449e-05,0.0017100000000001003,SWEEP_EXTREME,OPPOSITE_LIQUIDITY,CONFIRMED,BUY_SIDE,M15,1.15223,2.1074749092060077,BULLISH,MODERATE_DISPLACEMENT,0.810567272771403,,False,STRONG_UPTREND,NORMAL_VOLATILITY,11
H7,14418,14415,-1,2026-07-31 12:45:00+00:00,2026-07-31 13:15:00+00:00,1.15035,1.15029,1.1526900000000002,1.15029,5.999999999994898e-05,TP,3,0.00021000000000004349,0.0005900000000000905,SWEEP_EXTREME,OPPOSITE_LIQUIDITY,CONFIRMED,BUY_SIDE,M15,1.1525,2.4753587045405583,BULLISH,STRONG_DISPLACEMENT,2.574942100700252,,False,STRONG_UPTREND,NORMAL_VOLATILITY,12
H7,14437,14434,1,2026-07-31 17:30:00+00:00,2026-07-31 17:30:00+00:00,1.14799,1.14809,1.14547,1.14809,9.999999999998899e-05,TP,1,0.0012499999999999734,2.999999999997449e-05,SWEEP_EXTREME,OPPOSITE_LIQUIDITY,CONFIRMED,SELL_SIDE,M15,1.1465,4.68145579917013,NEUTRAL,MODERATE_DISPLACEMENT,0.9100022071822402,,True,UPTREND,HIGH_VOLATILITY,17
H7,14437,14434,1,2026-07-31 17:30:00+00:00,2026-07-31 17:30:00+00:00,1.14799,1.14809,1.14547,1.14809,9.999999999998899e-05,TP,1,0.0012499999999999734,2.999999999997449e-05,SWEEP_EXTREME,OPPOSITE_LIQUIDITY,CONFIRMED,SELL_SIDE,M15,1.14694,4.68145579917013,NEUTRAL,MODERATE_DISPLACEMENT,0.9100022071822402,,True,UPTREND,HIGH_VOLATILITY,17
H7,14526,14523,-1,2026-08-03 15:45:00+00:00,2026-08-03 15:45:00+00:00,1.15245,1.15238,1.15331,1.15238,7.00000000000145e-05,TP,1,0.00018999999999991246,0.000460000000000127,SWEEP_EXTREME,OPPOSITE_LIQUIDITY,CONFIRMED,BUY_SIDE,M15,1.15323,1.2548221257549663,BEARISH,STRONG_DISPLACEMENT,1.4366804048503103,,False,STRONG_UPTREND,NORMAL_VOLATILITY,15
H7,14526,14523,-1,2026-08-03 15:45:00+00:00,2026-08-03 15:45:00+00:00,1.15245,1.15238,1.15331,1.15238,7.00000000000145e-05,TP,1,0.00018999999999991246,0.000460000000000127,SWEEP_EXTREME,OPPOSITE_LIQUIDITY,CONFIRMED,BUY_SIDE,M15,1.15304,1.2548221257549663,BEARISH,STRONG_DISPLACEMENT,1.4366804048503103,,False,STRONG_UPTREND,NORMAL_VOLATILITY,15
H7,14526,14523,-1,2026-08-03 15:45:00+00:00,2026-08-03 15:45:00+00:00,1.15245,1.15238,1.15331,1.15238,7.00000000000145e-05,TP,1,0.00018999999999991246,0.000460000000000127,SWEEP_EXTREME,OPPOSITE_LIQUIDITY,CONFIRMED,BUY_SIDE,M15,1.15269,1.2548221257549663,BEARISH,STRONG_DISPLACEMENT,1.4366804048503103,,False,STRONG_UPTREND,NORMAL_VOLATILITY,15
H7,14533,14530,-1,2026-08-03 17:30:00+00:00,2026-08-03 17:30:00+00:00,1.15151,1.15146,1.15358,1.15146,5.0000000000105516e-05,TP,1,0.0004999999999999449,0.00028999999999990145,SWEEP_EXTREME,OPPOSITE_LIQUIDITY,CONFIRMED,BUY_SIDE,M15,1.15352,1.6275793476431604,BULLISH,STRONG_DISPLACEMENT,2.0221440379809072,,False,STRONG_UPTREND,NORMAL_VOLATILITY,17
H7,14574,14571,1,2026-08-04 03:45:00+00:00,2026-08-04 03:45:00+00:00,1.15126,1.15058,1.15058,1.15143,-0.0006800000000000139,SL,1,2.0000000000131024e-05,0.0007800000000000029,SWEEP_EXTREME,OPPOSITE_LIQUIDITY,CONFIRMED,SELL_SIDE,M15,1.15065,0.5670494440016801,NEUTRAL,STRONG_DISPLACEMENT,1.701148332005703,,True,RANGE,LOW_VOLATILITY,3
H7,14577,14574,-1,2026-08-04 04:30:00+00:00,2026-08-04 07:00:00+00:00,1.15083,1.15072,1.1515700000000002,1.15072,0.0001100000000000545,TP,11,0.0002500000000000835,0.0006399999999999739,SWEEP_EXTREME,OPPOSITE_LIQUIDITY,CONFIRMED,BUY_SIDE,M15,1.15148,1.1813566252932377,BEARISH,MODERATE_DISPLACEMENT,1.1813566252926277,,False,RANGE,LOW_VOLATILITY,4
H7,14578,14575,1,2026-08-04 04:45:00+00:00,2026-08-04 08:45:00+00:00,1.15143,1.1504299999999998,1.1504299999999998,1.15148,-0.001000000000000112,SL,17,4.0000000000040004e-05,0.0010499999999999954,SWEEP_EXTREME,OPPOSITE_LIQUIDITY,CONFIRMED,SELL_SIDE,M15,1.15062,2.0246398624371715,BEARISH,STRONG_DISPLACEMENT,2.176487852119243,,True,RANGE,LOW_VOLATILITY,4
H7,14601,14598,1,2026-08-04 10:30:00+00:00,2026-08-04 10:30:00+00:00,1.15126,1.15142,1.1503199999999998,1.15142,0.00016000000000016001,TP,1,0.00024000000000001798,0.000280000000000058,SWEEP_EXTREME,OPPOSITE_LIQUIDITY,CONFIRMED,SELL_SIDE,M15,1.15038,1.1824308629892706,BEARISH,STRONG_DISPLACEMENT,2.0564015008501113,,True,RANGE,LOW_VOLATILITY,10
H7,14627,14624,1,2026-08-04 17:00:00+00:00,2026-08-04 17:00:00+00:00,1.15237,1.15242,1.1510399999999998,1.15242,5.0000000000105516e-05,TP,1,0.0006800000000000139,0.00015999999999993797,SWEEP_EXTREME,OPPOSITE_LIQUIDITY,CONFIRMED,SELL_SIDE,M15,1.15134,0.820237033494042,NEUTRAL,STRONG_DISPLACEMENT,2.0319508329735476,,True,UPTREND,NORMAL_VOLATILITY,17
H7,14672,14669,-1,2026-08-05 04:15:00+00:00,2026-08-05 04:15:00+00:00,1.15303,1.15298,1.1536000000000002,1.15298,5.0000000000105516e-05,TP,1,0.0003500000000000725,0.00015999999999993797,SWEEP_EXTREME,OPPOSITE_LIQUIDITY,CONFIRMED,BUY_SIDE,M15,1.15353,1.0780686966756008,NEUTRAL,STRONG_DISPLACEMENT,1.4823444579284837,,False,STRONG_UPTREND,LOW_VOLATILITY,4
H7,14679,14676,1,2026-08-05 06:00:00+00:00,2026-08-05 06:00:00+00:00,1.15348,1.15356,1.15262,1.15356,7.999999999985796e-05,TP,1,0.0005800000000000249,2.0000000000131024e-05,SWEEP_EXTREME,OPPOSITE_LIQUIDITY,CONFIRMED,SELL_SIDE,M15,1.15268,1.520731604013839,NEUTRAL,STRONG_DISPLACEMENT,1.584095420848892,,True,STRONG_UPTREND,LOW_VOLATILITY,6
H7,14697,14694,-1,2026-08-05 10:30:00+00:00,2026-08-05 11:15:00+00:00,1.15341,1.1543,1.1543,1.15336,-0.0008900000000000574,SL,4,0.0,0.0009399999999999409,SWEEP_EXTREME,OPPOSITE_LIQUIDITY,CONFIRMED,BUY_SIDE,M15,1.15407,2.5278699829760827,NEUTRAL,STRONG_DISPLACEMENT,2.022295986380866,,False,STRONG_UPTREND,LOW_VOLATILITY,10
H7,14697,14694,-1,2026-08-05 10:30:00+00:00,2026-08-05 11:15:00+00:00,1.15341,1.1543,1.1543,1.15336,-0.0008900000000000574,SL,4,0.0,0.0009399999999999409,SWEEP_EXTREME,OPPOSITE_LIQUIDITY,CONFIRMED,BUY_SIDE,M15,1.15404,2.5278699829760827,NEUTRAL,STRONG_DISPLACEMENT,2.022295986380866,,False,STRONG_UPTREND,LOW_VOLATILITY,10
H7,14697,14694,-1,2026-08-05 10:30:00+00:00,2026-08-05 11:15:00+00:00,1.15341,1.1543,1.1543,1.15336,-0.0008900000000000574,SL,4,0.0,0.0009399999999999409,SWEEP_EXTREME,OPPOSITE_LIQUIDITY,CONFIRMED,BUY_SIDE,M15,1.15382,2.5278699829760827,NEUTRAL,STRONG_DISPLACEMENT,2.022295986380866,,False,STRONG_UPTREND,LOW_VOLATILITY,10
H7,14705,14702,1,2026-08-05 12:30:00+00:00,2026-08-05 12:30:00+00:00,1.15396,1.15402,1.15326,1.15402,5.999999999994898e-05,TP,1,0.00030999999999981043,0.0001500000000000945,SWEEP_EXTREME,OPPOSITE_LIQUIDITY,CONFIRMED,SELL_SIDE,M15,1.15339,2.173321005141383,BULLISH,MODERATE_DISPLACEMENT,0.8960183091376676,,True,STRONG_UPTREND,NORMAL_VOLATILITY,12
H7,14706,14703,1,2026-08-05 12:45:00+00:00,2026-08-05 14:00:00+00:00,1.15418,1.15425,1.15306,1.15425,7.00000000000145e-05,TP,6,0.000460000000000127,0.0006900000000000794,SWEEP_EXTREME,OPPOSITE_LIQUIDITY,CONFIRMED,SELL_SIDE,M15,1.15317,1.1495402311866318,BULLISH,MODERATE_DISPLACEMENT,1.11185038754134,,True,STRONG_UPTREND,NORMAL_VOLATILITY,12
H7,14706,14703,1,2026-08-05 12:45:00+00:00,2026-08-05 14:00:00+00:00,1.15418,1.15425,1.15306,1.15425,7.00000000000145e-05,TP,6,0.000460000000000127,0.0006900000000000794,SWEEP_EXTREME,OPPOSITE_LIQUIDITY,CONFIRMED,SELL_SIDE,M15,1.15323,1.1495402311866318,BULLISH,MODERATE_DISPLACEMENT,1.11185038754134,,True,STRONG_UPTREND,NORMAL_VOLATILITY,12
H7,14720,14717,-1,2026-08-05 16:15:00+00:00,2026-08-05 16:30:00+00:00,1.15461,1.15455,1.15578,1.15455,5.999999999994898e-05,TP,2,8.999999999992347e-05,0.0007900000000000684,SWEEP_EXTREME,OPPOSITE_LIQUIDITY,CONFIRMED,BUY_SIDE,M15,1.15553,1.0280275054066221,BULLISH,STRONG_DISPLACEMENT,1.4579299167589426,,False,STRONG_UPTREND,NORMAL_VOLATILITY,16
H7,14720,14717,-1,2026-08-05 16:15:00+00:00,2026-08-05 16:30:00+00:00,1.15461,1.15455,1.15578,1.15455,5.999999999994898e-05,TP,2,8.999999999992347e-05,0.0007900000000000684,SWEEP_EXTREME,OPPOSITE_LIQUIDITY,CONFIRMED,BUY_SIDE,M15,1.15562,1.0280275054066221,BULLISH,STRONG_DISPLACEMENT,1.4579299167589426,,False,STRONG_UPTREND,NORMAL_VOLATILITY,16
H7,14744,14741,-1,2026-08-05 22:15:00+00:00,2026-08-05 22:15:00+00:00,1.15512,1.15502,1.1560100000000002,1.15502,9.999999999998899e-05,TP,1,0.00036999999999998145,2.999999999997449e-05,SWEEP_EXTREME,OPPOSITE_LIQUIDITY,CONFIRMED,BUY_SIDE,H4,1.1559,0.9775053256633761,BEARISH,STRONG_DISPLACEMENT,1.411952137068785,,False,STRONG_UPTREND,NORMAL_VOLATILITY,22
H7,14787,14784,1,2026-08-06 09:00:00+00:00,2026-08-06 09:00:00+00:00,1.15493,1.15504,1.15441,1.15504,0.0001100000000000545,TP,1,0.00022999999999995246,0.00036999999999998145,SWEEP_EXTREME,OPPOSITE_LIQUIDITY,CONFIRMED,SELL_SIDE,M15,1.15468,1.5805125210178852,BEARISH,STRONG_DISPLACEMENT,1.345117039164094,,True,STRONG_UPTREND,LOW_VOLATILITY,9
H7,14818,14815,1,2026-08-06 16:45:00+00:00,2026-08-06 16:45:00+00:00,1.15425,1.15435,1.15363,1.15435,9.999999999998899e-05,TP,1,0.00025999999999992696,0.00036999999999998145,SWEEP_EXTREME,OPPOSITE_LIQUIDITY,CONFIRMED,SELL_SIDE,M15,1.15376,1.206423487867565,NEUTRAL,MODERATE_DISPLACEMENT,0.846612973942118,,True,RANGE,LOW_VOLATILITY,16
H7,14819,14816,1,2026-08-06 17:00:00+00:00,2026-08-06 17:00:00+00:00,1.15429,1.1535199999999999,1.1535199999999999,1.15435,-0.0007700000000001594,SL,1,0.00012999999999996348,0.0010399999999999299,SWEEP_EXTREME,OPPOSITE_LIQUIDITY,CONFIRMED,SELL_SIDE,M15,1.15364,1.1506066737517457,NEUTRAL,MODERATE_DISPLACEMENT,0.9832457030240671,,True,RANGE,NORMAL_VOLATILITY,17
H7,15008,15005,1,2026-08-10 16:15:00+00:00,2026-08-10 16:15:00+00:00,1.15521,1.15529,1.1546299999999998,1.15529,7.999999999985796e-05,TP,1,0.00015999999999993797,0.000260000000000149,SWEEP_EXTREME,OPPOSITE_LIQUIDITY,CONFIRMED,SELL_SIDE,M15,1.1548,1.3048020407470962,BULLISH,MODERATE_DISPLACEMENT,0.8872653877077472,,True,STRONG_UPTREND,LOW_VOLATILITY,16
H7,15014,15011,1,2026-08-10 17:45:00+00:00,2026-08-10 17:45:00+00:00,1.15533,1.15547,1.1543299999999999,1.15547,0.000140000000000029,TP,1,0.0002500000000000835,0.00034000000000000696,SWEEP_EXTREME,OPPOSITE_LIQUIDITY,CONFIRMED,SELL_SIDE,M15,1.15453,1.6064791223843544,BEARISH,STRONG_DISPLACEMENT,1.9006231870462005,,True,UPTREND,LOW_VOLATILITY,17
H7,15018,15015,-1,2026-08-10 18:45:00+00:00,2026-08-10 19:45:00+00:00,1.15472,1.15465,1.1556300000000002,1.15465,7.00000000000145e-05,TP,5,0.00021999999999988695,0.0007099999999999884,SWEEP_EXTREME,OPPOSITE_LIQUIDITY,CONFIRMED,BUY_SIDE,M15,1.15552,1.2565984539362958,BEARISH,MODERATE_DISPLACEMENT,1.0223173862531776,,False,RANGE,LOW_VOLATILITY,18
H7,15066,15063,1,2026-08-11 06:45:00+00:00,2026-08-11 07:00:00+00:00,1.15434,1.15439,1.1538199999999998,1.15439,5.0000000000105516e-05,TP,2,8.000000000008001e-05,0.00012999999999996348,SWEEP_EXTREME,OPPOSITE_LIQUIDITY,CONFIRMED,SELL_SIDE,M15,1.154,1.1432097572217235,NEUTRAL,STRONG_DISPLACEMENT,1.2861109768737449,,True,DOWNTREND,LOW_VOLATILITY,6
H7,15099,15096,-1,2026-08-11 15:00:00+00:00,2026-08-11 15:00:00+00:00,1.15365,1.15357,1.15442,1.15357,8.000000000008001e-05,TP,1,9.999999999998899e-05,0.00039999999999995595,SWEEP_EXTREME,OPPOSITE_LIQUIDITY,CONFIRMED,BUY_SIDE,M15,1.15402,2.4445687493364945,NEUTRAL,STRONG_DISPLACEMENT,1.4348555702629815,,False,STRONG_DOWNTREND,LOW_VOLATILITY,15
H7,15099,15096,-1,2026-08-11 15:00:00+00:00,2026-08-11 15:00:00+00:00,1.15365,1.15357,1.15442,1.15357,8.000000000008001e-05,TP,1,9.999999999998899e-05,0.00039999999999995595,SWEEP_EXTREME,OPPOSITE_LIQUIDITY,CONFIRMED,BUY_SIDE,M15,1.15435,2.4445687493364945,NEUTRAL,STRONG_DISPLACEMENT,1.4348555702629815,,False,STRONG_DOWNTREND,LOW_VOLATILITY,15
H7,15099,15096,-1,2026-08-11 15:00:00+00:00,2026-08-11 15:00:00+00:00,1.15365,1.15357,1.15442,1.15357,8.000000000008001e-05,TP,1,9.999999999998899e-05,0.00039999999999995595,SWEEP_EXTREME,OPPOSITE_LIQUIDITY,CONFIRMED,BUY_SIDE,M15,1.15388,2.4445687493364945,NEUTRAL,STRONG_DISPLACEMENT,1.4348555702629815,,False,STRONG_DOWNTREND,LOW_VOLATILITY,15
H7,15151,15148,-1,2026-08-12 04:00:00+00:00,2026-08-12 04:00:00+00:00,1.15409,1.15402,1.15453,1.15402,7.00000000000145e-05,TP,1,0.0004300000000001525,9.999999999843467e-06,SWEEP_EXTREME,OPPOSITE_LIQUIDITY,CONFIRMED,BUY_SIDE,M15,1.15439,1.0715957777642586,BULLISH,MODERATE_DISPLACEMENT,1.1952414444292951,,False,RANGE,LOW_VOLATILITY,4
H7,15187,15184,-1,2026-08-12 13:00:00+00:00,2026-08-12 13:00:00+00:00,1.1536,1.15354,1.1541800000000002,1.15354,5.999999999994898e-05,TP,1,7.999999999985796e-05,0.00029999999999996696,SWEEP_EXTREME,OPPOSITE_LIQUIDITY,CONFIRMED,BUY_SIDE,M15,1.15405,1.6068573033419655,BULLISH,STRONG_DISPLACEMENT,1.8568128838618445,,False,DOWNTREND,LOW_VOLATILITY,13
H7,15187,15184,-1,2026-08-12 13:00:00+00:00,2026-08-12 13:00:00+00:00,1.1536,1.15354,1.1541800000000002,1.15354,5.999999999994898e-05,TP,1,7.999999999985796e-05,0.00029999999999996696,SWEEP_EXTREME,OPPOSITE_LIQUIDITY,CONFIRMED,BUY_SIDE,M15,1.15402,1.6068573033419655,BULLISH,STRONG_DISPLACEMENT,1.8568128838618445,,False,DOWNTREND,LOW_VOLATILITY,13
H7,15188,15185,-1,2026-08-12 13:15:00+00:00,2026-08-12 13:15:00+00:00,1.15363,1.15357,1.1550500000000001,1.15357,5.999999999994898e-05,TP,1,7.00000000000145e-05,0.0002900000000001235,SWEEP_EXTREME,OPPOSITE_LIQUIDITY,CONFIRMED,BUY_SIDE,H4,1.15485,2.993102348626227,BULLISH,STRONG_DISPLACEMENT,2.0256349228073978,,False,DOWNTREND,LOW_VOLATILITY,13
H7,15188,15185,-1,2026-08-12 13:15:00+00:00,2026-08-12 13:15:00+00:00,1.15363,1.15357,1.1550500000000001,1.15357,5.999999999994898e-05,TP,1,7.00000000000145e-05,0.0002900000000001235,SWEEP_EXTREME,OPPOSITE_LIQUIDITY,CONFIRMED,BUY_SIDE,M15,1.15499,2.993102348626227,BULLISH,STRONG_DISPLACEMENT,2.0256349228073978,,False,DOWNTREND,LOW_VOLATILITY,13
H7,15188,15185,-1,2026-08-12 13:15:00+00:00,2026-08-12 13:15:00+00:00,1.15363,1.15357,1.1550500000000001,1.15357,5.999999999994898e-05,TP,1,7.00000000000145e-05,0.0002900000000001235,SWEEP_EXTREME,OPPOSITE_LIQUIDITY,CONFIRMED,BUY_SIDE,M15,1.15448,2.993102348626227,BULLISH,STRONG_DISPLACEMENT,2.0256349228073978,,False,DOWNTREND,LOW_VOLATILITY,13
H7,15194,15191,1,2026-08-12 14:45:00+00:00,2026-08-12 14:45:00+00:00,1.15406,1.15417,1.15319,1.15417,0.00010999999999983245,TP,1,0.0005100000000000104,1.0000000000065512e-05,SWEEP_EXTREME,OPPOSITE_LIQUIDITY,CONFIRMED,SELL_SIDE,M15,1.15346,1.5568156178100552,BULLISH,STRONG_DISPLACEMENT,1.5031323206444378,,True,DOWNTREND,LOW_VOLATILITY,14
H7,15298,15295,-1,2026-08-13 16:45:00+00:00,2026-08-13 16:45:00+00:00,1.15341,1.15336,1.1545,1.15336,5.0000000000105516e-05,TP,1,0.0003500000000000725,0.00022999999999995246,SWEEP_EXTREME,OPPOSITE_LIQUIDITY,CONFIRMED,BUY_SIDE,M15,1.15388,2.998668913387969,BULLISH,STRONG_DISPLACEMENT,2.2320918979354207,,False,RANGE,NORMAL_VOLATILITY,16
H7,15472,15469,-1,2026-08-17 12:15:00+00:00,2026-08-17 12:45:00+00:00,1.15987,1.1598,1.16145,1.1598,7.00000000000145e-05,TP,3,0.00026999999999999247,0.00036999999999998145,SWEEP_EXTREME,OPPOSITE_LIQUIDITY,CONFIRMED,BUY_SIDE,M15,1.1612,1.7051868394728211,BULLISH,STRONG_DISPLACEMENT,3.322928199998231,,False,STRONG_UPTREND,NORMAL_VOLATILITY,12
H7,15488,15485,1,2026-08-17 16:15:00+00:00,2026-08-17 16:15:00+00:00,1.15957,1.15963,1.1586599999999998,1.15963,5.999999999994898e-05,TP,1,0.00035999999999991594,9.999999999998899e-05,SWEEP_EXTREME,OPPOSITE_LIQUIDITY,CONFIRMED,SELL_SIDE,M15,1.15875,1.7178311141629712,BEARISH,MODERATE_DISPLACEMENT,0.9955612138899333,,True,STRONG_UPTREND,NORMAL_VOLATILITY,16
H7,15513,15510,1,2026-08-17 22:30:00+00:00,2026-08-17 22:30:00+00:00,1.15789,1.15797,1.1570399999999998,1.15797,7.999999999985796e-05,TP,1,0.00015999999999993797,0.000180000000000069,SWEEP_EXTREME,OPPOSITE_LIQUIDITY,CONFIRMED,SELL_SIDE,M15,1.15726,0.7076120712074054,BEARISH,STRONG_DISPLACEMENT,1.3747891669169883,,True,STRONG_UPTREND,LOW_VOLATILITY,22
H7,15539,15536,-1,2026-08-18 05:00:00+00:00,2026-08-18 05:00:00+00:00,1.15796,1.1579,1.15863,1.1579,6.000000000017103e-05,TP,1,0.000300000000000189,0.0,SWEEP_EXTREME,OPPOSITE_LIQUIDITY,CONFIRMED,BUY_SIDE,M15,1.15849,1.4265492977610728,NEUTRAL,STRONG_DISPLACEMENT,1.7752613483251878,,False,STRONG_UPTREND,LOW_VOLATILITY,5
H7,15580,15577,1,2026-08-18 15:15:00+00:00,2026-08-18 15:15:00+00:00,1.15776,1.15786,1.1572099999999998,1.15786,9.999999999998899e-05,TP,1,0.00017000000000000348,0.0003799999999998249,SWEEP_EXTREME,OPPOSITE_LIQUIDITY,CONFIRMED,SELL_SIDE,M15,1.15739,0.7401911047123104,BULLISH,STRONG_DISPLACEMENT,1.3095688775669128,,True,UPTREND,LOW_VOLATILITY,15
H7,15589,15586,1,2026-08-18 17:30:00+00:00,2026-08-18 17:45:00+00:00,1.15851,1.15856,1.15702,1.15856,5.0000000000105516e-05,TP,2,0.000320000000000098,0.00046999999999997044,SWEEP_EXTREME,OPPOSITE_LIQUIDITY,CONFIRMED,SELL_SIDE,M15,1.15716,3.0183751494088207,BEARISH,MODERATE_DISPLACEMENT,0.9920533707846255,,True,UPTREND,NORMAL_VOLATILITY,17
H7,15613,15610,-1,2026-08-18 23:30:00+00:00,2026-08-19 03:00:00+00:00,1.15731,1.1581400000000002,1.1581400000000002,1.15726,-0.0008300000000001084,SL,15,2.999999999997449e-05,0.0008599999999998609,SWEEP_EXTREME,OPPOSITE_LIQUIDITY,CONFIRMED,BUY_SIDE,M15,1.15788,1.2599715835630678,NEUTRAL,STRONG_DISPLACEMENT,1.5280506438956227,,False,RANGE,LOW_VOLATILITY,23
H7,15629,15626,1,2026-08-19 03:30:00+00:00,2026-08-19 04:00:00+00:00,1.15793,1.15729,1.15729,1.15799,-0.0006399999999999739,SL,3,4.0000000000040004e-05,0.0007899999999998464,SWEEP_EXTREME,OPPOSITE_LIQUIDITY,CONFIRMED,SELL_SIDE,M15,1.15736,0.8487218038283108,BULLISH,STRONG_DISPLACEMENT,1.955750243604475,,True,RANGE,LOW_VOLATILITY,3
H7,15631,15628,-1,2026-08-19 04:00:00+00:00,2026-08-19 04:00:00+00:00,1.15742,1.15736,1.15822,1.15736,5.999999999994898e-05,TP,1,0.00027999999999983594,4.0000000000040004e-05,SWEEP_EXTREME,OPPOSITE_LIQUIDITY,CONFIRMED,BUY_SIDE,M15,1.15809,2.1860630915114596,NEUTRAL,STRONG_DISPLACEMENT,2.118799611772933,,False,RANGE,LOW_VOLATILITY,4
H7,15631,15628,-1,2026-08-19 04:00:00+00:00,2026-08-19 04:00:00+00:00,1.15742,1.15736,1.15822,1.15736,5.999999999994898e-05,TP,1,0.00027999999999983594,4.0000000000040004e-05,SWEEP_EXTREME,OPPOSITE_LIQUIDITY,CONFIRMED,BUY_SIDE,M15,1.15783,2.1860630915114596,NEUTRAL,STRONG_DISPLACEMENT,2.118799611772933,,False,RANGE,LOW_VOLATILITY,4
H7,15635,15632,1,2026-08-19 05:00:00+00:00,2026-08-19 05:00:00+00:00,1.15771,1.15779,1.15709,1.15779,8.000000000008001e-05,TP,1,0.00032999999999994145,5.999999999994898e-05,SWEEP_EXTREME,OPPOSITE_LIQUIDITY,CONFIRMED,SELL_SIDE,M15,1.15718,0.9957123564895668,NEUTRAL,STRONG_DISPLACEMENT,1.4935685347350411,,True,RANGE,LOW_VOLATILITY,5
H7,15635,15632,1,2026-08-19 05:00:00+00:00,2026-08-19 05:00:00+00:00,1.15771,1.15779,1.15709,1.15779,8.000000000008001e-05,TP,1,0.00032999999999994145,5.999999999994898e-05,SWEEP_EXTREME,OPPOSITE_LIQUIDITY,CONFIRMED,SELL_SIDE,M15,1.15734,0.9957123564895668,NEUTRAL,STRONG_DISPLACEMENT,1.4935685347350411,,True,RANGE,LOW_VOLATILITY,5
H7,15636,15633,1,2026-08-19 05:15:00+00:00,2026-08-19 05:15:00+00:00,1.15791,1.15797,1.15696,1.15797,5.999999999994898e-05,TP,1,0.0006200000000000649,0.00015999999999993797,SWEEP_EXTREME,OPPOSITE_LIQUIDITY,CONFIRMED,SELL_SIDE,M15,1.15707,1.1952941130773393,NEUTRAL,STRONG_DISPLACEMENT,1.6856711851096964,,True,RANGE,LOW_VOLATILITY,5
H7,15698,15695,-1,2026-08-19 20:45:00+00:00,2026-08-19 20:45:00+00:00,1.16617,1.16604,1.1672600000000002,1.16604,0.00012999999999996348,TP,1,0.00031999999999987594,5.0000000000105516e-05,SWEEP_EXTREME,OPPOSITE_LIQUIDITY,CONFIRMED,BUY_SIDE,M15,1.16718,0.5029267152684994,NEUTRAL,MODERATE_DISPLACEMENT,0.851106748915812,,False,STRONG_UPTREND,NORMAL_VOLATILITY,20
H7,15743,15740,-1,2026-08-20 08:00:00+00:00,2026-08-20 08:15:00+00:00,1.16729,1.16721,1.16808,1.16721,7.999999999985796e-05,TP,2,0.00015999999999993797,0.0002500000000000835,SWEEP_EXTREME,OPPOSITE_LIQUIDITY,CONFIRMED,BUY_SIDE,M15,1.16802,0.4696616158459287,NEUTRAL,STRONG_DISPLACEMENT,1.502917170707076,,False,STRONG_UPTREND,LOW_VOLATILITY,8
H7,15767,15764,-1,2026-08-20 14:00:00+00:00,2026-08-20 14:00:00+00:00,1.16971,1.16962,1.17111,1.16962,8.999999999992347e-05,TP,1,0.0006800000000000139,0.0001100000000000545,SWEEP_EXTREME,OPPOSITE_LIQUIDITY,CONFIRMED,BUY_SIDE,M15,1.17097,1.0661548244471049,BULLISH,STRONG_DISPLACEMENT,1.776924707411961,,False,STRONG_UPTREND,NORMAL_VOLATILITY,14
H7,15782,15779,1,2026-08-20 17:45:00+00:00,2026-08-20 17:45:00+00:00,1.16816,1.16822,1.1674399999999998,1.16822,5.999999999994898e-05,TP,1,0.00035999999999991594,0.00013000000000018552,SWEEP_EXTREME,OPPOSITE_LIQUIDITY,CONFIRMED,SELL_SIDE,M15,1.16778,1.2476102759893006,BEARISH,MODERATE_DISPLACEMENT,0.8931755384925334,,True,STRONG_UPTREND,NORMAL_VOLATILITY,17
H7,15845,15842,-1,2026-08-21 09:30:00+00:00,2026-08-21 09:45:00+00:00,1.1692,1.16972,1.16972,1.16915,-0.000520000000000076,SL,2,1.999999999990898e-05,0.0006099999999999994,SWEEP_EXTREME,OPPOSITE_LIQUIDITY,CONFIRMED,BUY_SIDE,M15,1.16954,1.8668223270530406,BEARISH,STRONG_DISPLACEMENT,1.3498561441766472,,False,STRONG_UPTREND,LOW_VOLATILITY,9
H7,15851,15848,-1,2026-08-21 11:00:00+00:00,2026-08-21 11:00:00+00:00,1.16907,1.16902,1.17009,1.16902,5.0000000000105516e-05,TP,1,0.00016000000000016001,0.00048000000000003595,SWEEP_EXTREME,OPPOSITE_LIQUIDITY,CONFIRMED,BUY_SIDE,M15,1.16994,1.4554509751744409,NEUTRAL,STRONG_DISPLACEMENT,1.4315911231222447,,False,STRONG_UPTREND,LOW_VOLATILITY,11
H7,15853,15850,1,2026-08-21 11:30:00+00:00,2026-08-21 11:30:00+00:00,1.16957,1.16964,1.1688699999999999,1.16964,7.00000000000145e-05,TP,1,0.0009300000000000974,8.000000000008001e-05,SWEEP_EXTREME,OPPOSITE_LIQUIDITY,CONFIRMED,SELL_SIDE,M15,1.16902,1.5757660670869094,NEUTRAL,STRONG_DISPLACEMENT,1.2519785190552015,,True,STRONG_UPTREND,LOW_VOLATILITY,11
H7,15859,15856,-1,2026-08-21 13:00:00+00:00,2026-08-21 13:00:00+00:00,1.17003,1.16993,1.1712,1.16993,9.999999999998899e-05,TP,1,0.00012999999999996348,0.0003700000000002035,SWEEP_EXTREME,OPPOSITE_LIQUIDITY,CONFIRMED,BUY_SIDE,H4,1.17106,1.6679924981216554,NEUTRAL,STRONG_DISPLACEMENT,1.7050589980801611,,False,STRONG_UPTREND,NORMAL_VOLATILITY,13
H7,15911,15908,-1,2026-08-24 02:00:00+00:00,2026-08-24 02:00:00+00:00,1.16756,1.16748,1.1680000000000001,1.16748,7.999999999985796e-05,TP,1,8.999999999992347e-05,0.00012000000000012001,SWEEP_EXTREME,OPPOSITE_LIQUIDITY,CONFIRMED,BUY_SIDE,M15,1.16785,2.0136276193821874,BEARISH,MODERATE_DISPLACEMENT,0.9475894679448296,,False,UPTREND,LOW_VOLATILITY,2
H7,16039,16036,-1,2026-08-25 10:00:00+00:00,2026-08-25 10:00:00+00:00,1.16527,1.16579,1.16579,1.16518,-0.000520000000000076,SL,1,1.0000000000065512e-05,0.0006599999999998829,SWEEP_EXTREME,OPPOSITE_LIQUIDITY,CONFIRMED,BUY_SIDE,M15,1.16568,1.598601702132909,BEARISH,STRONG_DISPLACEMENT,1.7101320534444306,,False,STRONG_DOWNTREND,LOW_VOLATILITY,10
H7,16093,16090,1,2026-08-25 23:30:00+00:00,2026-08-25 23:30:00+00:00,1.16766,1.16772,1.16682,1.16772,6.000000000017103e-05,TP,1,7.00000000000145e-05,0.00024000000000001798,SWEEP_EXTREME,OPPOSITE_LIQUIDITY,CONFIRMED,SELL_SIDE,M15,1.1669,1.2777621942658481,NEUTRAL,STRONG_DISPLACEMENT,1.635535608660399,,True,UPTREND,LOW_VOLATILITY,23
H7,16095,16092,-1,2026-08-26 00:00:00+00:00,2026-08-26 00:00:00+00:00,1.16734,1.16729,1.16802,1.16729,5.0000000000105516e-05,TP,1,0.0002900000000001235,0.00017000000000000348,SWEEP_EXTREME,OPPOSITE_LIQUIDITY,CONFIRMED,BUY_SIDE,M15,1.16791,1.1206643420100726,NEUTRAL,MODERATE_DISPLACEMENT,1.0491325754988479,,False,UPTREND,LOW_VOLATILITY,0
H7,16137,16134,1,2026-08-26 10:30:00+00:00,2026-08-26 10:30:00+00:00,1.16697,1.16703,1.16593,1.16703,5.999999999994898e-05,TP,1,0.00034000000000000696,1.0000000000065512e-05,SWEEP_EXTREME,OPPOSITE_LIQUIDITY,CONFIRMED,SELL_SIDE,M15,1.16605,1.4415286138345815,BEARISH,STRONG_DISPLACEMENT,1.990682371485524,,True,RANGE,LOW_VOLATILITY,10
H7,16144,16141,-1,2026-08-26 12:15:00+00:00,2026-08-26 12:15:00+00:00,1.16665,1.16658,1.16774,1.16658,7.00000000000145e-05,TP,1,0.00028999999999990145,9.999999999998899e-05,SWEEP_EXTREME,OPPOSITE_LIQUIDITY,CONFIRMED,BUY_SIDE,M15,1.16756,0.8346366809941611,NEUTRAL,STRONG_DISPLACEMENT,3.1839843756447483,,False,DOWNTREND,LOW_VOLATILITY,12
H7,16158,16155,-1,2026-08-26 15:45:00+00:00,2026-08-26 15:45:00+00:00,1.16635,1.1663,1.1669800000000001,1.1663,5.0000000000105516e-05,TP,1,0.0007900000000000684,0.00018999999999991246,SWEEP_EXTREME,OPPOSITE_LIQUIDITY,CONFIRMED,BUY_SIDE,M15,1.16659,1.2090510054733603,BEARISH,STRONG_DISPLACEMENT,1.504596806811399,,False,RANGE,LOW_VOLATILITY,15
H7,16159,16156,-1,2026-08-26 16:00:00+00:00,2026-08-26 16:00:00+00:00,1.16559,1.16552,1.16738,1.16552,7.00000000000145e-05,TP,1,0.00042999999999993044,0.0001500000000000945,SWEEP_EXTREME,OPPOSITE_LIQUIDITY,CONFIRMED,BUY_SIDE,M15,1.16693,1.3585877503183148,BEARISH,STRONG_DISPLACEMENT,4.38928350102809,,False,RANGE,LOW_VOLATILITY,16
H7,16227,16224,-1,2026-08-27 09:00:00+00:00,2026-08-27 09:00:00+00:00,1.16543,1.16537,1.16571,1.16537,5.999999999994898e-05,TP,1,0.00022999999999995246,5.0000000000105516e-05,SWEEP_EXTREME,OPPOSITE_LIQUIDITY,CONFIRMED,BUY_SIDE,M15,1.1656,1.0720247830469094,BEARISH,MODERATE_DISPLACEMENT,0.8283827869003272,,False,STRONG_DOWNTREND,LOW_VOLATILITY,9
H7,16245,16242,1,2026-08-27 13:30:00+00:00,2026-08-27 13:30:00+00:00,1.16457,1.1639899999999999,1.1639899999999999,1.16463,-0.000580000000000247,SL,1,3.999999999981796e-05,0.0007300000000001194,SWEEP_EXTREME,OPPOSITE_LIQUIDITY,CONFIRMED,SELL_SIDE,H4,1.1642,1.7828777698233471,NEUTRAL,MODERATE_DISPLACEMENT,1.0753865913219292,,True,STRONG_DOWNTREND,LOW_VOLATILITY,13
H7,16309,16306,-1,2026-08-28 05:30:00+00:00,2026-08-28 05:45:00+00:00,1.16477,1.16472,1.1655900000000001,1.16472,5.0000000000105516e-05,TP,2,5.0000000000105516e-05,0.00029999999999996696,SWEEP_EXTREME,OPPOSITE_LIQUIDITY,CONFIRMED,BUY_SIDE,M15,1.16549,1.269926946016729,BULLISH,STRONG_DISPLACEMENT,2.5821847902342974,,False,DOWNTREND,LOW_VOLATILITY,5
H7,16332,16329,1,2026-08-28 11:15:00+00:00,2026-08-28 11:15:00+00:00,1.16462,1.16468,1.1641199999999998,1.16468,5.999999999994898e-05,TP,1,8.999999999992347e-05,0.00021000000000004349,SWEEP_EXTREME,OPPOSITE_LIQUIDITY,CONFIRMED,SELL_SIDE,M15,1.16427,1.3873860071427897,BEARISH,STRONG_DISPLACEMENT,1.422070657320801,,True,STRONG_DOWNTREND,LOW_VOLATILITY,11
H7,16343,16340,1,2026-08-28 14:00:00+00:00,2026-08-28 14:00:00+00:00,1.16491,1.16496,1.1638799999999998,1.16496,5.0000000000105516e-05,TP,1,5.0000000000105516e-05,0.00025999999999992696,SWEEP_EXTREME,OPPOSITE_LIQUIDITY,CONFIRMED,SELL_SIDE,M15,1.16396,0.9400989922844928,NEUTRAL,STRONG_DISPLACEMENT,2.7554625635906422,,True,STRONG_DOWNTREND,LOW_VOLATILITY,14
H7,16354,16351,-1,2026-08-28 16:45:00+00:00,2026-08-28 16:45:00+00:00,1.16413,1.16403,1.1650900000000002,1.16403,0.00010000000000021103,TP,1,0.000400000000000178,0.0005799999999998029,SWEEP_EXTREME,OPPOSITE_LIQUIDITY,CONFIRMED,BUY_SIDE,M15,1.16496,2.5973822940047464,BEARISH,STRONG_DISPLACEMENT,2.122591982196847,,False,STRONG_DOWNTREND,LOW_VOLATILITY,16
H7,16354,16351,-1,2026-08-28 16:45:00+00:00,2026-08-28 16:45:00+00:00,1.16413,1.16403,1.1650900000000002,1.16403,0.00010000000000021103,TP,1,0.000400000000000178,0.0005799999999998029,SWEEP_EXTREME,OPPOSITE_LIQUIDITY,CONFIRMED,BUY_SIDE,M15,1.16483,2.5973822940047464,BEARISH,STRONG_DISPLACEMENT,2.122591982196847,,False,STRONG_DOWNTREND,LOW_VOLATILITY,16
H7,16426,16423,1,2026-08-31 10:45:00+00:00,2026-08-31 10:45:00+00:00,1.1599,1.15998,1.1584299999999998,1.15998,8.000000000008001e-05,TP,1,0.00043999999999999595,9.999999999843467e-06,SWEEP_EXTREME,OPPOSITE_LIQUIDITY,CONFIRMED,SELL_SIDE,M15,1.15856,1.2926071433517936,BEARISH,STRONG_DISPLACEMENT,2.9011849217446124,,True,STRONG_DOWNTREND,LOW_VOLATILITY,10
H7,16439,16436,-1,2026-08-31 14:00:00+00:00,2026-08-31 14:00:00+00:00,1.15972,1.15966,1.16026,1.15966,6.000000000017103e-05,TP,1,0.000140000000000029,0.00025999999999992696,SWEEP_EXTREME,OPPOSITE_LIQUIDITY,CONFIRMED,BUY_SIDE,M15,1.16011,0.8117234419411694,NEUTRAL,MODERATE_DISPLACEMENT,0.9508760319880799,,False,STRONG_DOWNTREND,LOW_VOLATILITY,14
H7,16444,16441,-1,2026-08-31 15:15:00+00:00,2026-08-31 15:15:00+00:00,1.15982,1.15975,1.1603400000000001,1.15975,7.00000000000145e-05,TP,1,0.000400000000000178,0.00018999999999991246,SWEEP_EXTREME,OPPOSITE_LIQUIDITY,CONFIRMED,BUY_SIDE,M15,1.16021,1.0421454738128395,BULLISH,MODERATE_DISPLACEMENT,0.9474049761933947,,False,STRONG_DOWNTREND,LOW_VOLATILITY,15
H7,16449,16446,1,2026-08-31 16:30:00+00:00,2026-08-31 16:30:00+00:00,1.15999,1.16005,1.1591099999999999,1.16005,5.999999999994898e-05,TP,1,0.00011999999999989797,0.00048000000000003595,SWEEP_EXTREME,OPPOSITE_LIQUIDITY,CONFIRMED,SELL_SIDE,M15,1.1593,1.1889088560066885,BULLISH,STRONG_DISPLACEMENT,1.3683667965356334,,True,STRONG_DOWNTREND,LOW_VOLATILITY,16
